NAME,DP05_0001E,DP05_0018E,DP05_0019PE,DP05_0024PE,DP02_0038PE,DP02_0065PE,DP02_0072PE,DP03_0009PE,DP03_0062E,DP03_0099PE,DP04_0003PE,DP04_0047PE,DP04_0058PE,DP04_0134E,state,county
"Autauga County, Alabama",58761,39.0,23.4,15.6,20.6,16.7,16.4,2.8,68315,7.4,8.8,24.5,4.0,1199,01,001
"Baldwin County, Alabama",233420,43.7,21.2,21.2,15.8,20.0,13.9,3.4,71039,9.3,27.4,22.1,2.3,1160,01,003
"Barbour County, Alabama",24877,40.6,20.7,19.8,58.1,6.6,18.1,5.8,39712,10.7,22.8,35.0,11.7,627,01,005
"Bibb County, Alabama",22251,40.3,21.2,16.8,74.9,6.6,19.6,8.7,50669,8.4,20.2,24.3,7.5,765,01,007
"Blount County, Alabama",59077,40.8,23.0,18.3,31.6,9.4,17.0,6.0,57440,10.2,12.4,20.7,4.8,734,01,009
"Bullock County, Alabama",10328,39.2,21.1,16.6,49.4,6.9,11.2,3.7,36136,12.2,24.0,35.3,10.4,619,01,011
"Butler County, Alabama",18981,41.6,22.3,21.2,33.1,7.8,16.2,6.8,44429,11.0,27.5,29.2,5.0,720,01,013
"Calhoun County, Alabama",116162,39.2,21.2,17.9,59.2,11.5,20.2,6.9,54339,10.8,15.9,29.1,5.6,806,01,015
"Chambers County, Alabama",34612,42.2,20.8,19.7,61.9,9.2,20.8,3.6,48805,10.8,20.0,27.8,7.0,842,01,017
"Cherokee County, Alabama",25069,46.8,18.9,23.2,14.7,8.3,20.3,4.0,46621,10.2,31.9,20.3,3.2,700,01,019
"Chilton County, Alabama",45140,39.9,23.7,16.8,31.0,8.2,19.4,5.3,62471,11.5,13.4,25.0,3.3,814,01,021
"Choctaw County, Alabama",12669,46.7,19.9,23.3,50.0,9.6,23.6,5.2,43299,8.2,26.8,18.0,5.7,616,01,023
"Clarke County, Alabama",23058,42.7,22.0,20.4,70.4,8.4,19.6,12.5,47549,9.5,30.2,27.7,10.6,723,01,025
"Clay County, Alabama",14209,43.9,20.5,20.8,26.7,9.2,19.6,5.7,48074,8.1,22.1,21.7,6.4,576,01,027
"Cleburne County, Alabama",15144,42.2,22.8,19.6,67.0,11.0,21.4,2.6,51553,10.1,15.5,22.0,6.8,782,01,029
"Coffee County, Alabama",53559,39.2,23.7,17.1,36.2,13.1,18.3,4.8,62199,10.9,15.7,30.5,4.0,921,01,031
"Colbert County, Alabama",57270,42.0,20.9,20.0,33.6,11.2,17.3,3.4,56149,7.9,16.0,29.0,4.7,810,01,033
"Conecuh County, Alabama",11576,46.2,20.5,23.4,60.7,7.7,20.9,4.4,39888,8.6,31.0,25.3,7.0,718,01,035
"Coosa County, Alabama",10329,50.2,16.1,24.4,14.7,7.2,25.6,4.4,52279,6.2,33.8,18.8,3.8,632,01,037
"Covington County, Alabama",37542,42.9,21.9,21.7,43.0,9.8,20.8,5.5,48772,10.3,23.9,25.0,6.4,701,01,039
"Crenshaw County, Alabama",13205,42.3,22.9,19.8,49.2,11.9,16.9,6.1,48557,8.5,26.2,25.4,7.3,595,01,041
"Cullman County, Alabama",88284,41.4,22.3,18.8,26.8,12.1,18.2,4.3,58119,10.6,14.1,23.8,2.9,848,01,043
"Dale County, Alabama",49455,37.7,23.1,17.5,32.0,12.9,20.8,7.8,52813,10.0,15.0,39.9,5.2,829,01,045
"Dallas County, Alabama",38326,40.4,23.6,19.4,48.4,10.1,19.8,9.1,37180,9.5,22.3,38.6,14.6,726,01,047
"DeKalb County, Alabama",71680,39.6,23.9,17.3,43.1,8.3,15.4,3.9,47920,14.6,16.4,26.1,4.2,684,01,049
"Elmore County, Alabama",87694,38.9,21.7,15.8,46.4,15.8,15.2,4.2,73258,8.2,12.5,22.9,4.3,982,01,051
"Escambia County, Alabama",36755,40.5,22.7,18.6,33.6,8.5,20.3,9.2,41153,12.3,22.1,32.9,6.1,659,01,053
"Etowah County, Alabama",103348,41.9,21.4,19.4,52.2,10.8,17.4,6.0,52177,11.7,18.2,26.6,4.2,779,01,055
"Fayette County, Alabama",16297,43.7,21.1,21.2,9.0,8.3,23.5,9.6,45650,10.1,21.4,24.2,10.7,600,01,057
"Franklin County, Alabama",32011,39.3,24.7,17.1,46.0,10.3,17.0,3.8,47359,12.5,19.4,26.8,9.2,596,01,059
"Geneva County, Alabama",26647,43.6,21.9,20.3,28.7,9.7,23.9,3.9,47608,12.1,16.8,24.3,6.8,696,01,061
"Greene County, Alabama",7706,41.1,22.0,23.7,27.6,10.6,28.2,4.5,32796,13.9,32.8,26.5,13.2,682,01,063
"Hale County, Alabama",14742,40.5,23.4,19.7,54.5,10.8,25.0,7.6,35851,7.0,27.6,22.5,11.5,668,01,065
"Henry County, Alabama",17282,44.6,20.4,22.9,47.7,14.0,20.6,5.3,58395,9.6,26.6,18.4,7.6,678,01,067
"Houston County, Alabama",107040,40.4,22.9,18.2,45.2,14.3,16.8,5.0,55064,11.7,15.8,34.5,6.2,858,01,069
"Jackson County, Alabama",52618,43.0,20.6,20.6,36.1,10.2,21.7,6.0,46748,11.0,16.3,23.9,4.6,702,01,071
"Jefferson County, Alabama",672265,37.9,22.7,16.3,32.7,21.2,14.9,5.4,63595,9.0,13.8,35.9,6.9,1086,01,073
"Lamar County, Alabama",13885,44.2,21.8,22.1,60.0,6.1,22.4,5.0,49565,7.8,27.3,25.3,5.7,495,01,075
"Lauderdale County, Alabama",94329,40.8,19.4,20.1,31.1,16.1,15.3,3.6,56081,9.5,14.5,32.5,6.1,773,01,077
"Lawrence County, Alabama",33116,42.7,21.7,18.6,31.3,10.1,21.4,3.0,54786,9.1,16.0,20.6,5.1,692,01,079
"Lee County, Alabama",175126,33.0,20.9,12.7,28.6,22.1,13.2,3.8,59288,8.6,13.7,34.8,4.8,953,01,081
"Limestone County, Alabama",104199,40.2,22.1,15.4,12.7,18.9,14.3,4.1,80146,8.2,9.5,22.3,3.1,861,01,083
"Lowndes County, Alabama",10153,41.7,22.0,19.4,83.2,10.5,22.4,7.5,33125,8.9,17.0,22.5,11.1,760,01,085
"Macon County, Alabama",19198,37.8,16.6,20.2,91.4,10.7,18.4,12.5,41206,11.1,26.2,37.0,10.8,688,01,087
"Madison County, Alabama",389781,38.5,21.5,15.4,27.8,26.8,13.5,4.2,78058,7.8,6.9,32.0,4.1,1043,01,089
"Marengo County, Alabama",19180,41.7,22.7,19.9,28.4,12.7,22.6,2.8,42975,9.3,25.0,31.7,8.6,702,01,091
"Marion County, Alabama",29203,44.0,21.1,20.9,17.2,7.1,25.7,6.5,49743,11.0,22.1,27.1,5.0,581,01,093
"Marshall County, Alabama",97923,38.8,25.2,17.2,35.7,14.5,14.1,3.8,58272,11.1,13.1,24.6,4.8,746,01,095
"Mobile County, Alabama",413878,38.2,23.2,16.7,48.7,15.7,13.8,5.9,55352,11.3,13.7,36.5,6.7,973,01,097
"Monroe County, Alabama",19816,43.7,21.1,21.0,79.1,7.8,16.4,12.2,39965,11.0,28.5,27.6,6.3,692,01,099
"Montgomery County, Alabama",228132,36.9,23.6,15.6,56.2,19.5,16.4,6.8,56707,10.6,14.9,42.8,6.9,1028,01,101
"Morgan County, Alabama",123102,40.6,22.9,17.9,31.4,15.9,16.7,4.2,61588,11.0,10.0,27.3,5.1,791,01,103
"Perry County, Alabama",8479,41.8,21.1,20.5,0.0,10.1,25.2,15.7,32332,6.6,22.8,29.9,10.4,560,01,105
"Pickens County, Alabama",18925,42.9,19.3,19.4,64.7,9.0,24.1,5.3,45339,8.5,18.7,25.8,7.8,578,01,107
"Pike County, Alabama",32997,31.1,18.9,15.3,55.5,15.7,15.1,4.9,42616,8.9,25.3,37.0,6.7,750,01,109
"Randolph County, Alabama",22179,44.1,20.9,20.9,42.6,12.1,19.0,3.2,49879,8.4,29.7,20.8,5.3,704,01,111
"Russell County, Alabama",58849,37.2,24.1,14.9,52.2,10.3,21.0,6.5,47420,11.7,14.3,38.8,8.8,908,01,113
"St. Clair County, Alabama",91719,41.0,22.3,17.4,36.5,13.3,16.3,4.3,73218,8.2,11.3,18.3,3.3,1044,01,115
"Shelby County, Alabama",223916,40.0,22.8,16.2,19.2,29.8,12.0,3.1,90618,6.4,6.5,19.1,2.6,1272,01,117
"Sumter County, Alabama",12196,35.8,18.9,18.6,50.8,12.3,20.3,8.2,31726,9.7,24.2,30.7,7.7,770,01,119
"Talladega County, Alabama",81105,42.1,20.7,18.6,51.5,9.8,21.5,8.4,52457,9.4,15.0,28.1,7.7,750,01,121
"Tallapoosa County, Alabama",41251,45.2,20.4,22.3,55.6,11.4,20.8,10.4,53282,9.5,27.8,24.5,6.9,701,01,123
"Tuscaloosa County, Alabama",231558,32.8,20.4,13.6,42.7,18.2,12.5,5.5,61645,6.7,16.4,37.7,5.7,974,01,125
"Walker County, Alabama",64978,41.8,22.2,19.6,39.2,9.4,24.3,5.7,52987,12.1,18.0,22.5,4.7,698,01,127
"Washington County, Alabama",15434,43.7,20.6,19.8,15.0,6.7,15.6,6.3,51184,9.2,29.2,11.6,4.1,698,01,129
"Wilcox County, Alabama",10441,41.1,23.0,20.8,27.1,7.8,21.2,10.7,38208,9.4,32.6,20.5,13.6,787,01,131
"Winston County, Alabama",23655,45.4,20.2,21.7,36.1,8.1,22.5,4.4,49494,11.3,30.5,21.8,5.3,680,01,133
"Aleutians East Borough, Alaska",3407,41.6,12.2,11.6,25.0,12.7,10.4,4.4,79961,39.7,17.4,41.2,25.0,1035,02,013
"Aleutians West Census Area, Alaska",5219,39.2,17.0,6.3,23.1,13.2,7.5,3.0,100662,17.2,30.9,72.3,9.9,1672,02,016
"Anchorage Municipality, Alaska",290674,34.5,23.9,12.0,33.1,23.0,11.2,5.2,95731,10.5,9.9,36.2,5.7,1405,02,020
"Bethel Census Area, Alaska",18538,28.7,34.8,7.7,59.1,5.3,11.5,16.2,64094,14.0,24.0,41.0,61.9,1408,02,050
"Bristol Bay Borough, Alaska",854,36.4,19.1,12.6,0.0,21.9,14.9,2.7,94167,19.1,67.5,49.3,10.2,1183,02,060
"Chugach Census Area, Alaska",7000,37.8,21.7,13.2,2.1,20.3,15.9,8.8,83068,14.7,26.7,37.4,5.7,1364,02,063
"Copper River Census Area, Alaska",2614,43.1,26.5,17.2,20.7,19.0,19.0,6.5,70606,19.6,57.5,31.2,7.0,877,02,066
"Denali Borough, Alaska",2101,44.4,12.9,14.1,100.0,13.7,11.5,1.9,87292,3.0,62.1,13.1,3.2,863,02,068
"Dillingham Census Area, Alaska",4854,30.7,30.2,11.7,60.2,11.3,11.3,11.3,69412,18.1,42.7,39.2,36.2,1106,02,070
"Fairbanks North Star Borough, Alaska",96299,32.1,23.8,11.8,11.3,19.6,12.6,5.5,81655,8.6,16.2,40.0,4.8,1360,02,090
"Haines Borough, Alaska",2079,46.2,30.2,21.6,0.0,16.8,15.1,4.3,68276,9.1,44.3,30.3,9.0,889,02,100
"Hoonah-Angoon Census Area, Alaska",2329,50.0,13.3,24.0,44.4,20.4,19.9,14.0,62344,19.5,49.2,25.5,33.1,996,02,105
"Juneau City and Borough, Alaska",32108,39.0,20.6,14.8,16.3,25.8,11.5,4.5,95711,6.9,7.5,35.7,9.6,1464,02,110
"Kenai Peninsula Borough, Alaska",59235,41.2,22.1,18.6,21.8,17.6,15.5,7.2,76272,12.7,28.8,23.2,4.8,1126,02,122
"Ketchikan Gateway Borough, Alaska",13910,40.6,21.0,16.7,53.0,19.3,14.1,4.1,82763,9.4,15.8,34.3,11.8,1275,02,130
"Kodiak Island Borough, Alaska",13065,35.1,24.0,12.3,12.6,19.2,9.2,5.7,91138,12.9,23.9,43.4,8.9,1646,02,150
"Kusilvak Census Area, Alaska",8372,23.7,41.2,6.1,82.5,4.0,13.7,20.9,42663,14.1,20.2,29.1,85.9,819,02,158
"Lake and Peninsula Borough, Alaska",999,33.6,25.5,9.2,33.3,8.6,13.7,14.0,61607,31.5,76.4,32.8,42.0,933,02,164
"Matanuska-Susitna Borough, Alaska",108661,36.3,26.1,12.9,23.5,15.3,13.9,7.0,86435,13.3,22.2,23.5,3.7,1242,02,170
"Nome Census Area, Alaska",10018,29.1,34.0,7.5,72.8,7.8,9.9,16.5,70121,14.7,32.3,37.4,57.2,1349,02,180
"North Slope Borough, Alaska",10924,36.3,22.8,7.6,73.9,9.5,11.4,6.8,83472,15.0,17.4,53.3,36.5,1231,02,185
"Northwest Arctic Borough, Alaska",7682,29.2,36.2,7.9,80.2,10.0,10.3,15.5,77647,19.2,34.8,39.0,65.3,1386,02,188
"Petersburg Borough, Alaska",3374,50.1,18.0,25.0,23.8,17.7,19.0,4.4,77826,9.6,30.0,26.6,12.6,1074,02,195
"Prince of Wales-Hyder Census Area, Alaska",5799,43.1,21.5,19.3,50.0,13.6,21.3,7.5,61779,18.9,28.2,27.4,8.3,883,02,198
"Sitka City and Borough, Alaska",8462,39.5,20.2,16.2,11.3,22.9,14.2,5.0,95261,12.3,16.4,35.5,10.5,1309,02,220
"Skagway Municipality, Alaska",1303,38.6,15.9,13.8,56.7,22.1,14.3,11.0,79583,9.7,35.0,34.4,6.3,1044,02,230
"Southeast Fairbanks Census Area, Alaska",6888,36.9,26.8,14.2,7.5,13.7,19.1,6.6,75378,16.4,38.1,25.0,5.7,1190,02,240
"Wrangell City and Borough, Alaska",2134,48.9,22.1,27.0,52.9,13.9,23.1,3.4,61000,16.5,31.3,34.8,6.3,966,02,275
"Yakutat City and Borough, Alaska",564,41.3,18.6,24.6,0.0,9.6,9.6,1.8,76875,23.2,45.0,44.2,12.6,1304,02,282
"Yukon-Koyukuk Census Area, Alaska",5355,35.8,27.2,16.2,82.1,9.6,17.8,11.1,47826,21.0,48.3,27.6,46.9,906,02,290
"Apache County, Arizona",66054,35.6,26.5,15.8,47.3,8.2,14.0,9.5,37483,23.6,31.8,20.0,12.7,635,04,001
"Cochise County, Arizona",125504,41.4,21.1,23.2,14.8,16.6,17.9,6.8,58421,7.7,15.9,29.8,6.0,893,04,003
"Coconino County, Arizona",144705,31.7,19.9,13.4,48.1,23.3,12.7,7.0,67266,11.2,24.9,40.9,5.4,1353,04,005
"Gila County, Arizona",53419,50.6,19.4,29.6,54.5,11.8,21.2,6.9,55242,9.8,30.2,24.4,6.9,966,04,007
"Graham County, Arizona",38453,34.1,26.3,14.0,29.4,9.0,12.9,6.0,64089,8.5,12.6,26.6,4.9,856,04,009
"Greenlee County, Arizona",9483,35.5,27.3,13.7,40.4,13.2,12.5,3.0,73756,2.3,25.1,43.8,2.7,532,04,011
"La Paz County, Arizona",16681,57.3,16.2,40.5,54.3,8.4,23.2,10.7,46634,15.2,34.9,31.6,4.8,691,04,012
"Maricopa County, Arizona",4430871,37.1,23.1,15.6,33.9,21.9,11.7,4.8,80675,11.0,8.6,35.7,5.2,1437,04,013
"Mohave County, Arizona",214229,52.9,16.5,31.3,44.6,8.9,22.3,7.5,53592,9.1,19.4,27.4,4.4,976,04,015
"Navajo County, Arizona",107110,38.7,25.9,19.0,50.6,10.1,17.9,9.7,50335,14.5,33.6,27.7,8.5,800,04,017
"Pima County, Arizona",1042393,39.0,20.2,20.4,44.0,20.0,15.0,5.9,64323,9.1,10.2,35.9,7.2,1071,04,019
"Pinal County, Arizona",433338,39.8,22.0,20.8,32.3,14.4,16.1,6.4,73313,9.6,13.7,20.4,3.5,1317,04,021
"Santa Cruz County, Arizona",47838,37.3,26.3,18.5,54.3,14.0,12.9,9.8,51885,14.0,11.5,32.8,6.0,741,04,023
"Yavapai County, Arizona",237830,54.5,15.8,32.7,44.0,17.0,18.1,4.9,62430,10.9,12.5,26.9,3.9,1128,04,025
"Yuma County, Arizona",204374,35.3,25.1,19.7,38.8,10.7,12.9,8.3,56439,13.5,19.5,30.9,5.3,950,04,027
"Arkansas County, Arkansas",17024,41.4,22.9,19.9,18.1,10.4,20.9,6.5,58695,6.3,24.8,33.8,9.7,749,05,001
"Ashley County, Arkansas",19018,43.1,22.6,21.1,26.9,8.2,22.9,6.0,44804,8.4,23.7,25.7,8.9,610,05,003
"Baxter County, Arkansas",41801,52.1,17.6,31.1,32.7,12.5,26.1,5.1,47403,6.5,16.4,25.7,4.4,810,05,005
"Benton County, Arkansas",286528,35.7,25.7,13.6,27.2,22.9,10.0,2.9,85269,9.4,9.0,32.2,2.8,1113,05,007
"Boone County, Arkansas",37662,41.9,22.7,20.8,23.7,11.0,20.0,4.4,52275,7.4,12.6,29.9,5.5,687,05,009
"Bradley County, Arkansas",10461,40.2,24.5,18.5,52.4,8.7,20.0,5.6,43688,12.5,29.8,35.1,8.6,636,05,011
"Calhoun County, Arkansas",4773,44.2,18.7,21.4,56.4,7.7,24.5,9.1,60237,8.1,39.5,13.6,3.3,808,05,013
"Carroll County, Arkansas",28362,44.6,22.0,23.1,42.3,14.5,13.9,3.1,56826,12.4,18.0,23.6,5.0,751,05,015
"Chicot County, Arkansas",10234,43.2,21.9,21.3,51.8,12.6,24.4,10.9,36593,9.8,21.9,32.1,11.4,536,05,017
"Clark County, Arkansas",21469,31.7,19.4,16.2,27.8,17.4,21.1,4.1,48071,9.3,20.8,37.6,6.3,690,05,019
"Clay County, Arkansas",14537,42.7,20.9,22.1,55.6,8.7,20.4,5.6,44685,8.0,19.3,26.5,5.9,639,05,021
"Cleburne County, Arkansas",24948,49.5,18.9,27.4,11.6,11.4,22.0,6.0,52780,7.2,32.0,21.3,3.1,844,05,023
"Cleveland County, Arkansas",7548,42.5,20.6,20.8,81.0,10.1,22.4,0.8,48913,3.5,23.9,16.4,7.0,673,05,025
"Columbia County, Arkansas",22707,35.1,21.0,17.2,19.1,13.3,18.8,3.2,47441,7.4,29.2,27.7,4.2,690,05,027
"Conway County, Arkansas",20782,42.2,22.5,19.5,24.8,14.1,24.4,7.1,50282,7.3,12.8,31.8,7.5,698,05,029
"Craighead County, Arkansas",111038,34.4,24.9,13.6,40.3,17.3,18.4,5.9,55169,8.6,10.1,40.3,6.8,870,05,031
"Crawford County, Arkansas",60593,39.2,24.0,17.2,48.3,14.5,19.1,5.3,56702,8.9,10.7,24.5,4.8,789,05,033
"Crittenden County, Arkansas",47945,35.8,27.1,14.6,66.5,12.5,17.5,10.4,51860,8.6,12.9,43.8,9.6,831,05,035
"Cross County, Arkansas",16827,40.7,24.0,18.5,64.4,10.7,19.1,8.1,48129,7.4,13.8,33.8,9.3,815,05,037
"Dallas County, Arkansas",6472,45.8,20.3,24.5,75.0,8.7,28.2,6.0,40085,5.4,34.8,28.4,7.7,563,05,039
"Desha County, Arkansas",11285,40.7,25.3,19.2,59.6,8.3,20.4,5.2,38067,8.9,21.0,37.5,14.6,628,05,041
"Drew County, Arkansas",17309,37.5,23.0,17.8,38.4,17.0,19.0,3.2,44968,4.7,16.6,32.9,7.6,708,05,043
"Faulkner County, Arkansas",124611,33.8,22.6,13.3,31.2,20.2,14.1,3.3,61273,7.8,9.0,37.7,4.8,931,05,045
"Franklin County, Arkansas",17160,42.5,22.6,19.9,59.0,8.7,24.2,5.1,47695,6.7,13.5,26.3,5.6,684,05,047
"Fulton County, Arkansas",12183,47.4,21.1,25.5,0.0,9.5,23.7,1.7,38917,10.6,23.5,15.5,5.4,649,05,049
"Garland County, Arkansas",100021,45.4,19.8,24.0,64.8,15.8,22.1,5.7,54229,9.2,17.5,31.7,6.2,913,05,051
"Grant County, Arkansas",18022,40.2,21.7,18.2,47.7,13.7,19.6,3.3,68598,6.1,12.9,19.7,2.4,802,05,053
"Greene County, Arkansas",45954,37.8,24.1,16.2,25.3,10.6,20.0,7.5,54879,9.1,7.8,35.6,4.9,808,05,055
"Hempstead County, Arkansas",20037,40.4,25.2,18.3,28.6,9.6,20.1,4.4,45049,11.3,23.9,32.3,7.8,764,05,057
"Hot Spring County, Arkansas",33129,42.6,19.6,19.2,35.2,10.1,24.7,4.6,50260,7.7,16.5,21.3,5.9,713,05,059
"Howard County, Arkansas",12779,39.7,25.9,18.1,48.1,9.9,18.4,6.4,44824,12.4,15.3,27.4,4.4,732,05,061
"Independence County, Arkansas",37910,39.1,23.8,17.4,20.1,11.6,19.6,5.2,52361,10.1,13.6,30.6,6.1,774,05,063
"Izard County, Arkansas",13748,47.7,17.3,25.4,18.6,13.3,26.2,7.5,46159,6.8,28.3,22.7,7.2,616,05,065
"Jackson County, Arkansas",16784,40.2,19.5,17.8,34.9,7.8,23.2,10.9,41929,8.4,14.1,33.4,8.0,650,05,067
"Jefferson County, Arkansas",66934,39.5,21.5,17.7,65.1,14.0,19.1,7.8,46855,6.2,21.1,36.7,7.7,820,05,069
"Johnson County, Arkansas",25925,39.0,24.7,16.7,28.4,10.3,20.6,4.8,42470,8.2,13.9,29.6,5.2,710,05,071
"Lafayette County, Arkansas",6277,48.3,19.0,24.2,51.9,7.2,21.7,8.7,40262,9.3,35.5,23.0,7.4,659,05,073
"Lawrence County, Arkansas",16258,39.8,22.5,18.8,52.9,8.7,23.4,6.7,43606,8.8,15.8,32.8,5.5,690,05,075
"Lee County, Arkansas",8666,41.6,18.6,19.7,82.0,6.4,24.8,14.3,33801,7.6,30.8,38.1,21.7,641,05,077
"Lincoln County, Arkansas",13016,40.6,14.7,15.0,34.8,5.5,17.8,4.0,50526,8.2,23.2,21.4,4.8,595,05,079
"Little River County, Arkansas",12024,42.3,22.1,21.1,37.0,11.6,18.3,8.0,58627,4.9,22.1,16.1,4.9,683,05,081
"Logan County, Arkansas",21247,43.5,21.1,20.0,26.5,9.1,22.1,5.5,51131,6.7,14.1,25.9,5.2,693,05,083
"Lonoke County, Arkansas",74292,37.0,25.0,14.0,25.6,13.3,16.2,4.5,68078,7.5,8.8,27.6,4.9,944,05,085
"Madison County, Arkansas",16737,41.1,23.4,19.5,39.4,8.3,19.8,4.8,51514,10.4,18.5,20.2,3.2,718,05,087
"Marion County, Arkansas",16905,51.7,18.4,28.8,31.9,9.0,25.0,7.0,42891,7.3,25.0,17.8,4.2,749,05,089
"Miller County, Arkansas",42682,39.9,23.6,16.6,48.8,9.0,19.3,7.7,47613,10.2,19.8,33.7,8.9,831,05,091
"Mississippi County, Arkansas",40361,37.0,26.0,15.0,64.1,9.2,20.8,9.8,50012,8.3,21.8,39.8,10.4,750,05,093
"Monroe County, Arkansas",6787,45.8,21.6,23.5,70.5,9.8,24.6,11.0,41786,8.7,26.9,36.4,15.6,543,05,095
"Montgomery County, Arkansas",8555,50.5,18.0,27.0,11.4,11.8,26.9,7.3,47103,11.7,34.4,19.6,4.6,637,05,097
"Nevada County, Arkansas",8292,44.7,22.5,21.0,86.9,8.4,22.4,7.8,43421,4.9,27.0,33.3,4.6,773,05,099
"Newton County, Arkansas",7243,48.7,19.4,26.7,38.6,9.4,19.4,3.8,50699,6.1,29.6,25.2,2.2,577,05,101
"Ouachita County, Arkansas",22606,43.9,22.4,20.6,83.7,10.0,26.9,6.5,47348,6.5,29.1,26.2,12.4,723,05,103
"Perry County, Arkansas",10055,44.0,22.4,20.3,35.3,10.9,23.5,4.6,53980,5.3,22.6,24.2,6.1,716,05,105
"Phillips County, Arkansas",16373,39.7,26.4,19.6,84.7,9.6,22.5,13.3,37458,7.6,26.7,46.3,13.9,719,05,107
"Pike County, Arkansas",10205,43.3,21.7,20.5,6.9,12.1,24.0,3.1,49248,10.2,24.7,24.6,4.9,657,05,109
"Poinsett County, Arkansas",22997,39.9,23.9,18.3,5.3,8.3,23.6,5.1,43440,9.3,12.8,36.4,8.7,642,05,111
"Polk County, Arkansas",19384,44.4,22.7,22.7,8.6,11.2,21.9,9.0,48449,9.5,20.0,20.1,5.3,730,05,113
"Pope County, Arkansas",63475,36.7,22.9,15.9,46.5,15.7,18.9,4.8,51678,8.5,12.1,28.0,4.5,810,05,115
"Prairie County, Arkansas",8217,46.5,20.0,23.6,48.2,9.9,23.3,4.1,47045,7.2,19.3,22.7,4.6,645,05,117
"Pulaski County, Arkansas",398322,37.7,23.0,16.2,36.2,21.8,15.6,5.2,58326,8.8,12.1,41.9,7.4,985,05,119
"Randolph County, Arkansas",18619,39.1,23.8,19.7,55.8,9.8,22.3,7.5,45993,7.5,16.3,26.6,6.0,674,05,121
"St. Francis County, Arkansas",23138,38.8,21.3,17.4,71.2,7.4,20.9,6.6,39822,8.7,16.1,45.8,12.9,748,05,123
"Saline County, Arkansas",123988,40.3,23.0,18.3,28.4,19.6,15.8,3.8,73236,5.8,6.7,21.8,3.7,948,05,125
"Scott County, Arkansas",9871,42.8,23.2,20.8,4.2,9.2,20.3,5.7,45340,10.5,20.1,25.7,9.3,702,05,127
"Searcy County, Arkansas",7880,46.9,20.2,25.3,23.1,11.1,26.5,5.2,42063,5.7,37.6,26.7,7.7,611,05,129
"Sebastian County, Arkansas",128184,38.0,23.8,16.5,47.9,15.1,20.9,5.2,54047,11.2,8.9,39.9,6.3,805,05,131
"Sevier County, Arkansas",15913,34.9,28.3,13.7,32.3,7.8,14.0,4.6,53567,18.4,18.1,35.0,4.7,700,05,133
"Sharp County, Arkansas",17422,47.4,20.7,25.3,61.5,7.5,24.3,6.2,43332,5.8,27.6,19.8,4.8,610,05,135
"Stone County, Arkansas",12393,49.5,19.8,27.3,0.0,9.3,27.9,5.4,37664,8.6,30.4,27.7,7.6,669,05,137
"Union County, Arkansas",38815,41.3,23.9,18.4,40.8,12.3,16.3,3.7,49745,6.2,20.2,27.3,5.2,775,05,139
"Van Buren County, Arkansas",15900,49.7,19.4,26.8,22.5,10.4,26.4,4.7,45768,9.4,29.7,20.9,6.4,716,05,141
"Washington County, Arkansas",247331,32.3,23.7,12.0,25.9,20.1,11.0,4.3,61985,12.2,7.1,45.4,4.6,935,05,143
"White County, Arkansas",77118,38.3,23.2,16.5,36.0,12.0,18.7,5.2,51144,9.6,13.8,33.6,6.3,793,05,145
"Woodruff County, Arkansas",6259,45.2,21.5,24.0,58.0,8.5,18.1,6.7,49608,6.9,20.2,30.9,10.9,582,05,147
"Yell County, Arkansas",20342,40.0,23.8,17.5,52.5,9.4,18.2,3.9,55879,8.2,16.6,31.5,5.8,647,05,149
"Alameda County, California",1663823,38.4,20.0,14.6,22.4,28.8,9.5,4.9,122488,4.0,5.9,45.8,9.3,2229,06,001
"Alpine County, California",1515,43.0,22.8,25.5,0.0,23.2,13.5,4.9,101125,6.4,73.1,17.2,3.4,-666666666,06,003
"Amador County, California",40577,49.6,15.4,26.9,1.4,14.4,18.1,6.0,74853,4.8,16.3,21.0,5.4,1257,06,005
"Butte County, California",213605,36.5,20.1,18.2,37.3,20.2,16.4,7.1,66085,6.6,10.5,41.9,6.1,1280,06,007
"Calaveras County, California",45674,52.1,16.8,28.8,23.6,14.5,21.3,6.2,77526,5.8,37.5,17.9,2.1,1621,06,009
"Colusa County, California",21811,36.0,26.6,15.1,24.9,10.9,13.1,7.4,69619,9.1,8.3,36.9,4.6,1061,06,011
"Contra Costa County, California",1162648,40.1,22.2,16.4,27.6,27.2,11.2,5.8,120020,4.7,3.7,32.8,5.1,2234,06,013
"Del Norte County, California",27462,40.0,21.1,19.2,32.7,11.1,19.3,6.3,61149,6.1,14.2,31.9,7.3,1146,06,015
"El Dorado County, California",191713,46.2,19.7,22.2,27.0,25.2,12.3,4.6,99246,4.2,19.7,23.9,3.8,1597,06,017
"Fresno County, California",1008280,32.8,28.1,12.5,36.5,15.5,12.9,8.6,67756,7.2,6.2,45.8,7.4,1207,06,019
"Glenn County, California",28657,35.8,26.5,16.9,26.4,11.5,12.7,7.7,64033,10.9,10.7,39.4,3.6,978,06,021
"Humboldt County, California",136132,39.5,18.8,18.9,34.6,20.3,17.9,9.2,57881,6.1,12.5,43.2,7.0,1191,06,023
"Imperial County, California",179578,32.6,28.4,13.2,59.4,11.8,14.2,13.2,53847,6.8,17.4,42.3,6.3,961,06,025
"Inyo County, California",18829,44.6,20.4,23.8,26.7,17.4,16.7,4.9,63417,6.7,17.1,34.0,5.2,1131,06,027
"Kern County, California",906883,32.2,28.8,11.3,42.4,12.1,11.4,8.4,63883,7.8,8.0,40.4,6.4,1161,06,029
"Kings County, California",152515,32.1,26.9,10.5,34.5,10.0,12.4,9.2,68540,7.4,6.2,45.1,4.8,1201,06,031
"Lake County, California",68024,44.5,21.3,23.2,48.0,12.1,19.8,10.4,56259,6.5,22.8,30.5,5.6,1206,06,033
"Lassen County, California",31873,37.2,17.1,15.2,33.1,9.0,17.9,7.9,59515,7.4,27.2,31.3,5.1,1038,06,035
"Los Angeles County, California",9936690,37.4,21.1,14.2,35.4,22.3,10.6,7.0,83411,9.0,6.6,53.8,8.7,1805,06,037
"Madera County, California",157243,34.4,27.3,14.2,35.1,11.6,13.9,11.1,73543,7.6,12.1,34.5,4.3,1185,06,039
"Marin County, California",260485,47.4,19.6,23.2,19.0,34.1,9.6,5.8,142019,3.7,7.1,35.9,4.6,2487,06,041
"Mariposa County, California",17130,51.6,17.1,29.3,2.8,19.5,18.9,6.2,60021,7.2,22.7,26.2,5.2,1134,06,043
"Mendocino County, California",91145,43.7,21.1,23.3,24.1,14.4,18.7,9.1,61335,9.2,16.5,39.1,8.0,1240,06,045
"Merced County, California",282290,31.5,29.2,11.4,44.7,10.2,12.8,10.7,64772,9.0,5.8,46.6,7.2,1200,06,047
"Modoc County, California",8651,47.5,18.9,29.7,30.9,16.3,17.4,7.6,54962,8.7,28.9,24.9,5.7,796,06,049
"Mono County, California",13219,40.5,19.0,15.7,23.7,19.7,8.0,1.9,82038,14.7,59.8,31.6,2.4,1259,06,051
"Monterey County, California",437609,35.1,25.8,14.3,26.5,16.3,9.2,5.3,91043,9.9,8.9,47.8,4.8,1873,06,053
"Napa County, California",137384,42.5,20.0,20.2,29.9,24.5,12.2,5.2,105809,6.1,11.5,34.8,4.9,2037,06,055
"Nevada County, California",102322,50.2,17.0,28.4,30.3,25.1,13.7,4.4,79395,5.6,22.9,25.1,4.1,1487,06,057
"Orange County, California",3175227,38.7,21.4,15.4,20.8,26.9,9.1,5.4,109361,6.9,5.7,43.5,4.6,2248,06,059
"Placer County, California",406608,42.3,21.9,20.0,18.0,27.7,11.2,4.3,109375,3.3,11.9,26.2,3.8,1874,06,061
"Plumas County, California",19650,52.3,17.4,29.6,51.1,14.6,18.2,8.0,67885,5.0,47.5,25.7,4.5,1102,06,063
"Riverside County, California",2429487,36.3,24.6,14.8,33.8,15.4,11.6,6.7,84505,8.1,11.9,31.5,4.0,1711,06,065
"Sacramento County, California",1579211,36.8,23.1,14.6,29.7,21.1,12.3,6.3,84010,5.2,4.3,41.7,6.2,1599,06,067
"San Benito County, California",64753,35.7,25.4,13.2,25.2,15.8,10.7,6.2,104451,6.2,3.1,34.1,3.2,1830,06,069
"San Bernardino County, California",2180563,33.9,25.9,11.9,38.4,14.5,11.4,7.2,77423,8.6,10.0,38.9,4.5,1584,06,071
"San Diego County, California",3289701,36.7,21.2,14.7,24.8,25.0,10.4,6.3,96974,7.3,6.6,45.8,5.4,2011,06,073
"San Francisco County, California",851036,39.3,13.6,16.7,17.2,35.1,10.8,5.4,136689,3.6,11.6,61.4,29.9,2316,06,075
"San Joaquin County, California",779445,34.8,26.6,13.0,35.9,13.8,12.2,7.2,82837,6.5,5.9,40.0,5.2,1542,06,077
"San Luis Obispo County, California",281712,40.0,17.4,21.1,31.0,23.9,13.0,5.0,90158,5.9,12.8,38.0,3.8,1800,06,079
"San Mateo County, California",754250,40.3,19.9,16.9,15.1,29.4,8.7,4.5,149907,3.8,7.0,40.5,5.6,2805,06,081
"Santa Barbara County, California",445213,34.3,22.1,15.9,32.6,21.3,10.9,6.0,92332,9.6,6.8,47.2,6.3,1964,06,083
"Santa Clara County, California",1916831,37.7,21.2,14.1,16.8,28.1,8.6,4.4,153792,4.0,5.5,44.4,5.8,2719,06,085
"Santa Cruz County, California",268571,39.2,18.7,17.7,28.4,24.6,11.7,5.9,104409,5.4,9.3,40.0,5.2,2094,06,087
"Shasta County, California",181852,41.7,21.6,21.1,43.1,15.3,18.1,6.6,68347,6.6,10.7,34.9,6.1,1232,06,089
"Sierra County, California",2916,54.9,13.9,31.2,100.0,11.8,14.8,5.6,61108,10.9,45.7,17.2,3.0,1184,06,091
"Siskiyou County, California",44049,47.2,20.1,26.4,33.9,14.9,18.0,7.4,53898,7.1,18.4,32.1,5.6,984,06,093
"Solano County, California",450995,38.8,22.0,16.5,35.6,19.3,12.4,5.9,97037,4.9,4.6,37.0,4.6,1981,06,095
"Sonoma County, California",488436,42.7,19.3,20.6,26.7,23.3,11.8,5.2,99266,5.6,7.7,38.4,4.8,2029,06,097
"Stanislaus County, California",552063,34.5,26.8,13.3,33.8,12.6,12.7,8.2,74872,6.1,4.1,39.5,5.4,1433,06,099
"Sutter County, California",99101,36.0,25.5,15.7,26.9,14.0,13.8,7.6,72654,6.2,4.4,40.4,5.4,1289,06,101
"Tehama County, California",65484,40.3,23.8,19.9,46.0,13.2,18.7,7.4,59029,6.6,10.3,32.9,6.2,1119,06,103
"Trinity County, California",15889,53.2,16.4,27.7,77.8,11.7,15.7,7.4,47317,13.2,33.1,29.2,4.4,928,06,105
"Tulare County, California",473446,31.5,30.2,11.5,42.2,10.1,11.8,9.0,64474,7.9,7.0,41.7,4.7,1137,06,107
"Tuolumne County, California",54993,48.7,17.0,27.3,29.0,16.5,21.3,8.3,70432,6.0,27.4,25.6,5.5,1129,06,109
"Ventura County, California",842009,39.0,22.3,16.3,27.0,21.8,11.3,5.3,102141,8.2,6.1,35.9,4.2,2140,06,111
"Yolo County, California",217141,32.0,20.5,13.0,32.0,22.4,10.4,5.3,85097,4.7,5.5,47.8,7.8,1655,06,113
"Yuba County, California",81705,33.5,27.1,12.9,46.7,11.5,16.0,7.4,66693,6.9,6.9,38.6,6.4,1137,06,115
"Adams County, Colorado",520149,34.4,25.6,10.8,27.2,18.5,11.1,4.6,86297,10.8,3.5,31.7,4.6,1632,08,001
"Alamosa County, Colorado",16460,32.2,23.9,14.5,46.5,15.8,15.8,3.4,52271,8.4,8.7,42.8,6.2,815,08,003
"Arapahoe County, Colorado",654453,37.1,22.9,13.7,22.8,27.8,10.5,4.6,92292,8.7,4.5,35.1,5.0,1708,08,005
"Archuleta County, Colorado",13509,50.8,17.7,27.0,60.2,24.4,15.6,4.8,66813,11.0,40.2,24.2,2.5,1184,08,007
"Baca County, Colorado",3496,42.0,22.2,23.9,7.7,17.7,17.4,1.7,42115,6.6,20.1,26.3,5.1,474,08,009
"Bent County, Colorado",5561,40.7,16.8,18.4,69.6,9.6,21.0,5.5,45776,7.0,15.9,38.4,7.9,778,08,011
"Boulder County, Colorado",328658,37.0,18.1,15.3,18.5,34.6,8.5,4.4,99770,4.4,5.4,37.7,5.2,1828,08,013
"Broomfield County, Colorado",73946,38.6,21.5,14.7,14.7,35.4,7.9,3.2,117541,5.2,3.9,36.1,3.6,1923,08,014
"Chaffee County, Colorado",19564,47.8,15.0,26.3,25.5,24.1,13.0,6.0,65703,8.2,18.1,30.4,4.0,1330,08,015
"Cheyenne County, Colorado",1726,43.2,25.0,20.0,0.0,16.0,11.2,2.1,65577,7.2,23.6,21.1,0.8,860,08,017
"Clear Creek County, Colorado",9403,49.5,11.8,21.1,0.0,28.8,12.1,4.7,87169,9.2,19.7,20.0,4.0,1201,08,019
"Conejos County, Colorado",7553,39.1,25.6,19.5,13.3,16.4,18.5,7.2,44093,14.4,23.6,21.0,6.5,686,08,021
"Costilla County, Colorado",3534,52.8,17.9,27.8,43.9,16.9,26.4,6.6,34578,8.0,36.6,23.7,5.3,691,08,023
"Crowley County, Colorado",5782,41.3,14.5,14.4,42.9,9.2,21.3,7.2,40685,6.6,13.8,28.8,5.7,988,08,025
"Custer County, Colorado",4885,58.1,17.3,29.7,17.4,22.5,14.2,4.9,66250,10.9,47.9,13.0,2.5,865,08,027
"Delta County, Colorado",31173,47.8,19.6,26.9,15.9,16.2,19.4,4.4,56349,11.0,17.4,23.9,4.2,933,08,029
"Denver County, Colorado",710800,34.9,18.7,12.0,28.2,33.2,9.9,4.7,85853,9.1,6.3,50.6,9.9,1665,08,031
"Dolores County, Colorado",2329,59.2,14.5,35.7,100.0,15.7,8.0,3.1,64708,8.3,30.5,13.9,5.0,1513,08,033
"Douglas County, Colorado",360206,39.3,24.5,12.9,11.7,38.7,7.5,3.4,139010,3.6,3.4,22.0,2.1,1953,08,035
"Eagle County, Colorado",55650,38.3,20.7,13.6,6.3,35.1,6.2,4.4,98887,10.4,39.2,31.4,4.0,1868,08,037
"Elbert County, Colorado",26457,45.6,21.0,17.5,32.9,25.5,8.1,2.3,124360,5.0,3.9,6.7,1.1,1436,08,039
"El Paso County, Colorado",730323,34.7,23.5,13.3,21.3,24.5,12.5,5.7,82748,7.5,4.6,33.7,3.6,1507,08,041
"Fremont County, Colorado",49107,44.9,16.1,21.9,33.1,14.0,18.9,4.8,56165,6.9,12.9,24.6,5.2,959,08,043
"Garfield County, Colorado",61683,37.2,24.6,13.6,6.0,21.7,9.1,3.2,82772,17.5,7.9,30.1,4.5,1444,08,045
"Gilpin County, Colorado",5856,47.4,17.9,15.9,0.0,20.9,12.0,2.1,95902,8.7,18.9,21.4,5.2,1263,08,047
"Grand County, Colorado",15724,44.6,17.1,19.3,4.2,22.0,6.7,4.6,79367,12.3,62.7,27.3,2.5,1243,08,049
"Gunnison County, Colorado",17018,36.4,15.8,14.0,0.0,41.3,7.4,3.6,76538,7.2,36.2,36.9,2.1,1168,08,051
"Hinsdale County, Colorado",911,56.9,11.1,34.0,0.0,25.0,17.2,1.9,58712,12.6,66.0,22.2,1.5,979,08,053
"Huerfano County, Colorado",6896,55.4,15.8,33.1,100.0,16.4,20.6,6.4,49631,6.1,39.3,22.5,5.3,735,08,055
"Jackson County, Colorado",1440,51.5,18.0,31.4,-666666666.0,16.2,12.7,8.2,38686,10.0,45.6,23.1,5.9,1266,08,057
"Jefferson County, Colorado",580519,40.2,19.0,17.1,14.1,31.2,10.5,3.9,103167,5.2,4.2,29.4,3.9,1696,08,059
"Kiowa County, Colorado",1347,43.3,24.1,21.8,56.0,12.6,9.6,0.0,45250,8.4,19.8,26.1,2.7,813,08,061
"Kit Carson County, Colorado",7039,39.2,25.7,20.0,13.2,12.0,15.9,2.6,58992,12.1,13.1,32.7,5.7,931,08,063
"Lake County, Colorado",7403,36.8,16.7,14.2,0.0,23.6,11.0,2.4,78942,16.4,29.3,22.6,3.5,1554,08,065
"La Plata County, Colorado",55983,41.8,18.2,19.0,12.9,30.5,10.1,3.2,81936,9.5,19.6,29.3,2.0,1344,08,067
"Larimer County, Colorado",359363,36.3,18.8,16.4,17.8,30.6,10.0,4.6,87199,5.9,6.4,35.5,3.8,1584,08,069
"Las Animas County, Colorado",14422,46.8,18.3,25.1,36.1,10.1,23.3,7.4,48965,8.9,18.3,29.3,8.4,806,08,071
"Lincoln County, Colorado",5583,40.4,17.2,17.3,18.6,18.2,15.0,2.3,59167,8.1,19.0,28.8,5.3,820,08,073
"Logan County, Colorado",21302,38.9,19.3,18.4,9.5,11.9,14.9,3.2,54864,7.2,8.1,28.5,5.8,854,08,075
"Mesa County, Colorado",156131,40.6,21.0,20.0,27.1,20.2,15.3,5.3,68077,9.9,6.8,28.2,5.3,1089,08,077
"Mineral County, Colorado",794,54.7,12.0,27.1,0.0,40.6,11.3,4.8,58929,14.5,66.9,26.3,2.9,824,08,079
"Moffat County, Colorado",13232,37.1,25.3,15.2,34.9,14.8,15.0,5.4,63983,10.1,14.9,33.2,6.2,974,08,081
"Montezuma County, Colorado",26070,43.7,21.1,23.6,57.1,17.8,15.0,4.4,61377,11.2,14.3,26.5,4.5,893,08,083
"Montrose County, Colorado",42823,45.9,20.6,24.9,55.2,18.6,13.3,4.3,62817,13.3,10.9,23.9,2.8,1061,08,085
"Morgan County, Colorado",29045,36.9,25.9,15.7,31.1,11.6,10.1,3.7,70471,11.6,6.0,35.4,5.4,1038,08,087
"Otero County, Colorado",18580,40.5,23.4,21.1,8.2,11.1,20.4,5.9,47500,8.0,13.1,30.4,8.6,802,08,089
"Ouray County, Colorado",4936,56.8,12.8,36.1,0.0,30.5,15.1,4.2,78750,14.6,29.4,23.4,1.8,1239,08,091
"Park County, Colorado",17597,51.3,14.9,22.0,0.0,23.3,11.3,3.9,85019,8.8,45.9,10.7,1.4,1788,08,093
"Phillips County, Colorado",4493,40.6,25.4,18.3,7.2,19.3,13.3,1.4,58474,8.0,13.9,25.1,5.3,848,08,095
"Pitkin County, Colorado",17325,46.7,15.8,20.3,0.0,37.4,8.9,2.1,96123,4.4,39.0,34.9,2.4,1772,08,097
"Prowers County, Colorado",11968,37.8,26.1,18.0,17.2,10.3,17.5,4.4,49422,10.5,17.7,29.0,6.6,764,08,099
"Pueblo County, Colorado",168135,39.8,22.2,18.9,38.0,15.6,18.5,5.9,59436,6.3,7.3,33.1,7.9,967,08,101
"Rio Blanco County, Colorado",6511,39.2,24.0,16.0,0.0,16.4,16.5,6.1,69882,9.3,23.2,21.4,2.1,893,08,103
"Rio Grande County, Colorado",11442,41.3,21.0,20.9,42.7,20.9,17.0,6.0,57591,14.2,29.0,27.5,6.9,649,08,105
"Routt County, Colorado",24944,41.9,17.6,16.9,5.9,31.6,6.8,2.9,95144,8.5,38.2,23.5,2.0,1721,08,107
"Saguache County, Colorado",6454,49.9,19.1,25.6,33.7,12.8,15.3,10.0,51946,11.1,18.6,27.2,1.5,720,08,109
"San Juan County, Colorado",690,49.3,12.5,24.1,0.0,24.3,6.2,7.3,67344,16.5,53.8,45.1,3.9,1031,08,111
"San Miguel County, Colorado",8082,41.9,16.3,16.5,51.5,45.7,5.3,3.7,72829,10.3,41.3,38.9,6.3,1267,08,113
"Sedgwick County, Colorado",2391,44.5,22.2,25.1,16.7,18.0,19.3,3.3,45855,7.8,14.8,31.6,6.5,692,08,115
"Summit County, Colorado",30955,39.0,16.1,14.9,2.8,32.7,6.2,3.7,100611,11.0,62.7,30.2,3.0,1807,08,117
"Teller County, Colorado",24758,51.1,16.7,23.7,18.1,23.0,13.8,3.8,69655,7.0,17.4,20.0,1.1,1609,08,119
"Washington County, Colorado",4817,40.2,22.1,21.3,11.3,16.6,11.9,3.5,59087,4.6,11.5,29.8,3.8,908,08,121
"Weld County, Colorado",331466,35.0,25.7,12.5,22.8,19.8,11.2,4.9,89182,8.5,4.0,24.8,3.5,1351,08,123
"Yuma County, Colorado",9938,39.6,26.6,18.1,8.9,15.3,8.3,5.7,60118,15.4,8.3,29.2,2.7,866,08,125
"Capitol Planning Region, Connecticut",977165,39.8,20.6,17.1,30.8,22.9,11.8,5.6,88190,4.0,6.6,34.8,9.5,1297,09,110
"Greater Bridgeport Planning Region, Connecticut",326381,40.5,22.0,15.9,27.1,23.5,12.6,7.7,83147,7.6,6.3,33.7,10.0,1446,09,120
"Lower Connecticut River Valley Planning Region, Connecticut",175244,45.6,17.3,20.9,19.9,24.9,10.9,4.1,99742,3.2,11.5,24.9,4.8,1345,09,130
"Naugatuck Valley Planning Region, Connecticut",451887,41.1,20.7,17.8,27.2,18.8,13.5,6.4,82939,4.6,7.3,33.0,9.5,1218,09,140
"Northeastern Connecticut Planning Region, Connecticut",95687,41.7,20.0,17.1,30.9,14.3,13.2,7.4,83119,4.3,7.1,25.6,5.0,1119,09,150
"Northwest Hills Planning Region, Connecticut",112696,45.1,19.1,20.4,32.8,21.9,11.9,5.4,87971,4.1,17.3,25.5,6.1,1149,09,160
"South Central Connecticut Planning Region, Connecticut",571298,39.9,19.8,17.5,28.3,20.6,11.3,6.1,83617,5.1,8.2,39.0,11.1,1408,09,170
"Southeastern Connecticut Planning Region, Connecticut",280293,41.6,19.3,18.9,17.8,19.2,13.5,5.3,80330,4.4,9.2,33.9,7.3,1254,09,180
"Western Connecticut Planning Region, Connecticut",620666,41.1,22.3,16.2,22.0,29.6,8.9,5.6,118930,7.4,7.4,33.9,5.8,1952,09,190
"Kent County, Delaware",182400,38.5,22.9,17.6,35.1,15.9,16.6,6.0,69278,6.9,6.7,29.6,6.8,1224,10,001
"New Castle County, Delaware",570567,39.0,21.3,16.2,34.4,21.9,12.4,5.4,85309,5.3,5.7,31.8,7.0,1327,10,003
"Sussex County, Delaware",240668,51.3,18.1,29.2,41.3,18.2,14.5,5.0,75406,6.9,30.8,18.6,3.6,1162,10,005
"District of Columbia, District of Columbia",670587,34.8,18.5,12.6,43.4,25.8,11.0,7.1,101722,3.4,9.9,58.6,35.7,1817,11,001
"Alachua County, Florida",279729,31.7,17.7,14.7,36.2,23.7,11.5,5.1,57566,7.9,12.2,45.5,7.1,1191,12,001
"Baker County, Florida",27969,37.7,23.5,14.9,21.6,8.5,15.4,4.9,67872,11.3,9.0,20.2,4.0,959,12,003
"Bay County, Florida",181055,41.2,20.8,18.1,30.4,17.2,19.5,4.0,65999,13.7,28.5,31.4,4.0,1311,12,005
"Bradford County, Florida",27816,39.9,19.7,17.8,35.4,8.0,18.1,5.8,54759,10.9,15.8,32.0,7.0,902,12,007
"Brevard County, Florida",610723,47.0,18.1,24.0,37.6,20.1,16.3,4.9,71308,10.0,15.0,23.3,4.7,1327,12,009
"Broward County, Florida",1940907,41.0,20.9,17.3,35.1,21.6,11.1,5.8,70331,13.9,13.7,37.2,6.9,1683,12,011
"Calhoun County, Florida",13753,41.9,19.5,18.3,50.4,7.7,24.1,3.7,41526,19.6,21.7,23.4,6.8,610,12,013
"Charlotte County, Florida",189900,59.9,11.8,40.3,49.1,15.7,21.7,5.7,62164,10.2,23.9,17.6,4.5,1206,12,015
"Citrus County, Florida",155173,56.9,14.8,36.4,30.5,12.2,21.7,7.2,52569,10.8,17.8,14.6,4.7,1000,12,017
"Clay County, Florida",219650,39.9,22.9,16.5,26.7,18.5,13.4,4.3,82242,8.7,6.9,23.4,3.6,1372,12,019
"Collier County, Florida",380221,52.2,16.7,32.8,36.8,22.8,11.4,4.3,82011,11.8,31.8,25.1,4.6,1599,12,021
"Columbia County, Florida",69832,40.7,22.1,19.6,44.4,10.9,20.2,6.9,53501,13.2,11.5,28.6,4.5,905,12,023
"DeSoto County, Florida",34258,41.7,18.3,22.3,60.6,7.8,19.0,9.7,45000,19.6,20.7,28.8,6.2,861,12,027
"Dixie County, Florida",16737,45.8,17.8,23.7,14.9,5.3,25.7,5.1,45057,16.0,33.7,17.0,5.1,805,12,029
"Duval County, Florida",995708,36.6,22.4,14.7,38.5,21.4,13.0,4.7,65579,11.7,9.4,42.4,7.1,1293,12,031
"Escambia County, Florida",321296,38.1,20.8,17.5,41.4,17.6,16.8,6.2,61642,11.6,13.4,36.9,6.9,1170,12,033
"Flagler County, Florida",117515,52.4,16.4,30.9,34.7,18.5,15.4,3.8,69251,11.3,15.6,20.8,3.6,1561,12,035
"Franklin County, Florida",12276,48.7,15.7,25.3,58.9,11.5,23.3,8.9,58107,17.7,43.4,19.3,6.6,1045,12,037
"Gadsden County, Florida",43746,41.9,22.1,19.2,50.1,12.6,19.9,4.3,45721,14.2,16.2,26.2,9.8,781,12,039
"Gilchrist County, Florida",18070,42.7,19.9,20.1,39.2,10.0,20.2,3.1,56823,13.5,9.3,17.3,7.5,801,12,041
"Glades County, Florida",12179,47.4,14.5,26.8,29.5,9.5,19.2,5.4,37221,20.9,29.2,21.6,2.0,832,12,043
"Gulf County, Florida",15002,46.5,14.9,23.3,76.7,12.8,23.0,4.3,56250,9.3,37.1,21.4,4.0,1143,12,045
"Hamilton County, Florida",13492,41.8,20.1,19.0,47.4,6.7,19.4,9.2,47668,15.1,23.6,24.8,6.0,778,12,047
"Hardee County, Florida",25528,35.2,25.4,15.7,50.4,7.1,14.3,8.7,44665,14.5,17.4,33.4,4.9,904,12,049
"Hendry County, Florida",39902,35.1,25.4,13.4,41.1,7.6,12.2,5.8,49259,21.7,12.7,30.3,7.3,892,12,051
"Hernando County, Florida",196621,48.5,18.4,26.8,39.9,13.5,19.0,5.9,59202,12.6,11.7,19.9,5.1,1155,12,053
"Highlands County, Florida",102339,54.1,16.8,35.7,44.3,11.9,20.3,6.8,53679,13.1,22.4,21.6,5.2,919,12,055
"Hillsborough County, Florida",1468560,37.6,21.8,14.6,37.2,22.9,11.8,4.8,70612,11.9,7.6,39.5,5.9,1413,12,057
"Holmes County, Florida",19529,41.0,20.5,20.2,46.7,7.7,18.8,4.7,46063,16.3,18.1,23.5,5.1,792,12,059
"Indian River County, Florida",160986,54.8,15.3,33.9,39.3,19.9,16.2,5.9,67543,11.1,21.6,19.8,4.3,1183,12,061
"Jackson County, Florida",47704,42.9,18.7,21.1,62.7,8.3,20.1,4.7,46144,9.8,15.7,26.0,5.2,756,12,063
"Jefferson County, Florida",14458,47.8,17.2,24.1,22.5,13.2,20.2,6.7,51573,10.0,18.1,25.1,7.0,727,12,065
"Lafayette County, Florida",8107,40.6,18.2,19.2,0.0,5.7,21.0,8.6,57852,15.1,24.9,19.5,1.8,853,12,067
"Lake County, Florida",386829,46.9,19.0,26.7,38.9,16.3,16.3,5.5,66239,10.4,13.6,23.6,4.1,1323,12,069
"Lee County, Florida",772902,49.1,17.2,28.9,38.7,18.5,13.8,4.5,69368,12.8,25.9,26.7,5.1,1466,12,071
"Leon County, Florida",294128,31.4,18.4,14.1,33.8,26.6,11.9,5.7,61317,8.2,11.4,47.9,6.9,1157,12,073
"Levy County, Florida",43268,47.3,19.5,24.7,50.2,11.2,19.9,4.4,49933,15.6,14.9,20.4,4.7,798,12,075
"Liberty County, Florida",7704,39.6,19.2,13.8,47.1,9.4,24.2,8.2,51723,10.8,21.5,19.4,7.7,884,12,077
"Madison County, Florida",17986,44.5,18.0,22.4,62.4,8.8,15.7,2.7,43386,12.8,20.0,29.1,9.5,832,12,079
"Manatee County, Florida",405069,49.4,17.6,28.2,46.3,20.0,14.6,5.2,71385,12.1,22.4,25.1,4.0,1418,12,081
"Marion County, Florida",378225,48.5,18.6,28.9,40.1,13.9,16.4,5.9,55265,12.4,13.4,23.5,4.9,1092,12,083
"Martin County, Florida",159399,53.2,16.0,31.8,18.8,22.4,14.2,4.4,77894,9.6,18.2,19.6,4.9,1374,12,085
"Miami-Dade County, Florida",2688237,40.6,20.1,16.6,42.6,20.2,10.2,4.6,64215,15.0,11.4,48.1,9.7,1623,12,086
"Monroe County, Florida",82044,48.3,15.7,23.5,34.3,22.0,10.8,3.4,80111,15.4,36.4,37.8,6.7,1919,12,087
"Nassau County, Florida",91538,46.3,19.5,23.0,46.0,20.4,17.4,4.1,84085,7.9,13.7,17.4,3.0,1171,12,089
"Okaloosa County, Florida",212021,37.1,22.3,16.3,28.3,20.6,15.6,3.3,73988,11.4,17.8,32.8,3.7,1382,12,091
"Okeechobee County, Florida",39870,40.8,21.4,19.3,39.0,11.3,17.9,6.1,50476,17.9,19.3,25.6,3.2,963,12,093
"Orange County, Florida",1427403,35.9,21.6,12.4,33.7,24.0,11.2,5.5,72629,12.6,13.0,43.0,5.2,1553,12,095
"Osceola County, Florida",393745,36.6,24.1,13.2,40.3,18.0,13.9,5.3,64312,11.8,23.7,34.3,4.5,1537,12,097
"Palm Beach County, Florida",1494805,45.2,18.8,24.4,35.4,23.5,12.4,5.8,76066,13.5,16.8,30.5,6.0,1700,12,099
"Pasco County, Florida",569211,43.9,20.2,22.2,39.1,17.6,16.4,5.3,63187,11.2,13.8,25.4,4.8,1282,12,101
"Pinellas County, Florida",959918,48.8,15.7,25.6,36.4,22.5,15.5,4.6,66406,10.8,18.9,31.0,6.9,1389,12,103
"Polk County, Florida",736229,39.8,21.9,19.9,42.2,14.4,14.1,4.6,60901,13.0,17.5,30.2,5.2,1192,12,105
"Putnam County, Florida",73604,45.1,21.3,23.5,67.6,9.3,18.4,8.9,44852,16.6,17.7,27.0,7.5,844,12,107
"St. Johns County, Florida",278722,44.0,21.5,20.7,25.6,29.3,10.5,4.4,100020,7.2,15.6,17.6,2.4,1601,12,109
"St. Lucie County, Florida",334682,45.3,19.6,24.4,46.2,16.4,15.2,6.0,66154,12.6,15.7,22.9,4.5,1363,12,111
"Santa Rosa County, Florida",188994,40.0,21.8,16.3,28.1,19.4,15.0,4.7,84715,10.9,9.2,21.6,3.5,1386,12,113
"Sarasota County, Florida",439392,57.1,14.0,37.3,30.8,21.9,15.1,3.4,77213,10.2,21.7,24.0,4.4,1590,12,115
"Seminole County, Florida",471321,39.6,20.7,16.0,20.0,27.2,11.3,4.3,79490,10.1,5.8,34.3,3.9,1545,12,117
"Sumter County, Florida",131832,68.3,7.1,57.9,28.9,20.2,18.5,5.1,70105,6.0,16.4,12.8,3.5,1185,12,119
"Suwannee County, Florida",43881,42.8,21.2,21.2,66.6,9.1,20.6,5.5,49729,13.0,18.4,24.8,5.9,760,12,121
"Taylor County, Florida",21421,44.3,19.6,20.4,68.7,9.7,20.8,5.8,46239,8.2,32.8,22.6,5.5,909,12,123
"Union County, Florida",15524,39.7,21.5,17.0,55.4,6.1,17.9,3.6,64043,11.4,13.2,30.3,3.7,785,12,125
"Volusia County, Florida",558520,46.5,17.5,24.8,43.4,17.2,17.3,4.2,63075,11.6,15.0,27.9,5.6,1271,12,127
"Wakulla County, Florida",33732,42.3,20.6,15.7,16.9,12.0,13.2,3.6,72035,7.0,13.8,18.8,3.4,1041,12,129
"Walton County, Florida",76618,44.4,20.3,20.0,27.5,22.6,16.1,5.3,74832,13.5,44.5,22.3,3.9,1463,12,131
"Washington County, Florida",25014,41.6,20.0,17.4,38.5,7.1,20.4,4.8,47536,14.4,16.4,21.6,2.9,853,12,133
"Appling County, Georgia",18441,39.6,24.7,17.5,16.0,5.5,13.5,3.3,43268,14.3,19.2,27.6,7.4,683,13,001
"Atkinson County, Georgia",8265,35.5,25.7,13.3,36.1,5.6,12.9,4.6,38007,23.3,12.3,33.1,4.4,566,13,003
"Bacon County, Georgia",11138,38.1,25.6,16.9,31.9,5.1,22.3,4.3,43938,15.4,18.7,28.0,7.4,685,13,005
"Baker County, Georgia",2878,47.0,19.2,26.5,81.0,11.0,15.8,12.2,45417,16.6,22.8,25.2,7.2,596,13,007
"Baldwin County, Georgia",43778,36.1,18.8,16.5,49.4,13.5,15.6,7.0,54699,12.3,21.1,37.1,6.8,832,13,009
"Banks County, Georgia",18381,42.3,21.5,16.9,10.0,10.6,18.9,2.5,69096,13.7,8.8,25.2,2.5,776,13,011
"Barrow County, Georgia",84399,36.2,25.5,12.6,26.7,13.9,13.1,4.0,75053,16.1,5.2,21.2,3.4,1137,13,013
"Bartow County, Georgia",109410,38.2,23.6,14.2,27.2,14.4,11.9,5.5,74812,13.9,10.1,27.2,3.1,1090,13,015
"Ben Hill County, Georgia",17169,38.7,24.6,17.7,45.3,8.7,12.0,5.0,38255,18.6,12.3,42.1,10.0,668,13,017
"Berrien County, Georgia",18187,39.8,24.0,17.7,14.6,9.7,17.3,4.6,48670,21.8,16.0,30.9,3.8,718,13,019
"Bibb County, Georgia",156554,36.5,24.2,16.2,58.0,13.3,15.9,7.5,48897,13.9,17.2,47.4,11.5,967,13,021
"Bleckley County, Georgia",12413,37.7,19.1,17.2,30.6,11.0,19.9,6.1,56021,9.2,19.0,25.1,4.0,757,13,023
"Brantley County, Georgia",18105,40.2,22.6,16.5,80.9,4.7,16.2,3.3,40166,15.9,18.6,24.4,6.5,728,13,025
"Brooks County, Georgia",16275,42.6,21.5,19.7,79.1,9.7,17.0,4.9,42263,18.5,18.7,31.7,7.2,738,13,027
"Bryan County, Georgia",44995,34.4,29.2,10.5,24.9,21.2,12.6,5.5,90627,8.6,8.9,24.0,3.0,1390,13,029
"Bulloch County, Georgia",79829,29.7,19.9,11.8,54.3,17.9,14.5,8.3,53675,11.9,10.4,48.2,5.4,931,13,031
"Burke County, Georgia",24337,38.8,25.0,16.3,45.8,10.7,14.8,5.2,50321,10.4,19.7,27.4,10.2,747,13,033
"Butts County, Georgia",25522,38.7,20.5,16.0,45.2,8.4,14.6,4.0,60076,11.2,10.8,25.9,3.5,961,13,035
"Calhoun County, Georgia",5594,39.2,16.8,15.9,100.0,7.0,16.9,11.4,48663,15.7,26.8,34.5,7.7,676,13,037
"Camden County, Georgia",55105,34.0,24.0,14.2,17.6,13.7,15.7,4.7,68104,9.2,10.7,35.0,5.9,1136,13,039
"Candler County, Georgia",10946,41.6,24.5,18.5,46.9,8.1,18.3,3.9,45519,20.4,11.6,39.1,6.0,682,13,043
"Carroll County, Georgia",120060,35.2,23.6,13.9,44.1,13.4,15.2,5.9,66895,12.2,7.6,31.8,4.3,1055,13,045
"Catoosa County, Georgia",68052,40.8,22.5,18.1,55.2,14.6,17.3,3.7,68896,10.8,8.0,25.1,4.2,921,13,047
"Charlton County, Georgia",12547,39.4,18.3,16.4,87.5,9.7,18.6,8.3,45770,18.0,13.5,26.1,5.6,704,13,049
"Chatham County, Georgia",296266,36.7,20.8,16.2,42.1,21.3,15.1,6.3,66171,13.6,12.5,43.1,7.3,1284,13,051
"Chattahoochee County, Georgia",9402,23.9,22.0,2.9,0.5,19.5,7.8,8.4,52943,5.0,31.6,68.8,0.7,1260,13,053
"Chattooga County, Georgia",24902,40.2,22.3,18.0,38.1,5.5,18.1,4.7,43556,13.0,14.5,32.4,5.6,753,13,055
"Cherokee County, Georgia",268567,39.7,23.5,15.0,12.0,27.8,10.5,3.7,100824,11.1,4.1,22.5,2.2,1580,13,057
"Clarke County, Georgia",128864,28.9,16.9,11.5,32.9,24.4,12.4,5.3,48692,12.4,4.6,58.8,6.6,1045,13,059
"Clay County, Georgia",2855,42.7,23.1,24.9,-666666666.0,9.8,17.5,3.5,43264,10.3,39.3,31.7,8.3,383,13,061
"Clayton County, Georgia",296312,33.0,27.4,10.0,58.1,13.8,11.4,6.8,56207,18.1,7.9,47.1,7.4,1216,13,063
"Clinch County, Georgia",6713,38.4,25.1,15.5,35.1,9.1,16.5,2.6,53350,21.1,21.1,27.3,10.7,547,13,065
"Cobb County, Georgia",765813,37.2,22.9,13.0,21.7,31.5,9.1,4.6,94244,12.4,5.8,33.5,3.5,1535,13,067
"Coffee County, Georgia",43056,36.4,24.3,14.7,38.8,7.9,16.9,4.3,48398,17.8,14.3,33.9,6.4,702,13,069
"Colquitt County, Georgia",45813,37.1,25.8,15.3,55.5,7.7,16.6,6.1,47235,22.1,13.6,35.2,6.9,747,13,071
"Columbia County, Georgia",156921,37.4,25.0,14.6,33.9,21.6,13.0,5.1,92571,8.7,15.4,21.1,2.7,1295,13,073
"Cook County, Georgia",17242,37.3,25.2,16.2,41.5,9.7,16.2,5.5,46706,19.0,16.4,36.5,7.5,887,13,075
"Coweta County, Georgia",147449,39.1,23.6,14.4,11.0,21.9,12.3,2.8,90031,8.9,5.1,23.8,3.5,1326,13,077
"Crawford County, Georgia",12156,45.8,20.4,18.7,31.5,5.9,22.8,8.1,56948,15.0,16.5,19.2,6.2,677,13,079
"Crisp County, Georgia",20255,40.4,23.5,19.3,43.1,8.5,21.3,8.2,47463,16.5,19.9,46.0,13.0,735,13,081
"Dade County, Georgia",16239,42.5,19.4,19.9,25.6,13.1,16.2,5.5,59531,11.9,17.8,23.6,2.5,861,13,083
"Dawson County, Georgia",27355,43.9,19.9,19.7,18.2,24.5,13.0,4.6,84516,13.9,14.6,19.8,2.4,1360,13,085
"Decatur County, Georgia",29063,38.3,24.3,16.7,61.3,9.8,16.1,6.4,47383,15.6,20.9,39.4,8.2,796,13,087
"DeKalb County, Georgia",761209,36.3,22.7,13.1,35.3,26.2,11.5,6.4,76044,13.2,12.7,42.1,7.7,1464,13,089
"Dodge County, Georgia",19977,42.0,19.3,19.0,47.8,9.7,21.7,2.9,46091,14.7,23.3,30.7,6.9,695,13,091
"Dooly County, Georgia",11236,45.1,16.2,21.5,88.6,8.9,18.9,7.5,54109,17.7,21.9,29.7,9.3,717,13,093
"Dougherty County, Georgia",85038,36.2,23.9,16.5,65.4,12.9,17.7,10.0,45640,15.3,16.1,53.4,10.9,898,13,095
"Douglas County, Georgia",144735,36.7,25.5,11.9,39.3,18.5,11.8,6.6,76930,12.3,7.0,34.1,3.8,1326,13,097
"Early County, Georgia",10753,40.4,24.4,19.2,67.1,9.1,14.3,6.0,48355,15.6,18.4,32.4,11.2,803,13,099
"Echols County, Georgia",3707,34.7,23.8,12.8,6.1,8.6,10.0,2.0,61184,24.9,20.6,23.7,1.1,789,13,101
"Effingham County, Georgia",65314,36.4,26.4,11.9,21.4,17.9,11.0,5.3,79474,9.5,7.1,23.0,2.4,1098,13,103
"Elbert County, Georgia",19570,42.8,21.8,20.8,38.9,8.5,19.4,7.5,48190,12.0,15.5,29.7,8.7,828,13,105
"Emanuel County, Georgia",22907,37.4,25.0,16.0,53.0,7.7,21.3,8.9,47905,16.7,16.6,43.5,8.7,724,13,107
"Evans County, Georgia",10759,36.6,26.1,16.9,80.2,10.5,16.3,6.8,55222,16.4,16.1,37.8,4.1,715,13,109
"Fannin County, Georgia",25436,53.8,15.8,29.8,30.7,13.1,20.8,5.4,54857,16.0,36.4,22.2,3.8,813,13,111
"Fayette County, Georgia",119259,43.2,22.8,19.1,35.4,29.3,11.7,3.9,105910,8.0,5.3,18.3,3.0,1693,13,113
"Floyd County, Georgia",98541,38.0,22.6,16.5,45.8,13.0,16.3,4.1,57868,14.5,11.3,36.9,8.4,890,13,115
"Forsyth County, Georgia",253225,39.2,26.4,12.3,11.7,35.0,8.1,3.7,131660,7.8,4.0,15.2,1.8,1779,13,117
"Franklin County, Georgia",23480,40.9,21.7,18.4,24.0,9.9,17.8,6.2,52597,17.3,19.9,26.1,4.2,751,13,119
"Fulton County, Georgia",1061944,36.1,21.1,12.2,33.3,33.2,10.3,5.4,86267,10.2,8.7,46.3,10.7,1529,13,121
"Gilmer County, Georgia",31519,49.6,18.8,25.8,12.2,14.1,18.6,2.4,70334,16.3,27.9,23.9,3.7,907,13,123
"Glascock County, Georgia",2903,43.2,21.4,17.0,100.0,11.7,16.1,1.6,60469,10.2,25.4,29.1,10.4,779,13,125
"Glynn County, Georgia",84566,43.3,21.0,21.8,69.2,18.2,12.9,4.3,65970,14.2,19.9,33.1,5.7,1031,13,127
"Gordon County, Georgia",57785,39.1,23.4,15.0,41.9,9.4,13.8,3.0,57555,16.5,10.1,28.5,4.6,830,13,129
"Grady County, Georgia",26075,39.8,24.5,18.8,43.8,9.4,18.4,4.4,51929,20.5,14.9,34.5,5.0,806,13,131
"Greene County, Georgia",19020,51.2,17.9,29.6,53.1,21.4,13.5,5.4,77527,17.9,24.9,20.8,3.7,825,13,133
"Gwinnett County, Georgia",957977,35.7,26.3,10.6,28.6,25.2,7.9,4.1,82296,14.9,4.0,33.4,3.3,1594,13,135
"Habersham County, Georgia",46326,39.0,22.1,18.7,38.1,12.9,16.3,2.3,61292,15.3,15.6,24.7,3.9,861,13,137
"Hall County, Georgia",204953,37.8,24.5,15.5,23.1,15.9,11.8,3.9,74153,17.4,10.4,30.0,6.2,1179,13,139
"Hancock County, Georgia",8588,46.0,13.5,24.0,-666666666.0,8.2,21.5,6.2,31767,11.1,43.6,24.8,12.1,576,13,141
"Haralson County, Georgia",30178,39.2,23.8,15.9,29.0,11.0,16.9,4.4,65940,11.5,8.3,27.5,3.4,837,13,143
"Harris County, Georgia",34914,43.2,21.3,18.5,12.6,17.9,16.0,5.8,85936,6.7,14.7,10.8,1.8,869,13,145
"Hart County, Georgia",26110,45.1,20.7,22.4,14.6,13.0,19.3,4.8,61765,11.4,20.1,24.7,6.6,782,13,147
"Heard County, Georgia",11489,40.7,22.8,16.9,55.3,7.7,23.9,5.4,62965,14.1,8.0,28.6,4.9,815,13,149
"Henry County, Georgia",240853,36.9,25.2,12.0,33.1,17.9,10.0,5.3,79663,10.3,5.6,27.8,2.1,1411,13,151
"Houston County, Georgia",164117,36.1,25.4,13.2,26.5,18.3,12.6,4.8,76968,10.4,9.4,33.1,4.2,1094,13,153
"Irwin County, Georgia",9487,39.8,22.0,18.3,86.0,8.4,9.1,6.2,46383,20.9,14.4,27.9,6.8,772,13,155
"Jackson County, Georgia",77033,37.9,25.2,14.4,38.7,18.3,14.0,3.6,82056,11.7,8.8,20.1,2.9,1007,13,157
"Jasper County, Georgia",14882,42.2,23.2,17.3,6.7,10.1,15.9,6.1,57374,12.4,12.7,17.5,3.1,1009,13,159
"Jeff Davis County, Georgia",14791,39.1,26.0,15.0,0.0,8.4,20.6,4.1,41780,22.4,15.8,32.5,7.7,626,13,161
"Jefferson County, Georgia",15591,40.7,23.3,18.4,78.1,7.5,15.3,4.5,46865,16.5,18.7,33.0,9.1,701,13,163
"Jenkins County, Georgia",8704,44.0,18.6,21.3,0.0,4.9,21.9,4.9,31463,18.0,25.9,17.2,6.6,665,13,165
"Johnson County, Georgia",9225,42.7,18.0,19.6,91.3,4.2,19.9,8.3,47796,12.1,8.3,27.0,5.3,590,13,167
"Jones County, Georgia",28382,41.3,22.5,17.9,35.5,11.6,14.4,4.3,66288,8.6,9.3,17.2,4.7,850,13,169
"Lamar County, Georgia",18676,37.6,20.7,17.5,26.5,9.1,16.2,5.4,64966,10.7,9.4,23.9,3.0,888,13,171
"Lanier County, Georgia",9964,36.5,22.7,14.5,41.4,11.3,14.3,2.3,39971,16.7,14.0,32.7,5.5,813,13,173
"Laurens County, Georgia",49407,39.2,24.6,18.0,46.0,8.8,16.2,5.5,46776,13.5,18.8,36.4,6.4,722,13,175
"Lee County, Georgia",32968,37.0,26.2,13.0,6.4,19.8,11.9,4.4,83632,7.2,7.0,25.2,3.0,1144,13,177
"Liberty County, Georgia",65550,28.6,27.5,9.5,43.8,13.9,15.5,8.7,55149,11.4,14.5,51.9,5.5,1178,13,179
"Lincoln County, Georgia",7726,47.1,19.3,24.8,50.0,10.3,18.8,3.6,50754,13.7,32.2,24.1,7.3,724,13,181
"Long County, Georgia",16804,34.4,27.5,9.2,11.9,7.9,21.7,4.5,56819,13.0,13.1,39.2,7.9,846,13,183
"Lowndes County, Georgia",118257,30.9,24.2,12.7,36.9,15.7,11.5,5.1,52821,15.2,11.2,45.6,7.5,951,13,185
"Lumpkin County, Georgia",33405,35.9,17.2,18.0,13.9,19.0,12.7,5.1,67592,10.5,13.1,23.2,2.6,1055,13,187
"McDuffie County, Georgia",21715,38.5,24.9,17.9,45.7,10.1,12.3,3.8,54752,11.1,12.9,34.1,4.8,834,13,189
"McIntosh County, Georgia",11183,51.8,15.2,28.9,22.7,11.8,23.2,4.4,51262,14.1,29.8,18.0,6.6,760,13,191
"Macon County, Georgia",12099,40.1,19.0,17.9,67.6,6.0,19.6,9.2,33960,23.9,22.9,37.7,13.6,627,13,193
"Madison County, Georgia",30378,40.2,23.2,17.7,51.3,9.6,18.1,5.8,53626,17.4,11.2,27.8,4.0,884,13,195
"Marion County, Georgia",7508,43.8,20.5,21.2,91.0,9.4,21.1,5.4,48836,16.9,19.1,23.1,6.3,663,13,197
"Meriwether County, Georgia",20679,43.6,21.1,20.8,83.9,8.0,20.9,7.1,52392,15.0,14.9,33.1,7.3,864,13,199
"Miller County, Georgia",5923,43.2,22.5,21.4,74.4,11.3,16.6,5.0,52132,16.5,11.2,33.3,11.4,698,13,201
"Mitchell County, Georgia",21634,39.5,22.8,17.7,20.3,6.4,21.1,9.5,45966,19.4,12.4,36.4,13.3,725,13,205
"Monroe County, Georgia",28287,42.6,20.7,18.7,24.0,15.8,15.4,3.8,74867,12.4,8.3,16.8,2.0,872,13,207
"Montgomery County, Georgia",8687,37.5,20.4,17.1,24.4,10.6,13.8,6.5,49138,14.6,21.4,23.5,4.3,684,13,209
"Morgan County, Georgia",20171,43.1,22.5,20.2,7.6,17.5,13.3,2.9,81524,8.6,10.5,25.7,4.0,1003,13,211
"Murray County, Georgia",40063,39.7,24.0,14.9,33.0,7.5,13.7,6.7,60617,14.2,7.6,26.3,4.6,800,13,213
"Muscogee County, Georgia",204572,34.9,24.8,14.1,42.2,16.5,17.2,7.3,54561,12.0,11.7,50.5,10.3,1038,13,215
"Newton County, Georgia",113298,36.4,25.5,13.2,44.0,13.5,14.3,6.6,70732,13.6,5.1,27.4,4.2,1264,13,217
"Oconee County, Georgia",41978,41.2,26.2,15.5,1.9,26.3,9.4,2.9,116221,7.2,4.9,16.4,1.1,1391,13,219
"Oglethorpe County, Georgia",14974,42.2,21.1,18.7,17.0,13.4,13.6,4.5,66672,12.4,17.5,21.7,3.2,789,13,221
"Paulding County, Georgia",169898,36.6,25.7,11.2,24.3,17.6,11.3,4.1,89237,10.9,5.3,19.7,2.2,1464,13,223
"Peach County, Georgia",28054,38.1,21.0,16.4,83.8,11.4,17.0,6.6,60940,11.1,15.5,31.0,6.2,817,13,225
"Pickens County, Georgia",33439,46.3,19.2,22.1,12.6,16.0,18.7,4.5,72558,12.4,12.9,21.1,3.1,990,13,227
"Pierce County, Georgia",19822,39.8,24.6,17.1,46.3,9.4,13.2,2.3,54861,14.0,11.1,23.1,3.3,764,13,229
"Pike County, Georgia",19145,40.2,23.5,15.7,10.1,11.4,11.6,4.5,83866,13.6,9.6,16.4,2.5,989,13,231
"Polk County, Georgia",43019,37.9,25.2,15.4,59.8,9.0,16.9,4.8,51956,14.2,10.0,34.9,5.8,814,13,233
"Pulaski County, Georgia",9887,42.2,18.9,22.5,66.9,8.2,19.5,3.9,42545,9.8,23.6,35.5,6.7,863,13,235
"Putnam County, Georgia",22206,48.6,19.5,24.9,59.1,16.3,20.5,3.2,60825,12.3,25.2,20.4,3.2,934,13,237
"Quitman County, Georgia",2180,59.1,11.0,34.8,100.0,7.0,26.7,23.5,38889,23.3,44.1,19.3,14.3,740,13,239
"Rabun County, Georgia",16915,49.4,15.5,28.3,51.9,15.6,20.4,2.6,57261,13.6,41.9,23.3,4.3,945,13,241
"Randolph County, Georgia",6365,39.0,25.0,20.2,75.5,9.5,17.1,7.5,24638,11.0,26.9,51.9,18.7,557,13,243
"Richmond County, Georgia",206153,34.8,22.9,14.5,60.8,14.2,18.3,8.3,50605,12.0,19.6,48.6,10.0,1024,13,245
"Rockdale County, Georgia",93641,39.0,24.0,15.1,58.1,17.0,12.4,6.0,68999,14.8,6.1,34.4,3.6,1263,13,247
"Schley County, Georgia",4565,38.4,24.1,13.3,0.0,10.0,16.0,3.5,53274,14.5,19.1,24.8,5.3,775,13,249
"Screven County, Georgia",14026,41.9,20.6,19.8,61.0,8.2,15.4,7.2,49941,11.3,27.6,25.8,5.4,632,13,251
"Seminole County, Georgia",9117,45.0,19.9,23.8,27.8,11.1,20.7,5.8,46063,18.4,27.6,26.1,10.7,813,13,253
"Spalding County, Georgia",67415,38.9,23.4,18.4,57.1,11.4,14.2,5.6,57367,13.0,5.9,35.3,7.3,1024,13,255
"Stephens County, Georgia",26732,41.9,21.4,20.9,14.8,9.7,17.9,5.8,52901,15.4,17.3,26.6,4.8,797,13,257
"Stewart County, Georgia",5121,37.4,10.8,14.5,37.5,11.2,24.1,5.1,43094,16.5,17.8,39.6,12.4,588,13,259
"Sumter County, Georgia",29378,36.9,22.4,16.9,69.8,14.1,13.4,6.5,38899,11.8,21.2,43.3,10.6,812,13,261
"Talbot County, Georgia",5793,49.9,16.3,25.9,92.2,9.9,23.3,4.3,48065,13.4,17.2,17.9,11.6,864,13,263
"Taliaferro County, Georgia",1635,47.2,14.6,28.0,-666666666.0,6.6,22.6,4.0,45881,12.5,36.5,24.9,8.6,693,13,265
"Tattnall County, Georgia",24309,38.1,20.3,14.3,15.9,7.6,18.0,8.0,51868,15.2,19.4,29.9,6.2,609,13,267
"Taylor County, Georgia",7799,43.2,20.2,20.9,24.0,10.3,19.6,6.6,40727,11.6,22.8,37.6,10.1,730,13,269
"Telfair County, Georgia",12619,40.1,23.8,17.6,60.0,3.7,23.4,2.1,41801,12.0,39.0,26.3,11.1,644,13,271
"Terrell County, Georgia",9004,40.5,22.7,19.8,89.9,6.5,15.1,8.7,43507,18.2,22.3,41.2,11.8,709,13,273
"Thomas County, Georgia",45665,39.9,23.9,18.3,41.5,15.7,18.3,6.2,55958,12.6,12.6,37.7,4.4,974,13,275
"Tift County, Georgia",41247,36.5,25.0,15.3,34.7,9.6,10.8,2.9,52561,16.8,11.9,38.3,8.2,760,13,277
"Toombs County, Georgia",26946,37.5,26.3,17.0,43.3,8.7,17.8,6.2,47310,17.0,19.1,36.0,10.3,661,13,279
"Towns County, Georgia",12546,56.3,12.4,35.5,43.9,18.4,18.6,5.5,55574,14.5,36.6,20.9,3.4,839,13,281
"Treutlen County, Georgia",6411,43.2,23.4,20.4,46.2,11.1,22.2,10.9,38641,14.5,19.7,38.2,9.9,653,13,283
"Troup County, Georgia",69527,37.2,24.3,15.4,57.3,11.9,16.9,4.8,53599,10.2,11.6,40.5,9.2,956,13,285
"Turner County, Georgia",8894,38.9,24.6,18.6,35.1,7.5,19.5,7.0,39666,13.8,20.3,31.6,9.5,617,13,287
"Twiggs County, Georgia",7955,45.9,19.1,23.4,80.0,6.5,21.2,3.4,50446,10.4,28.3,11.0,7.8,727,13,289
"Union County, Georgia",24880,55.9,15.2,33.7,41.8,15.6,19.2,2.7,59783,11.4,27.1,18.6,5.0,781,13,291
"Upson County, Georgia",27638,41.5,22.7,18.2,65.4,9.8,16.6,3.1,48740,12.3,15.6,35.4,11.9,778,13,293
"Walker County, Georgia",68065,42.0,21.4,18.8,40.8,12.5,19.6,5.5,52276,13.4,11.1,25.7,5.3,847,13,295
"Walton County, Georgia",97752,39.4,24.1,15.9,31.8,15.1,13.1,5.2,79425,12.2,4.8,22.5,2.6,1192,13,297
"Ware County, Georgia",35917,37.9,24.7,17.1,66.5,10.6,13.7,4.3,44138,17.5,19.9,37.7,10.9,760,13,299
"Warren County, Georgia",5197,45.3,20.3,22.7,23.7,7.0,18.2,9.0,45091,8.6,24.0,28.4,7.1,674,13,301
"Washington County, Georgia",19975,40.8,21.4,18.2,47.6,12.5,17.1,4.5,43810,13.7,16.1,32.2,8.5,777,13,303
"Wayne County, Georgia",30277,38.7,24.3,16.2,49.2,8.5,17.3,6.2,49847,19.2,13.9,35.6,6.8,805,13,305
"Webster County, Georgia",2354,42.6,17.8,17.8,0.0,7.5,14.6,8.9,35000,24.6,27.4,18.5,4.9,652,13,307
"Wheeler County, Georgia",7550,33.9,15.9,15.2,71.6,11.6,9.8,6.4,36354,24.1,34.4,31.6,7.1,414,13,309
"White County, Georgia",28165,45.3,19.4,22.9,37.1,13.3,16.3,3.5,66256,12.0,25.0,24.4,4.3,950,13,311
"Whitfield County, Georgia",103033,36.4,25.5,14.2,26.6,10.9,11.7,5.7,59659,18.0,8.7,32.1,5.1,849,13,313
"Wilcox County, Georgia",8839,41.4,18.0,19.2,58.9,7.0,12.9,5.3,46759,16.9,27.6,26.4,6.5,611,13,315
"Wilkes County, Georgia",9610,45.5,20.6,23.4,70.5,12.0,15.4,2.9,51780,19.6,22.2,34.3,4.6,777,13,317
"Wilkinson County, Georgia",8852,42.2,22.5,19.9,69.6,8.1,15.4,5.8,40757,12.8,23.1,19.7,5.0,715,13,319
"Worth County, Georgia",20706,41.6,22.3,19.5,68.1,6.6,17.1,7.0,56496,16.8,14.7,27.4,7.8,875,13,321
"Hawaii County, Hawaii",202163,43.3,21.3,22.2,44.1,19.2,15.3,6.5,74238,4.8,18.5,28.6,5.0,1352,15,001
"Honolulu County, Hawaii",1010100,38.8,20.9,18.6,24.9,23.3,11.7,4.8,99816,3.5,9.8,41.1,9.6,1976,15,003
"Kalawao County, Hawaii",50,43.3,0.0,22.0,-666666666.0,20.0,21.3,0.0,87813,6.4,66.7,100.0,9.4,1297,15,005
"Kauai County, Hawaii",73511,42.3,21.5,21.2,44.7,21.3,11.1,4.1,88869,5.0,24.0,35.2,4.3,1686,15,007
"Maui County, Hawaii",164765,42.2,21.4,19.3,33.7,20.0,10.4,5.4,95379,4.7,23.8,34.7,4.4,1805,15,009
"Ada County, Idaho",497494,38.1,22.6,15.3,15.2,27.9,11.1,3.2,83881,7.0,4.0,28.7,3.5,1320,16,001
"Adams County, Idaho",4464,54.4,16.6,29.6,9.8,12.5,18.4,8.7,55891,12.5,36.3,16.2,1.1,763,16,003
"Bannock County, Idaho",87434,34.7,25.6,14.7,7.9,19.6,15.1,5.1,60998,7.9,7.1,31.8,5.0,823,16,005
"Bear Lake County, Idaho",6436,40.0,26.7,21.2,22.8,14.2,15.6,4.3,63244,5.9,40.4,19.4,3.7,636,16,007
"Benewah County, Idaho",9731,45.9,22.3,23.0,18.4,12.8,22.0,3.8,54191,13.9,18.0,26.3,2.1,812,16,009
"Bingham County, Idaho",48253,34.3,29.9,14.5,32.8,14.2,16.6,6.1,69433,9.8,8.2,19.9,4.1,787,16,011
"Blaine County, Idaho",24248,44.5,20.4,20.3,17.6,31.2,10.1,2.3,81794,12.3,40.3,24.9,1.9,1238,16,013
"Boise County, Idaho",7809,53.7,15.6,26.9,31.0,17.6,13.8,3.4,70776,13.4,38.2,14.0,2.9,837,16,015
"Bonner County, Idaho",47976,48.3,19.5,25.7,32.2,18.1,17.3,3.5,61816,9.8,27.1,21.8,4.3,995,16,017
"Bonneville County, Idaho",124490,33.2,30.2,13.4,23.2,21.6,14.2,4.6,73103,8.9,6.8,29.0,4.1,971,16,019
"Boundary County, Idaho",12335,43.6,23.1,23.6,59.7,11.1,16.9,3.8,58810,12.0,13.7,22.5,1.7,802,16,021
"Butte County, Idaho",2605,43.1,24.1,22.0,15.0,12.4,19.1,2.0,37358,7.5,20.3,21.1,6.0,573,16,023
"Camas County, Idaho",1133,36.5,30.2,13.4,0.0,18.6,15.5,5.0,63750,10.6,52.4,23.8,1.5,950,16,025
"Canyon County, Idaho",235006,34.4,27.4,14.2,20.6,15.2,14.9,3.5,68473,12.0,3.2,25.2,3.3,1138,16,027
"Caribou County, Idaho",7058,37.9,27.8,17.0,0.0,10.1,12.2,2.8,65380,9.6,19.3,22.2,3.0,709,16,029
"Cassia County, Idaho",24859,33.1,31.0,14.1,29.2,14.6,13.2,3.0,63525,11.2,8.1,30.7,4.0,874,16,031
"Clark County, Idaho",756,37.6,20.8,16.5,5.0,10.8,14.9,1.9,53500,23.6,42.5,29.5,0.0,727,16,033
"Clearwater County, Idaho",8810,52.3,14.7,28.4,66.7,12.3,22.6,4.4,55885,13.3,23.2,20.0,5.4,838,16,035
"Custer County, Idaho",4344,55.5,15.0,33.6,0.0,23.5,26.9,1.7,60357,13.9,42.2,22.1,3.7,771,16,037
"Elmore County, Idaho",28752,32.3,24.3,14.0,0.0,15.4,16.5,6.4,55000,12.4,11.2,37.5,4.8,1030,16,039
"Franklin County, Idaho",14376,32.6,31.2,14.2,0.7,11.8,13.6,1.1,61679,11.0,7.1,22.6,1.8,792,16,041
"Fremont County, Idaho",13519,39.0,24.3,17.8,15.8,16.8,18.0,4.5,67015,13.4,49.6,16.1,2.1,750,16,043
"Gem County, Idaho",19250,44.0,22.5,22.2,11.4,18.3,18.6,2.8,65204,12.1,5.8,24.6,4.8,827,16,045
"Gooding County, Idaho",15520,38.3,26.5,17.7,11.8,11.2,16.4,3.5,60938,19.1,10.9,27.9,5.6,841,16,047
"Idaho County, Idaho",16787,49.5,19.4,28.3,7.4,16.5,18.0,4.3,54745,16.3,25.6,21.7,1.4,766,16,049
"Jefferson County, Idaho",31383,31.7,33.4,11.4,13.4,18.1,10.7,2.4,77491,9.6,6.0,17.6,1.2,971,16,051
"Jerome County, Idaho",24474,33.0,30.0,12.7,31.9,8.7,11.9,3.5,67347,14.4,6.2,27.0,3.4,834,16,053
"Kootenai County, Idaho",173396,40.7,22.5,19.4,24.1,17.8,14.8,3.1,71949,10.0,11.5,27.7,4.3,1216,16,055
"Latah County, Idaho",39872,30.3,18.5,14.4,1.2,27.2,12.3,5.3,62258,7.0,7.9,40.1,4.1,869,16,057
"Lemhi County, Idaho",8043,53.2,17.0,30.5,0.0,13.5,20.7,3.1,49216,6.9,27.8,16.4,5.0,725,16,059
"Lewis County, Idaho",3630,49.1,22.2,27.9,44.1,12.6,24.5,4.2,46484,10.5,13.5,26.6,4.6,662,16,061
"Lincoln County, Idaho",5203,37.3,26.6,14.4,24.4,6.4,13.3,5.6,62250,17.1,5.4,26.5,0.7,804,16,063
"Madison County, Idaho",52487,21.6,20.4,5.5,2.3,27.6,6.6,8.1,53025,6.1,16.4,60.0,2.8,916,16,065
"Minidoka County, Idaho",21626,34.9,29.0,15.8,31.3,9.0,12.3,3.3,63594,14.9,10.3,27.9,4.4,871,16,067
"Nez Perce County, Idaho",42200,40.7,21.4,20.3,32.1,17.5,17.7,3.2,65023,10.1,6.8,28.4,6.9,888,16,069
"Oneida County, Idaho",4572,39.7,27.7,19.8,0.0,17.9,15.2,0.7,67383,7.1,9.4,11.8,1.6,884,16,071
"Owyhee County, Idaho",12043,38.9,25.2,18.4,43.4,10.6,17.4,2.2,58440,20.5,11.2,28.9,2.7,734,16,073
"Payette County, Idaho",25571,40.0,25.6,19.1,29.7,14.5,16.9,4.4,62721,9.4,4.6,29.2,3.3,823,16,075
"Power County, Idaho",7918,35.3,31.2,15.4,46.9,9.8,12.0,7.5,56671,14.5,9.4,28.9,3.9,720,16,077
"Shoshone County, Idaho",13399,46.1,20.6,23.0,49.0,7.0,25.4,5.0,44807,13.7,22.0,27.0,4.7,823,16,079
"Teton County, Idaho",11813,38.6,23.7,12.8,39.8,33.8,5.6,1.6,88906,15.2,27.5,21.6,1.3,1071,16,081
"Twin Falls County, Idaho",90592,35.5,26.7,16.1,14.3,14.1,13.4,3.1,61183,10.6,4.7,30.6,3.5,951,16,083
"Valley County, Idaho",11830,48.9,17.8,26.2,0.0,23.5,13.6,1.5,72878,12.3,69.2,15.3,3.9,962,16,085
"Washington County, Idaho",10612,44.7,22.6,25.8,47.1,11.6,18.5,4.5,50046,12.4,9.0,28.2,5.9,881,16,087
"Adams County, Illinois",65583,41.3,22.5,20.1,36.1,17.9,17.0,3.9,63767,4.8,9.1,27.8,7.2,782,17,001
"Alexander County, Illinois",5261,44.9,22.0,23.5,65.8,5.9,23.9,9.3,40365,11.0,42.4,22.1,10.6,652,17,003
"Bond County, Illinois",16750,40.0,18.2,18.1,15.8,12.2,17.9,4.3,58617,4.4,9.8,28.0,8.4,698,17,005
"Boone County, Illinois",53459,39.0,24.1,16.3,60.8,15.1,13.2,7.7,80502,5.7,5.7,16.1,4.4,938,17,007
"Brown County, Illinois",6334,38.5,17.6,14.8,71.8,10.8,19.9,2.1,64760,5.0,11.8,29.2,6.3,625,17,009
"Bureau County, Illinois",33203,44.0,21.0,22.3,19.0,14.2,14.2,5.7,64165,6.5,11.1,24.1,5.8,787,17,011
"Calhoun County, Illinois",4472,48.1,20.2,24.2,18.2,13.8,21.3,4.1,88059,1.2,48.1,11.0,3.1,448,17,013
"Carroll County, Illinois",15594,45.0,18.1,23.9,44.7,13.6,15.8,4.9,61539,6.6,22.9,22.8,4.2,751,17,015
"Cass County, Illinois",12955,38.8,24.3,18.0,15.6,14.3,15.8,5.4,64826,4.5,12.0,22.8,5.6,681,17,017
"Champaign County, Illinois",206525,30.8,18.9,13.4,33.5,20.7,9.8,4.8,61090,4.9,11.7,46.5,11.8,977,17,019
"Christian County, Illinois",33893,42.2,21.0,19.5,34.2,12.4,15.0,4.4,56933,4.4,11.4,23.2,5.0,705,17,021
"Clark County, Illinois",15467,41.4,23.0,19.5,24.4,16.7,13.4,4.0,65874,4.8,12.5,19.3,5.1,816,17,023
"Clay County, Illinois",13248,41.8,22.8,20.6,1.7,9.6,18.5,6.0,58028,6.4,11.2,23.3,5.3,706,17,025
"Clinton County, Illinois",36998,41.0,21.3,17.7,31.8,16.5,14.5,3.0,78054,5.4,7.3,20.4,3.2,888,17,027
"Coles County, Illinois",47076,37.4,18.1,18.0,37.9,16.0,17.2,6.9,53732,6.9,10.5,40.0,7.5,778,17,029
"Cook County, Illinois",5225367,37.5,21.5,15.2,32.3,24.0,10.8,7.1,78304,9.0,8.6,42.5,17.7,1318,17,031
"Crawford County, Illinois",18729,42.2,20.1,19.4,23.3,12.3,16.0,3.3,64163,6.2,11.8,21.0,5.4,763,17,033
"Cumberland County, Illinois",10447,42.6,22.5,20.4,31.2,11.9,14.5,1.9,71274,5.9,12.5,18.9,3.0,683,17,035
"DeKalb County, Illinois",100686,31.8,21.5,13.5,41.9,20.8,11.0,7.0,68617,4.4,5.5,40.0,6.6,1024,17,037
"De Witt County, Illinois",15535,44.0,21.1,19.6,30.5,14.3,13.1,5.4,61823,4.0,9.4,23.6,3.4,801,17,039
"Douglas County, Illinois",19714,38.6,24.5,18.5,11.1,13.9,13.3,3.0,67177,17.1,9.9,21.4,12.1,748,17,041
"DuPage County, Illinois",930559,39.9,22.3,16.4,23.1,30.3,8.2,4.7,107035,5.2,4.5,26.9,4.2,1551,17,043
"Edgar County, Illinois",16852,46.0,19.6,23.3,45.9,13.4,17.8,4.6,56687,5.1,8.1,26.3,7.4,716,17,045
"Edwards County, Illinois",6182,44.2,23.1,21.6,61.5,10.1,18.4,6.7,60784,7.0,14.1,20.8,4.6,710,17,047
"Effingham County, Illinois",34594,39.3,23.9,17.9,23.1,17.8,14.3,2.5,73181,5.3,7.9,22.2,6.2,697,17,049
"Fayette County, Illinois",21464,42.1,20.2,19.2,47.3,10.7,18.2,3.8,51962,7.9,13.1,20.3,5.6,716,17,051
"Ford County, Illinois",13484,42.0,22.8,18.7,20.9,11.8,15.4,4.7,58930,6.6,9.2,23.7,7.5,708,17,053
"Franklin County, Illinois",37810,43.2,22.1,20.5,31.5,12.3,20.0,6.7,51031,6.9,12.9,24.9,7.0,725,17,055
"Fulton County, Illinois",33691,43.6,19.9,20.6,58.2,12.2,14.1,6.8,57223,4.2,12.2,22.2,5.0,782,17,057
"Gallatin County, Illinois",4967,46.9,19.1,24.7,58.7,7.5,22.8,7.8,51868,2.9,14.2,23.3,7.7,532,17,059
"Greene County, Illinois",12015,42.7,21.5,20.0,63.9,10.7,17.5,3.4,58900,5.5,21.9,23.1,3.5,741,17,061
"Grundy County, Illinois",52624,38.8,24.7,14.4,18.2,16.7,8.8,4.2,89993,3.4,3.9,24.2,4.3,1126,17,063
"Hamilton County, Illinois",8008,43.0,21.9,22.1,9.7,9.9,22.0,4.4,60574,7.0,14.4,22.9,4.5,690,17,065
"Hancock County, Illinois",17582,45.9,20.8,23.7,28.6,17.0,18.6,4.7,61026,4.9,16.1,18.3,4.2,736,17,067
"Hardin County, Illinois",3665,53.9,13.8,31.0,100.0,6.7,29.5,2.6,53026,5.2,34.6,19.9,8.3,318,17,069
"Henderson County, Illinois",6374,49.6,18.8,26.0,58.6,15.6,17.3,7.9,64946,2.1,19.0,13.7,2.9,732,17,071
"Henry County, Illinois",49157,43.5,22.0,21.0,39.1,16.6,13.5,4.5,66313,4.3,9.1,20.2,6.2,814,17,073
"Iroquois County, Illinois",27043,44.5,21.5,21.8,27.6,13.1,17.5,4.9,62866,5.9,12.5,20.8,4.4,773,17,075
"Jackson County, Illinois",53176,32.6,18.5,16.0,31.7,17.5,16.4,8.1,44847,7.1,16.9,51.5,11.4,757,17,077
"Jasper County, Illinois",9295,44.0,22.5,20.0,19.2,15.0,16.8,4.9,67429,5.6,12.2,18.2,4.5,770,17,079
"Jefferson County, Illinois",37043,41.2,22.3,19.6,37.9,11.6,18.9,6.5,58384,7.1,11.3,28.0,6.2,838,17,081
"Jersey County, Illinois",21462,42.8,19.6,19.9,1.3,13.5,14.8,3.4,77607,4.4,21.3,18.9,4.1,778,17,083
"Jo Daviess County, Illinois",21942,50.8,18.5,28.9,26.2,18.2,15.2,2.7,67729,4.7,25.0,20.1,7.2,768,17,085
"Johnson County, Illinois",13313,42.3,20.3,19.6,27.8,11.7,16.8,2.9,63295,7.0,25.8,14.7,4.1,630,17,087
"Kane County, Illinois",517254,38.3,24.6,14.5,26.1,23.4,9.1,5.0,96400,7.9,3.5,24.8,4.7,1335,17,089
"Kankakee County, Illinois",107421,38.9,22.9,17.2,60.5,12.2,14.6,5.2,65489,5.6,10.4,31.9,6.9,1025,17,091
"Kendall County, Illinois",132795,36.1,27.7,10.8,21.6,22.6,7.3,4.3,106358,4.0,2.7,15.9,2.1,1695,17,093
"Knox County, Illinois",49751,42.3,20.0,21.8,34.4,13.6,15.0,4.9,50263,5.6,12.9,31.3,9.5,694,17,095
"Lake County, Illinois",713159,38.7,23.6,15.0,25.5,27.3,9.7,5.0,104553,6.8,5.4,26.2,5.1,1382,17,097
"LaSalle County, Illinois",109495,41.9,21.2,19.1,37.8,12.3,13.6,5.4,67942,4.3,9.4,26.6,5.9,874,17,099
"Lawrence County, Illinois",15302,40.9,18.9,17.8,62.6,9.1,19.4,7.8,55811,8.2,14.6,25.1,4.1,781,17,101
"Lee County, Illinois",34221,42.8,19.8,20.5,20.5,12.2,16.6,3.5,64588,3.7,8.8,29.2,7.8,806,17,103
"Livingston County, Illinois",35771,41.9,21.9,19.8,33.7,12.3,14.9,3.7,68175,4.6,7.8,27.7,5.2,836,17,105
"Logan County, Illinois",28027,40.3,19.5,18.9,50.6,13.6,15.4,5.2,62547,3.4,7.4,29.4,7.0,761,17,107
"McDonough County, Illinois",27370,34.9,17.6,18.8,57.7,16.0,14.8,8.0,48904,6.1,15.0,38.7,9.7,688,17,109
"McHenry County, Illinois",311133,40.5,22.9,15.5,24.1,23.3,9.7,4.9,100101,4.9,3.8,17.8,3.8,1310,17,111
"McLean County, Illinois",171284,34.0,21.3,13.9,30.9,30.5,9.5,3.2,75356,4.5,8.5,35.0,5.9,941,17,113
"Macon County, Illinois",103542,40.7,22.4,20.3,45.0,15.9,14.2,7.2,59622,4.8,12.9,31.1,9.6,774,17,115
"Macoupin County, Illinois",44907,44.0,20.8,20.7,28.8,13.4,15.7,4.6,64706,4.1,16.7,22.2,4.6,796,17,117
"Madison County, Illinois",265512,39.9,21.4,17.7,28.7,18.5,15.7,5.2,71759,5.1,8.3,26.9,5.6,938,17,119
"Marion County, Illinois",37543,41.9,23.4,19.7,33.6,11.1,18.2,8.1,59099,6.6,12.6,26.2,6.9,734,17,121
"Marshall County, Illinois",11740,46.2,20.7,23.5,50.5,12.5,14.8,4.2,64940,4.1,14.8,21.3,3.7,746,17,123
"Mason County, Illinois",13074,45.4,20.6,22.9,38.7,12.2,17.5,5.2,58479,4.9,12.9,19.6,5.3,747,17,125
"Massac County, Illinois",14135,44.1,21.6,20.7,17.5,10.1,20.7,3.7,57365,7.9,20.8,21.9,4.3,738,17,127
"Menard County, Illinois",12284,42.8,22.4,20.0,18.3,15.6,15.6,4.9,84846,2.5,9.3,20.4,4.0,748,17,129
"Mercer County, Illinois",15692,44.7,20.8,21.5,45.5,11.4,14.1,3.3,67028,5.3,12.0,20.5,5.0,759,17,131
"Monroe County, Illinois",34905,42.5,22.1,18.4,35.6,23.9,11.1,1.7,100685,2.1,6.8,15.9,3.5,956,17,133
"Montgomery County, Illinois",28352,42.7,20.0,20.9,38.8,11.6,17.3,5.6,61796,4.8,10.2,24.6,6.8,684,17,135
"Morgan County, Illinois",32882,41.4,19.1,20.6,22.6,15.1,17.8,6.4,61188,4.4,11.8,29.0,7.4,700,17,137
"Moultrie County, Illinois",14531,40.5,25.3,18.8,22.9,14.0,13.2,4.1,72833,13.9,6.0,22.0,11.9,767,17,139
"Ogle County, Illinois",51672,42.3,22.3,19.3,29.3,15.2,14.8,6.0,75782,4.9,8.1,26.8,6.8,841,17,141
"Peoria County, Illinois",181186,38.1,23.7,17.7,46.2,20.5,13.1,6.6,63409,6.3,10.1,34.5,8.6,909,17,143
"Perry County, Illinois",20996,42.2,19.3,19.5,3.3,7.5,21.5,6.1,56338,3.9,11.2,23.1,7.1,656,17,145
"Piatt County, Illinois",16698,41.8,22.0,20.3,40.5,19.6,12.3,4.7,81151,3.9,8.1,16.7,2.4,917,17,147
"Pike County, Illinois",14776,42.8,22.5,21.5,36.8,13.1,17.4,4.7,55514,5.9,21.5,21.0,4.2,641,17,149
"Pope County, Illinois",3799,49.7,16.2,24.9,23.3,10.4,19.9,9.1,57582,4.0,41.8,17.3,5.9,393,17,151
"Pulaski County, Illinois",5177,43.9,20.5,22.6,75.0,9.0,24.6,4.2,41038,6.9,34.1,28.3,8.6,599,17,153
"Putnam County, Illinois",5628,47.4,19.8,23.5,8.5,15.0,16.3,3.2,75726,3.1,21.8,17.8,3.4,766,17,155
"Randolph County, Illinois",30413,43.0,20.1,20.4,28.0,8.6,19.9,5.2,63860,4.9,13.1,24.0,7.1,740,17,157
"Richland County, Illinois",15716,42.2,23.0,20.2,43.3,12.5,17.7,4.2,61607,5.8,11.9,26.9,7.4,724,17,159
"Rock Island County, Illinois",143819,40.2,22.3,19.8,51.8,15.3,14.1,6.2,64435,6.3,8.6,31.4,8.7,846,17,161
"St. Clair County, Illinois",256791,39.4,23.3,16.4,43.7,17.7,15.0,5.7,68915,5.4,12.6,32.1,7.3,1002,17,163
"Saline County, Illinois",23662,43.2,20.6,20.6,37.0,14.2,23.8,5.9,51710,5.6,12.2,25.8,9.2,720,17,165
"Sangamon County, Illinois",196122,40.6,22.0,18.5,43.3,20.6,13.2,5.2,71653,3.8,9.6,29.9,7.4,927,17,167
"Schuyler County, Illinois",6879,48.2,17.6,24.3,51.7,11.2,20.6,6.7,63737,9.6,17.8,19.3,3.4,817,17,169
"Scott County, Illinois",4899,44.7,21.6,20.8,19.4,17.2,15.8,2.9,70500,5.0,18.3,18.0,4.6,619,17,171
"Shelby County, Illinois",21042,44.9,21.5,22.9,21.4,13.2,15.1,4.0,65585,4.4,12.8,20.8,5.1,768,17,173
"Stark County, Illinois",5395,44.8,21.2,22.7,15.3,13.6,14.7,3.3,58125,5.7,10.1,24.0,4.4,758,17,175
"Stephenson County, Illinois",44482,45.6,21.3,23.7,46.4,13.1,16.4,5.3,57527,6.1,9.6,30.5,8.6,755,17,177
"Tazewell County, Illinois",131276,41.6,22.3,19.3,37.2,18.7,12.4,3.9,74606,4.9,8.5,22.7,5.8,850,17,179
"Union County, Illinois",17122,44.7,20.8,22.8,51.1,14.9,20.2,6.3,54090,6.4,14.1,21.5,9.9,710,17,181
"Vermilion County, Illinois",74113,40.8,23.4,19.8,71.7,9.8,14.5,6.7,52787,5.0,13.3,30.5,8.9,769,17,183
"Wabash County, Illinois",11321,43.8,21.8,21.9,37.7,11.6,20.6,4.4,54074,5.6,11.7,23.2,10.5,728,17,185
"Warren County, Illinois",16760,40.1,22.0,19.4,33.5,14.1,13.8,7.3,62700,6.0,10.1,23.5,5.6,697,17,187
"Washington County, Illinois",13781,44.0,21.1,20.8,4.3,15.1,13.8,4.7,75111,3.2,10.4,17.6,3.1,801,17,189
"Wayne County, Illinois",16127,42.9,22.5,21.8,29.6,10.6,17.9,3.6,53522,11.6,11.0,21.4,8.0,607,17,191
"White County, Illinois",13834,44.7,21.6,23.3,76.1,10.0,20.3,3.5,54605,7.2,16.3,23.6,7.3,672,17,193
"Whiteside County, Illinois",55569,43.5,21.9,21.0,33.9,11.8,14.4,4.4,62828,5.5,10.4,25.6,5.2,785,17,195
"Will County, Illinois",696774,38.7,24.1,13.7,21.5,22.7,9.5,5.0,103678,5.5,4.8,17.8,3.5,1342,17,197
"Williamson County, Illinois",67120,41.2,21.6,19.2,28.2,16.2,18.3,4.4,60325,5.6,10.3,29.0,7.1,824,17,199
"Winnebago County, Illinois",284591,39.5,23.4,18.0,51.6,15.3,14.4,7.5,61738,6.4,7.9,34.3,8.7,941,17,201
"Woodford County, Illinois",38414,40.1,23.9,18.4,8.0,22.4,10.4,3.3,80093,4.6,6.3,17.7,3.4,938,17,203
"Adams County, Indiana",35827,33.4,31.2,15.6,8.7,10.9,11.3,3.2,61731,20.9,6.5,17.8,14.0,762,18,001
"Allen County, Indiana",385456,36.1,25.4,15.1,32.7,20.3,12.3,4.8,66222,7.9,6.7,30.5,6.0,924,18,003
"Bartholomew County, Indiana",82371,38.0,23.9,16.4,28.7,19.9,14.3,3.6,76912,5.8,7.2,29.8,5.5,1063,18,005
"Benton County, Indiana",8709,40.4,24.8,17.3,41.4,14.8,18.2,3.7,58620,6.2,9.8,21.6,3.4,805,18,007
"Blackford County, Indiana",12074,44.0,22.0,21.4,48.9,9.2,21.3,5.5,51108,7.1,15.1,24.3,9.7,701,18,009
"Boone County, Indiana",71235,38.3,25.6,14.1,16.7,30.9,9.6,3.1,103038,4.5,5.0,20.1,2.1,1190,18,011
"Brown County, Indiana",15513,50.7,17.1,25.4,13.4,16.9,16.3,3.9,73933,7.6,22.4,14.4,3.5,902,18,013
"Carroll County, Indiana",20397,43.1,21.9,20.2,35.6,11.0,15.1,3.1,61464,11.0,16.4,20.6,3.9,846,18,015
"Cass County, Indiana",37820,41.3,22.7,18.1,22.6,10.0,15.2,4.2,55862,7.5,8.6,25.3,5.5,747,18,017
"Clark County, Indiana",121484,39.6,22.1,16.3,41.6,16.6,14.5,3.7,69005,6.4,9.3,25.5,4.6,1002,18,019
"Clay County, Indiana",26396,41.1,23.2,18.2,32.0,12.0,17.0,4.3,68364,4.8,10.5,22.4,3.3,788,18,021
"Clinton County, Indiana",33020,36.7,26.8,16.4,34.7,10.7,11.3,3.4,59515,8.2,8.2,27.3,4.8,844,18,023
"Crawford County, Indiana",10511,44.6,21.6,20.0,38.8,7.8,18.3,3.6,46706,6.9,26.0,20.6,5.3,624,18,025
"Daviess County, Indiana",33337,34.9,29.3,15.7,19.7,10.7,14.0,1.9,64113,23.6,8.9,29.7,13.6,820,18,027
"Dearborn County, Indiana",50709,42.3,22.1,18.2,40.5,16.4,13.9,2.1,80352,5.0,4.6,16.8,4.3,863,18,029
"Decatur County, Indiana",26432,39.7,23.7,17.4,28.0,15.4,12.3,3.1,71566,4.0,10.8,26.4,2.8,815,18,031
"DeKalb County, Indiana",43312,38.1,24.2,16.6,14.4,13.4,13.1,4.3,68110,6.6,6.5,18.5,5.0,783,18,033
"Delaware County, Indiana",112156,35.6,18.0,17.3,52.8,15.0,18.2,6.1,53377,7.3,10.6,34.4,7.7,841,18,035
"Dubois County, Indiana",43584,40.0,24.3,17.8,15.0,17.3,10.9,1.9,68945,4.5,6.2,22.5,4.9,771,18,037
"Elkhart County, Indiana",206841,35.6,27.4,15.2,39.5,13.2,12.6,3.8,63978,14.9,10.1,28.8,8.4,945,18,039
"Fayette County, Indiana",23391,43.0,21.9,20.4,42.3,11.4,22.2,4.5,52219,7.5,11.2,30.5,7.7,763,18,041
"Floyd County, Indiana",80191,39.8,22.4,16.7,33.2,19.5,13.8,3.9,75686,5.3,10.0,25.6,5.7,943,18,043
"Fountain County, Indiana",16468,43.1,21.6,19.8,24.6,8.7,17.8,5.2,60559,8.2,12.5,25.8,4.6,793,18,045
"Franklin County, Indiana",22850,41.8,22.8,19.2,34.8,13.2,13.6,2.1,75985,5.9,7.3,18.6,7.1,743,18,047
"Fulton County, Indiana",20420,40.9,23.7,19.8,42.6,12.2,16.0,7.2,62644,10.9,18.3,22.0,6.0,795,18,049
"Gibson County, Indiana",33006,40.4,23.9,17.4,32.1,13.0,15.7,2.8,64153,4.8,11.5,23.9,3.9,818,18,051
"Grant County, Indiana",66560,40.1,21.0,19.0,57.6,10.8,19.7,7.3,53033,7.1,11.1,28.0,7.9,774,18,053
"Greene County, Indiana",30900,43.0,21.4,19.7,53.2,11.1,20.2,6.7,57771,7.6,12.1,24.6,6.1,740,18,055
"Hamilton County, Indiana",349527,37.8,26.0,13.1,6.6,37.8,7.9,2.7,114866,4.2,4.9,23.7,2.2,1412,18,057
"Hancock County, Indiana",80170,39.6,23.1,17.1,18.7,22.4,12.6,2.7,85262,5.7,3.2,19.6,3.0,1058,18,059
"Harrison County, Indiana",39684,42.5,22.2,18.3,20.0,13.6,16.1,3.8,71302,5.7,12.0,16.8,4.8,847,18,061
"Hendricks County, Indiana",175639,38.4,24.5,14.4,20.1,25.8,9.5,2.4,95261,5.7,4.1,22.4,2.7,1271,18,063
"Henry County, Indiana",48913,42.2,20.3,19.1,57.1,11.5,19.6,4.5,57632,6.5,11.6,24.7,4.4,787,18,065
"Howard County, Indiana",83452,41.2,22.8,19.4,52.0,13.3,17.3,5.8,62014,6.7,11.8,28.3,6.6,855,18,067
"Huntington County, Indiana",36699,41.4,21.5,17.8,37.7,14.6,14.4,3.4,59894,6.5,6.6,24.4,3.2,802,18,069
"Jackson County, Indiana",46212,39.5,23.9,16.6,11.3,12.3,14.8,2.7,65609,8.6,8.2,26.9,5.8,905,18,071
"Jasper County, Indiana",33045,41.4,23.1,18.0,30.1,12.6,15.6,4.1,77777,5.0,7.5,18.9,2.9,906,18,073
"Jay County, Indiana",20451,39.6,25.5,18.1,44.9,7.5,17.5,4.4,52231,10.0,9.3,23.4,9.7,771,18,075
"Jefferson County, Indiana",33057,41.0,20.1,18.5,32.2,11.1,19.2,3.4,57801,7.7,10.6,30.0,5.3,798,18,077
"Jennings County, Indiana",27610,39.6,23.1,16.7,31.5,9.7,19.1,5.0,66892,9.9,10.2,19.0,3.8,873,18,079
"Johnson County, Indiana",161952,37.9,24.3,15.3,27.8,20.4,10.9,3.4,82730,6.1,5.6,26.0,3.1,1155,18,081
"Knox County, Indiana",36148,38.9,21.3,18.1,36.0,11.6,17.4,3.2,58173,7.8,11.8,34.5,7.0,746,18,083
"Kosciusko County, Indiana",80442,39.0,23.6,17.4,30.2,15.4,13.6,3.3,70945,10.5,18.2,23.9,5.0,946,18,085
"LaGrange County, Indiana",40364,31.9,32.1,13.9,20.5,7.0,10.9,3.2,81658,45.1,15.1,17.0,27.3,817,18,087
"Lake County, Indiana",497682,39.3,23.3,17.1,50.5,16.2,13.3,6.7,66375,6.8,10.9,29.1,7.6,1039,18,089
"LaPorte County, Indiana",112215,40.5,21.3,18.5,48.1,14.2,14.3,5.0,66854,6.4,13.1,25.9,5.3,860,18,091
"Lawrence County, Indiana",45113,43.5,21.3,20.0,44.7,11.1,18.1,3.3,64210,7.1,8.1,20.7,5.9,776,18,093
"Madison County, Indiana",130545,40.7,21.5,18.5,54.0,12.9,19.7,5.5,60060,7.8,12.1,29.8,6.6,888,18,095
"Marion County, Indiana",971737,34.4,24.6,12.8,44.5,21.4,13.5,5.5,59504,9.5,10.1,44.5,8.2,1042,18,097
"Marshall County, Indiana",46208,39.9,24.7,18.1,23.0,13.0,12.5,3.0,66016,13.3,14.7,23.5,6.1,882,18,099
"Martin County, Indiana",9863,42.0,22.0,20.1,25.5,9.5,16.6,1.9,65489,7.5,13.7,21.2,3.7,603,18,101
"Miami County, Indiana",35952,41.1,21.0,17.7,27.6,10.8,15.7,4.5,59551,9.3,12.3,24.5,5.6,776,18,103
"Monroe County, Indiana",140065,30.8,15.8,13.8,29.6,24.1,11.1,5.8,60308,5.8,10.2,44.7,7.5,1105,18,105
"Montgomery County, Indiana",38018,40.4,22.9,18.3,52.5,13.1,15.8,4.0,62937,8.2,6.7,24.7,5.8,787,18,107
"Morgan County, Indiana",71757,41.5,22.2,17.3,49.4,13.6,14.9,4.0,79134,5.3,7.8,17.6,3.0,952,18,109
"Newton County, Indiana",13829,42.7,21.0,19.5,43.2,10.0,17.8,9.6,63673,6.0,9.4,17.5,3.1,811,18,111
"Noble County, Indiana",47431,39.4,24.2,16.4,49.6,12.3,13.9,3.4,70286,11.4,12.1,23.4,9.3,774,18,113
"Ohio County, Indiana",5974,47.2,20.3,22.3,0.0,11.1,17.2,1.8,66333,6.7,6.7,22.6,4.9,852,18,115
"Orange County, Indiana",19768,42.6,22.7,19.9,42.1,9.3,19.8,3.0,60775,7.7,12.4,22.2,6.0,767,18,117
"Owen County, Indiana",21361,44.9,20.3,20.5,15.8,10.7,19.8,5.2,57947,9.6,13.9,20.3,2.8,843,18,119
"Parke County, Indiana",16327,42.5,22.0,20.1,34.9,9.0,15.7,5.6,63393,15.0,24.7,18.3,8.2,780,18,121
"Perry County, Indiana",19186,41.1,21.1,18.7,38.5,11.3,14.9,5.1,58936,5.3,11.1,24.8,5.9,632,18,123
"Pike County, Indiana",12227,43.9,21.4,20.9,16.4,9.3,14.7,3.6,64182,3.7,10.0,14.4,3.5,648,18,125
"Porter County, Indiana",173355,40.1,21.6,17.2,19.0,18.6,11.4,4.2,82915,5.3,5.1,23.0,3.7,1092,18,127
"Posey County, Indiana",25226,43.0,21.9,19.8,20.9,16.9,12.1,2.8,75594,3.8,8.0,19.3,4.1,735,18,129
"Pulaski County, Indiana",12498,41.9,21.6,20.7,19.3,8.8,17.6,3.8,56823,7.7,17.9,23.3,7.0,702,18,131
"Putnam County, Indiana",36942,38.4,19.7,17.0,46.4,12.9,14.4,2.8,70609,4.6,7.9,26.1,3.9,866,18,133
"Randolph County, Indiana",24586,42.8,23.0,20.3,32.7,9.4,20.6,5.6,59674,7.6,10.6,23.7,5.5,758,18,135
"Ripley County, Indiana",28990,40.8,23.5,18.4,15.6,10.7,13.7,3.3,70285,7.5,9.6,22.8,4.8,750,18,137
"Rush County, Indiana",16716,42.5,22.3,18.6,13.0,10.4,16.8,6.3,62386,7.6,8.7,28.8,4.2,802,18,139
"St. Joseph County, Indiana",272388,36.7,23.2,16.3,38.8,19.2,13.4,4.8,61877,7.4,9.0,31.9,6.8,969,18,141
"Scott County, Indiana",24403,41.3,22.2,17.1,49.5,7.8,22.8,4.8,49343,5.4,9.7,30.0,4.4,813,18,143
"Shelby County, Indiana",44940,40.5,22.5,17.6,25.0,13.4,14.8,3.3,66449,5.9,7.3,27.4,5.4,910,18,145
"Spencer County, Indiana",19935,44.3,21.7,20.1,41.6,12.4,13.4,3.3,66168,3.7,9.1,19.9,3.8,715,18,147
"Starke County, Indiana",23308,41.7,22.9,18.8,27.1,8.6,18.5,4.0,59916,6.2,22.5,16.1,5.4,656,18,149
"Steuben County, Indiana",34507,43.5,19.9,21.0,38.0,15.9,14.0,7.1,68837,5.8,27.3,20.1,5.1,896,18,151
"Sullivan County, Indiana",20791,40.9,19.9,18.2,56.2,9.4,17.6,5.0,54556,8.9,12.3,24.1,4.7,797,18,153
"Switzerland County, Indiana",9896,40.8,24.2,18.0,19.6,8.3,20.9,4.4,66525,13.1,13.9,20.6,6.9,697,18,155
"Tippecanoe County, Indiana",186955,28.4,20.2,11.8,41.9,22.2,9.4,3.6,55728,6.1,6.1,47.1,8.6,1020,18,157
"Tipton County, Indiana",15328,44.4,20.7,21.4,7.5,17.2,13.6,3.8,71947,8.5,9.5,19.2,1.2,842,18,159
"Union County, Indiana",7041,44.5,20.6,20.2,95.1,14.3,14.4,5.1,68514,7.2,10.0,20.8,4.1,809,18,161
"Vanderburgh County, Indiana",179900,38.9,21.5,17.6,30.1,17.9,15.4,4.7,58839,7.6,9.0,35.2,8.0,930,18,163
"Vermillion County, Indiana",15488,42.4,21.8,19.9,22.8,12.6,18.6,7.5,59567,4.8,10.9,23.0,4.0,783,18,165
"Vigo County, Indiana",106355,36.4,20.4,16.8,41.5,15.1,16.6,6.1,52789,7.9,8.9,36.9,7.1,853,18,167
"Wabash County, Indiana",31032,42.8,20.9,21.2,52.0,13.6,15.2,3.5,66194,6.9,11.3,20.6,4.4,731,18,169
"Warren County, Indiana",8454,43.7,21.8,20.8,67.1,13.6,18.0,3.1,72833,5.2,9.8,19.4,2.9,841,18,171
"Warrick County, Indiana",64065,41.7,23.4,18.2,7.9,20.7,12.1,3.3,91105,3.4,6.6,17.8,1.9,964,18,173
"Washington County, Indiana",28133,40.9,22.7,17.8,33.3,10.4,16.5,4.2,60695,8.8,10.4,18.8,6.1,714,18,175
"Wayne County, Indiana",66522,40.9,22.4,19.1,47.7,11.7,18.0,4.5,54854,10.3,11.8,31.6,8.1,793,18,177
"Wells County, Indiana",28167,40.6,24.5,18.2,23.0,13.6,12.5,2.4,68074,6.2,6.7,22.7,3.2,803,18,179
"White County, Indiana",24630,42.6,23.2,20.3,19.8,12.5,14.7,4.4,65345,8.2,23.6,21.5,2.5,819,18,181
"Whitley County, Indiana",34259,41.6,23.1,18.2,33.8,16.7,13.7,4.0,73636,8.0,7.0,18.8,3.7,902,18,183
"Adair County, Iowa",7479,43.0,22.1,22.2,32.5,14.3,14.6,3.9,63172,4.9,10.6,29.3,4.5,723,19,001
"Adams County, Iowa",3680,46.3,21.1,23.0,28.9,16.7,14.7,4.2,64750,4.9,19.5,19.1,4.4,787,19,003
"Allamakee County, Iowa",14046,43.1,23.6,22.7,41.5,13.6,11.7,3.2,64049,6.4,22.4,20.0,4.0,721,19,005
"Appanoose County, Iowa",12279,45.0,21.9,23.5,21.2,14.0,17.7,6.1,50684,8.0,20.5,30.7,6.5,757,19,007
"Audubon County, Iowa",5651,48.2,22.1,24.7,20.5,16.0,13.6,0.7,54973,4.1,9.6,21.9,7.1,735,19,009
"Benton County, Iowa",25652,43.0,23.1,18.8,15.3,16.1,11.7,2.3,79444,2.7,8.7,16.2,3.2,766,19,011
"Black Hawk County, Iowa",131041,35.5,21.7,17.1,39.7,19.5,13.8,5.2,62329,4.2,8.4,34.7,7.3,932,19,013
"Boone County, Iowa",26700,42.0,20.9,19.2,12.0,19.2,11.9,1.3,75759,4.5,8.8,20.4,5.3,852,19,015
"Bremer County, Iowa",25012,38.9,22.5,19.4,9.9,23.2,11.1,3.2,84727,2.1,7.7,16.4,2.0,783,19,017
"Buchanan County, Iowa",20631,39.5,25.7,18.1,32.1,14.9,12.5,3.0,73493,6.4,10.0,19.4,6.2,788,19,019
"Buena Vista County, Iowa",20687,35.6,26.3,16.3,14.4,14.5,9.4,5.0,62662,6.0,8.0,30.0,4.3,781,19,021
"Butler County, Iowa",14376,43.6,22.5,22.7,26.8,15.2,11.1,3.9,65743,3.8,10.8,19.7,3.4,749,19,023
"Calhoun County, Iowa",9893,42.4,21.8,23.0,11.6,15.2,14.2,2.7,65614,3.7,19.6,21.3,3.1,696,19,025
"Carroll County, Iowa",20728,42.4,23.9,20.8,37.6,16.4,11.9,1.9,68041,3.2,8.6,23.9,6.5,697,19,027
"Cass County, Iowa",13116,44.8,22.1,23.1,23.5,15.2,14.9,1.4,60815,4.2,9.9,27.1,6.3,699,19,029
"Cedar County, Iowa",18479,43.3,21.5,20.0,15.1,15.2,11.4,3.0,76959,3.4,8.6,19.4,3.3,830,19,031
"Cerro Gordo County, Iowa",42979,44.3,20.8,22.4,29.9,16.4,13.9,3.0,63149,4.1,14.1,28.4,5.8,812,19,033
"Cherokee County, Iowa",11601,44.8,21.9,24.2,51.0,14.3,11.2,3.2,63638,5.4,7.4,25.9,7.6,655,19,035
"Chickasaw County, Iowa",11957,44.0,23.4,21.8,12.6,14.0,14.9,2.1,72734,7.4,11.2,18.3,3.3,745,19,037
"Clarke County, Iowa",9737,39.3,25.6,19.7,35.1,9.7,15.9,3.9,63120,6.4,10.2,27.6,9.7,701,19,039
"Clay County, Iowa",16423,41.5,23.1,21.6,46.4,18.3,15.4,4.1,61756,4.6,10.8,27.3,4.0,752,19,041
"Clayton County, Iowa",17123,46.9,21.3,24.1,30.4,12.8,15.3,2.6,60441,7.1,17.0,24.7,7.5,738,19,043
"Clinton County, Iowa",46488,42.5,22.5,19.8,38.9,15.0,14.0,4.4,61080,4.9,11.1,26.7,6.6,795,19,045
"Crawford County, Iowa",16450,37.3,25.3,17.7,14.0,12.6,15.3,4.1,61188,8.9,9.4,26.3,4.7,732,19,047
"Dallas County, Iowa",100367,35.6,26.9,12.2,14.0,34.8,7.5,3.0,99533,4.4,5.7,29.6,3.0,1198,19,049
"Davis County, Iowa",9093,36.3,29.5,17.8,17.4,13.7,10.6,2.0,77176,28.9,11.6,15.1,16.6,835,19,051
"Decatur County, Iowa",7684,36.6,21.9,20.7,26.3,14.4,14.9,4.2,56068,7.7,16.5,32.8,8.3,621,19,053
"Delaware County, Iowa",17523,43.5,23.8,20.3,9.4,13.6,12.3,2.2,75896,4.2,12.8,17.4,5.2,732,19,055
"Des Moines County, Iowa",38824,42.1,22.5,20.7,38.9,15.3,16.7,2.9,58084,3.5,8.2,30.1,8.6,882,19,057
"Dickinson County, Iowa",17692,47.9,19.0,27.0,25.4,24.6,14.9,2.1,72446,4.4,40.2,21.6,3.9,902,19,059
"Dubuque County, Iowa",98812,38.7,22.5,18.4,30.8,21.3,11.0,4.1,73495,3.4,6.4,26.7,5.8,912,19,061
"Emmet County, Iowa",9349,44.8,19.1,23.1,62.8,11.0,18.8,2.1,64461,5.5,14.0,22.4,3.8,724,19,063
"Fayette County, Iowa",19519,43.4,21.2,21.8,25.5,12.4,16.3,3.7,56043,5.4,11.7,23.8,4.7,780,19,065
"Floyd County, Iowa",15601,44.0,22.7,22.6,21.5,13.1,15.2,3.3,62356,4.7,10.0,23.6,7.2,627,19,067
"Franklin County, Iowa",10015,42.8,23.4,21.3,17.6,15.2,9.3,3.8,62214,10.4,12.1,27.4,3.9,707,19,069
"Fremont County, Iowa",6639,46.2,22.1,22.6,51.7,16.1,14.4,1.7,69375,3.8,13.0,21.9,2.6,709,19,071
"Greene County, Iowa",8801,44.6,22.2,23.4,8.5,14.4,17.3,3.6,56884,3.2,11.3,24.6,4.7,828,19,073
"Grundy County, Iowa",12351,41.6,23.5,20.6,23.9,19.6,9.4,2.5,80701,3.0,7.2,16.7,2.7,742,19,075
"Guthrie County, Iowa",10619,45.9,21.8,22.8,7.1,15.4,11.4,3.3,75795,3.2,21.9,16.3,3.3,788,19,077
"Hamilton County, Iowa",14979,41.9,22.2,21.3,24.4,17.7,13.9,4.0,66685,4.2,11.9,28.6,5.5,830,19,079
"Hancock County, Iowa",10790,44.4,21.3,23.3,4.0,16.4,14.8,2.1,67865,3.9,10.6,18.6,4.1,782,19,081
"Hardin County, Iowa",16861,45.3,19.1,22.8,19.2,15.0,13.7,3.5,64656,4.4,12.5,25.8,5.2,752,19,083
"Harrison County, Iowa",14623,42.0,22.9,19.6,33.3,15.0,12.1,2.7,75830,4.8,10.8,24.3,4.3,819,19,085
"Henry County, Iowa",20436,40.4,20.9,19.0,36.2,15.9,14.1,2.7,62365,3.4,9.2,25.4,4.4,727,19,087
"Howard County, Iowa",9479,39.5,25.5,20.4,53.3,15.4,10.4,1.5,63947,9.8,15.6,23.8,6.7,708,19,089
"Humboldt County, Iowa",9606,41.9,23.6,21.2,57.6,14.5,15.0,2.5,66617,5.1,7.8,25.8,5.3,662,19,091
"Ida County, Iowa",6969,42.8,24.0,22.0,30.9,15.3,12.2,2.0,63125,5.0,10.4,22.1,4.3,646,19,093
"Iowa County, Iowa",16575,42.2,23.4,19.1,29.6,16.2,13.5,3.2,69787,2.9,7.4,22.3,2.9,732,19,095
"Jackson County, Iowa",19470,44.4,22.0,21.3,28.4,13.2,12.1,4.2,69709,4.8,12.4,20.3,5.9,726,19,097
"Jasper County, Iowa",37808,41.0,22.0,19.1,22.6,13.8,13.2,4.8,67784,3.4,9.6,23.7,4.1,812,19,099
"Jefferson County, Iowa",15785,44.2,16.4,25.3,59.7,22.6,14.2,5.2,52210,6.8,11.2,34.6,8.3,838,19,101
"Johnson County, Iowa",153360,30.6,19.4,12.6,14.6,29.5,9.0,3.8,72977,5.2,7.2,40.9,7.6,1086,19,103
"Jones County, Iowa",20733,43.4,20.7,21.1,30.4,15.5,13.1,3.1,68781,2.9,9.3,19.4,4.2,693,19,105
"Keokuk County, Iowa",10026,42.7,22.8,21.9,9.8,11.7,17.4,3.6,60016,2.8,12.5,21.5,2.2,744,19,107
"Kossuth County, Iowa",14718,45.1,21.7,24.7,32.3,14.5,16.3,3.8,62553,4.3,11.2,26.2,7.5,818,19,109
"Lee County, Iowa",33442,43.5,21.2,21.2,62.6,14.6,16.2,4.6,58094,4.2,10.2,24.3,5.1,782,19,111
"Linn County, Iowa",229308,38.2,22.8,16.6,32.5,23.7,10.7,3.8,75457,3.8,6.8,25.9,5.1,878,19,113
"Louisa County, Iowa",10823,42.2,22.2,19.5,10.1,11.4,14.2,4.4,72500,5.1,13.3,22.1,4.5,747,19,115
"Lucas County, Iowa",8666,42.9,22.6,21.5,1.3,10.7,17.4,3.9,63405,8.4,11.3,20.2,7.7,773,19,117
"Lyon County, Iowa",12023,38.3,28.1,19.0,4.6,15.2,12.6,2.4,73735,4.8,9.1,16.1,3.9,776,19,119
"Madison County, Iowa",16609,40.9,24.7,18.1,25.1,19.3,9.3,2.3,88110,3.5,6.9,17.6,4.2,932,19,121
"Mahaska County, Iowa",22059,39.6,23.8,19.0,27.7,16.7,13.6,3.3,65200,4.5,8.5,32.3,4.7,773,19,123
"Marion County, Iowa",33487,39.8,23.3,18.7,24.7,21.4,13.5,2.3,74193,3.4,6.1,22.9,3.7,845,19,125
"Marshall County, Iowa",40049,38.5,25.4,17.7,22.6,14.9,11.5,5.6,70828,5.3,9.0,26.5,7.1,832,19,127
"Mills County, Iowa",14605,42.7,23.9,19.6,22.6,21.0,13.6,4.4,81907,3.1,14.0,18.7,5.5,843,19,129
"Mitchell County, Iowa",10537,41.8,23.6,21.3,25.4,15.7,11.4,0.9,66056,7.3,7.8,20.4,5.1,720,19,131
"Monona County, Iowa",8671,45.9,22.0,24.1,24.6,11.2,15.0,2.6,59897,4.1,12.5,21.8,2.5,761,19,133
"Monroe County, Iowa",7574,41.5,23.8,19.5,23.3,18.5,14.5,3.4,76324,3.7,17.2,17.5,6.1,723,19,135
"Montgomery County, Iowa",10285,43.3,22.5,21.8,64.2,13.5,16.0,4.5,61261,2.4,10.7,29.1,4.5,718,19,137
"Muscatine County, Iowa",42968,38.6,24.4,17.1,41.7,16.4,13.0,3.5,67427,3.8,7.1,24.6,5.2,936,19,139
"O'Brien County, Iowa",14138,40.4,23.8,21.5,7.9,17.0,15.4,2.4,65076,3.2,12.9,24.0,7.9,691,19,141
"Osceola County, Iowa",6149,44.0,22.7,21.9,4.3,9.9,11.2,4.5,67561,5.9,8.8,24.1,3.0,801,19,143
"Page County, Iowa",15225,45.2,18.8,23.5,31.8,12.2,15.7,6.6,58264,5.3,12.3,29.9,6.3,742,19,145
"Palo Alto County, Iowa",8938,41.3,23.8,22.0,3.5,14.6,14.3,3.6,67306,4.2,19.4,23.9,3.8,631,19,147
"Plymouth County, Iowa",25621,40.9,24.8,18.9,28.9,17.9,12.1,2.1,79963,5.4,5.6,24.7,3.9,816,19,149
"Pocahontas County, Iowa",7061,45.4,22.2,23.3,24.7,13.0,14.8,6.3,61434,6.0,15.8,21.6,4.0,735,19,151
"Polk County, Iowa",493378,36.1,24.5,13.5,22.5,26.5,11.1,4.5,78827,4.8,5.9,32.9,5.7,1060,19,153
"Pottawattamie County, Iowa",93543,39.7,23.2,18.0,46.7,16.1,15.2,3.6,68718,5.2,6.9,30.4,6.4,956,19,155
"Poweshiek County, Iowa",18608,40.7,19.9,20.7,34.5,16.3,12.6,4.6,61192,3.5,13.2,29.5,8.6,850,19,157
"Ringgold County, Iowa",4690,43.8,23.9,23.0,16.7,15.8,15.1,1.7,67898,7.0,31.0,22.2,5.6,699,19,159
"Sac County, Iowa",9778,45.2,22.2,23.7,27.5,16.1,11.0,3.2,68778,5.2,18.1,19.2,4.2,622,19,161
"Scott County, Iowa",174315,38.7,23.4,16.7,34.2,22.3,11.8,4.0,72792,5.6,8.0,30.9,6.5,919,19,163
"Shelby County, Iowa",11737,45.5,21.9,23.0,39.7,16.3,10.1,2.5,70295,4.4,9.0,24.0,2.7,879,19,165
"Sioux County, Iowa",35815,34.4,26.9,16.1,13.9,22.3,9.5,2.3,81914,5.0,4.5,20.8,3.8,795,19,167
"Story County, Iowa",98573,26.5,16.0,12.6,15.6,30.1,8.8,5.6,66197,5.1,7.1,44.3,6.6,991,19,169
"Tama County, Iowa",17017,41.0,24.1,19.8,27.1,12.8,9.8,4.5,65483,7.3,11.7,24.5,3.1,829,19,171
"Taylor County, Iowa",5916,44.1,22.5,22.5,14.3,11.8,12.8,3.2,65926,6.7,16.0,21.2,4.2,636,19,173
"Union County, Iowa",12107,40.0,23.1,20.5,9.7,17.3,15.4,5.7,56495,6.6,14.0,25.5,6.3,712,19,175
"Van Buren County, Iowa",7207,45.0,22.8,23.6,8.0,12.6,17.8,4.9,58417,14.4,19.0,16.6,7.6,661,19,177
"Wapello County, Iowa",35292,39.4,23.4,17.8,44.4,11.6,15.5,4.4,56209,6.8,9.9,33.7,7.4,909,19,179
"Warren County, Iowa",52709,38.5,24.4,16.4,23.1,22.3,10.5,3.2,89741,2.4,5.6,18.3,2.4,943,19,181
"Washington County, Iowa",22534,40.1,24.6,19.6,19.1,16.2,12.8,2.6,71122,6.7,7.1,28.4,4.6,849,19,183
"Wayne County, Iowa",6484,41.9,26.0,21.7,20.2,11.2,14.0,1.6,58257,11.4,16.5,20.2,7.5,627,19,185
"Webster County, Iowa",36986,39.8,20.9,19.6,45.4,15.4,14.2,3.2,65335,6.1,8.2,30.3,6.8,747,19,187
"Winnebago County, Iowa",10704,41.5,21.7,21.3,45.2,19.6,11.7,2.5,62853,3.4,11.4,24.6,4.6,669,19,189
"Winneshiek County, Iowa",20050,42.6,18.6,22.3,11.0,19.6,11.6,2.1,67770,2.5,8.3,23.6,4.4,763,19,191
"Woodbury County, Iowa",105526,35.9,25.6,15.4,40.4,15.8,13.4,4.5,68399,6.5,6.0,31.8,6.2,913,19,193
"Worth County, Iowa",7417,43.9,20.7,21.6,20.9,13.7,14.8,3.3,69897,5.9,8.5,22.7,4.8,685,19,195
"Wright County, Iowa",12897,41.5,24.7,22.4,28.6,16.7,12.7,2.2,58240,4.5,14.5,25.9,8.0,731,19,197
"Allen County, Kansas",12554,41.1,22.3,20.5,35.1,12.3,17.4,7.3,55059,9.2,17.9,27.2,7.6,703,20,001
"Anderson County, Kansas",7799,39.7,24.9,20.8,72.2,9.0,16.9,3.3,67651,13.7,11.3,21.7,6.2,778,20,003
"Atchison County, Kansas",16309,36.1,22.5,17.0,24.5,13.3,14.2,4.5,55281,8.2,14.3,29.8,7.0,771,20,005
"Barber County, Kansas",4081,42.8,23.6,22.8,3.4,17.9,19.7,2.4,53774,10.1,29.0,19.3,6.0,695,20,007
"Barton County, Kansas",25477,39.2,24.0,20.7,24.6,15.3,17.3,4.1,54634,11.1,18.9,32.6,5.8,738,20,009
"Bourbon County, Kansas",14405,38.1,25.9,19.3,42.5,15.6,17.8,3.8,55826,8.9,13.3,29.0,3.7,774,20,011
"Brown County, Kansas",9486,41.8,25.7,20.8,51.9,15.0,15.3,4.4,55876,10.2,18.7,27.4,4.7,662,20,013
"Butler County, Kansas",67618,38.2,25.0,15.6,18.9,20.8,14.1,3.1,77724,6.8,8.4,21.8,3.6,963,20,015
"Chase County, Kansas",2570,44.1,21.4,23.2,70.6,20.6,13.2,1.2,52481,10.3,24.3,27.4,4.6,602,20,017
"Chautauqua County, Kansas",3389,45.9,23.0,24.3,27.3,11.5,22.1,5.6,51210,13.4,33.3,18.7,3.4,740,20,019
"Cherokee County, Kansas",19380,42.4,23.1,19.5,19.3,13.0,20.9,2.3,53382,10.3,17.8,28.5,7.4,743,20,021
"Cheyenne County, Kansas",2619,43.0,21.3,25.8,-666666666.0,17.4,16.0,1.8,52730,14.4,16.9,20.9,2.7,673,20,023
"Clark County, Kansas",1977,46.3,25.4,23.3,0.0,21.2,17.6,1.0,58287,6.4,22.7,26.3,4.1,798,20,025
"Clay County, Kansas",8088,43.1,23.5,24.3,50.4,17.7,18.7,1.4,57765,5.5,9.3,28.6,7.4,750,20,027
"Cloud County, Kansas",9008,38.8,23.3,20.9,37.0,14.4,13.2,4.7,51197,11.5,18.7,29.3,6.3,713,20,029
"Coffey County, Kansas",8334,43.9,21.9,21.7,14.6,15.4,17.3,5.3,67645,9.0,10.9,24.5,4.9,813,20,031
"Comanche County, Kansas",1825,46.8,22.6,26.7,0.0,17.0,18.4,3.8,49754,8.8,20.1,26.4,3.9,635,20,033
"Cowley County, Kansas",34661,38.1,23.5,18.5,48.3,15.8,18.8,5.3,55726,9.3,16.2,29.2,6.2,776,20,035
"Crawford County, Kansas",39012,32.9,22.1,15.5,37.7,19.6,16.0,3.9,49779,11.0,12.3,41.3,8.8,821,20,037
"Decatur County, Kansas",2771,50.6,20.8,28.2,42.9,21.1,18.0,4.9,49412,7.5,19.6,19.5,2.9,700,20,039
"Dickinson County, Kansas",18492,41.8,22.8,20.6,11.0,16.8,16.3,3.0,62971,10.5,10.0,24.8,5.9,755,20,041
"Doniphan County, Kansas",7501,41.9,19.5,19.5,21.4,11.0,12.2,1.6,66358,7.5,19.2,19.9,4.8,733,20,043
"Douglas County, Kansas",119094,30.7,17.8,13.2,16.7,29.0,11.5,4.8,66153,7.4,6.1,49.6,6.5,1041,20,045
"Edwards County, Kansas",2849,43.8,22.6,21.9,17.4,13.5,15.8,3.9,52750,9.8,20.9,21.4,4.8,715,20,047
"Elk County, Kansas",2453,50.4,22.7,27.5,23.1,12.6,24.1,3.8,50000,9.5,32.0,22.3,5.2,554,20,049
"Ellis County, Kansas",28921,32.9,20.5,15.1,27.7,24.0,12.7,3.3,59665,6.3,9.5,38.7,3.8,864,20,051
"Ellsworth County, Kansas",6374,43.1,18.1,22.8,11.4,14.0,17.0,3.5,59844,5.3,25.7,18.6,4.0,675,20,053
"Finney County, Kansas",38187,31.9,29.9,11.3,31.2,12.3,13.0,5.4,68481,13.6,8.1,34.9,6.3,964,20,055
"Ford County, Kansas",34212,32.6,29.7,11.4,17.5,12.6,11.1,3.2,67997,12.5,7.1,35.7,4.8,948,20,057
"Franklin County, Kansas",25968,40.2,23.4,17.3,34.7,14.7,16.5,2.6,68217,6.9,8.9,26.6,4.0,882,20,059
"Geary County, Kansas",36247,26.6,31.1,8.5,13.5,14.5,13.4,4.5,57992,7.7,15.0,57.0,4.1,1132,20,061
"Gove County, Kansas",2758,42.1,26.2,23.8,9.3,15.2,15.0,3.3,59417,11.0,11.5,21.8,1.4,726,20,063
"Graham County, Kansas",2430,47.2,20.6,26.3,36.4,18.1,15.3,6.1,47071,7.6,16.2,18.6,4.2,696,20,065
"Grant County, Kansas",7336,32.9,31.1,12.8,30.0,13.1,6.5,3.6,84808,14.5,17.5,23.7,1.8,676,20,067
"Gray County, Kansas",5719,36.1,29.1,15.1,10.8,17.8,7.9,2.1,74500,11.0,12.0,19.6,1.5,802,20,069
"Greeley County, Kansas",1279,40.6,29.1,18.1,0.0,17.5,11.5,0.1,69948,9.6,12.6,25.5,4.9,749,20,071
"Greenwood County, Kansas",6001,48.4,21.5,25.7,67.9,10.4,19.4,2.6,51812,9.9,29.6,20.4,6.9,663,20,073
"Hamilton County, Kansas",2520,35.4,30.3,14.3,93.8,14.9,10.2,0.0,58750,22.7,26.0,22.5,1.8,900,20,075
"Harper County, Kansas",5457,41.5,25.1,21.9,41.7,11.4,19.0,5.3,53032,8.8,28.2,26.4,2.2,654,20,077
"Harvey County, Kansas",33959,40.5,23.9,20.5,17.6,20.8,14.2,4.2,70685,8.5,9.2,28.6,4.3,857,20,079
"Haskell County, Kansas",3735,38.0,26.8,15.3,8.8,9.7,8.8,3.5,66458,17.4,12.7,23.9,3.5,713,20,081
"Hodgeman County, Kansas",1770,46.0,23.2,22.8,0.0,23.3,17.1,2.1,63125,9.5,16.6,18.7,0.7,854,20,083
"Jackson County, Kansas",13274,40.7,24.3,19.5,12.3,13.3,16.6,2.1,70385,8.3,7.7,22.8,3.7,821,20,085
"Jefferson County, Kansas",18387,43.2,22.4,19.0,37.8,15.3,14.0,3.5,74562,5.6,8.2,15.0,4.5,832,20,087
"Jewell County, Kansas",2929,51.1,20.4,30.2,20.3,12.7,16.9,1.5,47109,5.7,28.0,19.8,3.4,570,20,089
"Johnson County, Kansas",610742,38.1,23.8,15.2,15.4,34.3,8.9,3.2,103644,5.5,4.3,31.1,3.3,1312,20,091
"Kearny County, Kansas",3964,34.9,30.0,16.0,31.4,10.4,13.2,2.2,68750,13.7,14.5,31.5,2.7,996,20,093
"Kingman County, Kansas",7369,43.6,21.8,19.9,3.3,17.7,16.4,4.7,59640,9.5,15.4,28.1,4.2,832,20,095
"Kiowa County, Kansas",2445,41.5,22.8,22.7,0.0,20.0,16.1,3.6,70347,11.6,19.9,24.6,2.8,706,20,097
"Labette County, Kansas",20096,40.6,24.2,19.6,16.6,14.5,20.7,2.4,56143,9.8,16.6,24.7,5.0,723,20,099
"Lane County, Kansas",1528,47.9,20.4,22.2,11.1,10.0,16.3,0.4,52222,15.8,24.2,22.3,2.8,575,20,101
"Leavenworth County, Kansas",82050,38.0,23.6,15.1,43.4,20.8,13.4,4.5,84307,6.7,6.6,32.1,4.8,1102,20,103
"Lincoln County, Kansas",2929,44.6,22.5,25.1,73.3,13.8,16.5,1.8,52540,7.0,27.2,20.7,3.8,532,20,105
"Linn County, Kansas",9696,45.0,22.1,22.1,50.0,14.7,17.4,4.4,56697,10.2,20.4,18.4,4.1,763,20,107
"Logan County, Kansas",2752,39.9,24.9,20.9,0.0,20.2,19.3,0.3,70382,9.0,11.9,36.0,3.5,793,20,109
"Lyon County, Kansas",32182,32.9,22.1,15.2,22.6,15.4,14.4,2.7,56415,10.6,11.8,41.9,6.5,763,20,111
"McPherson County, Kansas",30085,39.8,21.4,19.7,20.6,21.2,13.3,2.1,71250,6.7,7.2,25.5,3.7,871,20,113
"Marion County, Kansas",11867,43.4,21.2,23.1,10.3,18.8,14.8,3.7,60011,6.6,19.7,18.7,3.3,680,20,115
"Marshall County, Kansas",10014,42.3,24.4,22.1,30.0,13.5,13.9,2.8,64306,5.3,14.4,18.0,4.0,671,20,117
"Meade County, Kansas",4019,37.7,26.3,16.2,48.7,16.0,9.5,1.2,74063,9.5,16.2,29.5,2.9,736,20,119
"Miami County, Kansas",34312,42.5,23.6,17.3,22.2,20.1,13.0,2.8,85564,6.5,5.0,20.6,2.7,1034,20,121
"Mitchell County, Kansas",5829,41.9,23.3,22.7,5.6,19.1,15.2,0.7,63008,9.8,21.8,24.3,5.7,668,20,123
"Montgomery County, Kansas",31448,40.2,23.8,19.4,22.5,13.2,21.1,4.7,51513,12.4,18.8,27.4,8.2,747,20,125
"Morris County, Kansas",5385,46.5,21.7,25.3,6.1,19.5,17.9,2.1,52866,8.0,23.8,18.0,3.9,706,20,127
"Morton County, Kansas",2688,39.5,25.6,20.0,65.9,13.2,16.9,3.3,57943,9.7,28.9,26.8,2.6,653,20,129
"Nemaha County, Kansas",10219,40.0,27.3,19.5,35.9,18.8,13.6,1.7,72788,6.0,11.6,23.0,4.0,780,20,131
"Neosho County, Kansas",15826,40.3,24.4,20.1,34.9,14.4,19.7,4.5,54894,11.7,14.3,24.4,5.7,623,20,133
"Ness County, Kansas",2677,48.4,20.7,23.3,11.9,17.9,16.1,0.6,64907,8.5,23.7,19.0,2.4,606,20,135
"Norton County, Kansas",5431,40.4,19.4,20.4,19.6,14.8,15.7,1.4,52710,12.7,23.6,23.9,2.1,722,20,137
"Osage County, Kansas",15787,42.6,23.4,19.9,26.7,13.4,17.4,3.4,66155,8.6,13.7,21.5,2.3,781,20,139
"Osborne County, Kansas",3493,46.4,21.3,25.8,0.0,17.5,14.3,1.7,58750,5.9,21.8,24.2,3.7,618,20,141
"Ottawa County, Kansas",5768,42.3,22.7,20.2,4.9,17.2,14.0,3.3,74551,5.8,11.4,22.3,3.5,717,20,143
"Pawnee County, Kansas",6288,46.1,14.2,21.9,0.0,12.6,23.7,1.6,54141,11.8,21.8,38.3,8.7,769,20,145
"Phillips County, Kansas",4960,44.9,22.3,24.4,21.3,14.0,17.8,4.0,57611,7.8,22.2,27.4,2.5,601,20,147
"Pottawatomie County, Kansas",25482,35.8,28.9,14.8,15.3,24.2,11.7,1.9,85241,4.9,8.9,20.3,1.7,1009,20,149
"Pratt County, Kansas",9175,37.6,25.1,20.3,59.7,17.7,13.2,3.6,61685,8.5,18.5,30.0,3.9,763,20,151
"Rawlins County, Kansas",2544,46.2,22.7,26.9,20.7,13.4,22.9,1.0,61827,8.1,15.1,31.1,5.5,695,20,153
"Reno County, Kansas",61881,40.5,22.3,20.1,53.3,13.4,16.1,4.2,57390,9.2,11.1,29.7,4.6,828,20,155
"Republic County, Kansas",4686,47.5,23.4,26.2,27.5,16.7,15.5,0.6,54531,5.3,24.3,27.6,4.0,656,20,157
"Rice County, Kansas",9441,39.0,23.1,19.7,17.9,15.8,15.3,3.6,58523,7.6,14.4,24.3,2.4,711,20,159
"Riley County, Kansas",72105,24.9,15.9,9.6,14.4,26.0,12.7,5.1,56327,6.1,12.5,56.0,5.4,1016,20,161
"Rooks County, Kansas",4925,44.9,21.2,22.9,0.0,16.6,18.5,1.8,60821,5.3,19.3,24.6,7.0,676,20,163
"Rush County, Kansas",2939,46.4,20.1,24.3,55.8,14.9,14.8,4.4,53523,5.8,20.1,23.0,2.8,724,20,165
"Russell County, Kansas",6702,45.3,21.8,24.9,35.0,15.4,16.7,3.9,49929,10.6,18.9,23.8,3.6,757,20,167
"Saline County, Kansas",54160,39.9,22.8,18.4,43.1,18.1,16.1,3.6,59887,9.0,7.3,32.7,8.1,869,20,169
"Scott County, Kansas",5128,38.7,26.5,20.5,3.8,12.7,12.9,2.3,53365,4.0,5.3,38.5,1.3,642,20,171
"Sedgwick County, Kansas",522700,35.8,25.1,15.2,34.1,20.2,14.6,5.3,65372,10.9,9.6,37.5,6.0,937,20,173
"Seward County, Kansas",21942,30.5,31.0,10.1,55.3,8.3,8.3,2.7,57131,14.5,14.5,34.7,6.8,827,20,175
"Shawnee County, Kansas",178625,39.4,23.2,18.6,42.3,20.4,13.7,4.2,63463,8.2,7.8,33.1,7.0,942,20,177
"Sheridan County, Kansas",2450,42.5,25.6,23.2,0.0,17.7,14.1,0.4,66719,5.4,13.0,26.4,5.8,622,20,179
"Sherman County, Kansas",5940,38.0,23.4,20.6,9.2,20.2,18.1,2.4,61404,8.6,21.5,34.9,3.3,827,20,181
"Smith County, Kansas",3561,50.0,19.5,28.6,11.9,17.1,18.1,2.1,50943,8.1,23.6,16.1,2.7,564,20,183
"Stafford County, Kansas",4054,42.2,24.0,21.6,14.3,19.2,15.4,3.5,60000,8.7,23.8,19.8,2.4,598,20,185
"Stanton County, Kansas",2060,39.6,24.4,15.9,0.0,12.9,12.0,3.0,66000,21.1,17.9,20.3,1.6,825,20,187
"Stevens County, Kansas",5275,36.3,29.2,17.0,0.0,10.3,12.3,1.9,67950,15.0,23.7,30.1,5.5,899,20,189
"Sumner County, Kansas",22517,42.0,24.2,19.3,35.6,15.7,16.6,5.2,59397,9.3,13.6,25.6,4.9,838,20,191
"Thomas County, Kansas",7907,35.2,23.7,17.5,26.9,16.6,15.2,0.6,72417,10.1,12.5,27.6,3.2,742,20,193
"Trego County, Kansas",2798,47.8,18.8,27.6,-666666666.0,18.7,14.0,2.6,77500,7.7,21.1,18.0,2.8,646,20,195
"Wabaunsee County, Kansas",6922,43.7,23.2,21.0,24.1,17.1,17.6,3.0,70000,8.1,17.8,18.1,2.3,790,20,197
"Wallace County, Kansas",1489,43.1,23.4,24.8,51.1,21.0,18.2,2.2,57708,4.4,10.6,29.6,4.1,564,20,199
"Washington County, Kansas",5529,44.9,22.7,23.8,9.3,15.2,14.2,1.8,59432,5.6,14.3,23.2,3.0,540,20,201
"Wichita County, Kansas",2131,43.1,23.7,23.2,25.0,16.7,20.1,2.3,69551,8.0,12.2,15.7,1.5,683,20,203
"Wilson County, Kansas",8667,42.4,23.9,22.3,21.6,14.6,19.5,3.7,55439,6.6,22.4,27.4,5.4,725,20,205
"Woodson County, Kansas",3134,46.6,20.5,25.0,78.3,15.3,20.2,6.2,50670,8.6,34.2,18.1,5.0,584,20,207
"Wyandotte County, Kansas",167989,34.3,27.2,13.0,40.5,12.9,13.9,5.7,57771,17.5,10.5,39.5,8.0,1043,20,209
"Adair County, Kentucky",18887,40.3,20.3,19.4,16.4,9.0,22.0,6.6,49690,7.5,21.2,23.5,5.5,725,21,001
"Allen County, Kentucky",20773,40.5,23.0,17.6,28.1,11.0,18.5,7.3,57159,8.2,15.4,23.1,6.4,831,21,003
"Anderson County, Kentucky",23839,41.9,23.2,16.2,36.2,16.5,18.3,5.4,69885,3.5,8.7,21.2,1.9,839,21,005
"Ballard County, Kentucky",7742,44.7,20.1,22.3,81.8,11.7,17.1,5.2,57111,3.7,20.2,19.6,5.4,758,21,007
"Barren County, Kentucky",44511,40.2,23.4,17.8,57.8,10.6,21.2,4.9,48141,8.7,11.7,33.8,6.7,745,21,009
"Bath County, Kentucky",12739,39.5,25.2,16.9,31.3,8.1,22.6,2.9,51471,8.0,11.3,27.7,9.5,566,21,011
"Bell County, Kentucky",24248,41.5,21.7,18.7,28.4,7.2,25.4,10.0,33658,6.2,18.7,36.9,7.7,608,21,013
"Boone County, Kentucky",136150,38.0,25.7,14.2,26.0,21.7,12.2,2.8,91697,5.3,4.2,23.8,3.3,1177,21,015
"Bourbon County, Kentucky",20228,41.8,22.6,18.9,36.1,12.8,20.1,5.5,54580,3.4,11.7,35.3,5.1,761,21,017
"Boyd County, Kentucky",48242,42.1,21.5,19.9,41.0,11.3,21.9,6.9,58327,5.4,14.8,31.1,8.7,796,21,019
"Boyle County, Kentucky",30613,40.0,20.2,18.8,21.5,15.1,17.3,6.2,56568,5.9,9.9,31.2,5.8,762,21,021
"Bracken County, Kentucky",8420,41.7,23.5,17.0,12.5,11.1,17.0,6.2,59911,4.1,18.4,19.5,2.6,744,21,023
"Breathitt County, Kentucky",13580,42.7,20.4,17.9,35.3,8.2,30.6,8.9,38209,3.7,15.8,27.1,13.3,501,21,025
"Breckinridge County, Kentucky",20528,42.3,22.6,19.3,37.0,8.2,21.0,7.7,51756,8.3,29.7,17.6,4.9,697,21,027
"Bullitt County, Kentucky",82482,41.1,21.4,16.5,31.8,11.3,15.8,4.6,73900,3.0,5.4,17.4,4.2,947,21,029
"Butler County, Kentucky",12365,41.4,22.9,18.4,17.8,5.4,19.7,5.4,47589,11.7,17.6,27.8,6.8,650,21,031
"Caldwell County, Kentucky",12635,42.4,22.5,21.0,56.3,9.0,28.0,4.7,52488,11.2,15.8,26.9,7.9,706,21,033
"Calloway County, Kentucky",37345,35.6,18.0,17.1,32.4,17.7,18.1,4.7,48276,7.0,17.7,35.6,5.2,770,21,035
"Campbell County, Kentucky",93122,38.9,20.7,16.6,21.2,24.4,13.3,3.8,71979,4.2,6.7,28.5,6.6,979,21,037
"Carlisle County, Kentucky",4782,42.9,23.2,20.1,36.8,8.6,16.9,4.2,53065,7.3,17.4,23.5,2.6,764,21,039
"Carroll County, Kentucky",10842,38.5,26.6,16.1,47.0,3.0,17.5,6.7,50625,8.9,13.6,32.1,6.0,806,21,041
"Carter County, Kentucky",26671,41.9,22.1,19.6,15.4,8.4,21.9,6.0,47004,9.6,20.2,20.5,7.0,708,21,043
"Casey County, Kentucky",15942,41.9,22.9,20.6,27.9,6.4,18.3,10.4,42190,12.9,18.4,24.2,8.1,618,21,045
"Christian County, Kentucky",72766,28.4,27.5,12.4,29.6,13.1,18.7,7.6,48920,8.7,12.5,50.1,7.2,984,21,047
"Clark County, Kentucky",36897,40.9,22.3,18.1,30.5,12.7,18.5,5.2,61878,4.3,8.7,28.4,6.6,858,21,049
"Clay County, Kentucky",20322,40.4,20.7,15.8,48.8,7.2,29.0,10.0,37888,5.4,17.6,25.3,12.0,642,21,051
"Clinton County, Kentucky",9295,42.4,21.5,20.0,55.7,8.2,24.5,5.6,41180,6.2,24.6,27.2,6.1,605,21,053
"Crittenden County, Kentucky",8979,43.4,22.3,20.5,26.0,7.4,31.4,3.4,45810,12.0,19.5,19.6,5.7,670,21,055
"Cumberland County, Kentucky",5974,45.4,21.5,22.0,0.0,11.6,18.8,3.8,40515,10.3,26.1,24.2,9.9,516,21,057
"Daviess County, Kentucky",102916,38.7,24.3,17.2,45.1,15.7,16.5,4.1,64021,5.1,7.3,32.1,6.9,890,21,059
"Edmonson County, Kentucky",12179,45.0,18.6,21.3,22.7,5.3,26.3,6.8,53029,8.3,25.5,16.8,3.8,672,21,061
"Elliott County, Kentucky",7378,43.6,17.3,20.5,0.0,7.0,27.4,6.0,39469,8.2,25.9,23.3,6.9,625,21,063
"Estill County, Kentucky",14138,43.7,21.7,19.2,75.9,7.7,28.9,8.7,39980,4.9,16.1,26.1,8.0,665,21,065
"Fayette County, Kentucky",321276,35.2,20.6,14.2,33.0,26.0,12.5,5.0,66087,6.9,7.0,45.7,7.2,1065,21,067
"Fleming County, Kentucky",15111,40.8,24.5,18.2,56.4,9.8,20.7,8.4,46885,8.6,14.9,25.5,8.9,684,21,069
"Floyd County, Kentucky",35780,42.9,22.2,18.8,22.2,7.6,25.9,6.8,38723,4.8,18.1,28.7,8.6,740,21,071
"Franklin County, Kentucky",51475,40.0,20.9,18.1,24.3,18.5,17.6,4.8,62929,6.9,6.0,36.7,5.8,902,21,073
"Fulton County, Kentucky",6480,39.2,21.3,21.0,33.3,11.5,21.8,5.6,35449,5.8,25.6,35.9,14.1,622,21,075
"Gallatin County, Kentucky",8720,38.7,22.5,13.5,70.8,9.8,16.7,3.7,58641,9.5,16.6,29.5,3.3,815,21,077
"Garrard County, Kentucky",17175,43.5,21.6,18.5,75.4,9.9,16.9,5.3,58263,7.3,10.9,19.1,4.7,825,21,079
"Grant County, Kentucky",25085,36.5,26.5,14.0,38.8,10.1,17.4,4.5,65461,4.8,9.4,27.8,5.6,835,21,081
"Graves County, Kentucky",36701,39.9,23.9,18.3,38.8,10.6,19.1,3.7,52526,6.9,13.4,25.2,5.9,662,21,083
"Grayson County, Kentucky",26465,40.0,23.8,17.8,75.8,7.5,19.9,4.8,47024,6.3,27.3,23.1,5.0,636,21,085
"Green County, Kentucky",11198,45.1,21.2,20.1,7.6,6.9,25.4,9.5,38595,8.3,16.7,25.6,4.6,610,21,087
"Greenup County, Kentucky",35853,43.8,21.4,21.4,20.8,9.1,20.5,6.2,58562,5.7,10.9,21.1,4.6,824,21,089
"Hancock County, Kentucky",9058,41.2,23.9,17.7,50.8,11.8,20.7,4.4,68102,5.2,11.2,20.7,3.8,785,21,091
"Hardin County, Kentucky",111005,37.2,24.6,14.6,37.2,14.3,17.7,6.8,64136,5.3,9.1,37.9,6.3,909,21,093
"Harlan County, Kentucky",26589,41.2,23.3,19.0,30.2,5.2,27.7,10.8,35128,4.9,19.3,31.1,8.9,625,21,095
"Harrison County, Kentucky",18803,42.6,22.8,18.9,15.0,9.6,17.4,2.8,58840,4.5,10.0,29.4,9.0,710,21,097
"Hart County, Kentucky",19345,40.3,24.5,16.8,50.4,6.3,20.3,3.5,45561,9.3,18.6,26.3,8.0,658,21,099
"Henderson County, Kentucky",44770,41.0,22.7,18.3,50.0,12.0,23.3,3.8,56912,4.2,9.0,35.8,6.7,775,21,101
"Henry County, Kentucky",15731,41.4,23.5,17.6,7.7,9.7,18.4,3.9,58294,8.6,9.3,25.7,5.4,863,21,103
"Hickman County, Kentucky",4491,46.6,19.9,24.5,59.3,17.5,20.3,4.1,68589,4.7,25.1,23.2,4.8,755,21,105
"Hopkins County, Kentucky",45223,41.4,22.8,18.7,59.9,8.5,26.1,7.7,54466,4.7,12.4,30.1,5.5,815,21,107
"Jackson County, Kentucky",13002,40.9,23.0,17.8,0.0,6.9,24.1,6.0,38516,4.0,14.2,20.9,7.6,652,21,109
"Jefferson County, Kentucky",779232,38.5,21.9,16.7,38.4,21.3,14.1,5.1,66296,5.3,8.1,38.2,9.0,1045,21,111
"Jessamine County, Kentucky",53381,38.4,23.5,15.6,38.0,17.4,14.9,4.5,69905,6.5,7.1,31.2,4.0,972,21,113
"Johnson County, Kentucky",22631,41.7,22.1,18.5,32.5,8.1,25.3,5.3,44231,5.0,18.9,30.7,7.6,714,21,115
"Kenton County, Kentucky",169066,37.7,23.4,15.0,19.3,23.4,13.5,4.4,76016,4.8,7.2,30.9,6.9,961,21,117
"Knott County, Kentucky",14282,44.2,20.0,19.6,49.6,7.5,27.6,10.6,38336,3.0,17.2,27.4,7.5,635,21,119
"Knox County, Kentucky",30207,40.1,23.6,17.2,37.5,9.0,21.8,8.9,34254,6.7,18.7,36.0,13.0,623,21,121
"Larue County, Kentucky",14902,41.3,22.6,17.3,27.3,5.9,18.1,2.8,57867,3.7,8.0,25.2,3.7,816,21,123
"Laurel County, Kentucky",62442,39.8,22.8,16.8,32.7,8.9,17.8,3.6,53693,8.3,11.8,28.8,5.4,772,21,125
"Lawrence County, Kentucky",16228,41.2,24.6,18.2,13.3,5.8,25.1,5.2,42488,6.8,24.1,25.6,4.7,735,21,127
"Lee County, Kentucky",7338,41.8,20.4,17.5,73.5,5.1,28.5,8.1,31682,3.1,18.3,30.4,15.4,567,21,129
"Leslie County, Kentucky",10468,43.2,21.4,18.3,61.5,7.2,27.8,10.0,37019,1.7,24.7,13.2,8.4,550,21,131
"Letcher County, Kentucky",21490,42.7,21.5,20.1,12.8,7.4,31.2,7.7,38466,3.8,20.7,26.0,7.1,625,21,133
"Lewis County, Kentucky",13063,42.5,22.9,18.9,57.8,5.9,20.8,7.3,36662,5.8,21.5,20.9,6.4,690,21,135
"Lincoln County, Kentucky",24320,41.4,23.8,18.6,3.5,9.3,17.7,6.6,49487,6.3,10.5,21.4,6.7,678,21,137
"Livingston County, Kentucky",8980,46.0,20.4,21.7,60.3,7.4,31.2,6.1,56125,4.8,23.5,18.1,2.9,849,21,139
"Logan County, Kentucky",27498,40.8,23.8,18.6,11.3,10.6,16.5,5.6,58869,8.8,12.9,26.1,6.1,683,21,141
"Lyon County, Kentucky",8721,47.9,13.7,25.1,42.4,7.3,40.0,3.6,64081,6.5,32.6,18.1,2.7,689,21,143
"McCracken County, Kentucky",67573,42.5,21.8,20.1,44.9,16.7,15.9,3.6,58490,5.8,15.9,33.2,8.2,849,21,145
"McCreary County, Kentucky",16892,39.2,21.8,16.1,68.2,3.8,23.1,5.6,35000,5.1,20.5,30.0,10.8,580,21,147
"McLean County, Kentucky",9173,43.2,23.5,19.7,38.7,11.1,18.6,6.7,64020,3.5,13.7,19.6,5.8,534,21,149
"Madison County, Kentucky",92955,34.4,20.8,14.3,31.8,20.0,15.4,5.4,59797,5.4,8.2,38.7,4.5,826,21,151
"Magoffin County, Kentucky",11647,41.4,22.4,18.2,62.6,3.6,31.4,12.8,31927,4.0,16.6,24.8,8.5,623,21,153
"Marion County, Kentucky",19627,39.8,23.9,16.8,81.1,6.3,21.9,6.0,49627,2.8,9.5,26.2,5.7,687,21,155
"Marshall County, Kentucky",31706,44.6,20.3,21.8,18.1,13.0,17.8,3.0,64597,7.1,20.7,17.5,4.4,742,21,157
"Martin County, Kentucky",11298,39.8,19.3,17.2,24.2,6.8,32.5,6.4,45265,2.3,22.3,21.1,8.3,695,21,159
"Mason County, Kentucky",17068,42.1,22.8,19.0,57.4,12.0,18.0,4.7,48460,6.1,18.2,31.4,10.5,697,21,161
"Meade County, Kentucky",29964,39.2,22.1,14.7,25.6,10.3,19.8,4.2,68518,3.9,12.4,25.8,4.2,929,21,163
"Menifee County, Kentucky",6174,43.4,22.1,20.7,93.8,7.5,25.5,4.7,43797,5.5,34.2,26.0,6.9,646,21,165
"Mercer County, Kentucky",22662,43.1,21.7,18.8,36.6,13.1,15.3,4.5,60728,5.8,12.3,25.6,4.9,720,21,167
"Metcalfe County, Kentucky",10313,42.6,23.1,18.6,31.1,7.7,20.2,4.8,46932,7.8,11.6,22.2,6.3,585,21,169
"Monroe County, Kentucky",11331,41.2,23.0,18.5,13.9,5.8,24.3,5.4,47252,5.7,13.3,29.0,7.5,654,21,171
"Montgomery County, Kentucky",28188,40.5,23.2,16.8,27.7,10.7,20.9,6.0,53436,7.0,11.7,33.9,6.2,775,21,173
"Morgan County, Kentucky",13840,42.3,18.7,17.1,12.0,9.1,26.1,3.1,46018,8.0,17.2,21.4,6.7,681,21,175
"Muhlenberg County, Kentucky",30735,43.0,20.8,19.8,14.8,7.5,21.9,4.9,50935,5.1,12.4,17.6,4.6,658,21,177
"Nelson County, Kentucky",46779,39.9,23.3,16.6,33.6,13.7,15.5,2.9,66212,5.4,6.8,23.5,3.0,913,21,179
"Nicholas County, Kentucky",7613,38.9,23.8,16.9,11.7,3.3,22.5,5.6,57539,6.4,21.2,28.6,8.9,661,21,181
"Ohio County, Kentucky",23782,41.0,23.5,18.2,19.3,8.1,18.3,4.5,52474,5.6,11.3,22.2,3.7,760,21,183
"Oldham County, Kentucky",67997,39.5,25.2,13.8,27.1,25.9,9.2,3.9,117334,3.1,4.6,13.1,1.2,1113,21,185
"Owen County, Kentucky",11229,42.9,21.7,19.6,44.9,14.7,18.7,4.6,56485,8.3,22.8,14.5,2.8,827,21,187
"Owsley County, Kentucky",4054,48.0,18.5,22.0,33.3,7.5,32.4,14.2,32844,4.5,29.0,36.7,10.4,-666666666,21,189
"Pendleton County, Kentucky",14638,41.7,23.5,16.5,39.4,10.9,18.1,5.0,58723,6.1,16.1,26.4,4.3,838,21,191
"Perry County, Kentucky",28136,41.3,23.4,17.0,29.1,5.8,31.3,7.5,45330,3.6,14.7,24.3,7.8,735,21,193
"Pike County, Kentucky",58196,42.5,20.4,19.2,52.1,8.4,29.0,7.3,41271,5.4,17.1,25.8,8.9,826,21,195
"Powell County, Kentucky",13089,39.5,24.1,15.9,22.6,9.4,22.8,7.1,38415,5.4,16.8,31.9,8.5,693,21,197
"Pulaski County, Kentucky",65145,41.8,22.1,19.0,37.2,9.9,20.0,4.9,48768,6.7,18.7,27.8,6.1,810,21,199
"Robertson County, Kentucky",2207,39.0,25.4,17.9,57.1,9.8,16.6,7.0,53798,5.1,23.7,25.8,2.5,625,21,201
"Rockcastle County, Kentucky",16171,42.9,21.5,18.8,62.3,5.6,22.2,6.6,45693,4.7,13.2,24.0,9.1,685,21,203
"Rowan County, Kentucky",24551,30.6,19.5,14.0,6.0,12.7,16.2,4.6,50038,5.2,15.1,38.6,8.8,759,21,205
"Russell County, Kentucky",18021,42.4,22.9,20.2,52.6,9.0,21.5,6.1,48220,6.2,30.6,25.6,3.9,611,21,207
"Scott County, Kentucky",57286,36.1,24.6,12.7,26.4,19.5,13.5,3.7,80782,4.5,5.8,26.6,3.4,1098,21,209
"Shelby County, Kentucky",48105,40.6,22.2,16.3,13.3,18.6,12.1,3.3,81012,6.9,7.1,27.1,2.3,939,21,211
"Simpson County, Kentucky",19574,39.2,23.3,15.7,2.7,8.4,14.3,3.5,55907,9.2,9.3,34.3,3.0,968,21,213
"Spencer County, Kentucky",19549,42.9,23.2,14.4,42.1,14.2,13.7,6.2,101118,4.7,7.5,13.8,2.7,927,21,215
"Taylor County, Kentucky",26056,37.3,23.2,18.2,9.0,14.2,20.8,4.9,63211,3.6,12.1,32.5,6.7,708,21,217
"Todd County, Kentucky",12281,36.6,26.9,16.6,4.3,9.5,15.4,4.3,57891,21.8,13.0,25.2,9.3,789,21,219
"Trigg County, Kentucky",14154,45.8,21.7,22.7,23.8,11.9,27.5,4.0,55864,11.0,23.4,21.4,7.0,639,21,221
"Trimble County, Kentucky",8510,42.0,21.6,17.6,38.1,9.3,19.9,8.4,66492,4.1,15.3,18.7,5.3,894,21,223
"Union County, Kentucky",13495,41.3,18.7,18.8,33.9,6.5,30.9,3.7,58260,5.6,13.9,26.9,5.1,735,21,225
"Warren County, Kentucky",135307,33.3,23.0,13.2,34.3,20.2,13.9,4.7,63074,6.8,7.9,43.2,6.7,942,21,227
"Washington County, Kentucky",12025,42.3,22.8,18.9,3.1,11.0,20.7,2.3,65456,9.8,11.0,20.6,6.8,782,21,229
"Wayne County, Kentucky",19666,43.4,20.6,21.0,39.0,7.6,24.3,5.2,41583,6.8,22.3,26.3,6.0,676,21,231
"Webster County, Kentucky",12951,39.7,23.2,17.7,44.4,7.2,29.1,5.9,55451,6.1,15.9,28.3,5.3,710,21,233
"Whitley County, Kentucky",36648,36.1,25.5,15.7,18.0,9.4,21.8,6.4,44332,8.0,15.6,33.3,8.6,692,21,235
"Wolfe County, Kentucky",6573,41.0,22.9,19.7,32.3,2.3,35.6,20.3,28666,1.0,18.3,31.8,16.3,440,21,237
"Woodford County, Kentucky",26886,42.5,21.8,19.7,20.0,24.5,13.5,2.5,78295,2.7,8.8,28.2,3.7,936,21,239
"Acadia Parish, Louisiana",57674,36.7,25.9,15.7,62.0,9.9,19.7,8.8,44977,6.4,14.6,31.6,9.2,719,22,001
"Allen Parish, Louisiana",22798,38.5,22.9,15.0,43.5,8.1,19.7,8.9,52755,7.6,19.9,24.0,8.2,734,22,003
"Ascension Parish, Louisiana",126973,36.2,26.4,12.4,24.0,19.6,12.3,4.5,93800,6.4,7.9,16.7,3.7,1230,22,005
"Assumption Parish, Louisiana",21067,41.9,21.0,19.4,27.3,8.2,17.0,8.0,47023,8.7,16.6,17.1,9.0,766,22,007
"Avoyelles Parish, Louisiana",39529,38.6,23.6,17.3,81.1,7.4,23.6,7.5,38696,7.9,20.0,29.8,9.9,749,22,009
"Beauregard Parish, Louisiana",36553,37.3,25.0,15.7,39.1,12.2,18.0,8.1,68525,7.9,14.0,17.7,5.4,867,22,011
"Bienville Parish, Louisiana",12958,42.1,22.4,20.9,66.7,9.0,20.6,5.6,34268,9.0,22.2,26.3,12.9,541,22,013
"Bossier Parish, Louisiana",128877,36.0,24.6,14.8,31.7,17.7,13.2,5.6,64598,9.4,12.6,34.6,6.1,1101,22,015
"Caddo Parish, Louisiana",236259,38.7,23.6,17.9,54.3,14.2,17.5,8.6,47572,7.5,16.0,39.5,10.3,927,22,017
"Calcasieu Parish, Louisiana",210770,36.7,24.9,15.3,44.3,15.5,14.1,5.6,64370,7.7,17.7,29.2,6.2,1025,22,019
"Caldwell Parish, Louisiana",9658,40.2,22.9,18.2,81.8,9.3,18.0,12.9,45707,6.8,24.0,30.4,9.1,801,22,021
"Cameron Parish, Louisiana",5447,43.3,20.7,15.9,75.2,9.7,15.9,2.1,69847,8.2,39.1,10.5,1.5,-666666666,22,023
"Catahoula Parish, Louisiana",8895,38.8,21.9,17.0,13.7,11.0,17.0,6.5,48259,8.3,32.1,22.3,10.3,712,22,025
"Claiborne Parish, Louisiana",14203,42.3,19.0,21.0,31.1,7.6,14.7,5.2,32034,7.0,26.2,27.9,12.7,626,22,027
"Concordia Parish, Louisiana",18677,37.8,23.7,18.6,61.7,11.2,21.0,12.0,38929,10.0,30.0,27.2,11.8,772,22,029
"De Soto Parish, Louisiana",26821,39.3,23.8,18.2,70.4,11.0,19.9,6.9,49807,7.1,17.9,25.1,9.1,660,22,031
"East Baton Rouge Parish, Louisiana",454369,34.0,22.3,14.7,50.0,22.7,14.2,7.1,62083,8.4,14.9,40.2,7.7,1081,22,033
"East Carroll Parish, Louisiana",7371,33.9,22.7,15.8,100.0,10.0,17.6,15.1,30856,4.4,28.3,38.6,12.1,724,22,035
"East Feliciana Parish, Louisiana",19452,44.3,17.1,18.7,0.0,11.9,15.8,5.5,64709,8.0,18.6,17.6,8.3,678,22,037
"Evangeline Parish, Louisiana",32335,36.9,25.0,15.6,60.9,9.4,24.8,14.0,34526,9.1,16.3,35.4,11.1,667,22,039
"Franklin Parish, Louisiana",19752,39.0,24.9,19.0,43.5,9.9,15.7,9.2,41129,7.0,18.2,25.2,5.2,701,22,041
"Grant Parish, Louisiana",22185,37.9,20.7,15.2,66.6,9.2,19.6,4.0,57362,9.7,25.5,18.2,7.5,816,22,043
"Iberia Parish, Louisiana",69958,37.4,25.4,15.6,60.0,10.6,16.8,6.3,55190,8.0,13.3,31.5,11.5,846,22,045
"Iberville Parish, Louisiana",30210,39.9,20.5,16.7,66.2,9.7,16.5,7.5,59410,8.3,17.0,25.5,7.6,803,22,047
"Jackson Parish, Louisiana",15093,41.4,21.5,20.5,37.2,9.2,20.7,4.9,40406,7.4,24.5,31.5,10.7,703,22,049
"Jefferson Parish, Louisiana",436171,39.8,22.1,17.8,47.2,19.4,15.8,6.0,63257,10.5,9.1,37.3,7.2,1121,22,051
"Jefferson Davis Parish, Louisiana",32277,37.9,25.2,16.8,36.5,9.1,16.4,4.0,52470,6.7,16.6,22.4,5.7,787,22,053
"Lafayette Parish, Louisiana",243175,36.2,23.8,14.0,30.2,23.6,12.2,5.2,66617,7.6,10.1,33.7,6.5,986,22,055
"Lafourche Parish, Louisiana",97220,38.8,22.8,15.9,34.3,12.5,17.2,6.5,61381,6.1,10.4,21.7,7.9,873,22,057
"LaSalle Parish, Louisiana",14764,38.3,21.8,15.8,8.9,12.0,15.2,4.6,59926,4.7,24.7,16.9,4.7,646,22,059
"Lincoln Parish, Louisiana",48323,28.3,19.6,13.8,72.7,20.9,13.0,4.2,37001,6.9,11.9,48.1,8.6,817,22,061
"Livingston Parish, Louisiana",143425,36.6,25.4,13.5,26.9,15.7,13.5,4.5,77978,8.1,14.2,17.7,4.1,1130,22,063
"Madison Parish, Louisiana",10028,36.2,25.6,16.3,82.3,10.3,20.3,5.8,34508,11.3,29.6,44.6,13.3,603,22,065
"Morehouse Parish, Louisiana",25438,40.0,23.2,19.0,24.1,8.5,16.6,8.8,37875,7.8,20.5,33.3,10.3,714,22,067
"Natchitoches Parish, Louisiana",37478,33.3,22.7,16.6,51.3,13.5,16.4,8.9,41310,7.6,25.5,42.8,8.0,786,22,069
"Orleans Parish, Louisiana",380408,37.9,19.6,15.9,59.9,22.4,13.9,8.4,51116,8.5,19.8,50.7,17.4,1162,22,071
"Ouachita Parish, Louisiana",159585,36.5,24.5,15.3,60.1,16.3,13.9,6.5,49261,8.0,15.1,40.5,8.8,886,22,073
"Plaquemines Parish, Louisiana",23305,36.4,25.0,13.3,8.9,13.0,14.8,4.4,77996,5.6,14.5,28.2,5.3,1559,22,075
"Pointe Coupee Parish, Louisiana",20652,43.4,21.4,21.3,59.2,11.3,25.7,7.4,53045,8.7,25.6,22.6,5.6,843,22,077
"Rapides Parish, Louisiana",129536,37.7,24.9,16.4,42.7,14.2,17.8,5.7,55407,8.9,16.4,34.1,9.6,925,22,079
"Red River Parish, Louisiana",7631,37.8,23.6,19.2,0.0,7.1,20.5,3.3,43821,9.5,18.6,24.8,4.8,710,22,081
"Richland Parish, Louisiana",20028,39.5,23.8,17.7,54.1,9.7,14.9,6.8,48125,9.4,15.8,36.2,6.2,772,22,083
"Sabine Parish, Louisiana",22209,41.1,23.2,20.7,74.5,9.8,21.3,7.5,40777,9.7,38.5,26.7,8.5,659,22,085
"St. Bernard Parish, Louisiana",44038,35.6,26.1,12.3,30.0,11.4,18.9,8.0,55857,8.1,11.5,28.1,7.2,1037,22,087
"St. Charles Parish, Louisiana",52191,38.8,24.2,14.4,27.5,19.9,15.5,6.7,79191,6.1,9.4,17.4,3.3,1122,22,089
"St. Helena Parish, Louisiana",10872,42.2,20.4,20.4,56.1,8.3,26.7,21.5,46402,9.1,24.2,23.5,10.8,761,22,091
"St. James Parish, Louisiana",20090,40.4,22.3,18.4,25.9,12.7,12.9,3.6,62946,6.1,12.9,15.8,8.4,801,22,093
"St. John the Baptist Parish, Louisiana",41986,37.9,24.4,14.7,57.6,10.3,16.0,9.3,65114,6.8,14.4,22.5,4.1,1139,22,095
"St. Landry Parish, Louisiana",82574,37.3,26.4,16.3,60.7,9.2,13.8,6.9,44478,8.8,16.2,31.4,9.7,739,22,097
"St. Martin Parish, Louisiana",51856,39.5,24.0,16.2,57.5,10.3,15.9,6.2,50806,7.9,15.7,21.8,7.9,773,22,099
"St. Mary Parish, Louisiana",49114,39.5,23.9,17.6,62.5,8.4,17.8,5.9,47322,6.2,17.3,30.5,11.1,829,22,101
"St. Tammany Parish, Louisiana",266168,40.6,23.6,17.7,39.4,23.5,16.3,5.2,76914,6.9,8.6,20.9,3.8,1247,22,103
"Tangipahoa Parish, Louisiana",133953,35.7,24.3,14.9,51.2,14.7,20.2,5.6,55274,7.5,15.2,27.3,5.9,930,22,105
"Tensas Parish, Louisiana",4127,47.4,21.9,26.1,47.0,8.9,17.6,12.4,35653,8.4,43.4,31.5,8.7,622,22,107
"Terrebonne Parish, Louisiana",108862,36.9,25.1,15.1,53.8,11.2,16.9,5.9,63088,7.3,12.3,25.8,7.9,956,22,109
"Union Parish, Louisiana",21049,42.5,21.7,21.4,25.8,13.6,15.9,5.4,47068,8.1,21.9,22.6,6.4,698,22,111
"Vermilion Parish, Louisiana",57202,38.6,25.1,15.9,27.9,13.8,17.6,6.2,56194,7.5,15.7,23.5,9.1,745,22,113
"Vernon Parish, Louisiana",48452,31.5,25.3,13.0,31.1,13.6,20.4,6.1,56547,8.1,19.4,44.7,8.0,1020,22,115
"Washington Parish, Louisiana",45514,40.6,23.1,18.5,62.9,8.0,23.7,10.5,41803,9.1,19.9,32.5,10.1,731,22,117
"Webster Parish, Louisiana",36761,41.5,22.8,20.2,37.1,10.1,15.7,5.3,34263,7.2,19.2,32.9,8.7,735,22,119
"West Baton Rouge Parish, Louisiana",27377,36.4,23.4,14.2,34.5,16.9,13.3,7.6,80510,6.5,12.6,24.8,5.4,976,22,121
"West Carroll Parish, Louisiana",9800,41.0,23.1,19.6,19.2,6.9,16.8,4.6,45035,8.5,19.5,24.6,3.6,673,22,123
"West Feliciana Parish, Louisiana",15358,42.6,16.1,16.0,28.4,14.4,13.4,8.9,71985,5.1,24.9,27.3,3.9,1034,22,125
"Winn Parish, Louisiana",13665,40.7,20.6,18.6,41.9,8.6,19.8,4.0,44922,9.9,23.7,28.5,9.4,624,22,127
"Androscoggin County, Maine",111532,40.8,21.2,18.2,27.7,15.3,17.5,4.8,64500,7.4,8.2,33.6,9.0,916,23,001
"Aroostook County, Maine",67237,48.5,18.4,25.1,39.3,14.6,21.5,5.8,50843,8.8,23.9,26.5,8.6,681,23,003
"Cumberland County, Maine",303357,42.1,18.2,19.5,15.6,30.2,11.3,3.2,87710,5.0,14.5,30.1,7.0,1389,23,005
"Franklin County, Maine",29839,46.3,17.4,22.9,31.1,18.8,17.7,4.4,56890,9.2,41.6,24.3,9.2,752,23,007
"Hancock County, Maine",55851,48.9,16.6,25.7,39.0,23.3,14.2,3.9,64149,10.2,38.8,21.3,5.6,949,23,009
"Kennebec County, Maine",124003,44.3,19.0,20.6,33.9,18.5,16.6,4.1,62118,7.1,14.9,27.5,7.3,900,23,011
"Knox County, Maine",40729,49.0,17.3,26.5,18.7,23.7,13.1,3.8,68904,7.4,26.9,20.8,5.8,1027,23,013
"Lincoln County, Maine",35466,51.3,17.0,28.3,32.2,23.8,16.0,3.3,69638,8.9,33.1,17.2,5.4,930,23,015
"Oxford County, Maine",58276,48.2,17.9,22.8,49.1,14.5,17.9,5.5,54780,9.0,36.2,19.7,5.6,781,23,017
"Penobscot County, Maine",152640,42.4,17.8,19.4,35.5,18.9,18.3,4.3,59438,8.0,15.2,30.1,8.2,932,23,019
"Piscataquis County, Maine",16936,51.2,17.0,26.8,39.9,15.2,23.4,4.9,51805,10.5,47.8,22.8,6.1,792,23,021
"Sagadahoc County, Maine",36868,46.7,18.3,23.4,31.7,22.3,12.1,4.4,77591,6.7,15.5,23.3,5.8,991,23,023
"Somerset County, Maine",50656,47.0,18.6,22.2,39.7,14.3,19.2,4.2,53527,8.0,26.2,23.2,6.2,849,23,025
"Waldo County, Maine",39772,47.0,18.1,23.9,52.0,20.0,17.4,4.6,62694,10.5,21.6,19.4,5.8,886,23,027
"Washington County, Maine",31096,48.6,18.8,25.3,29.5,15.8,23.5,7.0,51669,10.5,37.5,21.6,7.4,687,23,029
"York County, Maine",212691,45.2,18.2,21.2,25.0,21.2,15.0,3.4,79743,5.4,20.6,24.9,5.2,1166,23,031
"Allegany County, Maryland",68161,41.9,17.6,20.8,41.7,12.0,18.9,6.8,55248,4.0,16.5,29.9,9.6,743,24,001
"Anne Arundel County, Maryland",588109,38.8,22.4,15.4,21.2,25.1,10.7,4.2,116009,4.5,4.9,25.0,3.8,1908,24,003
"Baltimore County, Maryland",850737,39.5,21.6,17.6,34.8,23.1,11.9,5.2,88157,5.3,6.0,33.5,7.8,1479,24,005
"Calvert County, Maryland",93244,40.4,23.1,15.5,18.5,19.4,9.6,3.2,128078,3.2,6.9,13.9,3.1,1589,24,009
"Caroline County, Maryland",33320,39.5,23.5,16.9,41.5,10.3,14.6,4.6,65326,6.8,10.8,27.9,6.1,1074,24,011
"Carroll County, Maryland",173225,41.5,21.7,17.4,23.5,23.8,12.5,3.1,111672,2.9,3.8,17.0,4.0,1283,24,013
"Cecil County, Maryland",103876,41.0,22.3,16.4,30.7,16.3,13.0,4.9,86869,3.9,10.5,24.9,5.2,1322,24,015
"Charles County, Maryland",167035,38.8,23.8,12.9,37.0,18.2,10.4,4.9,116882,4.0,5.1,20.2,3.3,1839,24,017
"Dorchester County, Maryland",32557,43.8,21.0,21.9,56.6,10.4,17.0,5.5,57490,5.2,19.4,31.6,10.0,968,24,019
"Frederick County, Maryland",273829,38.9,23.1,14.9,21.7,24.5,9.9,3.7,115724,4.5,4.2,23.6,3.9,1633,24,021
"Garrett County, Maryland",28856,47.6,18.0,23.0,28.0,13.5,18.2,4.6,64447,5.8,32.7,19.9,7.4,681,24,023
"Harford County, Maryland",261059,40.4,22.2,16.7,28.5,22.0,11.0,3.7,106417,3.5,4.6,20.0,4.0,1475,24,025
"Howard County, Maryland",332011,39.2,24.0,14.5,19.4,30.8,8.4,3.8,140971,3.9,3.4,27.9,4.0,1920,24,027
"Kent County, Maryland",19289,48.5,15.7,26.8,47.6,21.1,15.0,3.3,71635,4.3,18.8,30.2,6.5,1072,24,029
"Montgomery County, Maryland",1056910,39.8,22.9,16.2,21.6,27.3,8.8,4.8,125583,6.7,4.5,34.5,7.9,1957,24,031
"Prince George's County, Maryland",957189,38.2,22.1,14.1,42.7,20.0,9.9,6.7,97935,10.5,5.0,37.6,9.3,1713,24,033
"Queen Anne's County, Maryland",50316,44.6,21.2,19.7,5.0,22.9,10.1,3.6,108332,5.0,9.6,18.6,3.1,1600,24,035
"St. Mary's County, Maryland",113814,37.0,24.0,13.3,35.6,19.8,11.3,3.7,113668,4.0,9.8,27.5,4.5,1595,24,037
"Somerset County, Maryland",24672,38.0,16.7,17.2,6.8,11.6,16.1,7.0,52149,3.9,23.6,32.5,7.5,934,24,039
"Talbot County, Maryland",37663,51.4,18.2,29.7,22.1,22.9,16.7,3.2,81667,4.4,17.0,27.1,7.2,1204,24,041
"Washington County, Maryland",154645,40.9,21.7,17.7,42.5,13.6,15.3,5.0,73017,5.5,7.3,34.6,7.9,1049,24,043
"Wicomico County, Maryland",103815,36.1,22.1,16.2,40.4,17.5,12.2,6.9,69421,6.5,8.6,40.3,7.4,1190,24,045
"Worcester County, Maryland",52827,50.6,17.1,28.0,40.5,20.0,15.3,6.5,76689,5.8,58.4,23.4,5.6,1144,24,047
"Baltimore city, Maryland",584548,36.0,20.4,14.8,47.6,17.7,16.4,6.9,58349,5.5,15.8,52.2,26.5,1235,24,510
"Barnstable County, Massachusetts",229436,54.5,14.5,31.6,15.6,25.2,13.8,4.5,90447,3.0,39.4,18.6,5.0,1536,25,001
"Berkshire County, Massachusetts",128763,47.5,16.4,24.1,37.2,20.5,14.9,5.3,69744,2.1,19.6,29.8,9.4,1003,25,003
"Bristol County, Massachusetts",576699,41.0,20.6,17.2,40.1,19.2,14.3,5.7,80628,2.9,5.5,38.1,9.6,1116,25,005
"Dukes County, Massachusetts",20543,49.2,17.9,25.1,20.2,23.5,10.0,7.0,93225,6.5,60.8,23.4,3.9,1636,25,007
"Essex County, Massachusetts",806103,40.9,21.0,17.6,31.1,24.7,12.0,5.3,94378,2.9,5.2,36.3,9.9,1580,25,009
"Franklin County, Massachusetts",70980,47.1,16.9,23.2,29.5,21.3,16.8,5.7,70383,2.2,9.2,30.4,7.3,1109,25,011
"Hampden County, Massachusetts",464575,39.5,21.2,17.4,41.7,17.2,16.3,6.2,66619,3.1,6.9,38.3,12.2,1051,25,013
"Hampshire County, Massachusetts",153931,39.3,15.1,19.1,18.8,24.7,11.7,5.3,84025,2.0,7.2,31.1,7.4,1263,25,015
"Middlesex County, Massachusetts",1623109,38.8,19.5,15.7,18.7,28.9,9.7,4.4,121304,2.5,4.4,38.5,10.5,2004,25,017
"Nantucket County, Massachusetts",14065,40.5,22.8,15.9,45.9,35.0,10.3,5.5,135590,4.7,62.1,28.9,4.0,2052,25,019
"Norfolk County, Massachusetts",722112,40.7,20.6,17.2,13.9,29.2,9.6,5.0,120621,1.9,4.2,31.7,9.1,1933,25,021
"Plymouth County, Massachusetts",529548,42.7,21.0,18.8,21.8,25.2,11.2,5.2,105387,2.4,7.5,22.7,6.3,1550,25,023
"Suffolk County, Massachusetts",785443,33.6,16.4,12.6,31.6,26.6,12.2,6.7,87669,3.5,8.9,63.8,31.8,1953,25,025
"Worcester County, Massachusetts",858898,40.2,20.8,16.2,32.7,22.4,12.6,5.6,88524,2.5,6.0,34.1,8.7,1263,25,027
"Alcona County, Michigan",10238,59.3,12.9,36.1,24.5,12.3,23.0,6.3,50295,4.3,53.2,10.3,3.5,801,26,001
"Alger County, Michigan",8866,47.2,18.0,25.0,64.6,14.7,18.3,5.1,55528,3.5,47.3,18.1,5.9,716,26,003
"Allegan County, Michigan",120189,40.4,23.6,17.4,25.3,16.1,10.6,3.4,75543,5.1,14.0,14.9,3.1,1004,26,005
"Alpena County, Michigan",28911,47.6,18.6,24.0,30.6,10.3,19.9,7.4,49133,5.5,18.9,20.9,9.0,638,26,007
"Antrim County, Michigan",23662,51.5,17.2,27.9,30.1,19.9,15.5,4.6,68850,5.6,39.0,13.0,3.6,919,26,009
"Arenac County, Michigan",15031,50.0,18.3,25.6,31.7,9.6,19.5,7.2,53487,5.7,33.5,14.9,7.3,665,26,011
"Baraga County, Michigan",8245,46.5,17.0,22.9,54.9,10.3,19.7,4.9,51911,4.7,36.2,23.1,7.9,562,26,013
"Barry County, Michigan",62581,42.2,21.9,18.8,26.9,16.4,13.6,5.3,75182,4.9,11.6,13.8,3.4,966,26,015
"Bay County, Michigan",103752,43.6,19.8,20.8,58.0,13.9,15.8,4.8,57887,5.2,7.4,24.4,6.9,786,26,017
"Benzie County, Michigan",18058,50.4,17.3,27.0,1.2,19.7,15.6,4.5,71327,6.7,41.1,11.9,2.9,970,26,019
"Berrien County, Michigan",153938,42.5,21.5,20.4,39.2,18.4,13.8,6.6,60379,6.3,17.5,27.0,7.8,885,26,021
"Branch County, Michigan",44795,40.9,23.2,18.8,24.2,11.3,14.7,4.9,60600,10.7,19.3,22.6,6.4,899,26,023
"Calhoun County, Michigan",134011,40.0,22.9,18.0,29.7,14.5,14.3,6.8,58191,5.8,11.0,28.3,7.4,897,26,025
"Cass County, Michigan",51604,45.3,20.4,21.5,40.7,13.6,16.3,5.0,65183,5.7,18.4,18.5,4.1,835,26,027
"Charlevoix County, Michigan",26174,49.5,18.2,25.4,29.4,20.0,14.2,3.8,69764,7.2,30.1,18.3,5.5,894,26,029
"Cheboygan County, Michigan",25709,52.0,15.7,28.2,28.2,13.4,19.1,7.2,59557,6.0,39.9,15.1,4.7,787,26,031
"Chippewa County, Michigan",36670,40.8,17.9,18.8,33.7,14.4,18.0,7.7,58408,6.9,32.4,26.4,7.7,785,26,033
"Clare County, Michigan",30998,48.2,19.7,24.4,49.8,7.2,23.3,9.3,47816,11.7,45.6,14.9,7.8,750,26,035
"Clinton County, Michigan",79249,41.4,21.8,17.8,18.5,20.4,12.9,3.7,82594,4.0,5.6,18.0,2.6,1022,26,037
"Crawford County, Michigan",13197,51.4,17.5,25.9,38.4,11.8,22.0,6.1,57998,5.5,43.1,17.9,7.2,834,26,039
"Delta County, Michigan",36839,47.6,19.5,24.9,13.8,13.8,17.7,5.2,53852,5.3,20.0,21.6,8.9,655,26,041
"Dickinson County, Michigan",25937,47.2,19.7,23.1,22.4,16.5,16.7,3.8,59651,4.9,17.1,16.8,6.9,710,26,043
"Eaton County, Michigan",109072,41.2,20.5,19.2,27.1,20.4,15.8,4.8,77158,4.4,5.4,26.1,4.3,1013,26,045
"Emmet County, Michigan",34072,45.8,18.4,23.2,16.9,22.2,12.8,3.8,69690,6.2,33.3,24.0,5.3,985,26,047
"Genesee County, Michigan",405280,40.5,22.3,18.0,52.4,14.8,17.7,8.5,58594,4.8,9.6,29.6,7.9,893,26,049
"Gladwin County, Michigan",25461,50.7,18.8,26.8,35.6,9.4,20.1,6.9,53717,8.6,36.1,12.3,6.8,680,26,051
"Gogebic County, Michigan",14597,50.6,16.4,27.7,25.7,14.7,16.8,6.0,47913,5.1,33.3,17.4,8.3,503,26,053
"Grand Traverse County, Michigan",95315,42.8,19.7,20.7,22.6,23.0,12.4,3.9,75553,5.1,15.9,24.1,5.8,1147,26,055
"Gratiot County, Michigan",41534,39.6,19.3,17.5,19.6,12.3,15.7,4.9,57934,5.1,8.4,21.8,5.2,757,26,057
"Hillsdale County, Michigan",45698,42.8,21.4,20.4,34.1,11.5,15.2,4.4,59425,7.0,17.9,20.1,6.1,770,26,059
"Houghton County, Michigan",37414,31.9,19.7,17.4,31.9,19.0,11.4,6.2,52736,6.3,24.2,31.0,9.1,743,26,061
"Huron County, Michigan",31461,49.3,19.1,26.1,14.8,11.0,15.9,5.3,54475,6.1,33.3,18.2,6.2,710,26,063
"Ingham County, Michigan",282540,33.0,19.6,14.2,35.6,22.4,13.6,6.4,62548,5.0,7.8,41.2,9.1,1027,26,065
"Ionia County, Michigan",66663,39.1,21.2,15.3,28.3,12.1,13.3,5.3,71720,6.7,7.7,22.9,5.3,870,26,067
"Iosco County, Michigan",25319,53.1,16.5,30.0,43.2,9.6,20.7,7.4,46224,6.4,42.0,18.9,7.5,696,26,069
"Iron County, Michigan",11585,53.4,17.2,30.5,88.9,12.8,20.8,4.6,52241,6.0,42.2,15.9,7.7,627,26,071
"Isabella County, Michigan",64938,28.9,17.3,13.3,44.7,16.5,14.4,7.2,52638,7.8,13.0,38.3,7.0,840,26,073
"Jackson County, Michigan",160637,41.1,21.1,18.2,45.1,14.9,14.9,6.3,62581,5.7,10.2,25.6,7.0,920,26,075
"Kalamazoo County, Michigan",261426,34.6,21.4,15.5,35.2,24.6,12.4,6.4,67905,4.9,7.3,36.0,6.8,994,26,077
"Kalkaska County, Michigan",17934,43.3,20.4,20.5,36.8,10.8,18.6,4.6,56380,7.3,36.7,13.8,5.3,791,26,079
"Kent County, Michigan",657321,35.6,23.7,14.2,25.0,24.9,10.7,4.5,76247,5.0,4.6,30.0,6.7,1111,26,081
"Keweenaw County, Michigan",2088,57.2,15.0,35.9,7.1,21.9,13.2,4.7,55560,7.5,53.4,6.7,2.2,638,26,083
"Lake County, Michigan",12285,51.8,14.9,27.8,41.7,8.8,26.0,7.5,45946,7.0,66.2,15.8,9.3,764,26,085
"Lapeer County, Michigan",88687,44.5,20.2,18.9,30.4,12.7,14.4,5.3,75402,6.4,7.1,14.5,4.3,908,26,087
"Leelanau County, Michigan",22426,55.2,15.6,32.4,20.7,28.1,13.9,3.2,82345,4.7,40.2,10.1,4.0,1157,26,089
"Lenawee County, Michigan",99263,42.0,20.7,19.5,41.2,14.4,14.1,5.6,65484,5.5,11.5,21.4,5.2,924,26,091
"Livingston County, Michigan",194302,43.6,20.6,18.3,24.1,25.8,10.9,4.0,96135,3.3,4.9,14.1,3.0,1207,26,093
"Luce County, Michigan",5442,47.7,18.8,25.8,35.9,10.0,24.5,8.3,51015,2.6,46.4,17.6,5.6,746,26,095
"Mackinac County, Michigan",10843,52.7,15.2,28.8,57.3,16.0,19.0,10.1,60620,11.2,50.6,24.0,12.1,749,26,097
"Macomb County, Michigan",878453,41.0,20.8,17.5,24.4,17.3,14.0,5.7,73876,5.1,4.3,25.2,5.8,1124,26,099
"Manistee County, Michigan",25058,50.0,17.0,26.6,46.3,15.8,18.9,6.6,59467,4.5,36.2,13.9,5.0,801,26,101
"Marquette County, Michigan",66376,39.1,17.7,19.7,10.2,23.8,14.6,5.6,63115,4.1,18.6,28.8,6.0,904,26,103
"Mason County, Michigan",29178,46.7,20.1,24.9,52.5,14.4,16.5,4.8,60744,6.6,29.5,21.9,6.8,846,26,105
"Mecosta County, Michigan",40128,40.6,19.5,19.7,35.8,14.8,17.5,5.5,54132,7.8,23.3,24.1,6.2,844,26,107
"Menominee County, Michigan",23433,49.6,17.8,25.5,37.6,11.1,16.4,4.5,54074,5.0,25.1,19.4,6.8,663,26,109
"Midland County, Michigan",83503,41.7,21.1,19.5,17.1,21.3,13.8,5.0,73643,3.9,7.0,22.0,5.8,931,26,111
"Missaukee County, Michigan",15089,42.6,22.3,20.9,15.5,11.9,18.1,6.9,57667,9.1,32.9,19.0,3.9,808,26,113
"Monroe County, Michigan",154823,42.6,21.1,18.9,17.5,14.5,14.8,5.7,72573,3.6,5.6,19.2,5.2,996,26,115
"Montcalm County, Michigan",66901,40.6,21.1,17.4,18.6,9.9,16.5,4.2,61250,8.4,14.2,18.4,6.0,823,26,117
"Montmorency County, Michigan",9261,56.2,15.1,31.9,5.3,10.1,24.0,6.2,46345,6.5,47.7,15.8,7.4,802,26,119
"Muskegon County, Michigan",175947,39.4,22.6,17.6,41.4,14.4,14.3,7.5,61347,4.9,10.8,22.7,7.1,915,26,121
"Newaygo County, Michigan",50130,42.4,22.1,19.8,35.6,12.4,18.6,4.7,59065,7.5,22.9,14.4,4.4,854,26,123
"Oakland County, Michigan",1272264,41.1,20.5,17.5,23.6,27.9,11.4,4.8,92620,4.1,5.5,28.1,5.5,1243,26,125
"Oceana County, Michigan",26707,43.8,21.9,21.3,43.4,12.5,16.9,5.0,60691,8.9,36.4,15.3,4.8,796,26,127
"Ogemaw County, Michigan",20820,50.6,18.1,26.5,57.4,9.8,22.4,7.1,50377,5.0,40.8,17.7,5.7,782,26,129
"Ontonagon County, Michigan",5862,59.2,11.5,37.1,85.2,10.3,20.1,6.3,48316,4.0,45.5,11.6,4.9,545,26,131
"Osceola County, Michigan",23022,43.5,22.5,21.3,26.9,11.1,19.6,7.7,54875,9.1,29.7,16.7,6.9,739,26,133
"Oscoda County, Michigan",8264,52.0,19.6,28.3,27.8,9.4,23.0,8.9,48692,14.9,54.8,12.7,7.2,736,26,135
"Otsego County, Michigan",25221,44.6,20.9,21.7,50.0,17.3,16.7,4.8,62865,7.5,27.7,23.9,5.9,865,26,137
"Ottawa County, Michigan",296183,35.8,23.4,15.7,22.0,24.2,10.1,3.8,83932,3.4,5.5,21.8,3.9,1080,26,139
"Presque Isle County, Michigan",13083,56.1,15.7,32.3,31.1,13.5,18.5,6.4,55986,6.0,38.0,10.6,5.7,633,26,141
"Roscommon County, Michigan",23556,57.0,14.5,33.1,30.3,10.5,24.0,5.7,49898,5.4,51.0,16.9,7.9,776,26,143
"Saginaw County, Michigan",189821,41.0,21.4,19.6,48.5,14.9,17.7,6.6,56579,4.5,9.4,27.3,8.0,876,26,145
"St. Clair County, Michigan",160257,44.1,20.5,19.4,47.3,12.5,16.7,6.7,66887,4.7,8.6,19.7,5.6,982,26,147
"St. Joseph County, Michigan",60887,39.8,24.3,18.2,36.9,10.7,16.8,5.3,62281,9.1,13.7,25.5,8.2,811,26,149
"Sanilac County, Michigan",40759,45.2,21.1,22.3,42.1,10.1,17.9,6.5,55740,7.5,20.6,20.3,6.0,770,26,151
"Schoolcraft County, Michigan",8062,51.8,17.4,27.5,75.3,13.0,21.1,7.9,55071,6.9,36.8,15.7,7.4,572,26,153
"Shiawassee County, Michigan",68124,43.2,20.8,19.1,34.8,12.8,15.6,4.1,62498,4.8,7.6,22.1,5.8,851,26,155
"Tuscola County, Michigan",53218,44.7,20.3,21.0,48.1,10.3,19.3,6.1,59815,5.1,10.3,15.1,5.2,782,26,157
"Van Buren County, Michigan",75636,40.8,23.0,18.9,45.0,14.2,13.4,4.7,65531,7.5,20.1,19.9,5.5,843,26,159
"Washtenaw County, Michigan",370231,34.4,18.3,14.8,32.5,26.9,10.1,4.7,84245,3.5,5.3,38.8,8.1,1335,26,161
"Wayne County, Michigan",1781641,37.7,23.6,15.8,48.8,16.0,15.4,9.0,57223,5.8,13.1,36.0,12.1,1043,26,163
"Wexford County, Michigan",33766,42.2,22.9,20.0,33.6,13.0,17.7,6.3,58652,6.8,20.1,19.2,5.4,831,26,165
"Aitkin County, Minnesota",15859,56.2,16.3,33.6,13.3,12.5,20.6,5.8,56406,5.6,52.1,15.4,5.2,815,27,001
"Anoka County, Minnesota",363985,38.8,23.6,14.6,20.3,22.7,9.8,4.0,95782,4.3,3.0,19.8,4.7,1356,27,003
"Becker County, Minnesota",35202,42.5,23.9,21.4,41.0,18.1,14.7,4.3,68683,6.4,28.2,21.8,5.1,854,27,005
"Beltrami County, Minnesota",46274,35.0,24.9,16.6,51.3,19.3,14.8,5.4,62173,8.1,16.5,32.2,6.9,935,27,007
"Benton County, Minnesota",41300,36.2,25.6,13.6,25.2,16.5,11.2,3.7,70346,3.5,5.8,33.5,5.3,907,27,009
"Big Stone County, Minnesota",5161,47.7,21.2,25.8,19.0,12.7,13.1,2.0,63024,4.8,24.8,24.3,4.7,707,27,011
"Blue Earth County, Minnesota",69022,31.4,19.6,14.5,27.7,23.2,10.9,3.7,70906,3.6,7.4,38.6,7.0,1007,27,013
"Brown County, Minnesota",25880,42.0,21.7,21.4,28.8,17.0,11.5,2.7,67038,4.1,7.1,21.4,4.6,825,27,015
"Carlton County, Minnesota",36362,41.6,22.1,17.9,38.8,16.7,15.4,4.7,74660,4.8,12.4,20.4,4.8,955,27,017
"Carver County, Minnesota",107216,38.5,25.8,13.2,9.2,33.0,7.7,3.1,116308,2.6,3.1,18.0,4.0,1384,27,019
"Cass County, Minnesota",30288,49.0,20.7,26.4,46.1,17.6,15.1,6.4,61970,7.7,48.3,15.9,4.5,874,27,021
"Chippewa County, Minnesota",12466,41.8,23.3,21.7,41.6,13.2,15.3,5.2,62112,6.9,7.7,29.2,7.4,788,27,023
"Chisago County, Minnesota",56927,40.8,22.5,16.0,22.7,16.7,11.2,3.7,97446,3.9,6.8,13.5,4.0,1095,27,025
"Clay County, Minnesota",65307,32.8,24.7,13.5,21.9,25.1,11.8,4.0,75006,3.8,5.5,33.9,8.4,972,27,027
"Clearwater County, Minnesota",8541,41.6,24.9,20.7,48.2,12.9,17.7,7.6,62723,12.5,28.4,18.1,8.5,753,27,029
"Cook County, Minnesota",5611,52.2,15.0,29.3,11.1,28.1,13.2,3.1,71937,5.1,55.3,21.9,4.0,874,27,031
"Cottonwood County, Minnesota",11481,41.4,24.7,22.7,17.2,16.9,13.6,3.9,63586,4.4,10.5,23.3,5.6,755,27,033
"Crow Wing County, Minnesota",66558,45.0,20.9,23.5,21.1,17.8,15.1,5.0,65975,6.0,32.7,22.7,4.8,888,27,035
"Dakota County, Minnesota",439179,38.4,24.0,15.0,22.6,30.1,9.9,3.7,101360,3.7,2.7,24.1,4.5,1410,27,037
"Dodge County, Minnesota",20893,38.3,25.4,15.2,37.8,22.4,9.6,2.9,92890,4.8,6.1,12.8,3.8,901,27,039
"Douglas County, Minnesota",39081,44.2,21.5,23.6,14.7,19.8,11.9,3.1,72472,3.6,21.2,24.3,5.4,847,27,041
"Faribault County, Minnesota",13931,44.6,21.8,22.8,35.5,16.3,13.3,4.3,64000,5.3,13.1,19.6,5.1,697,27,043
"Fillmore County, Minnesota",21251,42.1,24.5,21.5,30.1,15.6,11.1,3.2,73234,7.9,12.0,17.9,6.2,724,27,045
"Freeborn County, Minnesota",30857,44.1,21.9,22.4,39.1,12.0,13.5,4.4,65679,6.6,8.9,21.6,6.3,803,27,047
"Goodhue County, Minnesota",47697,42.0,22.1,19.9,37.3,18.3,10.1,4.0,78338,5.4,6.1,22.5,6.6,895,27,049
"Grant County, Minnesota",6091,44.3,22.9,23.4,27.0,14.0,15.3,3.7,67600,5.1,19.8,20.1,4.2,778,27,051
"Hennepin County, Minnesota",1270787,37.2,21.7,14.8,21.9,33.0,10.1,4.3,92595,4.7,5.0,37.0,8.9,1373,27,053
"Houston County, Minnesota",18826,44.6,21.7,22.1,7.9,19.9,11.4,1.6,71580,4.9,8.0,17.1,3.5,870,27,055
"Hubbard County, Minnesota",21479,48.1,21.1,25.8,30.1,19.4,14.7,4.3,67197,5.8,40.4,18.2,5.2,827,27,057
"Isanti County, Minnesota",41257,40.2,23.2,16.6,37.8,14.5,12.7,4.2,84063,5.1,6.7,16.0,3.3,1161,27,059
"Itasca County, Minnesota",45054,46.8,20.3,24.6,35.4,16.0,18.0,6.2,63962,5.1,29.2,17.5,5.6,896,27,061
"Jackson County, Minnesota",9990,44.4,21.6,22.6,13.3,17.5,14.3,2.0,68368,4.0,10.6,19.2,4.9,764,27,063
"Kanabec County, Minnesota",16145,44.8,21.4,21.3,28.7,9.3,15.9,4.4,68995,4.9,16.1,15.3,4.5,863,27,065
"Kandiyohi County, Minnesota",43686,40.0,24.3,19.7,49.7,18.3,13.2,3.8,73285,6.1,14.5,26.1,5.5,800,27,067
"Kittson County, Minnesota",4191,48.0,21.7,26.3,0.0,18.9,10.9,3.1,66000,4.4,24.5,18.9,4.6,649,27,069
"Koochiching County, Minnesota",12072,50.6,17.7,27.0,41.5,13.0,19.0,5.1,59779,6.0,23.3,19.3,6.9,686,27,071
"Lac qui Parle County, Minnesota",6736,48.7,20.9,27.2,23.3,15.7,15.9,2.1,66967,3.0,18.5,16.7,3.4,750,27,073
"Lake County, Minnesota",10915,49.7,19.0,26.9,0.0,17.0,15.7,2.8,73860,4.9,31.8,17.0,4.3,837,27,075
"Lake of the Woods County, Minnesota",3786,51.2,18.5,25.1,7.0,16.0,12.6,2.1,61667,4.7,52.5,17.3,2.4,821,27,077
"Le Sueur County, Minnesota",28795,41.3,23.3,18.1,33.0,17.4,10.4,3.6,87180,5.7,12.0,18.6,2.8,878,27,079
"Lincoln County, Minnesota",5630,44.6,23.4,24.3,22.7,15.7,13.2,2.7,64750,5.5,20.5,18.0,3.0,677,27,081
"Lyon County, Minnesota",25352,36.8,26.0,16.8,20.2,19.8,12.2,3.0,68919,6.4,11.3,29.9,7.3,718,27,083
"McLeod County, Minnesota",36727,41.3,22.3,19.4,45.5,12.4,13.9,3.2,73296,5.1,6.6,23.2,4.0,831,27,085
"Mahnomen County, Minnesota",5389,35.1,31.4,17.2,67.5,9.7,16.8,10.3,52739,13.7,26.9,29.2,8.2,693,27,087
"Marshall County, Minnesota",9017,42.8,23.3,22.2,31.5,14.5,12.4,2.9,69396,4.1,15.4,14.7,3.9,694,27,089
"Martin County, Minnesota",19960,44.8,21.9,23.6,10.0,15.4,16.0,5.2,61674,5.6,8.9,27.4,6.1,767,27,091
"Meeker County, Minnesota",23352,42.3,24.0,20.1,30.8,13.8,12.1,2.5,75926,5.1,15.5,18.0,4.6,860,27,093
"Mille Lacs County, Minnesota",26680,40.8,23.5,18.2,50.7,11.3,15.7,4.7,68088,5.5,18.1,23.8,6.7,874,27,095
"Morrison County, Minnesota",34023,42.2,23.1,20.1,36.3,12.3,12.9,4.1,66264,4.4,15.0,19.9,5.2,779,27,097
"Mower County, Minnesota",40082,39.1,25.3,18.5,37.5,16.0,12.0,3.2,66972,4.6,7.6,25.0,5.9,818,27,099
"Murray County, Minnesota",8170,46.7,21.8,25.9,2.8,16.7,12.5,3.0,71500,5.1,20.1,17.6,4.1,697,27,101
"Nicollet County, Minnesota",34380,37.1,21.7,16.9,28.5,23.3,12.1,1.9,79113,3.7,4.1,25.8,5.3,901,27,103
"Nobles County, Minnesota",22194,36.4,27.7,17.2,45.1,13.2,13.1,3.0,62973,12.0,8.7,25.5,7.1,852,27,105
"Norman County, Minnesota",6457,43.7,23.8,21.3,25.0,17.6,13.7,5.1,65278,6.2,17.2,18.9,5.1,717,27,107
"Olmsted County, Minnesota",162307,37.6,24.1,16.0,24.7,26.6,9.5,3.4,90420,3.8,4.7,29.2,6.7,1193,27,109
"Otter Tail County, Minnesota",60072,46.1,21.7,24.4,23.2,18.1,14.0,5.3,67990,5.1,31.8,19.9,5.6,769,27,111
"Pennington County, Minnesota",13995,39.8,22.5,18.4,28.6,14.3,14.7,1.9,71504,3.2,7.8,27.4,4.7,935,27,113
"Pine County, Minnesota",29090,45.6,19.4,21.3,32.1,10.8,18.3,5.8,65059,6.0,33.1,16.4,6.2,863,27,115
"Pipestone County, Minnesota",9380,40.0,27.1,20.4,8.4,14.1,13.4,2.9,68341,6.7,8.6,20.5,5.6,677,27,117
"Polk County, Minnesota",31128,39.3,24.5,18.7,27.2,19.5,12.7,3.4,69540,4.8,15.0,28.4,6.5,822,27,119
"Pope County, Minnesota",11312,46.2,21.0,25.1,35.5,15.2,13.3,1.0,71212,3.2,23.2,19.5,4.6,779,27,121
"Ramsey County, Minnesota",547202,35.7,23.1,15.1,26.3,27.1,12.0,4.7,78108,5.3,5.4,39.0,10.3,1214,27,123
"Red Lake County, Minnesota",3912,42.9,24.4,21.8,37.7,14.4,13.2,1.5,73889,2.8,12.5,17.6,4.5,631,27,125
"Redwood County, Minnesota",15428,40.4,25.0,21.4,20.4,15.0,11.3,1.7,65617,6.9,14.6,19.9,4.2,759,27,127
"Renville County, Minnesota",14707,42.3,23.2,21.1,58.2,14.1,12.5,3.1,66313,4.7,15.5,21.2,6.3,746,27,129
"Rice County, Minnesota",67152,37.1,21.5,16.2,35.0,18.8,9.6,5.3,78214,6.0,7.2,24.5,5.0,1021,27,131
"Rock County, Minnesota",9659,40.9,25.1,20.0,18.1,20.0,11.8,2.8,75060,4.2,7.4,22.9,6.1,788,27,133
"Roseau County, Minnesota",15294,42.1,23.9,18.2,41.8,15.9,10.9,4.3,70122,4.8,18.5,19.6,5.4,794,27,135
"St. Louis County, Minnesota",200122,41.2,18.7,20.3,36.4,20.1,14.7,4.6,66491,3.7,17.3,28.1,8.5,927,27,137
"Scott County, Minnesota",151347,37.3,26.5,11.8,8.0,30.1,8.1,3.2,118268,3.4,3.0,16.5,3.0,1419,27,139
"Sherburne County, Minnesota",97820,36.6,25.9,11.7,40.6,19.4,9.5,3.0,99431,3.3,4.6,16.6,4.1,1166,27,141
"Sibley County, Minnesota",14950,41.9,22.9,18.7,8.3,14.3,12.5,3.2,74781,4.5,9.0,18.7,5.0,818,27,143
"Stearns County, Minnesota",158622,34.9,23.2,15.5,24.5,18.7,11.2,4.4,73105,4.3,8.0,32.5,5.6,975,27,145
"Steele County, Minnesota",37396,39.9,24.5,18.4,31.9,18.7,11.0,3.4,79722,3.7,4.6,22.6,7.4,914,27,147
"Stevens County, Minnesota",9682,33.8,21.9,17.3,7.0,20.3,11.3,1.4,69737,5.0,9.6,32.2,4.3,821,27,149
"Swift County, Minnesota",9806,43.8,22.9,23.1,21.8,19.0,16.6,3.7,58362,5.9,11.3,26.3,4.6,823,27,151
"Todd County, Minnesota",25277,43.3,23.8,22.1,25.2,10.5,13.6,4.1,63216,9.4,23.9,16.5,6.1,785,27,153
"Traverse County, Minnesota",3345,45.3,21.6,24.6,26.9,11.9,14.3,4.0,63456,2.4,24.1,20.5,5.2,589,27,155
"Wabasha County, Minnesota",21460,45.4,21.6,22.4,13.2,18.4,12.6,2.2,75063,4.1,9.4,18.6,4.7,800,27,157
"Wadena County, Minnesota",14108,40.0,26.3,20.1,33.1,14.4,15.4,6.1,54747,6.1,17.7,27.7,9.1,694,27,159
"Waseca County, Minnesota",18953,40.2,23.1,18.1,33.8,16.4,11.8,3.3,71856,3.9,5.1,18.6,3.3,831,27,161
"Washington County, Minnesota",268651,39.8,24.1,15.8,17.0,30.8,9.4,3.0,110828,3.5,3.5,18.5,4.1,1577,27,163
"Watonwan County, Minnesota",11205,41.0,24.5,20.3,26.2,13.5,12.1,6.1,65197,11.4,11.8,20.0,6.5,736,27,165
"Wilkin County, Minnesota",6454,41.9,21.7,18.9,30.5,18.8,14.2,5.0,67114,2.6,10.9,19.6,5.2,549,27,167
"Winona County, Minnesota",49792,35.6,17.7,17.8,27.5,21.0,11.1,2.8,66162,5.2,6.9,31.3,7.3,803,27,169
"Wright County, Minnesota",142543,37.4,27.5,13.0,8.6,23.2,9.1,2.2,102980,4.5,6.2,16.8,2.8,1149,27,171
"Yellow Medicine County, Minnesota",9569,42.3,23.2,20.5,12.9,14.1,13.2,3.2,70605,3.9,12.1,17.1,5.4,640,27,173
"Adams County, Mississippi",29425,41.5,21.6,20.3,70.3,12.0,15.1,7.1,37271,12.7,22.0,35.0,8.6,695,28,001
"Alcorn County, Mississippi",34717,40.1,22.7,18.5,32.5,11.3,22.7,6.4,47716,13.6,14.0,34.1,7.7,700,28,003
"Amite County, Mississippi",12683,48.2,20.5,24.6,72.4,4.4,27.6,7.5,34866,11.4,19.3,19.1,7.6,677,28,005
"Attala County, Mississippi",17842,39.1,25.2,19.2,67.5,11.5,18.8,7.2,42680,9.9,24.5,24.8,8.1,693,28,007
"Benton County, Mississippi",7637,41.7,21.0,20.7,80.7,6.1,22.4,4.4,38750,13.8,24.4,19.0,6.3,675,28,009
"Bolivar County, Mississippi",30688,36.6,24.5,16.4,59.2,15.0,17.5,7.4,37845,14.6,14.5,40.4,10.8,698,28,011
"Calhoun County, Mississippi",13193,42.8,22.6,19.6,50.9,7.6,22.2,4.2,44505,11.5,16.3,28.8,7.5,617,28,013
"Carroll County, Mississippi",9930,45.5,17.8,24.0,25.1,14.1,21.0,6.0,42285,7.5,18.4,17.7,5.1,563,28,015
"Chickasaw County, Mississippi",17024,39.3,24.8,18.5,41.8,8.4,17.9,3.1,40224,10.6,13.2,32.2,9.5,709,28,017
"Choctaw County, Mississippi",8208,43.0,21.2,22.2,18.5,10.0,25.2,7.3,41887,12.4,18.8,23.8,5.8,649,28,019
"Claiborne County, Mississippi",9044,33.9,21.5,18.1,68.3,8.4,12.3,9.0,34282,19.5,33.5,24.5,12.0,584,28,021
"Clarke County, Mississippi",15553,42.1,22.3,20.7,37.1,8.6,26.2,5.6,46329,14.0,19.8,14.3,6.8,752,28,023
"Clay County, Mississippi",18598,39.5,22.7,19.0,38.0,11.3,8.1,8.9,37412,11.5,15.9,31.7,8.0,731,28,025
"Coahoma County, Mississippi",21264,35.7,26.6,15.8,74.8,12.6,14.7,10.8,36075,13.4,17.8,46.6,12.0,706,28,027
"Copiah County, Mississippi",28210,39.6,22.5,18.2,24.3,15.5,15.2,5.2,46889,14.4,20.7,23.7,7.4,696,28,029
"Covington County, Mississippi",18323,37.8,24.3,17.3,69.9,11.0,18.2,5.8,40164,9.9,16.6,24.6,6.5,711,28,031
"DeSoto County, Mississippi",186214,37.1,25.2,13.1,31.1,18.0,11.9,4.4,79666,8.9,5.8,23.6,3.7,1252,28,033
"Forrest County, Mississippi",77917,31.9,22.4,13.6,51.5,15.3,20.2,7.4,49340,11.4,12.5,44.1,8.0,911,28,035
"Franklin County, Mississippi",7690,42.7,23.1,20.7,96.9,11.8,24.2,2.6,43942,10.9,30.6,24.1,3.3,697,28,037
"George County, Mississippi",24547,36.4,26.4,15.2,20.9,11.7,20.4,10.4,51349,13.6,12.5,18.1,6.1,796,28,039
"Greene County, Mississippi",13672,39.7,18.7,14.6,74.2,7.2,24.5,12.6,50000,14.1,23.7,23.8,7.2,753,28,041
"Grenada County, Mississippi",21474,38.4,23.9,18.2,27.1,13.2,19.9,4.1,45745,12.8,19.0,31.7,6.9,773,28,043
"Hancock County, Mississippi",46010,45.4,19.5,21.4,46.4,13.2,18.4,6.2,63623,10.3,15.3,19.3,3.8,956,28,045
"Harrison County, Mississippi",208748,37.6,23.7,15.8,43.1,15.3,18.5,8.4,55211,14.1,13.1,40.4,5.9,1034,28,047
"Hinds County, Mississippi",226541,36.1,23.6,15.2,65.4,17.9,14.6,7.8,48596,12.5,15.5,42.2,7.2,1004,28,049
"Holmes County, Mississippi",16848,35.5,25.0,15.8,83.5,10.7,32.1,8.8,28818,12.1,23.4,37.5,15.1,610,28,051
"Humphreys County, Mississippi",7744,38.4,25.8,17.4,95.2,9.2,27.7,13.7,31907,15.5,15.8,40.1,12.2,669,28,053
"Issaquena County, Mississippi",1206,43.1,10.4,21.0,50.0,2.9,37.7,12.1,17900,12.8,12.7,49.2,17.3,297,28,055
"Itawamba County, Mississippi",23888,39.9,21.2,17.5,4.4,9.0,14.9,2.8,57252,10.5,14.2,20.2,3.8,789,28,057
"Jackson County, Mississippi",143721,39.4,23.0,16.5,37.2,15.4,20.5,8.1,60045,12.9,11.4,28.9,4.5,1001,28,059
"Jasper County, Mississippi",16320,41.5,22.7,20.7,61.0,10.7,19.4,3.8,43914,11.3,20.1,15.7,9.4,804,28,061
"Jefferson County, Mississippi",7207,41.3,21.7,18.1,100.0,10.5,14.5,5.4,31544,11.3,25.2,27.7,5.8,411,28,063
"Jefferson Davis County, Mississippi",11291,44.5,19.9,23.2,59.6,7.0,21.3,9.2,36473,12.7,21.3,18.1,7.0,644,28,065
"Jones County, Mississippi",67152,37.7,24.8,17.4,45.7,12.5,16.3,3.7,49451,11.0,15.0,25.4,6.0,779,28,067
"Kemper County, Mississippi",8980,39.7,18.2,20.6,62.0,8.3,21.6,14.1,42947,14.8,20.6,23.2,4.9,475,28,069
"Lafayette County, Mississippi",56172,30.7,18.0,13.1,65.3,24.2,9.5,2.8,59748,9.1,33.6,35.6,5.9,1092,28,071
"Lamar County, Mississippi",64425,37.3,24.4,14.4,7.8,21.1,14.5,5.8,67972,12.7,8.9,32.9,4.5,1034,28,073
"Lauderdale County, Mississippi",72741,38.5,23.5,17.9,54.0,13.0,17.9,5.5,45649,9.9,15.6,37.3,9.8,865,28,075
"Lawrence County, Mississippi",11933,41.1,25.2,18.8,41.5,7.4,27.3,12.0,41096,13.9,22.5,21.3,5.3,785,28,077
"Leake County, Mississippi",21335,40.5,22.9,17.5,56.6,10.0,23.3,6.0,46669,15.9,18.5,24.0,8.9,771,28,079
"Lee County, Mississippi",83343,37.4,24.9,15.2,28.2,18.2,14.0,5.6,64479,11.2,14.2,30.1,4.9,898,28,081
"Leflore County, Mississippi",27920,34.4,27.8,14.6,72.4,9.4,13.4,11.8,33115,14.4,23.8,45.1,12.9,688,28,083
"Lincoln County, Mississippi",34855,40.7,23.1,17.0,41.4,12.4,14.9,4.3,47069,13.9,17.4,24.5,4.4,705,28,085
"Lowndes County, Mississippi",58547,37.1,23.7,16.6,39.2,16.2,11.7,6.2,53687,10.6,16.0,38.1,6.8,903,28,087
"Madison County, Mississippi",109257,38.4,24.4,14.5,26.4,28.4,10.7,4.2,79105,7.4,8.6,27.5,3.7,1062,28,089
"Marion County, Mississippi",24362,40.3,23.3,18.5,67.2,6.3,21.9,9.5,38399,15.7,18.5,20.6,5.8,625,28,091
"Marshall County, Mississippi",33980,41.9,20.6,18.3,78.4,8.7,19.6,4.8,51431,11.6,15.6,22.6,3.8,887,28,093
"Monroe County, Mississippi",34168,41.4,22.6,19.6,47.3,10.5,14.0,5.5,51190,10.5,19.9,24.4,5.1,724,28,095
"Montgomery County, Mississippi",9803,42.0,22.7,22.1,82.3,9.0,21.2,7.8,36845,9.7,27.5,33.4,8.6,656,28,097
"Neshoba County, Mississippi",28970,37.0,27.6,16.5,49.1,7.5,18.1,9.3,47400,12.7,15.6,28.0,8.3,756,28,099
"Newton County, Mississippi",21275,38.2,24.0,17.3,57.9,9.9,20.9,4.3,49160,14.3,15.4,20.4,5.5,684,28,101
"Noxubee County, Mississippi",10261,40.4,24.8,17.1,43.4,9.6,24.5,9.3,42298,18.7,22.1,25.4,7.1,582,28,103
"Oktibbeha County, Mississippi",51388,25.4,17.4,11.7,62.0,22.4,10.8,6.8,42953,7.9,16.0,52.5,4.9,880,28,105
"Panola County, Mississippi",33157,39.4,24.6,16.8,51.1,9.8,17.7,9.5,47894,13.6,15.4,29.1,5.3,830,28,107
"Pearl River County, Mississippi",56351,40.8,22.5,19.1,32.3,11.3,20.7,5.6,54220,13.1,14.8,19.7,2.9,909,28,109
"Perry County, Mississippi",11511,42.3,22.1,18.6,51.9,6.8,29.5,6.3,48333,14.1,18.2,19.9,4.5,732,28,111
"Pike County, Mississippi",40098,37.3,25.6,17.2,89.4,9.5,18.9,7.2,40131,12.7,22.5,34.9,6.8,831,28,113
"Pontotoc County, Mississippi",31202,35.7,26.3,15.1,4.0,10.9,18.5,2.9,54414,12.0,16.4,27.9,3.3,820,28,115
"Prentiss County, Mississippi",24945,38.0,22.1,17.7,31.5,11.5,18.0,5.0,51578,8.8,15.6,22.4,5.9,656,28,117
"Quitman County, Mississippi",6113,40.1,22.8,17.8,84.5,10.2,17.0,12.2,31192,15.8,13.3,42.7,14.6,634,28,119
"Rankin County, Mississippi",157185,38.9,22.6,16.1,24.6,21.1,13.8,4.4,76460,9.3,7.3,23.1,2.4,1177,28,121
"Scott County, Mississippi",27943,36.7,27.2,16.1,47.6,7.2,19.6,6.0,44968,13.3,14.8,26.6,8.1,775,28,123
"Sharkey County, Mississippi",3910,37.0,23.9,17.6,100.0,11.3,21.6,12.8,41000,20.3,19.4,42.1,15.1,628,28,125
"Simpson County, Mississippi",25889,40.4,23.7,18.2,16.5,11.6,20.0,6.0,50867,12.7,18.1,18.5,4.4,793,28,127
"Smith County, Mississippi",14310,42.8,23.0,20.3,47.9,7.6,20.5,3.5,51983,15.0,18.5,12.9,6.8,649,28,129
"Stone County, Mississippi",18360,39.4,21.6,17.9,39.5,8.3,21.9,8.1,55894,12.5,13.5,22.1,6.9,772,28,131
"Sunflower County, Mississippi",25867,36.7,21.4,14.4,71.2,10.0,14.7,11.1,37403,11.6,13.7,44.0,9.3,650,28,133
"Tallahatchie County, Mississippi",12621,37.7,20.4,16.5,53.5,6.8,16.4,11.0,35428,15.9,21.6,36.3,10.8,682,28,135
"Tate County, Mississippi",28094,38.3,22.7,16.4,44.5,9.6,15.5,7.2,61286,12.9,7.9,26.3,4.0,876,28,137
"Tippah County, Mississippi",21769,39.6,23.8,16.8,20.2,10.0,20.9,6.0,47968,14.2,18.2,27.3,3.7,703,28,139
"Tishomingo County, Mississippi",18837,43.6,21.5,20.9,14.4,8.1,21.9,3.5,45545,12.0,19.6,26.4,5.0,677,28,141
"Tunica County, Mississippi",9787,33.2,28.5,12.9,100.0,12.5,10.5,12.2,41676,13.1,22.5,56.3,9.5,901,28,143
"Union County, Mississippi",27880,38.6,25.1,16.6,42.7,12.3,19.2,4.1,55970,10.1,15.7,25.4,4.1,855,28,145
"Walthall County, Mississippi",13888,40.0,23.0,19.9,87.8,11.0,23.8,6.5,37145,10.4,23.1,18.0,5.5,708,28,147
"Warren County, Mississippi",44341,39.9,23.7,17.6,31.6,16.6,19.8,4.7,54117,11.2,21.9,28.2,6.5,874,28,149
"Washington County, Mississippi",44604,37.9,25.3,17.1,68.4,13.0,24.6,9.5,38394,13.4,17.4,42.2,12.4,756,28,151
"Wayne County, Mississippi",19760,38.8,24.5,17.3,57.0,10.0,18.9,8.7,34875,18.2,18.4,12.7,6.5,771,28,153
"Webster County, Mississippi",9942,40.1,23.7,18.9,29.0,10.8,20.4,6.4,55657,13.5,19.7,22.1,6.9,626,28,155
"Wilkinson County, Mississippi",8531,38.9,20.9,18.1,100.0,7.3,24.3,6.3,34928,9.8,29.0,17.9,6.8,497,28,157
"Winston County, Mississippi",17741,41.9,21.9,21.3,39.5,12.1,24.2,6.9,45516,11.0,13.3,28.5,7.0,622,28,159
"Yalobusha County, Mississippi",12499,41.8,21.8,20.9,3.1,7.0,18.6,5.0,47006,13.2,20.7,30.3,6.1,683,28,161
"Yazoo County, Mississippi",27467,36.8,21.2,13.2,37.1,8.7,24.3,10.4,41867,13.7,15.5,42.6,11.1,829,28,163
"Adair County, Missouri",25299,29.0,18.2,14.9,12.2,15.4,11.5,5.5,51020,8.1,21.9,38.1,7.0,758,29,001
"Andrew County, Missouri",18069,41.5,22.9,19.9,25.9,16.5,12.1,4.1,68774,6.3,8.9,21.6,3.5,872,29,003
"Atchison County, Missouri",5270,48.1,20.7,25.3,45.0,15.8,17.3,2.6,58521,11.6,14.4,28.0,4.4,608,29,005
"Audrain County, Missouri",24873,40.4,22.6,18.0,25.8,10.2,19.4,3.9,51745,15.0,15.1,28.0,6.7,707,29,007
"Barry County, Missouri",34701,43.2,22.4,21.9,32.2,9.5,16.1,3.6,55592,13.1,21.2,26.8,3.5,710,29,009
"Barton County, Missouri",11683,40.7,23.6,20.6,18.5,13.3,21.3,6.1,48105,11.5,15.7,29.8,7.8,681,29,011
"Bates County, Missouri",16101,40.7,23.6,19.0,49.5,9.2,17.7,7.5,54122,10.6,17.9,26.9,7.4,736,29,013
"Benton County, Missouri",19616,54.1,17.3,30.7,57.9,8.3,23.5,5.0,50229,11.7,40.1,17.4,6.2,825,29,015
"Bollinger County, Missouri",10658,44.7,21.4,20.5,59.4,7.1,20.0,4.9,52306,10.3,25.4,19.5,3.8,752,29,017
"Boone County, Missouri",184043,31.8,20.1,12.9,32.1,27.9,12.3,3.9,66564,6.6,7.4,42.4,6.1,994,29,019
"Buchanan County, Missouri",84544,38.6,22.5,16.8,55.5,16.2,17.4,4.8,58303,12.8,13.0,36.6,8.8,856,29,021
"Butler County, Missouri",42280,40.7,23.3,19.0,41.7,8.8,22.8,5.3,47245,13.3,15.9,34.6,8.8,729,29,023
"Caldwell County, Missouri",8876,42.7,23.6,20.0,18.9,11.3,15.0,4.8,58269,11.0,18.3,20.0,6.6,632,29,025
"Callaway County, Missouri",44517,39.6,20.8,16.9,13.0,16.1,13.4,5.2,70599,10.0,14.0,22.7,4.0,807,29,027
"Camden County, Missouri",43227,52.6,17.4,28.6,31.2,14.8,18.6,5.2,59834,12.7,58.5,18.1,2.8,799,29,029
"Cape Girardeau County, Missouri",81703,36.9,21.3,17.0,20.8,21.5,14.0,3.2,65070,6.9,11.1,32.8,5.8,854,29,031
"Carroll County, Missouri",8513,43.7,22.2,21.9,40.7,13.3,13.8,4.7,59101,7.0,23.1,28.9,6.1,754,29,033
"Carter County, Missouri",5299,42.0,21.9,20.2,31.8,9.4,29.6,1.2,45737,16.1,28.8,30.6,10.5,625,29,035
"Cass County, Missouri",108205,39.9,23.7,17.2,36.6,18.4,14.0,4.5,82473,8.6,5.7,23.8,4.0,1097,29,037
"Cedar County, Missouri",14314,44.8,24.1,23.4,22.8,10.0,22.4,2.5,43589,16.0,21.2,26.4,7.2,759,29,039
"Chariton County, Missouri",7417,45.7,22.5,25.0,34.1,13.7,17.3,4.3,61910,8.1,32.2,18.3,4.6,525,29,041
"Christian County, Missouri",89568,39.1,25.2,16.1,23.6,19.1,12.9,3.6,75787,8.6,5.5,24.1,2.5,937,29,043
"Clark County, Missouri",6693,42.8,24.6,20.6,42.2,8.3,14.2,3.9,53362,12.2,28.9,21.6,5.8,580,29,045
"Clay County, Missouri",253085,37.5,23.8,14.6,20.4,23.0,11.9,4.0,82264,7.8,5.7,31.8,4.5,1133,29,047
"Clinton County, Missouri",21155,40.9,23.4,18.0,23.8,15.8,14.4,6.1,66494,9.0,10.1,24.1,4.1,938,29,049
"Cole County, Missouri",76890,39.6,22.2,17.3,39.5,23.0,12.1,3.1,70667,7.0,9.5,32.7,5.3,783,29,051
"Cooper County, Missouri",16893,38.8,22.2,18.6,16.4,15.7,16.1,5.0,62239,9.8,16.2,23.1,4.4,724,29,053
"Crawford County, Missouri",23023,42.3,22.3,20.3,37.8,9.3,21.7,6.9,52367,13.8,18.8,26.8,6.1,784,29,055
"Dade County, Missouri",7598,46.5,20.2,24.5,30.4,11.4,16.1,5.7,46806,11.2,20.4,23.7,6.6,641,29,057
"Dallas County, Missouri",17158,41.7,23.9,20.6,37.7,7.0,19.9,4.9,46547,15.6,13.1,24.4,4.8,635,29,059
"Daviess County, Missouri",8418,40.4,25.1,20.9,12.1,12.7,14.4,2.0,59706,14.9,26.9,22.0,8.9,689,29,061
"DeKalb County, Missouri",11838,41.7,18.1,18.1,44.1,9.8,14.9,3.1,67910,9.9,12.7,30.1,6.3,745,29,063
"Dent County, Missouri",14509,43.7,22.6,21.6,52.6,10.9,21.6,4.8,51410,13.0,15.0,25.2,5.6,648,29,065
"Douglas County, Missouri",11803,47.0,22.3,24.9,35.3,10.9,21.2,6.5,47848,10.6,14.8,18.7,4.5,704,29,067
"Dunklin County, Missouri",28174,39.4,25.7,18.4,35.1,7.2,21.9,5.7,44868,17.6,17.5,37.5,8.5,629,29,069
"Franklin County, Missouri",104858,40.9,22.5,18.2,32.8,13.7,14.3,4.6,70111,7.7,8.6,22.4,4.0,831,29,071
"Gasconade County, Missouri",14801,46.3,20.7,22.6,17.5,12.8,17.5,2.1,62638,8.1,21.6,19.3,6.0,661,29,073
"Gentry County, Missouri",6219,40.2,25.0,18.7,18.6,14.3,15.6,2.9,53799,11.6,20.0,24.4,5.0,595,29,075
"Greene County, Missouri",299188,36.3,20.8,16.8,31.6,20.4,14.9,3.9,54968,11.9,4.2,43.3,7.1,895,29,077
"Grundy County, Missouri",9878,40.2,25.0,21.7,24.7,10.5,14.6,4.1,51045,18.4,21.5,31.7,11.1,676,29,079
"Harrison County, Missouri",8190,42.2,24.1,22.1,36.8,11.3,21.1,2.3,51809,7.4,25.4,28.6,6.4,638,29,081
"Henry County, Missouri",22064,44.2,21.8,22.2,39.3,9.4,19.7,6.7,54903,10.7,13.7,27.8,5.1,732,29,083
"Hickory County, Missouri",8452,55.7,16.9,33.6,24.6,7.5,26.9,8.8,33302,14.6,36.8,17.6,3.3,692,29,085
"Holt County, Missouri",4274,47.8,20.1,25.6,17.1,13.3,19.6,3.9,55153,10.0,28.5,21.4,3.3,658,29,087
"Howard County, Missouri",10142,38.3,21.9,19.3,34.3,15.0,16.4,4.5,59023,9.8,23.6,18.3,3.2,823,29,089
"Howell County, Missouri",39960,40.7,24.0,19.6,21.2,10.7,19.2,5.5,46401,15.8,14.6,31.2,7.5,686,29,091
"Iron County, Missouri",9538,45.1,20.9,22.0,10.0,11.5,22.9,3.3,53401,11.0,19.2,21.9,5.8,662,29,093
"Jackson County, Missouri",715526,37.0,23.3,15.4,32.9,20.7,12.9,4.9,65169,11.6,9.6,41.5,7.9,1096,29,095
"Jasper County, Missouri",122788,36.6,24.6,15.8,31.7,17.1,15.8,4.1,54963,13.8,10.4,36.8,6.5,878,29,097
"Jefferson County, Missouri",226984,39.9,22.8,15.7,29.1,15.3,13.7,3.8,77217,7.9,6.6,19.3,3.2,957,29,099
"Johnson County, Missouri",54025,31.0,21.7,12.8,24.3,16.1,12.7,4.8,62503,10.1,8.8,36.9,4.3,912,29,101
"Knox County, Missouri",3772,41.9,23.8,20.8,33.3,9.8,17.0,2.1,49167,25.3,40.9,15.0,2.7,639,29,103
"Laclede County, Missouri",36060,39.5,24.7,18.0,31.0,11.7,18.2,5.9,49202,11.6,10.0,29.9,6.8,791,29,105
"Lafayette County, Missouri",32858,41.4,23.0,19.0,48.6,14.4,16.1,2.4,78397,8.4,14.0,24.4,3.4,834,29,107
"Lawrence County, Missouri",38231,38.7,25.2,17.9,14.0,10.9,16.5,5.2,52225,14.5,10.1,29.2,6.0,783,29,109
"Lewis County, Missouri",9987,39.1,21.5,18.7,22.7,10.5,14.2,5.9,49779,8.2,23.2,23.4,5.7,606,29,111
"Lincoln County, Missouri",60172,37.1,25.2,14.0,40.0,13.1,14.4,3.4,82543,8.7,6.0,20.9,4.0,958,29,113
"Linn County, Missouri",11892,42.0,23.5,21.4,18.3,12.7,14.1,2.8,58435,8.8,20.6,23.1,5.4,648,29,115
"Livingston County, Missouri",14402,39.2,21.8,19.8,17.1,11.9,14.5,3.0,58772,10.7,14.6,30.5,6.2,755,29,117
"McDonald County, Missouri",23381,38.2,25.5,15.2,17.1,8.7,14.1,5.9,46494,20.7,14.1,33.3,5.6,737,29,119
"Macon County, Missouri",15173,43.0,23.2,22.0,26.3,12.6,16.4,3.8,54113,11.7,21.4,23.1,5.6,699,29,121
"Madison County, Missouri",12649,41.4,23.9,19.0,12.9,10.2,22.6,5.1,54042,15.0,20.9,21.6,4.9,825,29,123
"Maries County, Missouri",8454,45.2,20.5,22.1,12.7,11.6,22.0,5.6,56491,10.4,16.0,25.3,5.9,583,29,125
"Marion County, Missouri",28525,39.0,23.1,18.2,37.1,15.0,15.4,2.9,62492,7.8,12.3,31.1,7.8,757,29,127
"Mercer County, Missouri",3517,41.7,24.2,21.9,55.8,13.3,16.5,2.9,55592,12.1,35.0,20.7,5.3,496,29,129
"Miller County, Missouri",24855,41.1,23.3,19.2,31.5,14.8,17.3,4.6,53490,10.8,19.1,24.7,4.0,726,29,131
"Mississippi County, Missouri",12305,42.1,22.1,18.4,52.7,9.4,26.1,5.1,40833,12.4,13.0,40.1,17.0,686,29,133
"Moniteau County, Missouri",15401,37.6,25.0,16.2,22.3,13.3,13.0,3.0,66792,16.0,7.9,23.2,6.6,747,29,135
"Monroe County, Missouri",8668,45.8,22.1,24.3,12.4,12.4,15.3,1.2,50245,12.6,23.8,24.1,7.4,693,29,137
"Montgomery County, Missouri",11421,43.8,22.3,20.3,29.5,10.5,19.9,3.0,58660,9.8,19.9,25.7,3.8,769,29,139
"Morgan County, Missouri",21169,46.0,22.7,23.3,27.3,9.1,21.3,3.5,48841,24.1,48.5,20.2,11.1,687,29,141
"New Madrid County, Missouri",16341,41.8,23.5,19.3,37.6,6.9,21.3,4.0,44092,13.8,14.5,35.2,8.0,708,29,143
"Newton County, Missouri",59019,40.2,23.6,18.6,25.6,14.8,14.4,4.2,60313,13.4,10.7,25.7,5.0,781,29,145
"Nodaway County, Missouri",21140,33.5,16.6,16.8,30.9,15.8,12.9,2.3,53917,8.6,12.7,36.6,7.0,739,29,147
"Oregon County, Missouri",8783,44.7,23.1,22.7,0.0,8.1,22.7,4.5,41365,19.6,22.8,29.1,3.9,789,29,149
"Osage County, Missouri",13374,41.4,23.0,17.5,10.9,17.5,12.6,1.0,70313,4.9,19.7,16.8,4.7,592,29,151
"Ozark County, Missouri",8688,52.6,19.3,28.8,43.1,6.6,26.3,6.2,39125,16.5,27.8,20.8,6.4,636,29,153
"Pemiscot County, Missouri",15555,39.2,25.8,17.5,39.4,7.6,23.1,9.6,37426,13.0,16.8,43.7,9.4,722,29,155
"Perry County, Missouri",18970,41.4,23.0,19.0,8.5,14.4,13.9,5.1,61486,7.1,13.7,22.3,5.4,877,29,157
"Pettis County, Missouri",43059,38.0,24.9,17.0,24.7,10.9,16.5,3.9,57581,14.1,10.1,30.0,7.0,838,29,159
"Phelps County, Missouri",44843,36.0,21.0,16.5,16.2,16.4,16.5,4.2,53242,9.3,12.2,39.9,6.6,770,29,161
"Pike County, Missouri",17719,39.9,22.7,18.3,15.5,10.5,16.4,4.8,53363,9.2,17.3,26.3,7.8,724,29,163
"Platte County, Missouri",107033,38.7,23.4,15.4,20.4,27.6,12.6,3.6,92543,6.3,6.1,33.6,4.0,1210,29,165
"Polk County, Missouri",31877,38.9,22.8,18.1,44.1,12.8,16.1,3.6,54487,14.4,12.0,28.3,5.6,752,29,167
"Pulaski County, Missouri",53726,27.7,21.8,9.3,15.1,17.1,16.8,4.7,62541,10.8,19.0,42.8,5.1,1032,29,169
"Putnam County, Missouri",4698,46.1,22.6,25.3,89.4,12.9,15.2,4.0,50950,12.9,37.9,18.7,6.8,609,29,171
"Ralls County, Missouri",10356,45.5,20.9,22.2,39.8,11.3,16.6,5.3,62615,8.1,20.5,13.0,2.9,777,29,173
"Randolph County, Missouri",24652,39.8,21.8,16.9,50.2,12.4,18.2,5.3,51480,11.0,15.7,31.8,5.4,735,29,175
"Ray County, Missouri",23122,42.0,22.6,18.6,32.7,10.7,14.0,3.1,69779,10.3,11.2,21.5,2.2,840,29,177
"Reynolds County, Missouri",6102,46.2,18.6,23.5,20.8,11.4,31.4,10.0,43856,12.9,34.0,19.6,6.1,643,29,179
"Ripley County, Missouri",10839,41.1,23.5,19.8,28.0,8.2,23.9,3.6,42541,16.9,24.8,20.4,4.9,699,29,181
"St. Charles County, Missouri",406262,39.4,22.8,16.0,20.4,26.5,10.9,3.1,99596,4.3,3.5,19.3,3.3,1209,29,183
"St. Clair County, Missouri",9330,48.2,20.4,26.1,21.2,8.5,23.6,2.5,43483,14.8,25.5,23.6,5.1,572,29,185
"Ste. Genevieve County, Missouri",18494,44.0,21.3,20.6,28.7,9.4,16.6,4.8,61215,5.6,14.4,18.7,3.2,744,29,186
"St. Francois County, Missouri",66814,39.4,21.2,16.9,44.4,8.8,21.2,4.8,53083,12.0,16.7,30.9,6.8,748,29,187
"St. Louis County, Missouri",999703,40.2,21.9,18.4,28.5,26.2,11.8,4.3,78067,5.9,7.1,31.5,6.4,1119,29,189
"Saline County, Missouri",23219,35.5,22.1,17.5,75.1,16.9,17.2,2.7,55396,6.8,20.9,27.6,5.5,718,29,195
"Schuyler County, Missouri",4066,39.4,25.9,19.2,6.9,8.4,19.8,2.3,53728,17.2,33.5,25.9,7.2,414,29,197
"Scotland County, Missouri",4720,36.0,29.6,18.5,0.0,9.8,14.9,1.2,58656,31.1,31.2,19.8,4.6,471,29,199
"Scott County, Missouri",38055,39.4,24.0,18.3,40.3,14.1,18.3,2.9,54621,11.2,9.8,31.4,7.4,798,29,201
"Shannon County, Missouri",7132,46.9,21.8,22.6,19.6,8.4,21.1,2.7,46767,12.2,22.3,18.3,5.5,556,29,203
"Shelby County, Missouri",6049,42.9,24.2,21.5,20.8,12.5,14.7,1.1,50387,10.0,20.4,26.2,5.6,630,29,205
"Stoddard County, Missouri",28656,41.3,21.9,20.1,29.4,10.3,21.6,4.3,51703,12.8,14.5,28.8,4.7,712,29,207
"Stone County, Missouri",31314,54.6,16.4,31.2,39.0,13.9,19.3,8.4,58392,9.5,36.7,15.2,3.1,867,29,209
"Sullivan County, Missouri",5983,43.9,22.4,20.1,27.0,9.2,11.6,2.4,53438,8.6,34.9,25.8,5.8,719,29,211
"Taney County, Missouri",56202,42.3,20.7,22.3,29.4,16.9,17.1,5.1,54467,15.6,27.1,33.3,4.9,873,29,213
"Texas County, Missouri",24828,42.6,21.5,20.9,9.0,8.7,24.9,6.0,42870,16.7,15.5,23.7,8.2,631,29,215
"Vernon County, Missouri",19777,41.8,23.8,20.1,30.2,10.9,19.8,4.0,53318,16.5,13.3,28.9,8.4,706,29,217
"Warren County, Missouri",35729,41.3,23.4,17.6,46.5,14.1,15.2,4.8,75531,7.4,15.9,19.6,2.5,956,29,219
"Washington County, Missouri",23580,39.8,23.5,16.8,25.3,7.9,24.2,4.4,49364,11.9,15.9,21.4,9.4,694,29,221
"Wayne County, Missouri",11081,49.2,19.6,24.6,26.0,6.9,29.0,8.3,42758,13.6,27.8,25.7,5.5,626,29,223
"Webster County, Missouri",39265,36.8,27.3,15.6,26.2,12.2,14.7,4.8,65103,13.3,10.3,23.4,5.5,713,29,225
"Worth County, Missouri",1982,48.7,20.2,25.3,69.4,10.7,19.4,0.9,43536,8.7,31.0,20.1,8.5,355,29,227
"Wright County, Missouri",18475,41.1,26.0,19.9,21.3,8.0,18.1,4.8,43573,16.0,18.5,22.6,6.5,593,29,229
"St. Louis city, Missouri",298018,36.5,18.5,14.5,45.8,21.5,15.6,5.4,52941,10.1,17.7,55.1,18.5,938,29,510
"Beaverhead County, Montana",9469,42.3,17.2,23.0,27.5,25.3,16.1,2.8,55867,6.5,17.3,33.6,0.9,839,30,001
"Big Horn County, Montana",13090,31.6,33.0,13.0,36.4,12.4,10.6,15.0,52463,18.7,20.1,33.4,6.5,707,30,003
"Blaine County, Montana",7030,33.6,29.7,15.8,8.7,15.3,19.9,13.2,58507,17.4,19.6,37.2,9.2,597,30,005
"Broadwater County, Montana",6977,47.4,18.7,24.3,23.5,17.0,14.7,8.2,61679,8.1,8.4,17.0,1.9,846,30,007
"Carbon County, Montana",10645,50.7,17.5,26.7,13.4,18.2,16.8,4.9,66780,7.2,27.3,26.2,2.7,900,30,009
"Carter County, Montana",1332,56.8,18.2,30.9,0.0,17.5,15.7,2.4,46486,13.6,23.7,36.5,5.7,754,30,011
"Cascade County, Montana",84423,37.9,22.3,19.0,39.0,17.6,15.1,3.3,61351,6.9,11.4,32.0,5.7,866,30,013
"Chouteau County, Montana",5897,42.4,23.2,21.7,56.3,17.9,12.4,5.2,51791,5.8,23.3,31.5,5.4,428,30,015
"Custer County, Montana",11957,42.8,19.7,20.5,41.9,17.5,20.3,3.3,61114,7.4,13.4,32.7,4.4,872,30,017
"Daniels County, Montana",1535,52.4,18.6,29.8,76.9,18.7,20.3,1.5,47378,4.2,36.8,19.3,5.9,530,30,019
"Dawson County, Montana",8915,42.8,21.5,20.5,4.1,16.4,16.6,3.0,68168,4.0,13.9,27.8,5.1,791,30,021
"Deer Lodge County, Montana",9435,49.6,12.9,24.9,39.6,15.2,25.5,3.8,46436,7.2,20.9,34.1,9.3,650,30,023
"Fallon County, Montana",2941,37.2,25.7,19.4,84.4,12.8,13.3,0.0,79750,6.5,20.1,27.9,7.2,812,30,025
"Fergus County, Montana",11496,46.7,19.7,24.9,4.5,22.1,15.0,3.1,58321,14.1,13.7,32.7,7.4,815,30,027
"Flathead County, Montana",105950,42.3,21.7,20.4,21.2,23.2,11.5,3.2,68025,8.8,16.1,25.7,3.7,1029,30,029
"Gallatin County, Montana",119685,33.5,19.2,13.0,9.3,33.7,9.2,2.1,83434,7.4,10.7,38.6,2.6,1405,30,031
"Garfield County, Montana",976,42.0,22.4,23.8,0.0,15.1,10.4,0.0,61786,15.5,45.2,30.6,0.7,635,30,033
"Glacier County, Montana",13781,34.2,29.5,12.4,52.1,12.5,15.0,7.9,41078,30.0,21.8,36.4,5.6,599,30,035
"Golden Valley County, Montana",841,54.9,15.8,27.1,0.0,18.2,19.0,1.3,54792,13.0,24.8,14.4,2.3,725,30,037
"Granite County, Montana",3368,54.7,15.7,30.7,100.0,24.6,17.5,5.7,53917,6.3,48.6,23.5,3.1,735,30,039
"Hill County, Montana",16238,33.4,27.8,15.4,23.1,17.3,11.9,3.9,58427,7.2,14.1,34.1,5.5,729,30,041
"Jefferson County, Montana",12273,47.4,20.1,22.4,35.4,21.4,17.1,3.4,73875,5.7,12.7,16.9,3.1,869,30,043
"Judith Basin County, Montana",2039,50.2,24.2,25.3,42.9,22.4,12.1,2.4,58750,5.2,30.4,23.2,1.9,443,30,045
"Lake County, Montana",31509,43.7,22.6,23.0,62.6,20.8,15.2,6.5,58009,15.4,26.7,28.1,4.0,851,30,047
"Lewis and Clark County, Montana",71487,41.2,21.3,19.5,8.0,27.3,14.0,3.5,71967,5.5,9.8,29.5,5.3,1006,30,049
"Liberty County, Montana",1993,36.9,26.4,22.4,0.0,21.1,19.8,0.2,48047,5.7,18.7,37.6,13.9,670,30,051
"Lincoln County, Montana",20157,52.5,18.0,29.5,29.9,12.2,22.2,6.9,44593,13.3,19.2,24.2,3.8,769,30,053
"McCone County, Montana",1746,54.0,16.9,29.3,0.0,15.4,13.5,2.5,79022,5.8,28.5,10.9,0.0,474,30,055
"Madison County, Montana",8742,54.3,15.0,30.2,70.5,22.3,14.8,2.3,61226,8.9,44.6,22.4,1.7,1101,30,057
"Meagher County, Montana",1948,57.6,15.3,32.8,0.0,26.0,15.3,1.5,55753,6.3,41.3,14.6,0.4,848,30,059
"Mineral County, Montana",4652,50.3,20.8,27.9,74.4,20.2,18.5,3.6,56098,7.5,19.0,19.7,1.9,761,30,061
"Missoula County, Montana",118541,36.7,18.3,16.4,27.8,27.9,12.3,4.5,66840,6.5,8.4,41.2,5.5,1068,30,063
"Musselshell County, Montana",4924,52.0,18.7,28.8,44.9,14.8,18.0,4.9,54875,5.8,20.2,19.2,3.3,1035,30,065
"Park County, Montana",17320,46.2,16.6,23.7,25.9,25.0,11.5,3.3,67602,9.6,15.8,29.8,4.4,896,30,067
"Petroleum County, Montana",416,49.6,17.3,21.9,0.0,17.0,6.5,0.8,57981,4.6,35.3,29.6,0.0,713,30,069
"Phillips County, Montana",4233,45.9,23.5,22.8,0.0,15.8,15.6,3.4,61250,9.4,21.9,20.0,2.1,523,30,071
"Pondera County, Montana",5987,41.6,23.4,21.2,17.5,17.6,18.4,6.4,59861,7.4,21.7,33.3,5.8,785,30,073
"Powder River County, Montana",1773,49.9,16.9,29.1,81.8,17.9,17.5,1.0,60313,7.7,26.5,21.2,5.1,680,30,075
"Powell County, Montana",6998,45.5,14.6,20.2,33.3,13.7,21.5,4.8,60994,6.6,21.6,30.1,3.6,752,30,077
"Prairie County, Montana",1283,47.2,22.6,32.0,-666666666.0,13.6,18.4,2.9,44107,5.8,25.4,24.9,5.2,866,30,079
"Ravalli County, Montana",44876,49.0,18.8,26.2,5.9,17.3,18.6,4.4,67424,9.8,10.3,22.6,4.0,935,30,081
"Richland County, Montana",11366,38.3,25.4,16.9,6.0,11.3,13.2,4.9,67515,7.1,18.5,30.8,7.4,797,30,083
"Roosevelt County, Montana",10799,30.4,33.5,11.6,40.3,14.2,13.8,8.6,51038,31.3,25.2,34.4,10.6,650,30,085
"Rosebud County, Montana",8310,36.4,29.1,16.5,30.6,12.1,17.9,9.2,57656,16.4,20.1,35.7,7.1,641,30,087
"Sanders County, Montana",12615,54.7,17.5,31.9,13.5,14.1,21.5,5.2,47110,12.3,20.4,22.0,5.7,731,30,089
"Sheridan County, Montana",3700,43.8,21.8,22.5,0.0,17.3,17.4,1.5,67457,11.1,29.8,22.7,3.1,789,30,091
"Silver Bow County, Montana",35306,40.3,20.2,19.5,32.9,18.5,19.4,4.6,56297,7.1,12.8,29.9,6.8,793,30,093
"Stillwater County, Montana",8978,48.0,20.7,24.4,4.3,20.6,17.1,2.6,78380,4.3,18.4,16.3,3.3,855,30,095
"Sweet Grass County, Montana",3697,43.6,20.2,24.6,0.0,17.5,14.4,2.1,64872,9.2,22.7,23.7,3.5,876,30,097
"Teton County, Montana",6238,42.4,24.8,22.9,25.0,18.1,12.7,2.1,65224,8.5,16.1,24.0,6.4,890,30,099
"Toole County, Montana",5018,40.4,20.6,17.7,0.0,12.9,18.5,3.9,54040,9.3,22.9,35.1,6.8,741,30,101
"Treasure County, Montana",680,54.3,17.4,22.4,0.0,29.0,15.3,1.1,70096,4.9,27.0,31.8,5.1,950,30,103
"Valley County, Montana",7552,43.2,22.6,23.5,30.6,16.7,16.3,4.0,59725,7.0,33.7,24.3,4.6,675,30,105
"Wheatland County, Montana",2060,49.1,20.9,28.8,0.0,14.4,10.6,0.2,48272,19.7,25.5,22.6,2.5,685,30,107
"Wibaux County, Montana",1119,46.4,26.7,22.3,88.9,17.1,17.6,0.0,58750,10.1,22.2,25.5,2.6,964,30,109
"Yellowstone County, Montana",165524,38.4,23.1,17.5,28.2,23.9,13.2,3.5,72300,6.2,6.0,30.5,4.6,1055,30,111
"Adams County, Nebraska",31143,38.0,24.3,18.1,21.1,16.6,14.4,2.7,61502,5.9,7.9,31.7,5.0,812,31,001
"Antelope County, Nebraska",6302,42.5,24.3,23.7,14.5,13.1,14.4,2.1,61924,6.4,17.0,24.7,3.8,732,31,003
"Arthur County, Nebraska",485,44.1,31.8,23.5,14.3,22.2,16.5,0.4,66667,6.6,23.9,25.8,3.4,933,31,005
"Banner County, Nebraska",670,54.1,20.7,30.3,0.0,21.2,14.8,3.3,62375,3.6,30.6,30.5,2.4,1042,31,007
"Blaine County, Nebraska",384,57.7,14.8,37.5,0.0,16.8,23.4,1.9,52083,7.6,31.6,22.4,1.5,788,31,009
"Boone County, Nebraska",5397,43.6,23.7,22.9,1.1,11.8,14.0,1.0,66800,4.5,12.5,19.3,3.6,687,31,011
"Box Butte County, Nebraska",10778,40.9,25.3,19.1,67.1,15.0,13.3,4.0,67893,8.8,12.5,27.0,5.4,748,31,013
"Boyd County, Nebraska",1767,55.6,18.3,33.3,81.8,9.1,18.7,1.8,57120,8.3,33.3,17.1,1.4,656,31,015
"Brown County, Nebraska",2691,46.9,19.1,28.9,48.9,12.9,14.0,0.5,44267,7.3,26.5,24.8,2.9,926,31,017
"Buffalo County, Nebraska",50103,34.2,22.8,15.6,39.7,23.1,13.2,2.9,70093,7.2,7.0,33.7,4.3,885,31,019
"Burt County, Nebraska",6717,44.9,22.9,24.0,52.3,18.1,18.0,2.7,54950,9.6,16.5,23.0,5.5,666,31,021
"Butler County, Nebraska",8373,43.0,23.5,20.5,12.0,20.1,11.7,0.7,75690,6.6,13.0,19.0,2.7,740,31,023
"Cass County, Nebraska",26749,40.8,23.3,18.0,7.6,20.4,12.6,2.2,87673,7.0,11.6,17.2,3.5,970,31,025
"Cedar County, Nebraska",8375,41.7,25.6,21.6,13.6,16.9,10.4,2.0,72035,6.0,14.3,20.4,2.8,681,31,027
"Chase County, Nebraska",3704,43.2,24.1,24.9,40.5,16.8,12.9,2.6,57313,11.6,21.2,26.0,2.5,748,31,029
"Cherry County, Nebraska",5473,41.5,24.1,20.8,68.4,18.5,12.1,0.4,62373,8.6,29.6,42.5,6.4,832,31,031
"Cheyenne County, Nebraska",9489,41.4,22.7,20.8,25.2,16.7,15.1,2.6,54038,6.9,11.9,35.0,6.0,857,31,033
"Clay County, Nebraska",6088,39.5,24.9,20.3,11.8,15.3,13.3,2.2,73933,8.1,12.7,19.6,2.6,668,31,035
"Colfax County, Nebraska",10563,36.4,30.1,13.3,38.7,9.8,8.1,1.7,71205,10.6,9.5,21.7,1.4,907,31,037
"Cuming County, Nebraska",9000,41.8,24.5,21.6,0.0,17.4,9.9,2.6,68917,7.5,10.2,29.0,2.3,782,31,039
"Custer County, Nebraska",10566,42.1,24.0,22.1,52.6,19.1,14.9,1.6,62288,7.7,14.9,30.4,4.5,765,31,041
"Dakota County, Nebraska",21308,31.7,29.1,13.2,57.8,11.1,11.6,3.0,66112,8.4,7.5,35.0,6.7,959,31,043
"Dawes County, Nebraska",8279,35.3,18.0,18.9,1.0,18.1,13.4,1.5,53760,8.6,13.4,36.8,3.5,887,31,045
"Dawson County, Nebraska",24037,35.9,27.3,16.8,26.8,11.5,12.9,2.1,67462,11.3,10.6,32.9,5.3,857,31,047
"Deuel County, Nebraska",1858,51.0,16.7,25.9,17.8,14.7,19.2,3.8,58875,12.7,18.6,17.0,1.6,778,31,049
"Dixon County, Nebraska",5579,41.4,25.0,20.7,4.5,16.7,12.0,2.9,60568,8.1,12.0,24.8,2.6,676,31,051
"Dodge County, Nebraska",37175,39.4,24.5,19.4,38.2,13.9,14.9,4.1,66793,6.5,10.5,34.3,4.8,890,31,053
"Douglas County, Nebraska",582638,35.3,25.4,13.5,30.4,26.2,10.5,3.8,76083,9.1,5.8,38.2,6.5,1109,31,055
"Dundy County, Nebraska",1825,42.4,23.6,20.5,15.4,15.0,15.1,0.2,58977,5.8,21.1,22.1,2.9,503,31,057
"Fillmore County, Nebraska",5557,46.4,19.0,23.9,18.2,14.9,15.0,1.0,72335,4.9,13.1,19.4,2.5,643,31,059
"Franklin County, Nebraska",2901,49.8,19.3,27.6,18.2,12.2,17.9,2.5,55625,6.9,18.8,16.6,3.5,605,31,061
"Frontier County, Nebraska",2491,43.3,20.4,25.2,15.8,17.3,19.7,4.4,62928,10.4,24.4,32.6,2.9,614,31,063
"Furnas County, Nebraska",4630,47.0,22.0,25.4,13.1,15.9,18.9,1.0,58895,8.2,20.9,21.9,4.5,870,31,065
"Gage County, Nebraska",21654,42.9,22.6,21.4,28.5,14.7,15.8,2.0,60035,6.4,11.7,29.3,7.7,725,31,067
"Garden County, Nebraska",1778,47.3,23.3,28.6,-666666666.0,15.8,20.1,3.5,47139,18.3,27.2,20.4,2.4,733,31,069
"Garfield County, Nebraska",1833,46.5,20.9,27.2,0.0,24.3,13.7,1.1,64957,5.4,23.0,22.6,5.9,680,31,071
"Gosper County, Nebraska",1873,48.9,18.7,25.6,100.0,20.2,12.1,1.5,76583,11.5,37.0,17.3,0.7,789,31,073
"Grant County, Nebraska",649,40.2,22.2,21.4,0.0,22.5,10.8,1.4,65139,12.8,29.0,30.2,3.6,917,31,075
"Greeley County, Nebraska",2212,43.6,23.5,25.7,20.0,13.0,16.0,1.8,52813,3.9,24.3,17.5,1.8,603,31,077
"Hall County, Nebraska",62575,36.0,27.3,15.5,41.5,14.1,12.9,2.9,63553,11.9,4.9,37.8,5.3,886,31,079
"Hamilton County, Nebraska",9400,41.3,24.4,20.3,1.2,16.4,10.9,3.6,73254,5.9,12.9,19.0,1.9,822,31,081
"Harlan County, Nebraska",3094,47.5,23.0,26.6,10.0,17.4,17.6,2.0,64583,7.1,36.5,17.0,1.9,689,31,083
"Hayes County, Nebraska",919,48.9,22.1,23.8,10.0,16.0,14.5,0.2,59405,5.2,22.7,28.9,3.2,488,31,085
"Hitchcock County, Nebraska",2620,43.3,24.2,25.4,16.7,13.7,20.7,1.9,49456,8.6,29.8,22.8,4.0,734,31,087
"Holt County, Nebraska",10149,42.3,25.2,22.1,14.9,19.8,12.5,1.3,66325,6.0,18.5,27.9,3.0,741,31,089
"Hooker County, Nebraska",659,40.9,21.9,19.0,0.0,26.0,12.8,3.2,43333,8.2,29.5,55.1,5.8,589,31,091
"Howard County, Nebraska",6476,42.6,24.1,21.7,33.3,18.4,14.0,4.0,70766,7.2,12.1,24.3,6.1,816,31,093
"Jefferson County, Nebraska",7185,45.8,22.0,24.7,27.5,15.0,20.0,1.1,54494,9.1,15.2,29.9,6.0,681,31,095
"Johnson County, Nebraska",5294,40.3,19.0,18.7,25.0,12.0,18.5,1.4,64352,5.7,17.5,28.3,5.5,777,31,097
"Kearney County, Nebraska",6655,38.3,25.8,20.0,13.4,24.4,8.9,1.6,74276,4.8,9.7,23.0,3.3,784,31,099
"Keith County, Nebraska",8303,49.1,20.3,27.2,0.0,13.9,14.8,2.6,59511,6.6,29.6,26.0,5.3,727,31,101
"Keya Paha County, Nebraska",987,46.4,27.8,20.5,66.7,22.1,11.3,0.2,63977,6.5,34.5,21.1,0.6,830,31,103
"Kimball County, Nebraska",3395,47.8,19.3,25.9,89.4,8.4,19.1,2.2,53151,16.1,16.9,27.7,3.2,807,31,105
"Knox County, Nebraska",8415,43.9,24.2,24.8,33.1,13.0,16.5,4.1,61250,6.4,27.9,24.1,3.6,666,31,107
"Lancaster County, Nebraska",322063,34.1,22.5,14.6,32.0,25.7,11.3,3.2,70387,6.6,4.6,40.7,5.1,997,31,109
"Lincoln County, Nebraska",34532,42.2,23.2,20.2,47.6,13.2,15.3,3.4,63019,7.8,12.6,33.0,4.3,854,31,111
"Logan County, Nebraska",839,44.8,28.8,18.1,0.0,22.9,11.2,0.4,69250,8.8,17.3,16.0,0.0,715,31,113
"Loup County, Nebraska",629,43.4,22.4,25.6,0.0,13.2,16.1,0.0,50000,7.8,37.3,32.0,1.8,525,31,115
"McPherson County, Nebraska",456,56.3,18.9,29.4,-666666666.0,13.9,8.1,0.0,58250,3.5,19.6,23.3,1.0,636,31,117
"Madison County, Nebraska",35538,36.8,25.3,16.3,45.8,16.9,11.0,2.6,61139,8.8,8.0,33.4,4.7,800,31,119
"Merrick County, Nebraska",7675,43.0,22.0,21.5,32.5,11.2,17.8,0.5,57873,8.8,11.0,21.2,2.7,707,31,121
"Morrill County, Nebraska",4562,40.3,23.1,20.8,67.2,13.9,14.3,5.5,57325,6.1,20.5,19.5,3.9,725,31,123
"Nance County, Nebraska",3366,44.0,22.7,21.0,0.0,12.2,16.6,4.4,60054,5.8,19.4,17.3,1.5,710,31,125
"Nemaha County, Nebraska",7019,38.6,21.9,20.3,6.5,21.0,16.7,6.4,57196,8.9,13.9,30.3,6.0,657,31,127
"Nuckolls County, Nebraska",4092,49.4,19.7,27.5,0.0,18.2,13.4,1.3,66000,10.2,21.5,18.4,2.4,614,31,129
"Otoe County, Nebraska",15995,42.0,24.1,20.3,41.2,17.7,14.6,3.2,73031,5.4,8.1,23.2,3.8,881,31,131
"Pawnee County, Nebraska",2553,47.3,23.6,28.4,100.0,12.7,17.3,2.4,55833,12.3,24.5,17.5,7.3,586,31,133
"Perkins County, Nebraska",2860,41.5,24.7,23.8,0.0,22.2,12.2,1.2,61786,5.3,15.6,22.2,3.8,756,31,135
"Phelps County, Nebraska",8966,40.4,23.9,20.7,25.4,20.2,13.5,0.8,65114,5.3,8.6,29.9,5.8,713,31,137
"Pierce County, Nebraska",7301,40.2,25.2,19.3,29.0,16.5,11.8,2.4,65603,6.8,8.4,21.9,3.4,788,31,139
"Platte County, Nebraska",34219,38.3,26.1,17.8,18.6,17.5,11.7,1.9,69943,9.1,5.6,25.2,5.8,872,31,141
"Polk County, Nebraska",5182,43.4,22.7,22.4,36.5,13.5,11.9,1.9,67695,8.2,20.4,18.9,2.4,636,31,143
"Red Willow County, Nebraska",10690,41.5,22.2,21.0,0.0,17.2,16.3,2.3,58344,10.4,16.6,28.7,8.2,785,31,145
"Richardson County, Nebraska",7850,47.1,21.1,24.2,34.0,15.3,16.7,4.7,50321,9.7,12.5,26.4,6.6,700,31,147
"Rock County, Nebraska",1312,43.5,22.4,25.4,0.0,22.8,11.8,1.2,57566,7.5,30.4,22.7,3.6,554,31,149
"Saline County, Nebraska",14275,38.6,25.8,15.9,22.3,15.4,12.3,2.1,71104,11.4,10.4,26.2,2.0,763,31,151
"Sarpy County, Nebraska",191272,35.3,26.8,12.2,26.6,26.2,9.9,2.6,95911,5.0,3.5,30.1,3.0,1203,31,153
"Saunders County, Nebraska",22374,40.4,24.4,18.3,20.5,20.0,12.4,2.4,84474,4.4,12.4,19.4,3.5,892,31,155
"Scotts Bluff County, Nebraska",36048,39.2,24.6,19.9,11.3,17.2,15.5,3.5,60137,10.0,8.3,32.2,6.0,876,31,157
"Seward County, Nebraska",17644,37.5,23.4,17.5,21.8,22.3,11.7,2.2,79677,5.3,7.4,27.2,4.6,916,31,159
"Sheridan County, Nebraska",5102,45.8,21.8,26.0,34.7,16.8,18.1,2.2,53609,12.1,22.9,30.4,4.5,756,31,161
"Sherman County, Nebraska",2970,49.1,20.8,27.6,45.7,13.2,15.9,4.2,60194,8.8,27.6,24.9,5.0,808,31,163
"Sioux County, Nebraska",1162,41.3,23.0,22.8,63.2,18.0,13.9,3.9,50833,10.6,34.9,37.6,5.3,754,31,165
"Stanton County, Nebraska",5828,41.4,24.2,19.8,5.1,14.2,11.4,0.7,76035,4.3,9.7,20.7,2.0,829,31,167
"Thayer County, Nebraska",5006,45.9,23.2,25.3,14.3,15.8,12.4,3.2,60305,7.3,18.4,22.6,4.1,719,31,169
"Thomas County, Nebraska",592,46.7,14.7,34.5,0.0,19.2,13.3,0.8,70069,4.4,17.3,32.4,2.6,657,31,171
"Thurston County, Nebraska",6716,28.1,35.3,12.3,67.2,14.1,12.2,10.0,63459,17.6,13.1,39.1,8.6,724,31,173
"Valley County, Nebraska",4053,46.3,22.1,25.2,9.1,19.8,16.7,0.6,62321,9.6,17.1,22.6,4.2,526,31,175
"Washington County, Nebraska",20884,41.6,24.0,18.4,28.5,24.1,11.9,2.0,89671,5.0,4.3,19.0,2.7,926,31,177
"Wayne County, Nebraska",9701,31.8,19.4,16.6,43.8,21.0,15.5,3.4,64951,4.4,5.7,31.3,4.9,764,31,179
"Webster County, Nebraska",3410,44.6,22.8,22.6,29.6,14.4,12.3,1.8,62571,5.8,17.0,18.2,2.8,604,31,181
"Wheeler County, Nebraska",771,57.8,18.4,33.1,0.0,17.8,17.4,1.4,59167,11.0,39.7,22.8,1.7,500,31,183
"York County, Nebraska",14212,39.5,23.3,20.3,10.8,16.9,14.1,2.8,72914,5.3,11.4,25.5,2.8,842,31,185
"Churchill County, Nevada",25409,39.7,22.2,19.4,76.8,12.4,19.8,6.3,69922,9.1,11.4,33.1,3.5,1142,32,001
"Clark County, Nevada",2265926,37.8,22.7,15.2,38.6,17.4,12.5,7.7,69911,12.0,9.8,43.8,7.7,1406,32,003
"Douglas County, Nevada",49476,53.5,15.5,30.3,29.4,20.4,16.2,3.1,84262,7.2,14.0,23.3,2.5,1360,32,005
"Elko County, Nevada",53600,34.9,26.4,12.2,24.5,10.5,12.7,4.7,87755,8.9,12.8,31.6,5.7,1077,32,007
"Esmeralda County, Nevada",980,55.0,9.8,26.2,-666666666.0,15.2,23.1,4.7,40694,10.5,33.7,48.2,27.2,1312,32,009
"Eureka County, Nevada",1622,48.4,26.0,25.0,0.0,9.7,18.9,0.0,73929,10.0,42.8,24.0,6.0,875,32,011
"Humboldt County, Nevada",17266,37.0,26.4,15.4,27.3,15.4,14.6,4.3,75574,9.7,8.9,29.9,4.0,927,32,013
"Lander County, Nevada",5728,40.0,26.3,14.0,10.4,6.6,14.2,11.7,92388,6.2,19.5,24.4,2.4,869,32,015
"Lincoln County, Nevada",4507,40.6,22.1,16.6,-666666666.0,9.2,21.3,4.1,67412,10.5,28.2,26.3,5.9,739,32,017
"Lyon County, Nevada",59435,43.2,20.9,21.2,31.7,11.5,16.6,7.2,70026,9.6,5.3,23.6,2.7,1196,32,019
"Mineral County, Nevada",4568,39.8,19.8,28.8,95.6,12.7,15.7,5.8,46625,11.0,21.7,26.1,1.4,868,32,021
"Nye County, Nevada",51698,52.9,16.7,30.6,38.5,8.4,23.9,9.3,53602,8.9,12.7,24.9,4.5,1004,32,023
"Pershing County, Nevada",6587,40.4,16.9,16.4,0.0,5.8,17.6,8.5,66304,10.4,17.9,27.0,5.4,652,32,027
"Storey County, Nevada",4095,55.7,16.2,37.3,0.0,16.9,22.9,7.0,86932,6.9,12.5,3.0,2.1,913,32,029
"Washoe County, Nevada",486674,38.6,21.1,16.9,37.9,19.7,12.0,5.0,81531,10.0,7.7,41.4,6.5,1401,32,031
"White Pine County, Nevada",8997,41.4,20.0,19.2,8.3,9.9,14.3,4.1,71297,4.1,19.1,26.2,1.9,983,32,033
"Carson City, Nevada",58249,42.1,20.0,20.6,16.3,16.4,15.3,4.7,67465,11.4,5.2,38.1,6.3,1127,32,510
"Belknap County, New Hampshire",63914,47.8,17.9,22.8,25.5,19.0,16.7,2.7,80719,7.0,32.5,22.9,4.0,1153,33,001
"Carroll County, New Hampshire",50679,53.8,15.2,29.2,26.8,21.6,16.3,5.6,77049,7.5,45.7,18.5,3.0,1138,33,003
"Cheshire County, New Hampshire",76610,43.5,17.9,21.1,25.1,21.2,14.2,3.5,76551,5.9,15.1,29.3,4.7,1139,33,005
"Coos County, New Hampshire",31430,49.7,15.6,24.9,60.6,13.0,21.3,4.2,55247,7.9,33.8,26.9,8.1,825,33,007
"Grafton County, New Hampshire",90836,44.1,16.0,22.0,48.1,21.2,13.7,2.8,79949,6.1,31.5,29.4,6.6,1197,33,009
"Hillsborough County, New Hampshire",422733,40.9,20.0,16.3,32.6,25.2,11.7,3.7,95112,6.1,5.3,32.9,5.1,1444,33,011
"Merrimack County, New Hampshire",153918,42.8,18.6,18.9,34.6,21.0,14.3,3.6,88806,5.5,9.0,26.2,5.1,1199,33,013
"Rockingham County, New Hampshire",315169,44.7,18.9,18.9,14.0,27.1,10.9,3.4,110225,4.5,7.5,21.5,3.0,1518,33,015
"Strafford County, New Hampshire",130965,37.7,18.0,16.0,28.1,24.6,13.2,3.7,83212,5.7,8.5,32.9,5.1,1308,33,017
"Sullivan County, New Hampshire",43356,47.0,17.7,22.7,50.8,18.3,14.6,2.9,70788,7.1,27.3,26.7,5.3,1118,33,019
"Atlantic County, New Jersey",274339,42.0,21.0,18.8,36.3,19.8,14.2,8.3,73113,7.7,19.1,32.1,12.0,1268,34,001
"Bergen County, New Jersey",953243,42.0,21.0,17.5,20.4,30.8,8.3,5.5,118714,6.6,4.4,34.9,8.0,1782,34,003
"Burlington County, New Jersey",461853,41.7,20.6,17.6,23.8,26.4,11.6,5.1,102615,4.1,5.6,24.2,4.8,1575,34,005
"Camden County, New Jersey",522581,38.7,22.7,16.0,37.7,20.8,14.5,7.2,82005,6.7,6.5,34.6,10.5,1264,34,007
"Cape May County, New Jersey",95456,50.9,17.5,27.8,30.6,22.5,15.0,6.5,83870,5.6,56.5,21.6,6.2,1285,34,009
"Cumberland County, New Jersey",153588,37.9,23.8,15.6,46.8,11.6,14.8,7.8,62310,9.6,8.0,34.0,9.7,1202,34,011
"Essex County, New Jersey",853374,37.6,23.6,13.8,35.8,21.7,11.7,8.5,73785,11.5,6.3,55.3,21.4,1404,34,013
"Gloucester County, New Jersey",302621,40.2,21.3,16.2,29.1,23.2,12.7,5.2,99668,4.3,6.0,20.3,5.0,1435,34,015
"Hudson County, New Jersey",712029,35.6,20.2,12.2,26.2,27.4,8.6,5.8,86854,11.6,7.0,67.8,32.5,1722,34,017
"Hunterdon County, New Jersey",129099,46.4,19.0,19.6,5.7,32.3,8.8,4.6,133534,2.8,3.9,15.5,2.7,1627,34,019
"Mercer County, New Jersey",383732,39.3,21.4,15.7,34.0,24.0,10.3,6.1,92697,7.0,7.0,37.2,11.6,1454,34,021
"Middlesex County, New Jersey",860147,39.1,21.6,15.4,26.2,26.4,9.6,6.3,105206,6.7,4.1,36.2,8.1,1739,34,023
"Monmouth County, New Jersey",643064,43.3,20.8,18.3,16.7,30.5,10.4,5.4,118527,5.0,7.7,24.4,6.9,1683,34,025
"Morris County, New Jersey",508816,42.7,20.7,17.6,15.5,33.0,8.9,5.3,130808,4.6,4.0,26.2,5.1,1814,34,027
"Ocean County, New Jersey",638691,41.8,24.5,22.5,10.7,21.5,12.7,5.7,82379,4.5,18.5,20.1,5.9,1639,34,029
"Passaic County, New Jersey",519986,37.8,23.7,15.1,35.5,20.3,9.0,7.8,84465,12.5,4.1,47.6,14.7,1484,34,031
"Salem County, New Jersey",64840,41.8,21.6,18.8,59.2,15.0,15.9,8.0,73378,4.8,10.8,29.4,9.5,1165,34,033
"Somerset County, New Jersey",344978,42.0,21.4,16.3,24.1,31.2,8.2,5.0,131948,5.6,3.4,24.7,4.5,1846,34,035
"Sussex County, New Jersey",144808,44.5,19.4,18.1,17.4,25.1,11.2,5.5,111094,3.6,10.1,15.2,3.2,1501,34,037
"Union County, New Jersey",572079,39.0,23.4,14.6,33.1,22.9,9.0,6.2,95000,12.1,4.7,42.3,10.6,1570,34,039
"Warren County, New Jersey",109739,44.0,19.4,18.7,15.9,23.9,11.8,6.0,92620,5.0,4.6,27.2,6.3,1292,34,041
"Bernalillo County, New Mexico",674692,38.6,21.1,17.1,43.0,19.9,14.9,5.4,62220,8.5,6.2,36.6,7.0,1017,35,001
"Catron County, New Mexico",3635,59.5,11.6,43.2,-666666666.0,7.4,41.2,5.7,44777,9.0,49.8,12.7,5.7,847,35,003
"Chaves County, New Mexico",64701,36.2,25.4,15.9,34.5,10.9,19.3,5.3,49673,9.0,12.9,32.6,6.0,850,35,005
"Cibola County, New Mexico",27211,38.0,23.7,16.9,64.6,8.2,21.6,7.3,49866,11.8,27.1,28.9,5.5,753,35,006
"Colfax County, New Mexico",12370,49.2,17.6,27.5,67.6,12.7,25.4,3.2,46286,7.5,41.9,28.3,8.7,656,35,007
"Curry County, New Mexico",48327,31.7,26.5,12.8,61.1,13.5,17.7,7.9,55427,9.2,12.4,40.7,4.3,956,35,009
"De Baca County, New Mexico",1695,28.5,25.4,21.1,86.5,4.7,13.8,8.5,34702,8.9,35.8,32.3,5.5,688,35,011
"Doña Ana County, New Mexico",219870,33.2,23.9,16.1,47.6,17.2,14.7,6.8,51232,10.9,9.2,35.9,5.7,858,35,013
"Eddy County, New Mexico",61264,35.7,26.2,14.5,38.5,11.6,15.5,4.2,77458,9.2,13.5,26.6,4.7,1095,35,015
"Grant County, New Mexico",28006,48.1,18.9,28.4,44.7,15.5,22.4,7.7,44895,5.1,22.8,28.5,4.0,802,35,017
"Guadalupe County, New Mexico",4413,43.0,18.6,19.5,0.0,10.2,19.7,9.8,38713,6.8,40.1,21.8,3.9,412,35,019
"Harding County, New Mexico",671,42.2,21.2,24.3,0.0,15.7,18.4,7.2,39489,5.7,46.8,32.9,9.1,1018,35,021
"Hidalgo County, New Mexico",4160,42.1,22.0,21.8,13.5,11.3,17.5,4.4,53651,8.4,29.7,29.4,7.2,668,35,023
"Lea County, New Mexico",73103,32.2,30.0,11.0,49.3,7.6,11.8,7.4,65855,13.9,12.5,31.6,4.5,1031,35,025
"Lincoln County, New Mexico",20222,51.7,17.0,29.6,61.8,14.3,23.1,5.3,47919,13.0,49.0,22.5,4.5,831,35,027
"Los Alamos County, New Mexico",19253,41.2,21.5,17.8,40.1,27.9,10.7,1.9,135801,3.4,5.6,27.2,1.2,1235,35,028
"Luna County, New Mexico",25393,36.5,26.7,20.5,38.0,6.9,22.6,7.0,38241,8.7,22.3,33.4,8.1,572,35,029
"McKinley County, New Mexico",72073,33.6,28.0,12.7,76.7,7.4,15.1,9.6,44029,19.9,16.9,28.1,11.8,806,35,031
"Mora County, New Mexico",4208,59.4,15.4,33.2,-666666666.0,7.6,34.0,7.4,40231,2.1,32.4,9.8,7.2,560,35,033
"Otero County, New Mexico",67850,35.9,22.3,17.0,34.2,13.8,20.5,9.6,50833,9.2,26.1,34.3,4.9,882,35,035
"Quay County, New Mexico",8641,46.6,21.8,25.0,67.4,10.0,24.6,4.8,38998,10.3,31.6,31.7,8.0,710,35,037
"Rio Arriba County, New Mexico",40285,41.7,22.9,20.2,81.3,10.6,15.8,6.0,52031,9.1,28.2,21.1,3.8,704,35,039
"Roosevelt County, New Mexico",19142,31.3,24.2,14.8,47.8,13.0,19.6,6.6,52644,11.5,18.2,39.9,6.2,795,35,041
"Sandoval County, New Mexico",149460,40.8,22.5,18.8,37.7,19.5,14.1,5.9,76424,6.6,6.8,19.0,3.0,1280,35,043
"San Juan County, New Mexico",121798,36.8,25.8,15.7,42.6,9.2,15.6,8.9,50734,12.6,14.6,29.6,6.1,894,35,045
"San Miguel County, New Mexico",27215,45.0,17.0,22.9,89.1,14.0,23.5,6.9,43490,6.4,22.0,28.4,7.3,727,35,047
"Santa Fe County, New Mexico",154481,47.7,17.1,25.9,45.4,21.2,14.0,5.4,70522,9.8,11.5,28.5,4.2,1252,35,049
"Sierra County, New Mexico",11506,55.4,16.0,35.9,0.0,11.7,30.4,4.7,35256,4.0,34.9,26.8,7.4,729,35,051
"Socorro County, New Mexico",16453,39.6,21.8,20.0,28.1,6.4,24.0,4.4,40699,6.7,35.0,25.1,4.9,702,35,053
"Taos County, New Mexico",34475,49.8,16.9,27.8,61.1,18.9,19.1,5.9,55145,7.9,34.4,19.5,4.5,982,35,055
"Torrance County, New Mexico",15203,43.0,21.3,21.5,63.8,9.0,23.1,10.8,50727,8.5,22.6,16.8,5.0,731,35,057
"Union County, New Mexico",4074,39.4,21.4,22.0,53.3,9.7,23.3,5.8,41714,11.6,30.0,34.9,7.9,587,35,059
"Valencia County, New Mexico",76613,38.8,23.0,18.4,47.7,11.3,21.4,7.5,56246,7.7,12.8,17.3,2.7,873,35,061
"Albany County, New York",315041,38.1,18.1,17.5,31.7,22.5,11.8,5.2,78829,3.0,9.6,43.5,12.5,1196,36,001
"Allegany County, New York",47222,38.9,19.6,19.3,39.2,12.8,16.4,7.3,58725,5.3,28.9,19.2,7.3,735,36,003
"Bronx County, New York",1443229,35.0,24.7,13.3,51.5,13.5,15.8,11.2,47036,7.6,4.1,80.0,60.2,1401,36,005
"Broome County, New York",198365,39.7,19.1,19.7,45.0,15.8,15.9,6.9,58317,3.8,12.2,35.2,12.5,882,36,007
"Cattaraugus County, New York",77000,42.5,21.9,19.9,35.8,10.9,16.3,5.4,56889,6.6,21.8,26.3,10.4,745,36,009
"Cayuga County, New York",76171,43.4,19.4,20.0,54.6,13.2,14.6,4.3,63227,4.1,15.8,30.0,10.0,868,36,011
"Chautauqua County, New York",127440,42.8,20.3,20.8,44.3,13.5,17.6,5.4,54625,5.5,19.5,30.9,11.8,759,36,013
"Chemung County, New York",83584,41.7,21.0,19.6,40.2,13.5,16.1,6.3,61358,4.3,10.9,31.6,10.2,991,36,015
"Chenango County, New York",47096,44.9,20.5,21.3,32.3,9.8,18.7,7.1,61741,3.6,18.4,23.7,8.4,798,36,017
"Clinton County, New York",79839,40.9,17.9,17.8,38.0,15.4,17.3,4.7,67097,3.3,12.5,31.0,9.5,944,36,019
"Columbia County, New York",61469,49.3,16.4,24.8,22.8,19.0,14.4,5.9,81741,3.9,24.0,25.4,6.2,1114,36,021
"Cortland County, New York",46755,36.3,18.9,16.5,31.9,15.0,13.3,5.4,65029,3.7,11.0,34.0,9.0,884,36,023
"Delaware County, New York",44637,48.9,16.2,25.2,31.8,13.3,18.5,6.1,58338,4.5,37.6,22.8,7.4,785,36,025
"Dutchess County, New York",296467,42.9,18.6,18.4,24.2,20.6,12.9,5.0,94578,4.3,6.7,31.2,7.2,1425,36,027
"Erie County, New York",951232,40.1,20.1,18.5,31.9,20.2,13.7,5.0,68014,2.9,7.3,34.8,12.1,984,36,029
"Essex County, New York",37314,49.2,15.9,24.8,24.4,17.6,16.7,5.1,68090,4.1,37.7,23.0,9.4,875,36,031
"Franklin County, New York",47459,41.9,20.3,18.4,46.2,12.3,17.4,5.1,60270,6.0,25.3,29.1,11.0,788,36,033
"Fulton County, New York",53280,44.2,20.0,20.2,39.9,11.5,17.1,4.3,60557,3.6,21.5,30.9,10.0,855,36,035
"Genesee County, New York",58204,42.7,20.3,19.5,24.3,13.5,15.4,4.7,68178,3.1,6.2,26.6,9.8,866,36,037
"Greene County, New York",48067,47.0,16.2,23.2,27.3,16.2,13.8,2.8,70294,3.5,38.3,24.1,8.6,1013,36,039
"Hamilton County, New York",5090,56.4,13.1,32.0,44.3,13.3,17.8,4.9,66891,4.7,78.2,15.1,2.4,902,36,041
"Herkimer County, New York",60293,44.3,20.5,21.3,23.9,13.3,15.4,4.2,68104,4.7,24.0,24.0,10.1,776,36,043
"Jefferson County, New York",117445,32.8,23.8,14.2,11.4,15.0,14.6,6.4,62782,5.4,25.1,45.5,8.5,1143,36,045
"Kings County, New York",2679620,35.9,22.6,14.5,26.2,24.1,10.3,7.3,74692,6.3,7.6,69.7,55.3,1715,36,047
"Lewis County, New York",26690,42.0,22.9,19.6,9.4,10.8,15.0,5.2,64401,4.3,31.2,19.2,5.6,768,36,049
"Livingston County, New York",61980,41.7,17.8,18.9,42.1,15.4,13.5,4.7,70443,3.4,11.3,23.0,6.0,919,36,051
"Madison County, New York",68020,42.5,18.7,19.1,31.1,14.3,13.0,4.1,68869,3.3,17.8,22.3,6.1,867,36,053
"Monroe County, New York",756406,39.3,20.5,17.9,37.6,22.2,14.2,5.3,71450,3.2,6.4,36.3,10.9,1085,36,055
"Montgomery County, New York",49624,40.6,22.9,18.8,28.5,11.1,16.5,5.9,58033,5.6,17.5,31.3,12.8,867,36,057
"Nassau County, New York",1389160,41.7,21.4,18.0,17.6,26.3,8.8,4.6,137709,4.0,4.7,18.2,6.6,2131,36,059
"New York County, New York",1645867,38.5,14.3,17.3,19.2,32.4,11.1,6.8,99880,4.6,15.4,75.7,77.9,2024,36,061
"Niagara County, New York",212230,43.1,19.8,19.7,41.2,15.9,15.3,5.8,65882,2.3,9.2,29.1,10.7,823,36,063
"Oneida County, New York",231055,40.9,21.3,19.2,37.7,15.5,14.6,4.4,66402,3.4,11.5,32.0,10.6,889,36,065
"Onondaga County, New York",472637,39.4,21.0,17.8,30.8,20.2,13.9,5.6,71479,3.5,8.8,34.7,12.2,1002,36,067
"Ontario County, New York",112288,43.8,19.5,21.0,32.1,19.9,14.5,4.0,76603,3.3,10.6,27.5,6.5,1061,36,069
"Orange County, New York",401237,36.8,25.4,14.1,20.9,18.2,11.6,5.3,91806,4.9,8.2,32.0,8.6,1494,36,071
"Orleans County, New York",40148,43.2,19.2,18.3,27.0,11.7,15.5,6.1,61069,5.4,11.2,23.8,7.6,840,36,073
"Oswego County, New York",118037,40.3,20.7,17.1,45.8,12.7,15.0,7.3,65054,4.2,13.5,26.5,8.5,899,36,075
"Otsego County, New York",59678,40.8,15.3,21.2,43.9,18.0,14.1,5.0,65778,5.1,25.6,25.9,7.0,927,36,077
"Putnam County, New York",97942,44.1,19.5,18.3,21.6,24.2,10.2,4.4,120970,3.5,8.9,16.1,4.1,1691,36,079
"Queens County, New York",2360826,39.9,19.9,16.5,26.0,21.4,9.9,7.0,82431,8.7,8.9,54.8,36.7,1847,36,081
"Rensselaer County, New York",160943,40.0,19.0,17.6,39.0,20.6,14.5,5.6,83734,3.1,10.9,37.2,10.3,1141,36,083
"Richmond County, New York",492925,40.3,21.7,16.6,28.5,21.1,10.3,5.4,96185,3.9,7.4,31.4,15.2,1602,36,085
"Rockland County, New York",337326,35.3,28.8,15.6,13.6,23.5,9.0,6.2,106173,4.1,5.2,31.7,9.9,1755,36,087
"St. Lawrence County, New York",108670,38.8,20.0,18.0,32.9,12.0,17.2,6.3,58339,6.0,20.0,28.7,10.4,788,36,089
"Saratoga County, New York",236328,43.3,19.4,18.9,17.4,24.1,11.3,3.5,97038,2.8,10.6,27.9,4.8,1305,36,091
"Schenectady County, New York",159447,39.7,21.4,17.5,26.1,18.9,12.7,6.0,75056,3.9,9.7,36.1,12.2,1092,36,093
"Schoharie County, New York",29970,45.7,17.4,23.0,14.5,13.5,16.8,5.3,71479,4.2,25.6,22.6,6.3,883,36,095
"Schuyler County, New York",17855,47.3,18.8,22.1,25.3,12.6,15.3,5.7,61316,4.4,23.0,23.1,5.9,808,36,097
"Seneca County, New York",33651,43.0,20.0,20.2,19.4,13.5,17.1,4.5,64050,8.6,15.5,27.5,8.7,871,36,099
"Steuben County, New York",93584,42.8,21.4,20.0,24.7,12.9,15.0,6.3,62506,5.0,17.6,27.3,9.4,832,36,101
"Suffolk County, New York",1524486,41.7,20.8,17.3,27.0,21.1,9.9,4.8,122498,4.4,11.8,18.2,5.2,2113,36,103
"Sullivan County, New York",78725,41.9,21.0,18.9,30.4,16.2,15.9,7.2,67841,5.6,39.5,30.9,9.9,996,36,105
"Tioga County, New York",48344,44.7,20.4,20.9,24.3,15.6,14.7,5.6,70427,3.4,7.3,22.1,6.5,894,36,107
"Tompkins County, New York",102555,32.6,14.5,15.7,19.5,24.6,11.3,4.7,69995,3.3,8.0,45.7,13.3,1320,36,109
"Ulster County, New York",182153,44.2,17.3,20.5,25.2,19.5,14.5,5.1,77197,6.2,15.9,30.8,7.2,1269,36,111
"Warren County, New York",65684,46.7,17.7,23.0,42.0,17.8,15.8,4.2,74531,3.8,25.6,29.4,8.5,1062,36,113
"Washington County, New York",61310,44.6,18.4,20.4,25.0,12.5,15.3,5.1,68703,5.5,16.6,26.1,8.8,964,36,115
"Wayne County, New York",91324,43.6,21.1,19.7,27.7,15.4,14.5,4.3,71007,5.8,10.7,20.2,7.3,877,36,117
"Westchester County, New York",997904,41.3,21.5,17.5,19.9,25.6,10.1,6.0,114651,4.9,5.5,37.7,14.2,1796,36,119
"Wyoming County, New York",40338,42.9,19.8,19.1,12.1,11.0,13.3,4.1,65066,4.3,10.9,22.9,7.7,787,36,121
"Yates County, New York",24713,41.7,22.0,21.5,16.8,14.2,11.6,3.2,63974,17.6,32.3,22.7,13.0,773,36,123
"Alamance County, North Carolina",171779,39.1,22.0,16.9,44.6,19.0,12.8,5.0,60866,9.7,9.0,34.0,5.0,959,37,001
"Alexander County, North Carolina",36505,43.9,19.7,20.4,9.7,11.0,17.1,5.6,62764,9.1,14.2,18.8,2.8,735,37,003
"Alleghany County, North Carolina",10989,50.6,16.3,28.0,0.0,13.4,17.4,5.3,42115,13.4,36.1,19.5,5.6,708,37,005
"Anson County, North Carolina",22200,41.1,20.0,19.5,48.5,8.7,20.6,6.4,42000,13.0,17.0,32.6,7.1,818,37,007
"Ashe County, North Carolina",26759,49.6,16.9,26.6,29.8,12.6,17.9,5.1,49176,11.0,30.6,20.2,4.2,730,37,009
"Avery County, North Carolina",17679,46.5,13.9,22.7,8.8,13.6,19.0,5.0,53513,14.6,53.4,21.4,4.5,811,37,011
"Beaufort County, North Carolina",44711,46.9,19.6,24.4,63.9,12.2,17.1,5.6,56081,11.3,21.9,29.2,5.8,835,37,013
"Bertie County, North Carolina",17818,45.9,17.1,23.9,53.6,10.9,23.5,6.4,41652,11.9,22.5,25.1,11.3,823,37,015
"Bladen County, North Carolina",29807,45.0,20.3,22.8,83.1,14.0,14.8,5.5,40476,10.0,25.8,30.3,7.9,731,37,017
"Brunswick County, North Carolina",139721,55.7,14.5,32.7,42.5,20.4,14.9,5.0,71193,8.8,32.7,16.3,2.4,1187,37,019
"Buncombe County, North Carolina",269449,42.3,18.0,20.6,35.5,25.6,13.6,3.6,66531,11.3,20.9,35.6,5.4,1209,37,021
"Burke County, North Carolina",87799,45.1,18.2,21.0,42.1,12.4,20.4,6.0,53732,10.8,11.5,23.9,4.6,768,37,023
"Cabarrus County, North Carolina",226396,37.6,25.2,13.3,21.9,24.0,10.7,4.9,83828,8.0,12.7,27.0,3.7,1185,37,025
"Caldwell County, North Carolina",80716,45.1,19.9,20.7,45.2,12.3,18.8,5.8,52362,11.3,13.5,25.4,4.8,717,37,027
"Camden County, North Carolina",10547,41.1,23.8,15.8,34.3,16.4,15.5,5.7,79120,3.7,7.2,15.9,1.3,1151,37,029
"Carteret County, North Carolina",68353,49.9,17.1,25.8,29.7,19.8,17.4,4.9,66965,10.1,40.5,27.1,3.9,1009,37,031
"Caswell County, North Carolina",22747,46.4,18.1,22.0,42.3,9.9,19.9,6.0,56999,9.9,18.9,24.5,4.7,678,37,033
"Catawba County, North Carolina",161011,41.5,21.8,18.3,32.4,17.3,14.0,5.1,62070,11.8,9.3,29.0,4.9,866,37,035
"Chatham County, North Carolina",76754,47.6,19.5,24.8,28.3,24.7,12.9,2.8,84222,8.8,8.9,20.2,3.1,995,37,037
"Cherokee County, North Carolina",28868,52.9,16.1,30.7,48.4,15.7,18.1,4.9,49254,16.2,29.1,18.7,4.3,819,37,039
"Chowan County, North Carolina",13835,48.7,19.6,25.6,78.5,15.1,16.5,4.3,51188,6.6,13.2,35.6,10.2,814,37,041
"Clay County, North Carolina",11186,54.1,16.5,31.9,4.2,17.6,16.3,4.0,57065,15.3,33.2,20.3,7.3,793,37,043
"Cleveland County, North Carolina",99527,41.4,22.1,18.7,65.0,12.3,16.2,6.4,50723,11.2,16.5,30.3,6.5,794,37,045
"Columbus County, North Carolina",50827,41.8,20.6,20.1,44.3,9.7,17.5,5.8,43206,14.2,18.8,29.2,6.2,738,37,047
"Craven County, North Carolina",101098,38.5,21.7,19.8,27.5,15.1,15.4,5.1,61676,9.2,12.9,32.1,5.9,1056,37,049
"Cumberland County, North Carolina",335207,31.7,24.9,12.5,32.5,17.4,16.7,7.9,55551,10.8,11.2,47.4,6.9,1098,37,051
"Currituck County, North Carolina",28616,42.5,22.2,16.7,29.8,18.6,11.7,3.2,82793,11.2,31.5,12.5,1.7,1217,37,053
"Dare County, North Carolina",37160,48.1,18.4,23.0,24.4,28.0,10.6,5.1,79742,11.6,53.4,22.2,1.8,1259,37,055
"Davidson County, North Carolina",169498,42.6,21.7,18.5,46.3,14.4,15.3,4.3,58473,10.9,9.7,27.4,4.2,822,37,057
"Davie County, North Carolina",43030,45.2,20.9,21.4,26.9,17.4,18.1,4.6,69105,10.2,12.6,17.7,5.0,838,37,059
"Duplin County, North Carolina",49312,40.6,23.7,19.1,48.2,11.4,17.2,5.4,49376,14.8,15.0,30.6,5.2,765,37,061
"Durham County, North Carolina",325101,35.8,20.0,13.8,27.4,27.1,9.7,4.3,74927,11.4,6.9,44.6,7.0,1301,37,063
"Edgecombe County, North Carolina",49067,41.6,22.7,20.1,71.0,13.0,16.0,8.6,46370,11.6,16.7,38.1,10.4,779,37,065
"Forsyth County, North Carolina",383739,38.4,22.7,16.4,40.4,21.4,12.3,5.6,61229,10.5,10.5,38.1,6.6,969,37,067
"Franklin County, North Carolina",69680,41.0,21.7,16.9,40.1,16.2,16.8,5.9,70493,9.8,11.1,22.8,3.2,971,37,069
"Gaston County, North Carolina",228972,39.9,22.3,16.4,41.5,17.6,14.7,4.9,62628,10.2,8.3,33.0,5.4,1005,37,071
"Gates County, North Carolina",10509,47.3,19.6,21.2,0.0,5.3,19.1,9.3,55750,7.4,14.0,20.3,3.4,921,37,073
"Graham County, North Carolina",8047,45.3,20.3,23.6,34.2,10.1,19.6,7.7,46010,17.7,39.7,20.1,6.4,580,37,075
"Granville County, North Carolina",61161,42.5,20.2,17.1,63.4,16.2,16.4,4.7,68079,10.6,11.7,23.5,4.1,937,37,077
"Greene County, North Carolina",20407,40.0,19.1,16.5,40.1,8.1,20.5,5.5,50320,16.9,13.9,32.9,5.5,826,37,079
"Guilford County, North Carolina",539557,37.2,21.9,15.5,48.4,23.9,11.9,5.2,62880,9.2,8.8,40.5,6.3,1049,37,081
"Halifax County, North Carolina",48772,43.6,21.3,21.2,71.8,10.0,20.1,9.3,41629,10.3,18.9,36.5,9.2,760,37,083
"Harnett County, North Carolina",134718,35.2,25.5,13.2,27.1,15.1,15.5,5.3,64992,10.8,10.1,31.6,4.3,1022,37,085
"Haywood County, North Carolina",62152,47.7,17.9,25.1,25.8,17.6,17.2,3.5,56596,11.2,24.5,25.2,4.3,954,37,087
"Henderson County, North Carolina",116469,47.7,18.6,26.1,16.2,21.2,14.8,3.5,65508,12.3,12.8,25.6,3.7,1032,37,089
"Hertford County, North Carolina",21633,41.7,17.9,20.4,63.7,9.4,20.9,7.2,46196,10.8,15.3,34.6,9.0,846,37,091
"Hoke County, North Carolina",52612,33.5,27.1,11.0,29.2,13.7,18.1,6.4,57141,11.0,9.1,30.1,5.2,1036,37,093
"Hyde County, North Carolina",4636,46.8,19.7,23.4,-666666666.0,11.5,18.8,8.7,43724,13.8,31.9,29.2,2.2,917,37,095
"Iredell County, North Carolina",187839,40.8,22.5,16.3,21.9,22.5,11.8,4.6,73103,9.3,9.5,28.3,3.3,1105,37,097
"Jackson County, North Carolina",42388,39.2,16.6,20.4,28.0,17.3,13.2,5.9,51482,15.1,34.2,37.9,4.8,804,37,099
"Johnston County, North Carolina",219042,38.4,24.9,13.6,32.4,19.1,12.8,3.7,75288,11.2,6.9,23.4,4.1,970,37,101
"Jones County, North Carolina",9263,47.9,18.5,23.2,53.2,11.8,20.5,4.8,53053,12.5,18.3,24.0,7.8,680,37,103
"Lee County, North Carolina",63560,39.6,23.8,16.8,56.1,14.7,17.4,5.2,60941,13.7,9.5,34.7,4.0,923,37,105
"Lenoir County, North Carolina",55071,42.7,22.4,20.9,72.0,10.4,23.4,7.1,43063,10.8,15.1,41.2,8.6,792,37,107
"Lincoln County, North Carolina",87933,44.3,20.8,18.6,25.7,18.6,15.2,4.4,75672,8.5,7.4,21.4,3.4,928,37,109
"McDowell County, North Carolina",44629,44.3,19.6,20.6,36.5,12.4,19.1,5.5,53532,12.6,14.7,26.6,6.4,725,37,111
"Macon County, North Carolina",37088,50.6,17.8,28.8,18.6,16.0,16.9,3.5,51042,15.5,35.4,26.2,6.4,818,37,113
"Madison County, North Carolina",21414,44.6,17.6,22.9,19.6,21.1,18.5,1.7,56664,9.0,23.8,23.2,4.5,760,37,115
"Martin County, North Carolina",21992,46.7,20.3,24.3,59.4,11.2,20.9,9.6,44799,8.2,16.0,33.4,9.3,758,37,117
"Mecklenburg County, North Carolina",1115403,35.4,23.0,11.6,29.4,31.0,8.1,4.5,79265,11.5,7.2,44.1,5.6,1413,37,119
"Mitchell County, North Carolina",14989,47.4,18.2,25.1,7.5,13.8,18.6,6.3,55534,10.6,25.2,20.5,8.4,701,37,121
"Montgomery County, North Carolina",25839,43.7,21.2,21.2,26.4,13.2,18.0,3.1,55523,13.9,36.3,28.3,4.4,710,37,123
"Moore County, North Carolina",100759,43.0,21.5,24.1,11.7,23.6,14.3,4.6,77981,8.3,14.0,22.9,4.2,1084,37,125
"Nash County, North Carolina",95015,41.7,21.9,18.8,20.5,15.3,15.1,6.4,56770,11.6,12.8,35.1,6.9,879,37,127
"New Hanover County, North Carolina",228134,40.2,18.0,18.5,27.7,28.3,12.0,4.8,67515,10.5,12.8,40.5,6.3,1249,37,129
"Northampton County, North Carolina",17528,51.3,17.6,27.6,15.8,10.8,19.0,7.6,45698,11.2,29.9,28.2,8.1,764,37,131
"Onslow County, North Carolina",203686,26.9,24.3,9.6,15.2,17.6,16.3,6.4,59976,10.3,16.0,41.1,3.8,1132,37,133
"Orange County, North Carolina",145919,36.2,19.2,15.4,14.3,27.6,8.3,3.9,85785,6.3,9.3,35.3,4.7,1316,37,135
"Pamlico County, North Carolina",12317,54.2,14.5,30.3,20.3,12.4,20.9,4.6,55867,9.3,28.8,18.4,4.8,830,37,137
"Pasquotank County, North Carolina",40454,39.0,21.6,17.6,41.7,17.2,15.1,5.8,61411,10.7,11.6,35.8,6.2,1039,37,139
"Pender County, North Carolina",61592,42.6,22.1,18.0,47.4,19.2,16.0,6.4,74538,9.3,23.2,17.7,3.1,1039,37,141
"Perquimans County, North Carolina",13053,49.8,18.6,28.1,0.0,10.9,20.9,5.0,59401,10.7,19.4,23.4,4.0,1033,37,143
"Person County, North Carolina",39131,43.7,20.6,20.3,31.3,12.7,20.2,3.7,60688,8.4,12.2,22.4,5.2,777,37,145
"Pitt County, North Carolina",171196,33.2,21.2,14.1,45.3,20.0,14.8,7.5,54915,10.1,10.7,48.8,9.2,911,37,147
"Polk County, North Carolina",19538,54.2,15.7,31.7,16.7,21.4,18.1,4.3,60465,9.9,21.5,23.5,3.7,984,37,149
"Randolph County, North Carolina",144403,41.4,22.2,18.0,43.1,11.9,17.2,3.9,56423,12.9,10.2,26.2,3.7,813,37,151
"Richmond County, North Carolina",43149,40.1,23.3,17.9,60.7,10.7,16.2,9.6,42354,10.3,16.0,34.8,10.7,720,37,153
"Robeson County, North Carolina",117573,36.8,24.9,15.7,55.7,9.5,17.0,6.4,39393,14.5,12.9,34.4,8.0,741,37,155
"Rockingham County, North Carolina",91209,45.1,20.1,20.8,26.6,10.6,17.6,6.5,50737,10.0,11.2,28.7,7.0,743,37,157
"Rowan County, North Carolina",147067,40.7,22.0,17.7,50.4,14.6,15.5,6.3,59717,10.8,10.8,29.3,5.9,925,37,159
"Rutherford County, North Carolina",64680,44.9,20.2,21.7,56.5,13.0,21.2,6.0,50512,11.9,19.5,26.7,6.0,729,37,161
"Sampson County, North Carolina",59317,39.6,24.2,18.1,61.8,10.4,14.1,5.7,49963,15.8,16.7,26.8,5.1,752,37,163
"Scotland County, North Carolina",34222,39.0,22.7,18.0,45.4,9.1,16.7,10.8,41948,12.3,15.2,40.2,11.5,736,37,165
"Stanly County, North Carolina",62723,41.4,21.5,18.9,40.7,13.2,17.1,4.3,60634,11.2,14.5,25.1,5.4,816,37,167
"Stokes County, North Carolina",44696,47.4,18.5,21.9,15.3,10.5,19.8,5.3,57539,8.6,10.8,22.2,2.8,784,37,169
"Surry County, North Carolina",71429,43.8,21.0,20.6,37.8,12.2,19.0,4.9,52743,12.6,13.6,27.2,5.1,706,37,171
"Swain County, North Carolina",14130,41.6,22.6,19.2,54.5,12.5,17.9,7.5,52818,24.0,32.7,27.3,8.9,690,37,173
"Transylvania County, North Carolina",33131,52.4,15.5,31.0,54.8,23.8,14.9,4.0,62056,13.6,24.7,23.9,4.6,861,37,175
"Tyrrell County, North Carolina",3389,45.3,17.1,22.4,100.0,7.8,19.9,3.9,55341,12.3,26.8,25.2,7.6,722,37,177
"Union County, North Carolina",240109,38.9,26.0,13.1,17.1,25.5,9.2,4.3,95533,8.8,5.3,17.5,2.7,1274,37,179
"Vance County, North Carolina",42492,40.7,23.7,18.7,84.0,12.2,18.3,7.0,48340,12.5,16.9,41.0,7.8,830,37,181
"Wake County, North Carolina",1132103,37.0,23.4,12.2,21.3,33.8,8.8,4.2,96734,8.3,7.8,35.7,4.0,1412,37,183
"Warren County, North Carolina",18803,48.6,18.0,26.3,77.4,11.4,22.0,9.9,42282,11.2,32.8,29.6,10.4,726,37,185
"Washington County, North Carolina",11051,48.0,20.2,26.0,100.0,10.7,23.6,12.7,38927,8.7,19.2,31.4,18.2,755,37,187
"Watauga County, North Carolina",54540,32.1,12.1,16.2,18.6,24.1,11.1,9.3,50034,9.4,35.4,39.0,3.4,1067,37,189
"Wayne County, North Carolina",117480,37.5,23.4,16.6,41.4,13.9,15.6,5.0,54323,12.2,11.2,38.7,7.0,899,37,191
"Wilkes County, North Carolina",66125,45.3,20.0,22.3,45.0,11.6,19.0,6.0,49119,11.7,14.2,27.0,5.7,712,37,193
"Wilson County, North Carolina",78667,40.9,22.8,18.9,49.9,13.0,14.8,6.6,49827,12.0,11.4,40.5,9.2,853,37,195
"Yadkin County, North Carolina",37280,44.5,20.6,20.6,39.6,10.7,15.6,5.2,57486,12.2,13.0,23.6,4.6,711,37,197
"Yancey County, North Carolina",18538,48.0,18.5,26.2,29.3,14.4,18.4,7.6,53103,10.1,30.2,21.6,4.2,757,37,199
"Adams County, North Dakota",2190,46.9,22.2,27.7,0.0,13.3,13.1,0.7,57950,10.2,25.4,26.4,7.1,589,38,001
"Barnes County, North Dakota",10826,43.6,20.0,22.6,0.0,21.6,13.1,3.3,64447,6.2,14.1,25.5,5.6,773,38,003
"Benson County, North Dakota",5960,31.0,35.1,14.0,51.2,14.7,13.2,2.2,63220,8.0,27.4,28.3,9.2,563,38,005
"Billings County, North Dakota",839,40.6,20.1,25.3,30.0,19.9,7.7,2.1,74000,5.5,35.1,25.9,3.8,650,38,007
"Bottineau County, North Dakota",6411,44.3,21.7,24.6,31.5,19.7,13.6,3.5,80113,8.0,34.3,19.2,2.2,670,38,009
"Bowman County, North Dakota",2975,41.6,25.1,23.0,13.6,15.0,10.8,4.1,79709,10.3,27.8,21.0,1.6,862,38,011
"Burke County, North Dakota",2184,44.8,24.7,21.4,0.0,20.5,12.2,2.0,94583,3.8,32.8,17.7,1.3,669,38,013
"Burleigh County, North Dakota",98443,37.7,23.3,17.0,19.6,26.4,11.3,2.7,82141,4.7,7.2,28.6,5.7,975,38,015
"Cass County, North Dakota",186328,32.7,22.2,12.5,21.3,29.1,10.0,2.8,73249,5.9,7.5,47.7,6.0,909,38,017
"Cavalier County, North Dakota",3691,47.8,22.5,28.2,0.0,20.4,10.7,0.9,61174,5.9,28.1,17.2,4.6,731,38,019
"Dickey County, North Dakota",5003,38.1,25.0,19.1,30.4,20.9,11.9,3.1,60250,8.6,20.1,22.2,1.6,759,38,021
"Divide County, North Dakota",2195,44.0,24.1,24.1,0.0,15.0,11.0,3.2,95938,9.5,34.2,28.6,4.6,1032,38,023
"Dunn County, North Dakota",4049,42.7,23.8,17.7,19.0,14.7,14.9,2.4,91758,18.4,31.5,28.8,1.9,906,38,025
"Eddy County, North Dakota",2345,46.4,21.6,27.7,0.0,19.9,20.0,2.3,50375,6.0,15.5,30.5,7.4,555,38,027
"Emmons County, North Dakota",3297,50.5,19.5,28.1,0.0,13.1,12.5,1.4,63750,6.9,27.2,19.4,3.3,585,38,029
"Foster County, North Dakota",3388,45.1,21.9,23.7,0.0,18.8,11.1,0.2,78426,3.8,15.8,21.7,4.6,710,38,031
"Golden Valley County, North Dakota",1734,45.7,21.1,23.7,0.0,16.2,20.0,5.4,84750,2.0,27.6,25.3,5.6,838,38,033
"Grand Forks County, North Dakota",72927,30.3,20.9,13.5,21.7,24.2,9.4,3.4,64698,5.7,8.4,48.9,5.7,941,38,035
"Grant County, North Dakota",2320,49.4,22.3,29.3,0.0,17.8,13.2,2.9,57069,4.7,36.7,13.8,3.8,629,38,037
"Griggs County, North Dakota",2309,51.9,20.9,29.9,0.0,18.9,11.8,1.2,66688,3.7,32.7,18.1,3.9,499,38,039
"Hettinger County, North Dakota",2477,41.3,19.0,25.9,41.4,12.8,18.6,4.2,66797,8.9,25.9,22.4,2.1,852,38,041
"Kidder County, North Dakota",2391,48.4,23.3,26.6,24.2,15.4,10.6,1.0,57240,4.7,32.6,25.7,0.3,740,38,043
"LaMoure County, North Dakota",4135,45.8,21.9,26.8,34.0,20.4,11.6,1.7,70227,6.2,18.2,15.6,3.4,571,38,045
"Logan County, North Dakota",1849,49.2,22.1,27.0,17.6,19.6,11.9,1.3,59750,3.0,28.6,16.9,1.3,771,38,047
"McHenry County, North Dakota",5326,43.0,23.8,21.6,39.5,15.7,13.4,4.4,78071,6.2,18.5,18.1,5.0,753,38,049
"McIntosh County, North Dakota",2529,53.6,18.2,30.8,0.0,12.4,12.4,0.5,64375,7.0,29.9,22.0,7.1,605,38,051
"McKenzie County, North Dakota",14081,30.5,32.0,8.9,52.6,19.3,9.8,1.7,83813,15.7,30.0,43.5,2.5,1192,38,053
"McLean County, North Dakota",9781,46.3,21.8,24.6,15.4,18.2,11.3,1.4,80556,4.8,27.5,17.1,3.3,766,38,055
"Mercer County, North Dakota",8366,44.0,22.7,21.2,15.2,15.1,13.5,2.7,82155,11.7,24.2,16.2,2.3,1039,38,057
"Morton County, North Dakota",33192,36.7,23.4,16.5,20.3,21.0,8.1,2.0,79555,5.5,13.2,26.6,2.5,973,38,059
"Mountrail County, North Dakota",9648,34.7,28.4,12.4,26.3,15.1,13.9,3.5,81886,17.2,29.9,39.4,4.8,929,38,061
"Nelson County, North Dakota",3025,50.0,20.6,27.4,0.0,21.3,18.4,1.2,62219,5.9,28.1,24.9,2.4,539,38,063
"Oliver County, North Dakota",1832,48.1,25.7,25.0,0.0,16.0,10.3,2.9,69722,4.4,23.1,12.6,4.2,594,38,065
"Pembina County, North Dakota",6853,45.6,21.1,24.8,19.4,16.9,12.6,4.3,64243,6.9,16.0,25.6,2.3,658,38,067
"Pierce County, North Dakota",3999,44.6,22.0,24.6,56.0,20.1,9.8,1.0,59583,7.3,16.9,19.8,3.2,757,38,069
"Ramsey County, North Dakota",11613,40.0,24.1,21.5,2.8,18.9,17.4,0.8,61490,10.3,13.8,37.9,8.0,663,38,071
"Ransom County, North Dakota",5663,42.7,22.0,21.2,32.4,15.8,12.6,2.9,71462,5.0,8.0,25.6,4.1,840,38,073
"Renville County, North Dakota",2282,38.2,24.1,19.2,43.8,17.8,10.2,2.3,77067,4.4,31.4,16.4,3.4,885,38,075
"Richland County, North Dakota",16548,37.3,21.8,19.0,28.2,19.0,12.1,2.5,67089,5.9,10.0,30.8,7.2,725,38,077
"Rolette County, North Dakota",12292,31.1,33.1,12.4,72.6,11.0,17.2,6.4,53806,26.4,21.1,33.9,8.5,482,38,079
"Sargent County, North Dakota",3828,44.2,20.7,22.6,11.1,14.1,12.9,1.5,75648,3.7,13.7,26.5,2.5,837,38,081
"Sheridan County, North Dakota",1338,52.3,15.2,33.5,0.0,13.6,12.0,0.8,68684,6.5,21.2,17.1,2.2,439,38,083
"Sioux County, North Dakota",3896,27.1,35.8,8.1,57.8,8.7,16.2,20.7,41201,28.0,17.9,56.5,13.4,430,38,085
"Slope County, North Dakota",837,54.1,20.0,27.0,-666666666.0,19.2,17.9,4.5,70625,1.9,24.4,9.7,1.1,531,38,087
"Stark County, North Dakota",32989,34.3,27.3,13.3,34.1,18.9,10.2,2.9,78734,7.9,14.1,35.7,5.2,988,38,089
"Steele County, North Dakota",1774,45.3,21.9,26.4,37.0,26.6,8.7,2.2,85750,5.2,35.7,22.6,0.7,594,38,091
"Stutsman County, North Dakota",21609,40.3,20.2,19.9,33.5,18.0,18.0,4.7,59167,7.3,12.3,35.3,5.2,746,38,093
"Towner County, North Dakota",2152,49.1,23.0,22.5,79.5,13.8,14.7,1.6,61250,9.5,26.9,24.3,3.3,622,38,095
"Traill County, North Dakota",8004,40.6,22.3,19.6,20.8,22.1,11.3,2.0,81157,5.4,10.6,27.0,5.8,709,38,097
"Walsh County, North Dakota",10553,44.6,23.2,21.6,52.0,12.5,13.5,2.3,68082,7.5,14.4,21.8,4.8,695,38,099
"Ward County, North Dakota",69532,33.0,23.9,13.3,20.0,20.3,12.2,3.7,78143,6.1,12.2,38.8,4.3,1005,38,101
"Wells County, North Dakota",3990,49.7,22.4,25.1,46.9,18.4,12.4,1.8,59732,5.4,22.5,25.7,6.2,594,38,103
"Williams County, North Dakota",39076,31.9,29.5,9.6,11.7,18.1,10.4,2.5,86139,12.4,22.7,46.3,6.5,1097,38,105
"Adams County, Ohio",27509,42.2,23.9,18.2,61.9,8.1,23.0,5.8,46234,8.5,20.0,28.5,7.8,667,39,001
"Allen County, Ohio",102087,39.8,23.4,18.4,43.8,11.9,16.1,6.1,58976,6.2,8.9,32.5,7.5,844,39,003
"Ashland County, Ohio",52522,41.5,22.4,19.6,27.0,14.3,14.6,3.7,62254,8.2,9.0,22.1,6.9,815,39,005
"Ashtabula County, Ohio",97666,42.6,21.8,19.6,56.8,10.3,17.2,7.6,53663,10.0,16.7,26.6,8.5,811,39,007
"Athens County, Ohio",61276,32.2,14.9,14.3,35.6,15.6,17.3,5.7,48750,6.0,14.5,39.3,6.7,907,39,009
"Auglaize County, Ohio",46263,40.7,23.7,18.8,16.4,12.6,12.2,2.9,75231,4.2,5.5,22.7,3.6,815,39,011
"Belmont County, Ohio",66554,44.1,18.7,21.1,35.0,11.2,16.1,6.0,56943,6.5,17.9,25.5,6.9,754,39,013
"Brown County, Ohio",43715,41.9,22.8,18.5,43.7,9.5,17.0,4.4,66677,6.5,12.5,25.4,5.9,785,39,015
"Butler County, Ohio",388327,37.2,23.3,15.4,30.3,20.5,12.1,5.1,77062,6.3,6.2,30.5,4.9,1048,39,017
"Carroll County, Ohio",26761,45.9,20.5,21.8,20.6,8.4,17.6,3.9,59872,10.5,15.3,23.4,7.0,756,39,019
"Champaign County, Ohio",38715,41.7,22.1,18.8,20.3,12.3,13.8,4.5,70486,4.9,7.5,23.7,4.9,856,39,021
"Clark County, Ohio",135877,41.4,22.4,19.9,56.6,11.6,17.2,6.8,58954,6.9,9.2,31.5,7.1,820,39,023
"Clermont County, Ohio",208851,40.5,22.5,17.4,26.6,19.1,14.5,4.1,79573,5.6,4.6,26.2,4.8,984,39,025
"Clinton County, Ohio",42077,40.5,22.8,17.7,31.0,12.8,16.2,4.7,64210,5.7,8.6,29.3,4.0,837,39,027
"Columbiana County, Ohio",101723,44.5,20.2,20.9,35.5,11.0,17.3,4.9,55473,7.4,10.6,26.8,7.2,696,39,029
"Coshocton County, Ohio",36629,40.6,23.7,19.5,22.7,10.7,16.8,6.1,52048,10.3,9.8,28.3,9.7,694,39,031
"Crawford County, Ohio",41861,42.9,21.9,20.6,41.9,9.4,16.4,5.5,52486,6.7,8.6,30.6,5.5,746,39,033
"Cuyahoga County, Ohio",1256620,40.4,20.5,18.7,45.4,20.3,15.1,7.2,60074,5.5,10.3,41.6,12.3,952,39,035
"Darke County, Ohio",51751,41.7,23.6,20.0,30.5,10.9,13.5,2.6,60237,6.9,7.0,28.2,5.0,731,39,037
"Defiance County, Ohio",38300,40.8,22.7,19.0,15.4,12.1,13.9,4.9,69302,6.9,7.9,22.6,5.1,808,39,039
"Delaware County, Ohio",216074,39.8,25.4,14.4,14.6,34.8,8.2,3.0,123995,4.4,4.5,21.1,2.6,1338,39,041
"Erie County, Ohio",75299,44.8,20.0,22.5,44.9,17.4,15.2,6.1,65171,5.5,16.2,28.6,5.9,884,39,043
"Fairfield County, Ohio",159371,39.5,23.8,16.2,28.5,20.4,14.2,3.7,82969,6.0,6.4,25.1,4.0,1042,39,045
"Fayette County, Ohio",28901,41.2,23.4,17.7,57.0,8.6,19.6,4.3,56773,7.9,8.4,35.5,6.6,772,39,047
"Franklin County, Ohio",1318149,34.6,23.1,12.5,31.5,25.6,11.5,4.7,71070,8.0,6.9,46.5,7.1,1169,39,049
"Fulton County, Ohio",42602,41.4,23.3,18.5,41.6,11.6,14.6,3.5,71453,5.7,4.7,18.3,2.5,807,39,051
"Gallia County, Ohio",29276,40.2,23.3,19.2,19.4,10.3,19.1,4.1,55533,11.0,16.0,24.1,9.1,803,39,053
"Geauga County, Ohio",95455,44.6,22.4,21.3,9.9,24.9,9.9,3.1,97162,8.1,5.7,12.9,8.9,1009,39,055
"Greene County, Ohio",167567,38.6,20.6,17.8,29.8,21.1,13.6,4.6,81243,5.2,6.5,33.0,4.5,1027,39,057
"Guernsey County, Ohio",38409,42.6,22.1,19.8,56.5,9.7,17.5,4.6,53901,9.7,15.1,27.4,6.9,801,39,059
"Hamilton County, Ohio",827671,36.8,22.8,16.0,41.5,24.2,12.2,5.0,68249,5.6,8.2,40.8,10.4,961,39,061
"Hancock County, Ohio",75072,39.4,21.9,17.9,10.0,18.0,12.8,3.7,67006,4.8,7.1,31.1,4.9,877,39,063
"Hardin County, Ohio",30622,35.6,23.0,16.0,15.3,11.5,13.1,4.7,55876,12.4,9.9,25.6,8.2,755,39,065
"Harrison County, Ohio",14528,46.1,20.8,22.5,31.1,7.5,17.1,4.5,54056,12.9,21.7,22.2,7.3,682,39,067
"Henry County, Ohio",27601,41.8,23.3,19.0,33.1,12.4,12.9,4.5,71616,5.4,7.2,20.9,3.7,846,39,069
"Highland County, Ohio",43285,40.8,23.8,18.4,43.4,9.9,17.5,4.4,60522,9.1,12.2,27.2,8.8,736,39,071
"Hocking County, Ohio",28104,42.6,21.6,19.1,38.8,10.6,17.8,4.7,59007,7.0,13.4,21.1,4.1,773,39,073
"Holmes County, Ohio",44273,32.2,30.3,14.0,10.0,7.4,7.8,2.0,72987,41.8,8.3,22.0,31.3,749,39,075
"Huron County, Ohio",58518,40.1,23.8,17.9,49.9,10.4,15.4,4.4,64144,6.9,9.5,26.6,4.5,805,39,077
"Jackson County, Ohio",32563,40.1,23.5,17.6,49.4,10.8,21.6,5.9,56549,7.3,13.8,25.6,7.0,744,39,079
"Jefferson County, Ohio",65280,44.3,19.3,21.9,30.9,12.4,17.3,5.5,53124,4.9,13.7,28.9,8.6,760,39,081
"Knox County, Ohio",62657,39.4,22.8,18.5,26.0,15.2,13.8,3.3,71246,10.4,10.6,27.0,6.0,878,39,083
"Lake County, Ohio",232236,43.9,19.6,20.7,23.4,19.7,13.5,4.4,76835,5.2,5.8,25.3,4.4,1027,39,085
"Lawrence County, Ohio",57994,41.9,21.8,18.7,65.1,11.1,23.2,3.8,51846,4.9,15.5,27.1,5.5,806,39,087
"Licking County, Ohio",178844,40.2,22.9,16.9,34.1,19.9,15.2,3.3,78505,5.3,7.5,26.5,5.2,960,39,089
"Logan County, Ohio",46098,41.8,22.9,18.7,37.9,12.3,13.5,3.5,69125,5.1,19.2,23.4,5.4,802,39,091
"Lorain County, Ohio",313101,41.9,21.7,19.0,51.7,17.1,14.1,4.4,67272,5.6,7.5,27.1,5.7,886,39,093
"Lucas County, Ohio",430014,38.1,22.8,16.7,48.8,17.5,15.3,6.8,57265,5.9,9.5,38.5,8.6,879,39,095
"Madison County, Ohio",43961,41.4,20.1,15.8,32.0,14.0,15.0,3.4,77062,6.8,6.1,24.1,3.0,899,39,097
"Mahoning County, Ohio",227979,43.3,20.2,21.6,39.5,16.7,16.2,7.2,54279,5.0,9.7,30.2,8.1,753,39,099
"Marion County, Ohio",65366,40.7,21.1,18.2,44.5,9.1,18.3,5.7,55106,5.6,11.3,32.8,7.6,837,39,101
"Medina County, Ohio",182347,42.7,21.7,18.8,11.1,23.5,11.6,3.0,89968,3.7,4.0,20.2,3.5,1053,39,103
"Meigs County, Ohio",22242,43.2,21.9,20.2,59.6,8.0,22.6,6.4,46255,8.2,17.3,25.0,6.6,689,39,105
"Mercer County, Ohio",42321,39.4,25.7,18.5,22.4,13.7,11.0,2.0,73278,4.3,10.5,21.2,4.4,749,39,107
"Miami County, Ohio",108818,41.1,22.9,19.0,32.9,15.3,11.9,3.4,71440,5.0,5.6,26.6,4.7,906,39,109
"Monroe County, Ohio",13401,46.1,20.5,23.2,66.9,7.1,19.4,5.5,55381,7.1,22.2,19.9,9.0,668,39,111
"Montgomery County, Ohio",536121,39.0,22.0,18.2,53.7,17.9,15.1,5.9,61942,6.9,9.5,37.7,9.0,925,39,113
"Morgan County, Ohio",13851,44.6,20.8,21.8,60.7,7.4,21.2,4.9,51056,7.2,22.5,24.4,5.7,689,39,115
"Morrow County, Ohio",35049,42.7,22.2,18.3,40.3,11.8,16.4,2.6,70412,10.0,8.9,18.3,4.5,895,39,117
"Muskingum County, Ohio",86393,40.5,22.5,17.9,51.0,11.9,16.1,4.6,56810,6.1,9.8,31.1,6.9,776,39,119
"Noble County, Ohio",14216,51.9,18.8,28.4,21.0,8.6,21.8,4.5,51547,8.1,21.5,20.3,10.2,716,39,121
"Ottawa County, Ohio",40367,49.8,17.8,26.1,33.6,17.2,15.6,3.4,69515,4.5,37.1,17.6,3.9,846,39,123
"Paulding County, Ohio",18827,41.4,23.5,19.0,46.6,10.8,16.9,3.9,65331,5.9,11.0,18.7,4.3,718,39,125
"Perry County, Ohio",35451,41.1,23.5,17.3,36.0,10.2,18.1,4.9,62899,7.5,10.9,24.3,7.3,695,39,127
"Pickaway County, Ohio",58809,39.5,21.4,15.9,25.6,13.6,15.6,4.1,67600,5.5,5.9,27.2,6.0,906,39,129
"Pike County, Ohio",27151,40.9,23.6,17.8,31.5,9.4,25.0,5.2,50832,5.5,12.9,34.4,6.1,817,39,131
"Portage County, Ohio",161217,39.1,18.3,17.3,45.2,18.7,12.9,5.6,69796,5.5,10.0,29.3,7.1,990,39,133
"Preble County, Ohio",40929,43.0,22.1,19.6,33.5,11.6,15.0,3.4,66355,5.4,8.2,20.1,4.1,803,39,135
"Putnam County, Ohio",34400,40.3,25.4,17.9,5.4,17.6,9.5,2.2,79453,3.1,4.7,13.7,2.6,807,39,137
"Richland County, Ohio",125008,40.9,21.7,19.6,50.3,11.0,16.0,4.8,56557,6.7,9.0,32.0,7.6,768,39,139
"Ross County, Ohio",76957,41.3,21.1,17.2,34.1,10.1,18.7,5.7,58048,6.6,7.8,29.1,6.5,827,39,141
"Sandusky County, Ohio",58885,42.3,21.8,19.4,58.8,12.6,15.9,4.8,60814,5.5,9.3,25.9,4.6,756,39,143
"Scioto County, Ohio",73716,40.6,21.6,18.3,36.9,10.7,23.2,7.5,46360,6.0,15.6,31.5,7.2,723,39,145
"Seneca County, Ohio",55062,40.6,21.6,18.3,31.0,12.2,14.4,4.2,62476,5.4,8.6,28.0,5.7,789,39,147
"Shelby County, Ohio",48145,40.2,24.6,17.2,50.5,13.3,13.5,4.9,73502,4.4,7.5,25.9,4.0,865,39,149
"Stark County, Ohio",374199,41.8,21.4,19.9,48.5,15.5,14.0,4.3,63130,5.9,7.4,31.8,6.8,838,39,151
"Summit County, Ohio",539361,41.1,20.7,18.6,41.1,21.8,13.4,5.3,68360,5.7,7.3,33.1,7.8,956,39,153
"Trumbull County, Ohio",201749,44.0,20.5,21.9,42.1,13.2,17.2,4.8,53537,7.0,10.1,28.3,8.0,752,39,155
"Tuscarawas County, Ohio",92840,41.1,22.9,19.8,37.1,13.2,15.1,5.5,61953,8.6,7.4,30.4,7.1,844,39,157
"Union County, Ohio",63411,38.4,24.2,13.0,33.0,25.8,10.4,2.9,104496,4.6,3.4,19.6,2.9,1144,39,159
"Van Wert County, Ohio",28833,41.3,23.2,19.2,49.6,10.5,14.1,3.8,64841,3.7,7.1,20.6,4.2,769,39,161
"Vinton County, Ohio",12790,43.6,21.7,18.6,54.1,10.7,23.2,3.6,50967,7.7,14.2,25.4,4.5,675,39,163
"Warren County, Ohio",243189,39.5,24.0,14.9,13.5,26.7,10.7,3.0,103128,3.7,5.1,21.1,2.6,1254,39,165
"Washington County, Ohio",59639,44.1,19.7,21.3,49.0,12.8,16.5,5.2,59053,6.7,12.1,25.9,5.2,794,39,167
"Wayne County, Ohio",116680,38.8,24.0,18.2,22.8,14.5,12.5,3.3,70320,14.1,5.2,24.7,10.0,824,39,169
"Williams County, Ohio",36973,41.5,22.3,19.2,46.9,9.2,17.5,3.5,60632,5.4,7.2,24.9,4.5,771,39,171
"Wood County, Ohio",131564,35.4,20.2,15.9,19.8,22.3,11.9,4.9,70537,4.4,5.5,35.9,4.3,907,39,173
"Wyandot County, Ohio",21818,42.3,22.2,19.9,42.2,13.3,13.8,2.8,68552,3.6,8.8,26.4,4.6,753,39,175
"Adair County, Oklahoma",19726,38.1,26.5,15.6,30.1,6.6,21.1,6.4,44955,23.2,15.9,31.4,10.1,608,40,001
"Alfalfa County, Oklahoma",5683,43.6,19.7,18.9,61.4,14.2,17.1,4.0,75028,10.4,27.0,20.3,1.9,654,40,003
"Atoka County, Oklahoma",14117,40.6,21.6,18.6,25.0,9.8,23.4,5.6,49181,19.4,19.4,23.1,7.0,669,40,005
"Beaver County, Oklahoma",5071,39.9,25.5,18.7,30.6,16.7,15.9,1.9,62981,16.1,30.4,21.7,2.5,838,40,007
"Beckham County, Oklahoma",22295,36.3,23.4,13.8,41.4,10.3,13.8,6.2,51499,13.7,20.9,33.9,5.6,793,40,009
"Blaine County, Oklahoma",8661,41.3,23.9,18.8,4.1,13.8,17.2,6.8,56843,12.7,24.7,29.7,2.2,844,40,011
"Bryan County, Oklahoma",46528,36.8,23.3,17.5,41.5,16.0,19.7,4.8,54289,19.4,12.0,36.4,5.2,877,40,013
"Caddo County, Oklahoma",26910,37.4,23.0,15.7,47.8,11.1,19.6,6.0,52443,18.5,22.0,27.6,8.1,686,40,015
"Canadian County, Oklahoma",156681,36.2,25.8,13.4,24.5,22.4,13.2,4.1,82364,9.5,5.9,24.5,3.3,1129,40,017
"Carter County, Oklahoma",48202,38.4,25.1,17.0,47.1,11.4,21.6,4.2,56390,15.6,13.3,32.6,5.1,908,40,019
"Cherokee County, Oklahoma",47412,36.5,21.6,17.2,47.2,18.1,20.8,5.6,52410,19.9,18.7,33.3,6.5,773,40,021
"Choctaw County, Oklahoma",14285,41.7,24.4,20.4,33.3,9.6,26.0,6.9,43252,16.7,18.3,33.4,8.3,662,40,023
"Cimarron County, Oklahoma",2272,45.9,24.3,24.1,0.0,27.4,26.2,0.2,57100,18.6,45.4,19.0,3.2,615,40,025
"Cleveland County, Oklahoma",295060,34.8,20.8,14.1,20.6,20.9,14.6,4.7,71757,10.0,6.1,36.1,4.1,1073,40,027
"Coal County, Oklahoma",5287,40.7,24.1,20.7,39.4,10.4,24.7,5.6,47117,23.4,19.3,27.7,6.4,679,40,029
"Comanche County, Oklahoma",121777,33.5,23.7,13.1,41.8,15.0,20.9,6.6,57150,12.9,15.5,45.2,8.3,903,40,031
"Cotton County, Oklahoma",5537,42.8,23.1,18.7,40.9,12.6,24.3,2.2,60208,10.6,25.4,23.0,7.1,738,40,033
"Craig County, Oklahoma",14144,41.2,21.9,18.8,34.3,8.4,21.9,4.6,48018,17.0,18.8,30.6,5.2,810,40,035
"Creek County, Oklahoma",72076,40.4,23.4,18.1,46.7,12.7,15.1,3.7,61657,11.8,12.0,24.8,4.6,880,40,037
"Custer County, Oklahoma",28391,32.4,24.8,13.8,37.3,20.8,12.5,2.9,58669,10.4,17.1,35.1,4.0,732,40,039
"Delaware County, Oklahoma",40791,46.8,19.9,25.0,33.5,12.8,21.9,5.2,53290,16.5,31.4,25.1,4.3,833,40,041
"Dewey County, Oklahoma",4504,38.1,27.8,18.7,14.7,12.9,18.8,5.2,61310,15.4,28.3,23.4,2.5,844,40,043
"Ellis County, Oklahoma",3755,43.8,22.3,23.7,1.2,13.8,20.8,8.8,57768,14.5,34.1,18.4,5.2,732,40,045
"Garfield County, Oklahoma",62456,35.7,25.7,16.5,23.4,15.6,17.8,4.6,64165,14.6,14.2,34.3,4.1,868,40,047
"Garvin County, Oklahoma",25806,38.8,24.9,18.0,38.9,10.6,16.4,2.8,53600,16.7,18.2,31.3,4.0,791,40,049
"Grady County, Oklahoma",55314,39.7,23.4,16.5,40.5,16.3,17.9,5.0,74349,12.6,12.2,25.0,4.0,841,40,051
"Grant County, Oklahoma",4152,41.1,23.7,22.1,25.0,15.9,17.9,3.4,58980,10.7,30.3,22.1,3.0,830,40,053
"Greer County, Oklahoma",5531,41.0,21.1,17.1,23.8,7.7,21.6,5.8,55204,13.2,23.0,28.4,8.1,641,40,055
"Harmon County, Oklahoma",2499,40.7,24.1,19.4,25.0,10.3,18.5,7.4,55729,18.5,29.8,24.8,5.2,727,40,057
"Harper County, Oklahoma",3272,39.7,24.8,18.8,0.0,17.5,18.1,2.6,59934,11.5,29.4,17.2,1.7,791,40,059
"Haskell County, Oklahoma",11651,41.3,23.3,20.3,36.2,10.3,23.4,7.7,46239,18.2,20.4,24.9,5.4,730,40,061
"Hughes County, Oklahoma",13409,39.2,21.1,18.9,52.5,9.0,20.3,6.3,44799,19.0,32.9,26.1,4.7,604,40,063
"Jackson County, Oklahoma",24776,34.7,25.2,15.1,41.4,16.0,15.5,4.2,60954,13.4,18.3,39.3,6.4,842,40,065
"Jefferson County, Oklahoma",5420,40.9,25.4,20.4,34.2,13.4,26.3,4.3,48346,14.8,24.7,27.7,8.4,566,40,067
"Johnston County, Oklahoma",10410,39.5,23.5,18.8,48.6,14.8,25.3,5.5,48476,16.2,17.6,29.9,6.8,690,40,069
"Kay County, Oklahoma",43859,38.2,24.8,19.0,47.0,12.6,19.0,6.2,53746,13.0,20.8,32.6,6.5,786,40,071
"Kingfisher County, Oklahoma",15290,38.1,27.4,16.5,7.1,16.1,12.7,2.5,65167,15.0,13.8,26.5,3.2,905,40,073
"Kiowa County, Oklahoma",8446,41.6,24.2,20.2,2.9,13.2,22.0,4.4,42679,13.0,29.9,25.8,2.8,572,40,075
"Latimer County, Oklahoma",9537,40.9,22.1,21.0,23.0,8.8,21.9,7.8,42735,20.1,18.0,30.6,3.9,694,40,077
"Le Flore County, Oklahoma",48525,38.8,24.1,17.9,37.0,10.3,21.2,5.2,46750,19.0,15.7,29.1,5.9,753,40,079
"Lincoln County, Oklahoma",33734,41.0,23.5,18.8,30.3,11.3,20.2,3.0,57656,12.9,12.1,19.4,2.9,731,40,081
"Logan County, Oklahoma",49919,39.9,22.3,16.6,36.6,21.1,15.6,2.9,80565,12.5,10.0,13.2,3.2,869,40,083
"Love County, Oklahoma",10158,39.0,24.4,18.2,39.4,12.1,22.2,5.4,60758,15.2,21.7,28.5,3.6,812,40,085
"McClain County, Oklahoma",42393,38.8,25.2,15.4,13.3,18.1,14.3,4.1,80150,10.6,7.1,20.6,1.3,920,40,087
"McCurtain County, Oklahoma",31003,38.2,25.8,17.9,44.3,11.4,21.7,4.9,47046,20.4,19.7,28.2,7.8,677,40,089
"McIntosh County, Oklahoma",19159,47.4,19.8,25.4,26.1,9.2,23.5,4.0,43467,23.9,38.0,22.4,5.2,700,40,091
"Major County, Oklahoma",7678,42.2,25.3,20.9,26.2,13.2,17.4,1.8,67621,10.9,14.5,17.9,3.5,628,40,093
"Marshall County, Oklahoma",15494,42.0,22.8,21.6,51.9,11.6,23.0,5.8,53734,19.0,35.7,22.6,4.1,761,40,095
"Mayes County, Oklahoma",39324,40.3,23.2,18.5,42.1,11.5,23.9,5.9,56552,16.0,17.7,25.7,4.4,788,40,097
"Murray County, Oklahoma",13837,41.5,22.9,19.8,23.0,12.9,23.3,2.1,60213,12.7,22.7,27.0,3.4,824,40,099
"Muskogee County, Oklahoma",66606,38.1,24.3,16.9,51.1,14.3,22.1,5.7,50289,15.5,13.0,33.3,7.8,793,40,101
"Noble County, Oklahoma",10981,41.1,24.0,20.7,31.2,13.4,18.3,4.0,66813,8.3,16.3,20.2,1.6,710,40,103
"Nowata County, Oklahoma",9460,42.1,23.0,19.8,48.1,12.2,18.6,4.3,50960,16.6,15.7,28.1,5.6,741,40,105
"Okfuskee County, Oklahoma",11349,40.1,22.3,18.0,51.4,8.2,21.4,3.5,45429,16.0,19.8,28.6,6.9,677,40,107
"Oklahoma County, Oklahoma",795822,35.1,25.2,14.1,32.5,21.6,14.0,4.6,62505,14.0,10.0,41.1,6.2,1008,40,109
"Okmulgee County, Oklahoma",36900,39.3,23.5,18.4,57.8,11.0,22.4,7.2,50819,15.3,16.5,29.7,6.5,765,40,111
"Osage County, Oklahoma",46004,43.2,21.2,20.5,27.3,13.6,19.7,5.6,58189,12.5,14.8,21.7,4.1,773,40,113
"Ottawa County, Oklahoma",30472,37.6,24.9,18.1,39.1,10.2,20.8,3.8,46186,17.2,14.5,32.5,5.6,742,40,115
"Pawnee County, Oklahoma",15682,41.5,23.5,19.2,18.3,12.6,17.1,3.5,56279,14.2,18.8,22.3,3.3,842,40,117
"Payne County, Oklahoma",82058,27.2,18.4,12.9,24.6,21.2,13.0,4.8,46658,11.9,13.3,48.5,5.6,899,40,119
"Pittsburg County, Oklahoma",43758,40.4,22.8,19.9,35.3,12.6,23.1,6.3,53054,16.1,21.5,28.0,7.1,798,40,121
"Pontotoc County, Oklahoma",38116,37.3,24.6,16.9,27.7,17.5,15.8,4.3,59457,17.7,15.1,34.2,6.4,847,40,123
"Pottawatomie County, Oklahoma",72734,37.7,23.2,16.3,40.1,13.7,18.9,5.8,58270,13.3,12.1,30.1,4.8,848,40,125
"Pushmataha County, Oklahoma",10845,44.0,21.4,22.8,48.8,8.0,30.1,9.0,42274,21.7,25.9,24.6,8.8,557,40,127
"Roger Mills County, Oklahoma",3423,42.0,24.7,21.2,21.6,14.1,18.8,4.7,57574,12.8,20.9,19.2,0.9,679,40,129
"Rogers County, Oklahoma",95870,39.3,23.0,16.7,26.4,17.5,16.6,4.7,75312,11.8,7.9,22.7,2.7,980,40,131
"Seminole County, Oklahoma",23592,38.9,24.3,18.1,34.5,10.5,23.8,7.2,43239,20.5,20.9,30.9,7.0,695,40,133
"Sequoyah County, Oklahoma",39538,40.8,23.7,18.4,33.8,10.8,23.6,5.2,47494,18.8,17.7,28.4,4.7,788,40,135
"Stephens County, Oklahoma",43140,40.7,22.9,20.4,33.7,12.2,21.6,4.9,57065,14.2,16.3,25.3,6.7,831,40,137
"Texas County, Oklahoma",21144,33.1,28.4,11.8,12.3,16.1,12.0,2.7,55682,18.3,18.7,32.0,3.7,865,40,139
"Tillman County, Oklahoma",7013,40.8,24.1,20.2,88.4,12.2,24.8,5.9,46306,13.3,31.5,26.8,7.9,682,40,141
"Tulsa County, Oklahoma",668923,36.0,24.9,14.8,32.0,21.7,13.6,5.3,65229,13.9,9.8,40.1,6.2,1002,40,143
"Wagoner County, Oklahoma",82269,38.9,23.7,16.8,17.1,17.8,18.3,4.9,75082,11.6,8.7,19.9,2.6,1000,40,145
"Washington County, Oklahoma",52579,39.7,23.8,19.7,19.9,20.6,17.5,3.8,59426,12.3,14.0,27.5,4.7,879,40,147
"Washita County, Oklahoma",10930,40.4,24.4,18.5,54.4,12.1,20.5,5.8,60600,13.7,21.7,25.0,3.5,752,40,149
"Woods County, Oklahoma",8661,33.7,20.6,17.1,1.1,22.5,15.9,5.0,50724,9.7,23.8,31.0,9.7,793,40,151
"Woodward County, Oklahoma",20411,36.8,24.4,16.0,24.1,13.3,18.0,5.3,61207,16.1,14.6,28.7,3.8,839,40,153
"Baker County, Oregon",16685,47.4,20.1,27.2,39.6,17.3,22.6,5.5,51657,6.2,19.2,27.8,4.8,765,41,001
"Benton County, Oregon",95615,33.5,15.5,16.9,27.4,28.4,11.9,6.8,72882,5.3,5.6,44.0,7.7,1315,41,003
"Clackamas County, Oregon",420925,41.9,21.1,18.9,14.5,25.2,12.6,5.0,95740,5.3,5.7,28.9,4.9,1605,41,005
"Clatsop County, Oregon",41190,44.9,18.3,23.6,18.8,16.4,19.5,4.8,68025,8.4,25.2,38.2,8.6,1096,41,007
"Columbia County, Oregon",52865,43.1,20.5,19.4,16.1,12.2,16.6,4.5,83265,5.1,6.6,23.4,4.4,1211,41,009
"Coos County, Oregon",64908,48.4,18.0,26.8,38.0,12.7,22.9,5.8,57563,6.4,10.8,30.8,6.5,952,41,011
"Crook County, Oregon",24987,47.0,19.7,24.7,29.6,14.6,18.3,4.1,74969,7.5,8.4,24.7,3.7,1129,41,013
"Curry County, Oregon",23404,56.8,14.2,34.4,26.7,14.0,21.6,7.2,64300,5.3,14.6,23.4,4.4,1105,41,015
"Deschutes County, Oregon",199352,42.6,19.4,20.5,19.3,25.2,12.0,5.2,82042,7.1,14.2,30.3,4.2,1550,41,017
"Douglas County, Oregon",111322,46.6,19.3,26.0,28.5,12.4,20.8,6.1,56440,5.8,7.4,28.5,5.1,957,41,019
"Gilliam County, Oregon",1983,51.0,19.3,31.2,0.0,17.9,16.6,6.3,58409,5.9,20.3,25.4,7.2,1071,41,021
"Grant County, Oregon",7237,51.7,17.0,31.0,7.2,13.2,22.9,7.5,56045,8.7,18.4,22.1,3.5,803,41,023
"Harney County, Oregon",7496,45.5,19.5,25.5,4.0,7.9,21.9,5.4,45462,7.9,16.3,30.9,6.4,665,41,025
"Hood River County, Oregon",23965,40.2,22.6,17.1,31.9,21.9,12.1,3.3,80254,9.2,10.8,31.7,5.4,1281,41,027
"Jackson County, Oregon",222604,42.3,20.4,22.5,19.4,18.3,16.0,5.5,67690,6.3,6.7,35.0,5.4,1208,41,029
"Jefferson County, Oregon",24659,41.1,23.0,19.5,30.8,14.7,20.1,7.0,69345,9.5,16.6,29.8,4.9,940,41,031
"Josephine County, Oregon",87994,47.4,19.1,26.5,24.1,11.9,21.1,8.1,56068,7.7,7.0,29.4,4.7,1093,41,033
"Klamath County, Oregon",69506,41.1,21.7,21.4,34.2,13.4,19.6,7.6,57219,8.5,14.2,33.0,5.1,921,41,035
"Lake County, Oregon",8201,46.1,18.8,25.4,8.5,13.0,18.9,7.7,54663,7.0,20.4,37.5,7.7,816,41,037
"Lane County, Oregon",382218,40.1,17.8,20.1,30.2,19.5,17.2,6.7,65157,6.6,4.9,40.7,7.4,1210,41,039
"Lincoln County, Oregon",50334,52.4,16.0,30.5,44.3,17.3,22.4,7.7,57794,8.9,29.9,29.3,4.8,1057,41,041
"Linn County, Oregon",128598,40.0,22.1,19.0,20.0,13.4,18.2,6.2,69523,7.4,4.2,33.0,4.4,1160,41,043
"Malheur County, Oregon",31538,35.9,25.2,16.7,27.2,9.8,16.2,6.2,48371,10.3,14.7,41.4,5.8,761,41,045
"Marion County, Oregon",345815,37.0,24.0,16.2,29.2,16.3,15.5,5.4,70926,8.7,4.3,38.2,6.2,1228,41,047
"Morrow County, Oregon",12140,37.0,27.1,16.1,31.2,7.1,16.7,3.2,64975,8.2,11.1,30.2,1.5,837,41,049
"Multnomah County, Oregon",808098,38.2,18.0,14.1,20.7,28.6,13.2,5.5,83668,6.3,5.6,45.5,12.5,1515,41,051
"Polk County, Oregon",87600,37.1,22.2,18.5,29.0,18.9,15.9,5.3,77353,5.2,5.0,34.9,5.1,1219,41,053
"Sherman County, Oregon",1900,45.7,18.8,23.2,6.7,9.6,23.8,2.2,57171,3.6,19.2,30.0,7.4,911,41,055
"Tillamook County, Oregon",27345,48.7,18.3,26.8,42.1,15.8,21.4,5.2,63098,4.7,39.3,26.5,4.9,1148,41,057
"Umatilla County, Oregon",79904,36.9,24.7,16.0,29.6,11.5,17.5,6.7,70322,6.3,12.3,33.5,5.5,930,41,059
"Union County, Oregon",26286,39.7,21.9,20.9,17.7,16.6,17.1,6.3,61946,7.3,8.5,33.4,7.4,930,41,061
"Wallowa County, Oregon",7439,50.9,19.5,28.9,17.8,20.1,16.7,6.0,62238,8.1,24.2,26.1,5.0,830,41,063
"Wasco County, Oregon",26639,40.4,21.8,20.7,22.6,13.3,18.5,7.1,61316,8.7,12.9,34.9,6.6,925,41,065
"Washington County, Oregon",599541,37.5,22.1,14.0,19.8,28.0,10.6,4.6,100121,5.5,3.1,39.1,5.6,1695,41,067
"Wheeler County, Oregon",1407,56.1,16.8,35.3,0.0,11.8,24.3,5.4,50774,3.5,32.9,30.9,3.2,730,41,069
"Yamhill County, Oregon",107674,39.4,21.5,18.0,36.1,18.6,16.4,4.1,80125,6.4,4.6,30.6,5.5,1302,41,071
"Adams County, Pennsylvania",104604,43.8,19.7,20.9,18.6,13.9,14.5,3.4,78975,6.0,7.2,21.9,4.7,1060,42,001
"Allegheny County, Pennsylvania",1245310,40.6,18.6,19.5,29.4,25.4,13.7,4.9,72537,3.9,9.5,34.9,12.7,1050,42,003
"Armstrong County, Pennsylvania",65538,47.0,19.0,22.9,29.2,12.7,16.8,5.1,61011,4.1,13.7,21.5,7.2,777,42,005
"Beaver County, Pennsylvania",167629,44.9,19.3,22.0,33.3,18.3,15.8,5.6,67194,3.9,9.0,26.4,8.5,830,42,007
"Bedford County, Pennsylvania",47613,47.3,19.3,23.0,17.0,9.7,16.1,4.3,58337,7.4,16.9,21.1,5.8,727,42,009
"Berks County, Pennsylvania",428483,39.9,22.1,17.5,42.4,17.2,14.2,5.4,74617,6.3,5.6,29.2,8.7,1078,42,011
"Blair County, Pennsylvania",122640,42.9,20.2,20.9,34.1,15.6,15.5,4.2,59386,5.4,9.4,27.5,8.5,838,42,013
"Bradford County, Pennsylvania",60159,43.9,22.0,21.7,45.6,12.2,14.2,4.8,60650,6.9,17.3,27.6,7.5,824,42,015
"Bucks County, Pennsylvania",645163,44.0,20.0,19.5,24.4,25.7,10.7,4.6,107826,4.0,3.4,22.0,4.7,1461,42,017
"Butler County, Pennsylvania",194562,43.4,19.4,19.7,20.9,24.1,13.1,4.7,82932,3.4,7.0,23.8,5.8,978,42,019
"Cambria County, Pennsylvania",133263,45.6,19.1,23.1,37.3,15.5,18.3,5.0,54221,3.6,13.9,24.2,11.1,700,42,021
"Cameron County, Pennsylvania",4536,51.8,17.2,28.0,100.0,8.7,22.6,7.1,46186,3.4,44.1,28.6,10.2,657,42,023
"Carbon County, Pennsylvania",65018,46.3,19.0,21.6,35.8,12.5,16.9,6.9,64538,5.3,22.1,24.9,5.6,941,42,025
"Centre County, Pennsylvania",158665,33.3,14.6,15.1,16.1,22.5,10.2,4.0,70087,5.7,11.3,37.4,10.2,1118,42,027
"Chester County, Pennsylvania",536474,40.7,22.3,17.0,15.6,32.8,9.2,4.0,118574,4.7,3.9,25.4,4.1,1601,42,029
"Clarion County, Pennsylvania",37489,41.5,18.8,20.0,25.0,14.3,15.3,5.5,58690,6.8,21.6,28.5,6.6,754,42,031
"Clearfield County, Pennsylvania",79707,45.2,18.2,21.1,44.9,12.7,19.3,6.0,56982,5.3,16.8,22.2,7.5,737,42,033
"Clinton County, Pennsylvania",37860,39.8,20.2,19.3,41.1,13.1,16.0,5.3,59011,9.7,20.1,28.6,9.5,840,42,035
"Columbia County, Pennsylvania",64924,41.3,17.6,19.9,53.4,15.5,14.3,4.8,59457,4.1,12.9,29.2,7.3,862,42,037
"Crawford County, Pennsylvania",83876,43.6,20.5,21.6,41.7,12.8,17.7,5.6,58734,8.9,21.4,26.2,9.7,769,42,039
"Cumberland County, Pennsylvania",261269,40.3,20.3,18.7,21.0,23.6,12.8,3.7,82849,5.2,4.7,29.8,5.5,1146,42,041
"Dauphin County, Pennsylvania",286108,39.4,22.2,17.5,34.2,21.2,12.9,4.3,71046,5.7,6.8,36.7,9.0,1090,42,043
"Delaware County, Pennsylvania",575312,39.0,21.9,16.7,29.5,23.4,11.8,6.8,86390,5.0,5.8,31.1,10.1,1257,42,045
"Elk County, Pennsylvania",30886,48.2,19.2,22.8,40.2,12.7,16.4,6.5,61672,2.7,20.2,20.9,6.4,707,42,047
"Erie County, Pennsylvania",270495,39.9,20.9,18.7,35.8,18.4,15.5,5.5,59396,4.1,8.7,32.0,10.2,851,42,049
"Fayette County, Pennsylvania",128417,45.2,19.2,21.8,38.8,12.3,20.3,7.2,55579,4.6,11.4,26.5,8.1,754,42,051
"Forest County, Pennsylvania",6959,46.2,10.8,22.9,81.8,8.6,24.1,4.3,46188,6.7,73.8,16.7,6.1,720,42,053
"Franklin County, Pennsylvania",156084,42.2,21.9,19.8,35.2,14.0,15.9,3.4,71808,9.4,5.8,27.1,5.2,1019,42,055
"Fulton County, Pennsylvania",14545,45.7,19.7,21.8,55.4,9.6,18.0,3.7,63153,5.4,13.9,23.0,5.6,759,42,057
"Greene County, Pennsylvania",35781,43.1,19.1,19.7,40.2,13.6,19.1,5.2,66283,4.7,13.8,21.5,5.7,754,42,059
"Huntingdon County, Pennsylvania",44123,43.6,17.7,21.2,23.7,11.9,16.9,5.1,61300,5.1,24.7,21.5,6.6,759,42,061
"Indiana County, Pennsylvania",83394,39.6,17.9,19.7,44.5,14.8,16.4,6.5,57170,6.9,14.3,28.5,7.9,771,42,063
"Jefferson County, Pennsylvania",44326,43.7,21.3,21.3,37.3,11.1,15.3,5.4,56607,7.7,18.3,25.3,7.9,743,42,065
"Juniata County, Pennsylvania",23535,42.7,22.2,20.6,20.3,9.6,13.3,3.1,61915,14.0,15.7,27.0,7.9,715,42,067
"Lackawanna County, Pennsylvania",215672,41.9,20.4,20.0,41.4,18.2,16.0,4.8,63739,4.6,12.0,34.6,9.4,917,42,069
"Lancaster County, Pennsylvania",553202,39.0,23.2,18.8,19.6,19.5,11.4,3.4,81458,11.2,3.5,30.1,9.1,1221,42,071
"Lawrence County, Pennsylvania",85907,45.0,19.9,22.5,49.6,15.7,17.7,6.8,57585,5.7,9.4,25.5,7.7,787,42,073
"Lebanon County, Pennsylvania",143258,41.3,22.6,19.8,14.9,14.6,13.5,4.4,72532,9.2,6.7,28.5,6.8,1023,42,075
"Lehigh County, Pennsylvania",374110,38.9,22.6,16.9,43.8,19.9,12.9,5.8,74973,6.5,5.1,35.0,7.9,1259,42,077
"Luzerne County, Pennsylvania",325396,42.2,20.1,19.8,45.5,15.1,15.7,5.9,60836,5.9,12.1,32.7,10.7,904,42,079
"Lycoming County, Pennsylvania",114022,41.4,20.5,20.0,40.2,15.8,16.3,5.3,63437,5.6,13.2,30.1,9.4,886,42,081
"McKean County, Pennsylvania",40459,43.8,19.7,20.0,31.4,12.0,19.4,5.3,57861,4.2,18.4,22.6,7.4,756,42,083
"Mercer County, Pennsylvania",110600,45.0,19.0,22.4,36.4,15.4,18.1,5.5,57353,5.6,9.9,27.6,9.9,761,42,085
"Mifflin County, Pennsylvania",46146,43.3,22.5,21.6,34.3,8.5,14.2,3.9,58012,13.3,13.0,28.5,9.9,763,42,087
"Monroe County, Pennsylvania",168128,43.5,19.4,18.3,43.8,16.0,14.0,6.3,80656,6.5,25.5,21.3,5.1,1311,42,089
"Montgomery County, Pennsylvania",856399,41.2,21.3,18.2,21.0,29.0,10.3,4.5,107441,3.8,4.9,28.3,5.2,1514,42,091
"Montour County, Pennsylvania",18165,43.2,20.3,21.0,4.4,18.1,13.8,2.4,72626,5.0,5.7,30.4,10.3,998,42,093
"Northampton County, Pennsylvania",314299,41.9,19.5,19.5,26.7,20.1,12.4,4.6,82201,4.1,5.7,29.1,7.0,1280,42,095
"Northumberland County, Pennsylvania",91340,44.5,19.5,21.6,39.6,12.8,16.7,4.7,55952,4.6,13.0,26.2,9.8,751,42,097
"Perry County, Pennsylvania",45941,43.7,21.0,19.4,16.3,12.4,14.0,3.4,76103,9.9,9.4,19.3,5.6,803,42,099
"Philadelphia County, Pennsylvania",1593208,34.8,21.5,14.0,47.3,18.8,16.9,8.6,57537,7.3,9.8,47.8,28.2,1250,42,101
"Pike County, Pennsylvania",58996,48.9,17.4,23.0,33.1,15.6,16.8,8.5,76416,5.2,40.2,15.6,5.4,1344,42,103
"Potter County, Pennsylvania",16390,48.1,20.3,24.9,36.0,10.8,18.3,4.8,56491,6.8,46.8,20.0,6.9,725,42,105
"Schuylkill County, Pennsylvania",143201,44.2,19.8,20.7,34.9,12.4,17.5,5.3,63574,6.0,15.4,23.5,8.2,801,42,107
"Snyder County, Pennsylvania",39797,40.0,20.5,19.8,35.1,12.8,14.9,2.2,65914,11.2,9.8,24.6,6.5,849,42,109
"Somerset County, Pennsylvania",73802,46.7,18.1,23.1,39.8,11.2,16.9,5.2,57357,6.3,23.4,19.3,6.8,704,42,111
"Sullivan County, Pennsylvania",5880,55.0,11.4,29.3,42.0,12.8,15.8,5.5,62910,5.0,56.2,15.5,5.3,688,42,113
"Susquehanna County, Pennsylvania",38540,48.5,18.6,24.2,32.7,12.7,16.1,5.8,63968,6.4,26.8,21.5,5.2,855,42,115
"Tioga County, Pennsylvania",41186,45.0,19.6,22.6,29.5,13.1,18.3,4.5,59707,6.3,23.0,23.6,6.2,811,42,117
"Union County, Pennsylvania",42908,39.7,18.0,19.0,14.8,13.3,13.5,3.5,64914,10.1,12.4,28.3,9.2,899,42,119
"Venango County, Pennsylvania",50475,47.6,18.9,23.7,31.1,12.8,18.8,6.7,59278,4.9,18.8,24.9,7.3,740,42,121
"Warren County, Pennsylvania",38492,47.4,19.4,23.8,53.2,12.4,15.9,4.3,57925,4.8,25.3,22.1,6.7,728,42,123
"Washington County, Pennsylvania",209631,44.2,19.5,21.2,17.0,20.7,14.6,5.0,74403,3.8,10.1,24.0,7.4,879,42,125
"Wayne County, Pennsylvania",51227,48.8,16.6,24.6,26.6,12.2,17.0,5.9,59240,6.5,38.3,18.1,6.4,933,42,127
"Westmoreland County, Pennsylvania",354414,47.2,18.2,23.4,31.3,19.8,15.2,5.0,69454,3.2,8.9,22.1,7.0,822,42,129
"Wyoming County, Pennsylvania",26219,45.3,19.2,21.9,42.1,13.9,14.3,4.5,67968,3.9,16.0,22.6,5.4,876,42,131
"York County, Pennsylvania",457051,41.0,21.9,18.2,28.6,16.6,13.7,4.6,79183,4.9,4.8,24.4,5.6,1094,42,133
"Bristol County, Rhode Island",50658,43.9,18.2,20.0,17.6,27.4,10.4,4.1,105875,2.1,10.7,26.8,6.1,1264,44,001
"Kent County, Rhode Island",170168,43.6,18.4,19.5,28.8,20.6,14.8,4.6,85732,3.1,5.1,27.9,6.0,1226,44,003
"Newport County, Rhode Island",85442,46.4,16.2,23.9,47.7,30.2,11.7,6.5,96319,3.6,17.6,33.2,7.4,1544,44,005
"Providence County, Rhode Island",657984,37.6,20.3,15.7,35.1,18.9,14.2,6.3,72579,5.3,8.2,44.2,11.3,1161,44,007
"Washington County, Rhode Island",129998,44.9,15.8,21.9,9.7,26.8,10.6,5.9,99510,2.2,21.7,23.2,4.4,1284,44,009
"Abbeville County, South Carolina",24368,44.5,19.8,22.1,19.9,13.5,12.4,2.8,49759,10.5,17.5,24.0,6.5,791,45,001
"Aiken County, South Carolina",169865,41.8,21.3,20.1,43.9,18.8,15.7,6.2,63212,9.0,12.5,24.7,5.8,973,45,003
"Allendale County, South Carolina",8073,43.1,19.0,20.4,95.0,6.2,26.2,13.5,37096,11.8,20.8,33.1,13.4,713,45,005
"Anderson County, South Carolina",204592,40.6,22.6,18.1,40.9,16.4,15.2,5.5,62347,10.4,10.6,25.3,5.9,904,45,007
"Bamberg County, South Carolina",13311,40.8,18.9,22.6,36.8,10.0,19.7,11.0,43920,14.8,30.6,26.2,15.4,772,45,009
"Barnwell County, South Carolina",20653,40.9,23.5,18.7,77.9,9.1,20.0,5.9,42470,11.5,15.9,28.9,11.6,763,45,011
"Beaufort County, South Carolina",189071,46.8,17.8,27.7,25.4,24.9,13.1,3.1,81260,8.8,23.3,24.5,3.5,1435,45,013
"Berkeley County, South Carolina",231419,36.7,23.6,14.4,37.3,18.3,13.4,3.8,77874,10.2,7.9,26.0,3.4,1410,45,015
"Calhoun County, South Carolina",14145,46.8,18.7,23.6,61.0,12.6,17.3,7.3,55550,9.3,15.7,17.2,5.3,968,45,017
"Charleston County, South Carolina",409840,38.9,19.4,17.3,30.4,29.6,10.7,3.7,78795,8.9,15.2,36.8,6.1,1427,45,019
"Cherokee County, South Carolina",56200,40.0,22.7,16.9,64.1,10.2,15.6,5.9,47011,11.0,14.1,29.2,6.1,828,45,021
"Chester County, South Carolina",32171,41.8,22.4,18.6,60.0,8.7,16.3,6.2,50022,11.8,12.0,22.6,6.8,831,45,023
"Chesterfield County, South Carolina",43536,42.6,22.1,18.9,57.4,8.1,19.1,8.7,46326,12.4,16.8,27.9,9.3,796,45,025
"Clarendon County, South Carolina",31163,45.5,18.9,24.1,62.3,10.7,20.2,10.1,48677,10.1,26.9,25.7,11.7,670,45,027
"Colleton County, South Carolina",38561,41.6,22.4,19.9,48.5,10.3,16.8,8.6,46795,15.8,21.3,27.3,9.4,826,45,029
"Darlington County, South Carolina",63025,41.4,22.2,19.2,75.0,11.9,16.8,6.5,44317,8.9,15.3,30.9,9.9,804,45,031
"Dillon County, South Carolina",28255,37.5,25.2,16.9,14.4,7.0,16.8,7.2,42454,15.0,18.9,43.4,10.6,716,45,033
"Dorchester County, South Carolina",162139,37.7,24.1,14.7,44.3,19.2,13.5,5.5,73686,10.5,8.2,25.2,3.1,1259,45,035
"Edgefield County, South Carolina",26181,42.9,17.5,19.0,44.9,11.8,15.6,6.2,60033,10.5,15.5,24.7,7.5,786,45,037
"Fairfield County, South Carolina",20942,46.6,18.7,22.4,86.9,9.1,18.0,6.9,44521,7.5,19.6,24.9,6.6,830,45,039
"Florence County, South Carolina",137015,39.0,23.5,17.5,58.4,14.8,12.7,4.5,56088,10.5,14.2,35.3,7.4,871,45,041
"Georgetown County, South Carolina",63594,51.0,17.5,29.2,61.8,19.4,16.6,5.0,59782,10.0,28.1,18.2,5.1,1046,45,043
"Greenville County, South Carolina",528251,38.5,22.8,16.3,29.4,24.9,12.3,4.1,71328,10.2,7.8,31.1,5.1,1122,45,045
"Greenwood County, South Carolina",69309,40.2,22.4,19.0,66.0,15.6,12.5,5.5,47553,8.3,12.0,34.9,8.3,849,45,047
"Hampton County, South Carolina",18890,40.2,20.5,18.3,74.4,7.2,21.0,10.7,40157,12.1,18.0,25.1,10.3,808,45,049
"Horry County, South Carolina",356578,47.6,17.3,25.2,41.6,16.4,17.5,5.6,59880,13.6,31.1,24.8,4.3,1128,45,051
"Jasper County, South Carolina",29444,43.6,19.0,21.3,39.4,16.9,14.0,6.3,60452,13.5,10.4,26.5,3.6,1259,45,053
"Kershaw County, South Carolina",65779,40.6,23.0,18.6,34.0,12.9,16.4,4.7,61343,8.7,13.6,18.2,3.5,844,45,055
"Lancaster County, South Carolina",97611,42.2,21.4,21.3,42.6,19.4,14.1,5.0,72186,7.9,8.5,18.4,4.1,881,45,057
"Laurens County, South Carolina",67456,41.2,21.8,18.7,45.6,11.9,17.2,5.2,52077,13.7,18.0,28.7,6.3,826,45,059
"Lee County, South Carolina",16557,41.5,18.9,19.6,78.6,9.1,19.0,9.2,39099,10.4,18.0,26.3,12.4,753,45,061
"Lexington County, South Carolina",295934,39.4,22.9,16.5,43.4,20.6,13.9,4.4,71280,9.3,7.9,23.6,4.7,1061,45,063
"McCormick County, South Carolina",9612,57.9,10.8,36.3,50.0,14.6,18.4,6.4,55569,5.5,27.7,16.1,5.1,736,45,065
"Marion County, South Carolina",29212,41.6,22.5,20.3,84.9,8.6,16.4,6.8,35972,13.7,21.5,40.1,12.3,643,45,067
"Marlboro County, South Carolina",26585,41.5,19.9,18.1,58.4,5.4,19.5,7.8,34275,13.6,21.4,36.8,13.3,680,45,069
"Newberry County, South Carolina",37918,42.6,21.4,20.0,30.6,13.4,16.4,3.9,56706,9.3,17.9,25.7,6.0,855,45,071
"Oconee County, South Carolina",78775,46.2,19.4,23.7,19.7,16.5,19.3,5.8,56710,10.6,19.0,24.8,5.5,852,45,073
"Orangeburg County, South Carolina",84159,40.5,21.6,20.3,66.6,10.2,13.9,9.2,41020,10.1,21.0,34.6,8.5,771,45,075
"Pickens County, South Carolina",131106,36.1,18.5,17.0,29.4,14.9,15.0,4.2,57628,8.8,11.2,30.5,6.8,896,45,077
"Richland County, South Carolina",416161,33.9,21.5,13.4,43.4,23.2,13.9,6.8,59850,9.0,10.9,40.2,6.7,1142,45,079
"Saluda County, South Carolina",18952,43.3,21.7,20.0,23.9,11.1,16.1,3.3,51041,16.1,21.2,22.4,5.1,709,45,081
"Spartanburg County, South Carolina",330119,38.0,23.1,16.3,39.3,15.5,15.1,4.7,61955,10.8,9.2,27.2,4.5,960,45,083
"Sumter County, South Carolina",105199,36.9,23.8,17.0,53.7,13.7,15.2,7.2,53970,10.8,13.0,33.9,8.0,995,45,085
"Union County, South Carolina",27158,44.2,21.0,20.5,57.4,10.3,22.1,10.2,42305,11.5,14.3,30.5,9.0,782,45,087
"Williamsburg County, South Carolina",30879,43.2,19.5,21.4,47.6,8.8,20.2,4.5,40848,11.3,18.9,26.0,14.2,786,45,089
"York County, South Carolina",282987,39.2,23.8,14.7,24.6,23.5,10.1,4.7,80158,8.1,5.5,27.3,3.7,1204,45,091
"Aurora County, South Dakota",2590,41.4,25.5,19.3,33.3,13.5,12.7,0.8,71490,6.9,13.4,23.4,1.8,735,46,003
"Beadle County, South Dakota",19089,37.5,27.3,18.8,36.6,16.6,12.5,2.3,63813,5.4,11.8,29.9,7.0,807,46,005
"Bennett County, South Dakota",3391,27.0,37.2,12.7,72.1,15.0,11.1,7.9,44821,25.9,18.3,39.3,9.0,621,46,007
"Bon Homme County, South Dakota",7018,42.1,18.1,21.2,28.4,13.9,13.4,2.2,57554,6.0,14.3,23.6,4.1,702,46,009
"Brookings County, South Dakota",34631,27.7,20.5,12.9,5.9,27.8,9.0,3.9,64438,4.7,10.2,41.7,5.8,870,46,011
"Brown County, South Dakota",38278,37.3,23.2,17.7,34.1,24.1,11.9,3.6,70379,6.9,10.7,34.1,6.3,748,46,013
"Brule County, South Dakota",5247,41.5,24.5,19.1,30.0,19.4,14.7,3.2,64821,9.4,17.2,35.0,5.0,755,46,015
"Buffalo County, South Dakota",1859,24.0,38.0,7.5,72.2,5.2,14.0,14.9,42917,39.6,16.3,51.0,14.2,575,46,017
"Butte County, South Dakota",10369,40.3,23.4,19.6,19.5,12.7,15.2,5.8,58106,15.0,13.0,19.8,3.8,885,46,019
"Campbell County, South Dakota",1534,50.4,22.6,27.3,17.2,25.0,12.3,3.9,66932,4.5,25.4,17.2,4.5,713,46,021
"Charles Mix County, South Dakota",9302,35.4,30.8,18.2,49.2,18.6,12.0,7.1,60729,17.8,19.2,26.1,5.3,713,46,023
"Clark County, South Dakota",3837,41.2,28.4,23.4,0.0,15.7,11.2,5.3,59340,7.6,16.0,19.7,3.2,684,46,025
"Clay County, South Dakota",14953,24.6,17.3,11.9,45.6,21.0,12.7,8.2,55963,7.9,12.0,48.9,8.2,758,46,027
"Codington County, South Dakota",28402,39.6,23.5,18.4,46.8,14.1,11.3,1.5,65747,7.3,8.2,32.9,5.5,863,46,029
"Corson County, South Dakota",3906,29.0,36.4,11.6,83.8,13.9,12.1,24.6,48125,20.4,21.8,43.6,10.6,515,46,031
"Custer County, South Dakota",8515,56.8,13.6,31.5,55.9,18.0,19.4,3.0,75943,10.8,22.4,14.2,0.7,948,46,033
"Davison County, South Dakota",19966,39.7,23.4,20.0,21.8,18.5,14.6,1.4,55606,8.0,11.1,37.2,7.7,772,46,035
"Day County, South Dakota",5485,47.2,22.4,26.1,57.8,16.7,13.5,2.6,57558,8.2,31.5,25.2,4.0,594,46,037
"Deuel County, South Dakota",4298,42.0,24.6,21.9,47.8,19.3,13.7,2.0,76997,7.2,16.0,21.3,2.1,628,46,039
"Dewey County, South Dakota",5275,27.1,37.8,9.6,44.0,12.4,9.1,14.6,55077,23.6,13.4,39.3,6.2,670,46,041
"Douglas County, South Dakota",2823,41.6,26.2,23.6,9.7,17.1,11.4,0.6,75048,20.7,20.0,22.6,3.0,763,46,043
"Edmunds County, South Dakota",4014,43.7,23.1,21.4,0.0,21.5,12.6,2.1,76806,4.9,20.8,17.1,0.9,839,46,045
"Fall River County, South Dakota",7079,54.7,16.7,31.4,100.0,11.9,20.1,2.7,54886,15.2,21.3,24.2,5.7,813,46,047
"Faulk County, South Dakota",2140,45.8,25.4,26.5,0.0,13.8,13.7,3.7,56734,4.2,26.9,16.7,7.1,775,46,049
"Grant County, South Dakota",7533,43.8,21.8,23.0,11.5,16.4,15.0,3.3,70851,9.0,12.0,18.5,5.3,493,46,051
"Gregory County, South Dakota",3983,45.7,23.8,25.2,14.7,11.9,12.8,2.6,48272,7.2,28.0,23.6,4.4,565,46,053
"Haakon County, South Dakota",1755,44.7,22.6,26.7,14.3,15.2,15.6,0.0,53109,10.6,22.4,23.8,8.9,620,46,055
"Hamlin County, South Dakota",6196,33.1,32.7,14.3,7.8,15.8,6.6,2.5,76995,9.4,22.8,19.3,1.7,717,46,057
"Hand County, South Dakota",3075,44.6,22.5,25.3,0.0,20.1,14.9,1.2,72857,3.9,18.7,30.9,4.3,543,46,059
"Hanson County, South Dakota",3443,37.3,30.7,15.7,32.3,15.8,6.5,2.0,86827,4.0,13.6,12.7,1.4,810,46,061
"Harding County, South Dakota",1176,45.1,20.7,19.0,13.3,23.4,8.2,2.2,71484,3.9,27.1,32.0,1.5,445,46,063
"Hughes County, South Dakota",17812,39.2,24.6,17.1,81.9,24.8,12.5,0.4,83750,6.5,7.0,26.5,7.5,920,46,065
"Hutchinson County, South Dakota",7401,41.7,26.0,21.9,8.2,19.3,13.0,1.5,69139,4.5,9.0,23.3,4.7,660,46,067
"Hyde County, South Dakota",1319,47.0,21.5,24.1,16.7,16.4,10.6,0.7,69712,5.2,15.6,22.2,0.0,792,46,069
"Jackson County, South Dakota",2838,33.4,32.7,14.6,57.1,11.4,9.4,7.4,26078,24.8,27.7,43.8,14.8,527,46,071
"Jerauld County, South Dakota",1836,50.5,20.9,30.9,0.0,12.0,16.0,0.7,66607,5.4,15.5,14.6,5.1,509,46,073
"Jones County, South Dakota",1006,41.8,29.8,21.6,0.0,25.8,4.5,1.6,61250,12.5,25.3,24.4,2.6,700,46,075
"Kingsbury County, South Dakota",5172,41.9,24.8,22.6,6.0,16.7,11.2,0.8,65964,5.6,24.0,19.8,4.8,681,46,077
"Lake County, South Dakota",11207,44.3,20.0,23.4,22.6,24.9,12.9,1.6,74884,4.0,20.3,26.6,2.5,819,46,079
"Lawrence County, South Dakota",26047,43.0,16.9,23.4,9.5,24.9,17.1,2.5,62977,10.8,20.3,34.3,4.5,888,46,081
"Lincoln County, South Dakota",65801,35.9,27.1,13.7,12.0,28.4,7.9,1.4,92317,4.2,2.7,27.3,1.5,1206,46,083
"Lyman County, South Dakota",3719,36.0,28.5,17.1,40.8,16.9,16.3,5.0,60284,20.6,22.8,33.1,10.1,615,46,085
"McCook County, South Dakota",5714,39.5,27.9,18.0,18.4,19.7,11.5,2.1,74873,9.0,10.0,17.9,2.2,778,46,087
"McPherson County, South Dakota",2251,50.9,20.1,31.1,18.1,16.4,13.1,0.3,58529,7.1,30.5,21.4,4.2,553,46,089
"Marshall County, South Dakota",4363,43.7,23.4,22.7,21.9,20.1,10.7,1.2,74018,5.3,30.8,21.4,1.9,690,46,091
"Meade County, South Dakota",29970,36.5,21.8,15.9,24.5,20.8,14.0,3.5,70256,9.9,8.1,27.1,2.5,1109,46,093
"Mellette County, South Dakota",1989,36.3,29.2,15.7,47.1,9.2,10.2,16.5,41397,28.9,18.9,43.5,6.6,670,46,095
"Miner County, South Dakota",2312,48.8,21.5,24.2,8.7,13.5,18.0,1.4,62037,8.0,25.0,18.9,4.0,598,46,097
"Minnehaha County, South Dakota",197742,35.6,25.3,13.5,26.3,23.9,10.4,2.4,73110,8.2,5.8,36.6,5.1,927,46,099
"Moody County, South Dakota",6346,40.6,26.2,19.5,19.2,17.3,12.9,1.7,71469,8.0,8.0,30.4,3.8,644,46,101
"Oglala Lakota County, South Dakota",13695,26.3,36.9,7.5,70.6,5.7,10.7,11.8,32279,42.8,22.7,49.4,22.1,545,46,102
"Pennington County, South Dakota",110386,39.6,22.3,19.1,30.0,21.3,14.9,3.5,67823,11.1,9.9,30.8,5.6,996,46,103
"Perkins County, South Dakota",2970,45.4,21.9,25.8,11.5,15.2,12.8,4.2,64410,9.0,28.3,21.5,3.4,685,46,105
"Potter County, South Dakota",2587,44.7,22.7,26.7,16.1,20.0,10.8,2.8,71786,7.1,34.7,22.1,1.5,730,46,107
"Roberts County, South Dakota",10242,37.0,28.8,19.9,55.6,11.8,9.9,5.2,59022,18.7,24.1,32.1,4.2,596,46,109
"Sanborn County, South Dakota",2373,39.3,27.1,20.5,36.4,14.0,12.3,1.1,65806,7.1,17.2,24.0,7.7,595,46,111
"Spink County, South Dakota",6355,45.0,23.2,22.9,31.7,20.3,11.2,1.6,65795,6.8,16.0,26.0,4.2,651,46,115
"Stanley County, South Dakota",2979,43.2,22.2,22.0,-666666666.0,17.0,13.7,0.2,82298,6.1,15.6,16.3,2.9,917,46,117
"Sully County, South Dakota",1318,52.7,17.1,25.0,0.0,18.4,9.9,0.0,66875,8.6,32.6,19.5,0.8,935,46,119
"Todd County, South Dakota",9353,25.1,39.4,7.3,44.2,9.2,7.8,15.1,33792,27.6,16.7,57.0,16.9,519,46,121
"Tripp County, South Dakota",5607,44.7,22.8,23.0,8.7,13.6,8.6,4.9,56758,10.9,22.0,29.1,5.6,800,46,123
"Turner County, South Dakota",8687,42.0,24.8,21.6,21.6,20.0,10.3,2.3,72312,5.3,11.2,21.2,2.4,691,46,125
"Union County, South Dakota",16700,40.1,24.3,18.4,26.1,22.1,11.3,3.0,82036,5.1,4.5,30.0,2.5,1008,46,127
"Walworth County, South Dakota",5317,40.9,22.6,23.0,2.2,19.7,13.0,3.6,57697,11.7,19.0,26.6,2.9,832,46,129
"Yankton County, South Dakota",23311,41.7,21.3,19.9,27.3,17.4,13.8,1.6,68847,7.7,5.9,29.6,5.0,765,46,135
"Ziebach County, South Dakota",2455,34.3,27.4,10.2,77.4,12.0,9.3,32.0,46023,31.6,23.7,43.8,11.4,685,46,137
"Anderson County, Tennessee",77337,42.1,21.2,20.2,27.5,13.5,20.6,5.4,60633,9.9,11.5,30.2,5.4,937,47,001
"Bedford County, Tennessee",50533,37.9,25.1,14.6,27.7,12.0,15.4,4.6,59955,13.8,6.8,29.6,3.9,863,47,003
"Benton County, Tennessee",15933,47.9,19.5,23.6,76.4,6.3,25.0,6.5,47737,10.4,21.1,26.1,4.2,779,47,005
"Bledsoe County, Tennessee",14816,44.6,16.4,19.3,55.2,6.4,26.6,6.7,51783,17.0,17.2,19.4,5.2,751,47,007
"Blount County, Tennessee",135951,43.8,19.9,20.6,20.5,16.5,13.4,4.1,70935,9.9,11.0,23.7,3.0,957,47,009
"Bradley County, Tennessee",108859,39.9,21.7,17.1,39.2,14.8,18.2,5.4,60692,10.9,8.0,32.0,4.7,917,47,011
"Campbell County, Tennessee",39397,44.2,20.5,20.6,40.5,7.6,28.3,7.1,48258,10.2,19.4,32.7,6.2,704,47,013
"Cannon County, Tennessee",14481,40.7,21.4,17.4,7.7,11.7,19.6,3.3,57651,11.4,9.0,23.4,4.9,689,47,015
"Carroll County, Tennessee",28381,41.7,21.8,20.1,28.5,11.9,20.1,4.6,49700,10.5,15.8,25.5,6.6,723,47,017
"Carter County, Tennessee",56315,46.0,18.0,22.1,39.9,13.5,22.2,7.2,47994,12.9,14.1,26.7,5.9,727,47,019
"Cheatham County, Tennessee",41184,40.9,21.4,15.5,12.2,15.0,14.6,3.7,77014,10.2,6.9,18.8,1.8,1190,47,021
"Chester County, Tennessee",17392,38.0,21.6,17.3,67.2,10.0,11.8,6.9,57471,10.6,15.5,23.4,4.0,658,47,023
"Claiborne County, Tennessee",32092,42.0,18.9,19.7,23.7,10.9,25.9,6.1,42406,9.1,12.2,28.4,5.1,710,47,025
"Clay County, Tennessee",7592,47.4,20.2,24.2,83.5,7.9,23.6,5.5,39572,8.3,23.8,21.4,6.5,588,47,027
"Cocke County, Tennessee",36186,45.5,20.4,21.7,51.2,7.7,23.4,6.2,45110,12.8,18.4,29.2,4.3,763,47,029
"Coffee County, Tennessee",58080,39.3,24.0,17.4,54.5,13.8,18.7,4.6,57424,9.7,9.1,31.0,4.3,844,47,031
"Crockett County, Tennessee",13955,40.2,23.6,19.0,30.9,10.5,16.4,3.8,59136,12.1,11.5,31.2,5.2,852,47,033
"Cumberland County, Tennessee",61552,52.6,16.9,31.5,37.4,11.0,21.1,5.7,56002,9.1,11.9,21.0,5.6,786,47,035
"Davidson County, Tennessee",709786,34.7,20.4,12.8,32.9,28.4,11.4,4.6,71863,12.1,9.3,45.8,6.7,1394,47,037
"Decatur County, Tennessee",11483,45.8,20.2,23.5,28.7,12.6,16.0,7.9,48466,9.9,33.7,21.8,3.8,705,47,039
"DeKalb County, Tennessee",20209,42.1,21.6,18.7,57.6,14.0,21.4,5.0,46907,9.7,15.6,31.4,8.7,745,47,041
"Dickson County, Tennessee",54563,39.2,22.7,16.3,44.5,12.3,17.2,3.8,68492,9.8,10.6,20.2,1.9,947,47,043
"Dyer County, Tennessee",36818,40.5,23.7,17.6,35.2,13.1,18.4,4.5,53150,9.4,10.1,36.7,6.4,734,47,045
"Fayette County, Tennessee",42228,46.8,18.4,22.0,33.1,17.4,17.2,5.3,81074,8.4,7.6,18.4,5.0,871,47,047
"Fentress County, Tennessee",18642,46.3,20.5,22.7,5.8,11.3,24.0,5.3,47884,8.5,17.4,22.6,5.5,645,47,049
"Franklin County, Tennessee",42980,42.4,19.7,20.3,34.3,13.2,20.0,2.6,57933,9.1,14.2,24.0,5.5,828,47,051
"Gibson County, Tennessee",50455,39.8,24.2,17.5,55.9,11.5,21.1,5.4,55455,10.7,11.0,33.7,9.2,756,47,053
"Giles County, Tennessee",30317,43.7,20.4,20.7,5.4,12.3,15.5,5.1,56877,8.1,18.6,26.8,4.0,817,47,055
"Grainger County, Tennessee",23648,45.6,19.6,20.7,40.7,8.0,23.3,5.8,47098,10.8,19.5,23.0,6.6,648,47,057
"Greene County, Tennessee",70399,44.7,19.1,21.8,43.8,11.2,22.2,5.4,51975,10.1,14.0,24.6,4.9,689,47,059
"Grundy County, Tennessee",13550,43.1,21.4,20.5,53.1,6.9,24.7,6.3,47948,13.7,20.1,16.4,5.9,694,47,061
"Hamblen County, Tennessee",64531,41.2,23.2,18.2,14.2,11.9,19.4,6.6,49656,13.3,8.5,32.8,4.9,799,47,063
"Hamilton County, Tennessee",367193,39.7,20.8,18.1,32.6,22.4,14.7,4.4,69069,9.6,9.0,35.4,5.9,1079,47,065
"Hancock County, Tennessee",6726,44.9,21.1,22.4,48.9,4.0,26.7,10.1,31809,11.8,22.8,22.1,13.5,571,47,067
"Hardeman County, Tennessee",25519,40.7,19.0,18.5,49.4,7.0,23.2,12.8,43566,10.4,15.8,29.4,7.0,773,47,069
"Hardin County, Tennessee",26824,45.5,20.0,23.0,58.0,11.0,19.2,3.3,46902,13.2,27.4,24.4,4.5,735,47,071
"Hawkins County, Tennessee",57107,45.5,19.3,21.5,29.2,11.3,23.0,8.6,53647,9.7,16.0,21.8,5.0,737,47,073
"Haywood County, Tennessee",17806,43.1,22.0,19.7,47.2,7.2,25.0,8.5,44890,11.4,13.0,41.9,9.7,715,47,075
"Henderson County, Tennessee",27845,40.7,22.9,18.5,10.1,9.4,18.0,5.4,51576,11.9,16.8,28.7,4.6,759,47,077
"Henry County, Tennessee",32305,45.7,20.2,23.4,18.8,12.4,22.9,4.0,48025,11.0,22.6,24.6,6.2,727,47,079
"Hickman County, Tennessee",24996,41.8,20.6,17.4,13.5,8.8,19.9,3.7,54669,9.1,15.7,20.6,3.2,796,47,081
"Houston County, Tennessee",8253,44.1,21.7,20.1,41.5,7.1,19.3,4.2,51544,11.4,23.5,20.0,4.2,719,47,083
"Humphreys County, Tennessee",19032,43.0,22.2,20.2,0.3,10.8,17.2,10.2,54185,10.8,24.3,20.8,3.3,814,47,085
"Jackson County, Tennessee",11730,47.3,17.8,22.5,52.9,11.2,25.9,7.2,42357,9.7,21.7,17.0,6.8,777,47,087
"Jefferson County, Tennessee",55017,44.4,19.1,20.2,11.6,13.0,20.4,5.4,60393,9.4,16.4,25.5,2.6,832,47,089
"Johnson County, Tennessee",17982,46.2,16.5,23.1,65.0,9.7,21.9,4.4,47571,13.2,21.4,23.8,5.1,647,47,091
"Knox County, Tennessee",481406,37.4,20.8,16.1,22.2,23.9,12.3,3.8,68580,8.0,8.1,35.1,5.6,1097,47,093
"Lake County, Tennessee",6898,41.8,14.3,15.4,70.8,6.4,27.9,7.0,32064,16.2,19.7,53.6,16.7,432,47,095
"Lauderdale County, Tennessee",25171,38.9,22.3,16.0,77.4,6.4,22.7,6.1,46702,10.6,14.8,38.0,8.3,694,47,097
"Lawrence County, Tennessee",44377,39.0,24.9,17.6,50.3,9.4,17.5,6.3,51038,13.8,11.7,24.6,7.1,715,47,099
"Lewis County, Tennessee",12637,42.2,21.9,20.4,55.9,6.6,21.5,5.2,44613,12.7,10.7,21.4,2.8,744,47,101
"Lincoln County, Tennessee",35365,43.2,22.2,19.3,66.9,11.6,16.5,4.3,61374,9.5,10.6,23.7,4.6,755,47,103
"Loudon County, Tennessee",55507,48.5,19.1,26.9,16.4,17.9,14.0,3.0,75008,8.2,9.3,18.4,3.1,960,47,105
"McMinn County, Tennessee",53532,42.3,21.1,19.8,13.2,11.3,19.2,5.3,57982,11.2,11.3,25.9,3.5,803,47,107
"McNairy County, Tennessee",25895,42.9,21.6,20.7,12.7,6.6,16.5,6.2,46920,10.1,21.1,20.9,4.8,706,47,109
"Macon County, Tennessee",25365,39.1,24.5,15.6,16.7,6.5,17.3,3.6,51215,10.4,14.3,28.2,3.3,789,47,111
"Madison County, Tennessee",98644,38.4,22.2,17.3,32.0,15.7,16.6,7.4,55280,10.4,10.4,37.9,7.7,994,47,113
"Marion County, Tennessee",28852,43.6,20.7,20.0,23.2,9.3,21.5,5.7,58139,8.7,14.4,22.3,4.5,824,47,115
"Marshall County, Tennessee",34567,39.3,23.2,16.4,30.1,14.4,12.0,5.8,65325,6.8,9.3,23.1,2.1,887,47,117
"Maury County, Tennessee",102002,39.4,23.0,16.6,14.6,17.6,11.6,2.5,71500,9.1,8.9,28.0,2.6,1126,47,119
"Meigs County, Tennessee",12839,45.5,20.2,21.1,46.4,7.3,21.9,7.5,59434,11.7,14.6,23.4,4.3,832,47,121
"Monroe County, Tennessee",46489,44.6,20.8,21.5,39.0,10.7,22.5,6.6,52123,11.1,11.3,27.9,4.9,668,47,123
"Montgomery County, Tennessee",222305,31.4,26.7,9.5,27.4,19.4,15.5,6.1,67890,8.6,7.7,37.4,3.6,1128,47,125
"Moore County, Tennessee",6558,46.4,19.4,21.2,36.9,15.3,15.7,4.2,69250,5.8,14.2,15.6,2.9,769,47,127
"Morgan County, Tennessee",21124,41.6,19.2,18.3,58.6,7.3,23.2,8.4,51971,11.0,17.0,18.5,4.4,742,47,129
"Obion County, Tennessee",30670,42.3,21.8,20.4,55.2,10.9,22.7,5.0,50638,8.8,12.5,34.3,7.3,732,47,131
"Overton County, Tennessee",22576,43.1,21.1,20.1,26.1,8.9,17.3,3.5,46580,7.3,14.8,21.1,4.6,777,47,133
"Perry County, Tennessee",8432,42.8,22.3,21.7,3.9,7.1,18.7,10.9,55978,16.4,38.6,23.8,3.6,699,47,135
"Pickett County, Tennessee",5042,51.1,17.9,27.6,25.5,11.9,26.7,4.5,44317,8.4,34.4,18.3,8.2,720,47,137
"Polk County, Tennessee",17620,46.3,19.5,20.9,20.1,8.2,21.8,7.8,53775,15.5,18.2,21.1,5.7,678,47,139
"Putnam County, Tennessee",80157,36.3,20.6,16.3,29.7,17.4,13.9,4.5,54371,9.0,7.8,39.1,4.1,842,47,141
"Rhea County, Tennessee",33031,40.9,22.0,18.9,22.9,11.7,21.5,7.9,55568,11.1,16.0,26.5,6.6,780,47,143
"Roane County, Tennessee",53777,47.4,18.7,23.0,9.6,13.0,18.6,4.9,66460,7.4,13.8,22.7,5.4,753,47,145
"Robertson County, Tennessee",73297,39.4,23.7,14.9,17.1,15.6,13.8,3.8,74440,9.4,5.4,23.7,3.0,1065,47,147
"Rutherford County, Tennessee",343727,34.0,24.4,10.8,33.4,23.0,11.1,3.9,78291,9.3,7.1,34.8,2.5,1311,47,149
"Scott County, Tennessee",21917,40.7,23.8,16.9,16.2,6.2,26.7,9.6,39744,12.0,12.4,28.4,4.2,646,47,151
"Sequatchie County, Tennessee",16065,44.4,19.9,20.6,23.9,12.2,21.4,3.3,53038,12.2,14.3,23.4,3.7,786,47,153
"Sevier County, Tennessee",98455,43.9,20.4,20.0,31.2,13.4,17.4,3.5,60103,13.2,32.7,27.8,3.6,968,47,155
"Shelby County, Tennessee",926440,35.9,25.0,14.2,56.3,20.2,12.7,7.3,59621,11.9,10.8,44.8,8.4,1103,47,157
"Smith County, Tennessee",20034,40.5,22.4,16.4,28.4,11.5,17.0,3.5,57677,9.6,10.5,25.2,5.3,809,47,159
"Stewart County, Tennessee",13724,44.3,22.0,20.5,51.3,12.1,18.4,3.8,57257,10.9,25.1,18.6,5.6,725,47,161
"Sullivan County, Tennessee",158722,45.2,19.1,22.0,38.5,17.4,18.8,6.2,54357,9.3,10.7,27.5,4.9,793,47,163
"Sumner County, Tennessee",196845,39.8,23.2,16.3,34.7,21.2,12.9,3.5,81883,7.9,6.0,27.1,3.3,1245,47,165
"Tipton County, Tennessee",61116,38.4,24.0,15.0,22.0,12.4,17.8,5.4,70674,9.3,7.0,24.2,4.3,1013,47,167
"Trousdale County, Tennessee",11596,34.6,16.5,12.8,52.4,5.4,12.1,0.8,62018,8.7,5.9,23.3,2.3,822,47,169
"Unicoi County, Tennessee",17845,47.4,18.2,23.4,63.5,11.6,22.2,5.4,49855,8.9,12.4,26.7,5.5,664,47,171
"Union County, Tennessee",19860,42.6,21.5,18.2,52.6,7.0,21.9,5.7,57094,8.6,21.4,19.5,3.2,838,47,173
"Van Buren County, Tennessee",6182,47.4,19.5,24.0,26.3,5.8,25.3,4.1,44730,16.6,16.0,19.6,11.3,658,47,175
"Warren County, Tennessee",41163,40.3,23.4,17.8,18.2,9.7,18.9,3.9,52948,13.6,12.3,29.0,5.1,734,47,177
"Washington County, Tennessee",133282,40.1,18.7,18.5,24.9,19.2,16.5,5.0,58507,9.9,8.7,35.7,5.5,890,47,179
"Wayne County, Tennessee",16325,44.3,18.1,19.0,41.3,8.4,19.4,4.6,49360,12.7,20.0,19.7,6.6,606,47,181
"Weakley County, Tennessee",32946,37.9,18.7,18.4,26.7,12.6,19.9,4.0,47769,11.6,12.5,34.8,6.7,723,47,183
"White County, Tennessee",27420,43.0,21.9,20.4,43.5,9.0,16.7,5.4,48220,12.9,10.8,24.1,4.1,835,47,185
"Williamson County, Tennessee",248897,40.0,26.4,13.9,10.9,39.2,7.3,2.1,125943,4.2,3.9,20.1,2.2,1817,47,187
"Wilson County, Tennessee",149096,40.0,23.3,15.8,22.4,24.5,12.8,3.7,89462,7.0,6.7,22.9,2.4,1268,47,189
"Anderson County, Texas",58077,39.3,19.0,14.8,29.3,9.1,16.8,3.9,57445,17.4,16.7,31.3,6.5,972,48,001
"Andrews County, Texas",18362,32.4,30.6,9.6,12.0,14.8,11.9,2.7,86458,24.9,5.3,27.5,1.6,1345,48,003
"Angelina County, Texas",86608,37.8,25.4,16.3,42.3,11.8,19.1,6.0,57055,18.6,13.8,35.5,5.6,985,48,005
"Aransas County, Texas",24048,51.0,17.4,27.6,46.5,15.7,16.9,4.4,58168,15.5,26.8,21.0,5.1,1076,48,007
"Archer County, Texas",8649,43.1,22.7,20.6,22.8,17.0,17.6,3.1,69954,16.6,13.9,15.8,2.5,718,48,009
"Armstrong County, Texas",1912,43.9,22.2,28.7,92.9,17.7,11.7,0.2,70417,7.3,18.0,12.6,0.0,942,48,011
"Atascosa County, Texas",49403,35.8,26.9,14.8,44.6,11.0,11.8,6.4,67442,21.4,15.6,24.9,5.5,977,48,013
"Austin County, Texas",30406,41.0,23.6,20.0,21.2,17.9,13.0,3.8,73556,14.0,14.1,20.3,3.5,1046,48,015
"Bailey County, Texas",6902,30.3,26.9,12.4,100.0,11.1,13.0,2.1,69830,32.1,21.3,26.8,13.2,665,48,017
"Bandera County, Texas",21182,53.4,16.8,27.9,30.8,17.1,18.8,6.7,70965,13.9,25.6,12.5,1.5,927,48,019
"Bastrop County, Texas",98435,38.0,25.5,15.4,28.6,15.7,12.1,4.4,80151,19.2,9.8,22.2,2.9,1195,48,021
"Baylor County, Texas",3475,46.7,23.5,23.9,100.0,19.5,23.6,1.1,52716,16.3,33.0,32.0,3.1,568,48,023
"Bee County, Texas",30977,35.6,20.2,12.6,33.9,6.8,15.2,6.4,50283,17.2,19.1,32.7,5.0,985,48,025
"Bell County, Texas",372821,31.7,27.5,11.3,30.7,17.6,14.8,7.7,62858,14.5,9.6,45.5,5.8,1095,48,027
"Bexar County, Texas",2014059,34.2,25.1,12.3,36.4,18.8,14.3,5.5,67275,16.0,7.9,41.3,6.4,1212,48,029
"Blanco County, Texas",11608,49.5,17.7,24.3,17.2,23.9,14.5,3.9,79717,15.2,20.2,22.0,1.8,863,48,031
"Borden County, Texas",686,36.5,34.3,18.4,0.0,29.2,10.5,1.8,80625,2.3,37.0,26.5,1.4,-666666666,48,033
"Bosque County, Texas",18404,46.1,20.9,24.9,41.8,13.5,19.3,3.9,63868,18.2,21.9,24.3,2.9,886,48,035
"Bowie County, Texas",92747,38.2,23.7,17.1,56.2,14.1,12.6,4.0,56628,15.5,13.0,37.1,6.2,900,48,037
"Brazoria County, Texas",374600,36.3,25.9,12.2,28.7,20.2,9.7,4.6,91972,13.4,11.0,25.9,2.7,1333,48,039
"Brazos County, Texas",234548,26.3,19.9,9.5,39.7,23.5,9.6,4.6,57562,12.2,11.3,53.2,5.5,1120,48,041
"Brewster County, Texas",9454,46.1,18.2,23.9,25.3,28.5,12.2,3.0,47747,11.9,16.3,40.1,6.1,780,48,043
"Briscoe County, Texas",1290,49.7,19.2,30.1,20.8,9.6,21.1,3.3,35446,20.9,37.2,26.0,4.0,850,48,045
"Brooks County, Texas",7059,38.3,22.3,19.8,64.0,14.1,23.9,2.1,30566,24.6,27.6,38.8,15.5,391,48,047
"Brown County, Texas",38159,41.2,20.8,20.1,19.3,14.7,21.3,3.8,53792,17.3,20.9,31.7,5.7,862,48,049
"Burleson County, Texas",17958,44.1,21.8,21.7,66.7,16.3,13.7,3.8,71745,13.8,19.1,21.3,3.4,977,48,051
"Burnet County, Texas",49684,44.7,20.5,23.1,28.4,19.4,15.9,3.4,71482,17.4,21.7,20.6,3.3,1232,48,053
"Caldwell County, Texas",46141,37.8,23.1,15.2,45.6,11.9,16.1,2.4,66779,24.5,8.7,28.5,4.5,1084,48,055
"Calhoun County, Texas",20127,38.4,23.5,18.4,27.8,10.1,18.8,3.4,62267,9.5,24.8,23.8,4.1,968,48,057
"Callahan County, Texas",13869,43.5,21.4,20.6,55.2,17.5,21.1,4.8,63906,17.2,19.0,18.0,3.4,888,48,059
"Cameron County, Texas",421854,32.0,29.5,13.7,41.9,13.5,12.2,5.7,47435,27.5,14.8,34.7,6.8,855,48,061
"Camp County, Texas",12543,39.0,26.4,18.2,55.0,14.7,17.4,5.4,53968,22.3,23.3,21.7,5.0,767,48,063
"Carson County, Texas",5801,41.3,23.6,21.0,11.5,17.4,9.8,1.9,83199,10.3,18.7,16.2,2.8,933,48,065
"Cass County, Texas",28637,44.3,22.4,22.2,40.0,12.3,21.0,7.2,54303,13.7,17.3,22.0,6.1,834,48,067
"Castro County, Texas",7381,34.8,29.0,16.4,26.6,14.9,8.2,3.6,59886,23.5,21.2,35.4,3.2,841,48,069
"Chambers County, Texas",47037,35.4,27.3,12.1,19.1,15.9,10.9,7.5,106103,15.9,9.1,16.3,2.5,1339,48,071
"Cherokee County, Texas",50824,38.2,25.4,17.7,46.2,10.2,12.6,5.8,56971,20.8,13.6,28.0,6.1,883,48,073
"Childress County, Texas",6781,32.6,18.5,13.9,21.2,10.5,16.3,8.6,56063,20.3,30.8,28.9,2.1,858,48,075
"Clay County, Texas",10290,46.8,20.2,22.3,48.1,16.3,20.5,1.8,75227,15.8,18.2,18.6,3.3,787,48,077
"Cochran County, Texas",2529,37.4,26.9,16.8,72.6,6.1,18.2,7.1,41597,19.3,23.6,32.5,6.0,702,48,079
"Coke County, Texas",3305,47.1,21.6,27.2,3.7,12.4,19.2,3.0,40230,12.7,31.0,30.3,3.6,681,48,081
"Coleman County, Texas",7808,48.4,21.7,25.5,72.0,15.7,21.0,6.3,51034,25.0,34.8,27.9,6.8,684,48,083
"Collin County, Texas",1079153,37.1,25.2,11.2,18.1,33.8,7.5,4.2,113255,10.1,5.7,35.5,2.9,1689,48,085
"Collingsworth County, Texas",2865,38.3,29.5,20.4,84.3,20.1,15.7,2.8,52045,30.3,32.8,23.6,4.0,651,48,087
"Colorado County, Texas",20582,43.2,23.3,22.3,10.4,15.8,14.2,5.7,63352,15.0,26.7,17.8,5.6,892,48,089
"Comal County, Texas",165201,41.7,22.2,18.3,16.7,26.2,14.4,3.7,93744,11.2,9.8,24.1,2.5,1390,48,091
"Comanche County, Texas",13651,44.2,22.6,23.5,26.9,12.6,19.1,7.3,57383,17.5,23.2,17.6,4.3,795,48,093
"Concho County, Texas",3235,46.4,18.3,24.5,13.3,8.7,21.6,2.3,55750,10.0,42.7,19.2,4.3,927,48,095
"Cooke County, Texas",41860,40.4,23.1,18.9,41.9,15.6,13.7,3.9,66374,15.0,8.5,30.9,4.8,1064,48,097
"Coryell County, Texas",82927,32.2,22.6,10.7,22.7,12.0,19.4,7.1,63281,12.4,12.7,42.2,4.2,1046,48,099
"Cottle County, Texas",1647,37.4,25.6,21.9,100.0,11.8,27.8,4.1,47625,10.5,35.3,33.2,7.9,375,48,101
"Crane County, Texas",4636,37.9,25.8,14.0,19.3,11.0,5.7,3.0,71364,22.0,8.1,14.6,9.5,913,48,103
"Crockett County, Texas",2949,50.0,18.0,23.5,0.0,9.2,12.6,2.0,64103,18.1,30.5,27.7,0.0,583,48,105
"Crosby County, Texas",5157,39.4,25.5,18.4,37.5,11.5,21.4,4.9,50268,20.0,25.3,29.1,6.1,649,48,107
"Culberson County, Texas",2181,47.5,15.2,21.7,-666666666.0,9.7,23.9,10.1,35924,14.5,33.2,24.2,10.7,918,48,109
"Dallam County, Texas",7165,30.8,31.7,9.5,17.8,12.5,10.5,2.6,71969,25.3,23.3,28.3,3.4,1105,48,111
"Dallas County, Texas",2604053,33.8,25.6,11.2,35.1,21.0,10.2,4.9,70732,21.6,7.8,49.5,6.7,1374,48,113
"Dawson County, Texas",12342,34.0,25.5,14.1,48.4,11.5,16.4,9.5,45268,19.9,15.5,28.4,8.3,805,48,115
"Deaf Smith County, Texas",18585,32.0,30.8,12.9,41.5,8.8,8.2,2.1,51942,23.2,13.8,35.6,3.4,842,48,117
"Delta County, Texas",5278,40.6,22.7,20.3,40.0,14.9,17.2,6.4,68491,7.0,13.5,19.7,3.3,875,48,119
"Denton County, Texas",914870,36.5,23.9,10.9,16.7,31.7,8.8,4.0,104180,10.9,4.8,34.8,3.1,1496,48,121
"DeWitt County, Texas",19826,41.7,22.3,19.6,6.3,10.1,16.6,5.2,61100,17.3,28.3,29.3,7.7,931,48,123
"Dickens County, Texas",1570,47.9,19.7,23.9,11.9,13.5,20.2,9.7,46638,14.8,41.0,17.1,5.3,533,48,125
"Dimmit County, Texas",8672,36.4,27.8,17.0,30.0,8.1,18.3,4.7,27374,17.3,30.1,35.0,14.9,664,48,127
"Donley County, Texas",3298,40.3,19.3,23.8,12.5,8.9,9.3,0.0,51711,17.2,38.7,27.4,3.7,711,48,129
"Duval County, Texas",9960,35.5,25.3,15.8,93.5,4.5,20.8,8.4,50697,20.2,35.3,28.7,10.2,870,48,131
"Eastland County, Texas",17812,41.5,20.9,21.6,22.9,15.0,19.2,4.9,52902,16.2,24.8,30.5,6.3,745,48,133
"Ector County, Texas",162300,31.0,30.3,9.5,32.4,11.3,10.2,5.8,70566,21.8,8.2,35.1,5.2,1232,48,135
"Edwards County, Texas",1380,40.2,19.6,22.0,4.2,15.0,14.3,0.0,40809,25.9,47.6,18.3,3.0,680,48,137
"Ellis County, Texas",195509,36.2,26.3,12.9,27.3,19.1,12.0,3.9,93248,16.1,5.7,24.1,2.9,1345,48,139
"El Paso County, Texas",863832,32.8,26.5,12.5,36.8,16.9,13.9,6.8,55417,21.8,7.9,37.0,6.5,978,48,141
"Erath County, Texas",42788,31.6,20.6,14.2,32.5,22.0,12.9,5.6,59654,14.8,12.6,36.8,4.1,1070,48,143
"Falls County, Texas",17013,40.0,21.0,18.7,5.7,8.8,18.7,7.4,45172,16.9,26.2,21.6,8.9,691,48,145
"Fannin County, Texas",36052,40.4,21.2,18.1,22.5,13.3,15.2,4.7,65835,15.6,13.4,25.0,3.2,979,48,147
"Fayette County, Texas",24564,48.0,20.0,26.1,28.6,17.7,15.6,3.5,72881,11.0,29.5,18.7,4.8,885,48,149
"Fisher County, Texas",3680,42.2,21.3,23.1,30.0,13.5,18.1,2.9,60461,13.0,25.7,20.9,5.6,605,48,151
"Floyd County, Texas",5386,35.7,26.2,18.3,76.5,12.3,15.6,4.1,49321,24.3,26.1,30.4,10.2,697,48,153
"Foard County, Texas",1075,50.9,20.8,30.3,61.1,11.6,19.8,5.9,41944,12.1,30.1,31.8,5.4,537,48,155
"Fort Bend County, Texas",832607,36.9,27.0,11.8,16.2,29.2,7.3,5.2,109987,11.8,4.3,22.3,2.8,1669,48,157
"Franklin County, Texas",10445,42.9,23.2,22.1,57.7,19.9,16.4,6.5,67915,15.2,26.5,19.9,1.9,951,48,159
"Freestone County, Texas",19599,41.8,22.5,19.9,15.9,11.9,19.8,3.5,55902,11.4,26.2,23.9,3.3,785,48,161
"Frio County, Texas",18151,33.1,23.3,12.6,36.1,5.2,15.1,2.6,56042,14.3,25.7,38.5,10.9,797,48,163
"Gaines County, Texas",21523,29.3,35.5,8.9,5.9,8.2,12.1,3.4,73299,29.5,8.9,26.5,4.1,711,48,165
"Galveston County, Texas",350801,38.1,23.9,14.9,26.6,22.7,12.9,5.9,83913,13.8,13.7,32.2,5.4,1301,48,167
"Garza County, Texas",5735,41.8,15.4,16.8,0.0,7.5,18.1,9.9,56215,16.3,25.2,30.4,6.3,1048,48,169
"Gillespie County, Texas",26953,49.7,19.9,29.0,6.9,22.0,14.7,3.5,70162,17.9,21.8,30.2,5.5,1275,48,171
"Glasscock County, Texas",1068,38.8,24.8,12.7,0.0,29.4,9.4,1.3,112188,22.5,15.0,38.1,1.2,-666666666,48,173
"Goliad County, Texas",7092,44.7,20.9,23.9,0.0,13.1,16.0,4.8,58125,11.2,23.0,17.3,8.6,788,48,175
"Gonzales County, Texas",19736,36.8,26.6,16.9,37.6,9.2,16.4,1.0,64255,18.9,17.2,33.0,8.3,895,48,177
"Gray County, Texas",21272,36.6,25.2,16.1,65.1,12.3,13.3,5.4,54563,19.5,19.8,29.6,3.2,846,48,179
"Grayson County, Texas",137008,39.2,23.7,17.9,26.7,15.2,13.8,3.9,66608,16.6,11.6,32.9,3.8,1096,48,181
"Gregg County, Texas",124245,35.8,25.7,15.7,61.3,15.2,13.1,3.7,63811,17.0,11.7,40.5,5.2,1008,48,183
"Grimes County, Texas",29442,40.3,22.4,18.2,2.9,12.0,14.4,5.6,63484,18.2,18.8,21.8,3.2,910,48,185
"Guadalupe County, Texas",173828,37.3,24.5,14.2,27.7,19.6,13.7,4.3,88111,11.5,7.2,22.2,2.7,1278,48,187
"Hale County, Texas",32525,33.4,27.0,13.9,77.5,9.2,12.3,4.7,50721,22.3,17.9,38.3,3.7,757,48,189
"Hall County, Texas",2847,45.1,22.0,22.5,27.3,14.0,17.7,7.5,43873,21.2,34.7,30.0,3.3,554,48,191
"Hamilton County, Texas",8244,45.0,21.1,25.8,4.1,17.9,20.0,2.8,54890,15.1,28.1,16.7,3.4,865,48,193
"Hansford County, Texas",5270,33.9,28.8,13.6,8.3,24.8,11.9,4.3,62350,17.0,22.8,24.6,4.7,823,48,195
"Hardeman County, Texas",3541,44.1,21.0,20.0,42.4,13.2,21.4,2.5,60455,14.9,28.3,32.3,4.1,612,48,197
"Hardin County, Texas",56576,39.4,24.5,17.2,31.6,14.1,18.6,4.6,70164,16.5,14.2,17.4,4.8,955,48,199
"Harris County, Texas",4726177,34.1,26.2,11.0,35.5,20.8,10.0,6.4,70789,21.2,8.6,45.4,6.7,1269,48,201
"Harrison County, Texas",69098,38.8,24.3,17.0,48.8,15.1,17.4,6.1,63427,16.3,14.7,26.0,6.4,912,48,203
"Hartley County, Texas",5369,39.7,22.2,16.2,24.7,14.5,10.6,1.5,78065,21.5,12.9,20.3,2.4,1102,48,205
"Haskell County, Texas",5408,44.3,17.4,23.4,51.6,11.9,23.3,6.3,52786,20.4,32.6,30.0,5.2,862,48,207
"Hays County, Texas",245351,33.2,22.7,11.4,16.6,26.3,11.1,5.1,79990,12.9,6.0,37.2,2.8,1355,48,209
"Hemphill County, Texas",3371,40.8,25.1,18.8,0.0,18.1,18.9,4.1,67798,18.2,19.9,26.6,3.6,1025,48,211
"Henderson County, Texas",82627,43.9,21.4,22.2,18.6,13.1,17.8,5.5,59778,18.7,21.9,24.0,5.4,958,48,213
"Hidalgo County, Texas",873167,29.8,31.7,11.2,33.7,14.0,12.1,7.6,49371,31.0,13.1,32.2,5.6,875,48,215
"Hill County, Texas",36138,41.2,23.1,20.5,43.5,12.0,17.4,4.5,60669,17.9,17.5,24.7,5.5,893,48,217
"Hockley County, Texas",21495,35.3,26.6,15.0,35.2,11.3,15.7,5.3,53283,20.0,13.7,27.2,5.9,765,48,219
"Hood County, Texas",62459,46.5,20.7,25.2,34.5,21.4,12.9,5.8,80013,14.4,12.9,19.6,2.5,1255,48,221
"Hopkins County, Texas",37008,39.7,24.2,18.3,16.9,14.8,14.3,4.8,63766,18.8,12.2,29.9,4.1,958,48,223
"Houston County, Texas",22107,43.9,19.7,22.1,45.3,10.5,22.4,4.5,51043,16.3,31.1,30.6,7.8,819,48,225
"Howard County, Texas",34488,37.6,21.8,12.7,51.7,9.4,16.2,5.2,67243,16.6,14.1,33.2,5.2,981,48,227
"Hudspeth County, Texas",3329,32.1,17.0,11.0,100.0,9.5,32.3,8.2,35163,29.0,22.1,31.7,8.2,531,48,229
"Hunt County, Texas",101596,37.6,23.8,15.9,26.3,14.6,15.4,5.8,66885,16.3,10.9,30.1,4.8,1120,48,231
"Hutchinson County, Texas",20595,38.3,25.0,17.2,64.3,11.4,16.6,4.3,62211,15.6,34.1,18.1,4.2,881,48,233
"Irion County, Texas",1561,39.5,25.7,19.4,0.0,16.2,13.0,1.3,54708,22.2,21.8,11.7,0.6,1145,48,235
"Jack County, Texas",8588,39.2,21.9,17.3,0.0,11.6,13.8,8.2,58861,18.6,21.5,27.2,10.8,889,48,237
"Jackson County, Texas",15010,40.4,25.2,19.3,16.0,10.5,15.0,5.5,67176,15.3,25.2,26.0,6.7,896,48,239
"Jasper County, Texas",33032,42.3,23.5,20.5,56.9,8.4,13.9,12.5,48818,20.1,19.9,20.4,5.9,777,48,241
"Jeff Davis County, Texas",1992,62.0,14.6,41.7,41.2,12.5,15.2,0.0,38125,17.2,39.5,10.7,2.7,1113,48,243
"Jefferson County, Texas",254942,36.8,24.3,14.9,39.8,13.9,15.1,5.4,57294,20.8,14.3,38.3,7.4,1004,48,245
"Jim Hogg County, Texas",4830,25.2,32.3,8.4,28.9,8.6,13.5,4.5,42292,27.1,35.9,36.3,4.9,754,48,247
"Jim Wells County, Texas",39060,35.6,27.0,15.8,59.8,12.0,17.3,5.2,46626,20.2,20.2,32.1,7.6,849,48,249
"Johnson County, Texas",182690,37.1,25.7,14.0,22.5,14.8,10.8,3.5,77058,16.5,6.6,25.6,2.4,1271,48,251
"Jones County, Texas",19758,38.4,16.3,15.6,60.6,8.8,17.4,4.7,59361,19.3,16.1,17.8,3.6,954,48,253
"Karnes County, Texas",14805,35.6,20.6,14.4,84.8,11.4,13.5,5.3,57798,16.3,25.4,32.5,8.8,868,48,255
"Kaufman County, Texas",149773,34.6,28.1,11.2,33.1,17.0,10.9,4.9,84075,13.6,6.3,22.6,3.2,1286,48,257
"Kendall County, Texas",45376,42.6,22.7,19.6,45.4,30.9,11.5,4.8,104196,12.0,8.6,23.6,2.6,1455,48,259
"Kenedy County, Texas",116,39.9,24.1,36.2,0.0,5.7,25.0,0.0,45455,18.1,59.1,84.2,0.0,-666666666,48,261
"Kent County, Texas",635,59.9,23.9,37.3,-666666666.0,14.2,20.1,5.4,68553,4.2,48.2,19.1,2.8,921,48,263
"Kerr County, Texas",52810,48.2,18.6,27.9,36.9,18.4,16.1,3.3,66713,18.1,12.8,29.3,4.4,1048,48,265
"Kimble County, Texas",4316,48.4,19.2,28.0,59.0,18.9,18.8,0.8,62386,17.9,36.3,20.8,4.2,716,48,267
"King County, Texas",216,35.8,23.6,13.0,-666666666.0,25.6,12.5,4.5,59375,10.6,44.4,60.0,0.0,-666666666,48,269
"Kinney County, Texas",3157,47.5,11.8,24.0,0.0,6.9,34.0,1.9,52386,13.6,25.0,25.0,3.1,728,48,271
"Kleberg County, Texas",30860,28.6,24.3,13.1,56.3,14.9,14.2,7.5,52487,17.3,14.4,45.9,6.1,978,48,273
"Knox County, Texas",3333,41.1,24.5,18.6,30.8,8.4,19.8,1.6,48750,16.1,31.2,22.0,3.4,628,48,275
"Lamar County, Texas",50149,40.3,23.8,19.3,35.6,13.9,18.9,3.9,58246,19.0,11.3,33.3,7.1,847,48,277
"Lamb County, Texas",13024,36.8,27.4,17.1,53.3,9.8,16.3,2.8,54519,25.4,21.5,27.1,4.9,796,48,279
"Lampasas County, Texas",21829,43.8,21.3,20.5,28.7,14.1,22.9,5.3,73269,13.6,18.4,19.5,4.4,867,48,281
"La Salle County, Texas",6965,35.0,22.2,17.3,0.0,3.2,10.1,4.2,62798,19.7,27.6,20.9,2.5,851,48,283
"Lavaca County, Texas",20379,43.4,23.6,23.7,38.3,13.8,14.4,3.0,58530,10.5,21.6,23.7,3.6,871,48,285
"Lee County, Texas",17543,41.9,21.5,20.5,51.4,11.8,15.6,2.8,66448,13.8,19.9,21.9,4.7,1037,48,287
"Leon County, Texas",15928,44.7,22.4,23.6,14.7,10.5,22.5,5.1,57363,18.6,28.8,21.7,1.9,900,48,289
"Liberty County, Texas",93523,34.1,27.9,12.6,37.4,7.7,16.2,6.9,59605,24.5,14.0,19.2,4.6,978,48,291
"Limestone County, Texas",22222,42.0,22.3,20.6,70.9,12.0,16.8,3.6,53102,19.1,21.4,25.2,3.9,784,48,293
"Lipscomb County, Texas",3038,35.9,29.3,16.7,66.1,20.2,15.3,5.9,71625,19.9,24.7,22.0,4.3,836,48,295
"Live Oak County, Texas",11374,40.8,19.6,21.3,39.9,7.6,16.3,3.6,55949,18.0,30.3,25.2,6.9,957,48,297
"Llano County, Texas",21637,57.4,15.9,37.1,0.0,22.2,21.7,6.0,64241,14.8,37.5,21.2,3.3,974,48,299
"Loving County, Texas",96,31.9,29.2,35.4,0.0,0.0,18.8,0.0,-666666666,0.0,27.3,70.0,12.5,-666666666,48,301
"Lubbock County, Texas",311509,31.2,23.6,12.7,40.1,20.0,12.9,4.6,61911,13.5,9.1,44.4,5.6,1087,48,303
"Lynn County, Texas",5619,36.6,27.3,15.8,25.3,17.2,19.7,3.6,52996,16.7,19.0,27.7,4.2,887,48,305
"McCulloch County, Texas",7638,44.4,22.1,22.6,48.8,12.7,21.0,8.7,53214,18.9,24.7,30.0,4.8,816,48,307
"McLennan County, Texas",261090,33.6,24.1,14.8,35.4,16.4,13.4,4.4,59781,14.1,10.5,40.4,5.2,1048,48,309
"McMullen County, Texas",670,36.5,31.5,19.1,68.8,11.8,16.1,2.4,60313,22.1,45.3,13.9,3.0,732,48,311
"Madison County, Texas",13556,36.2,21.7,15.2,40.2,10.2,16.5,6.3,65768,13.3,19.7,28.7,8.7,814,48,313
"Marion County, Texas",9668,52.1,17.2,27.1,27.8,13.5,22.3,10.7,48040,11.6,28.3,22.4,4.9,857,48,315
"Martin County, Texas",5228,34.7,29.5,10.5,0.0,9.7,11.1,10.2,70217,14.7,12.0,39.2,0.0,1009,48,317
"Mason County, Texas",3959,48.2,22.3,31.2,-666666666.0,26.1,18.9,2.8,77583,11.2,36.0,19.9,3.4,818,48,319
"Matagorda County, Texas",36251,37.1,25.8,17.4,49.1,14.0,17.4,6.7,56412,17.3,24.6,30.6,6.6,960,48,321
"Maverick County, Texas",57806,30.1,31.0,11.8,27.1,11.6,12.1,7.1,48497,28.1,10.8,31.9,7.8,757,48,323
"Medina County, Texas",51432,39.4,22.7,17.0,24.3,13.3,18.7,2.4,73060,13.7,11.7,17.9,4.7,1038,48,325
"Menard County, Texas",1964,59.4,19.0,35.5,-666666666.0,15.0,29.0,14.3,40945,25.4,38.2,24.5,4.1,720,48,327
"Midland County, Texas",169393,32.1,28.9,10.3,27.6,20.6,10.8,3.4,90123,15.4,7.0,33.0,4.7,1375,48,329
"Milam County, Texas",25080,41.5,23.4,20.7,16.8,12.6,15.8,5.8,56985,16.2,15.5,23.7,4.0,911,48,331
"Mills County, Texas",4501,50.8,18.8,28.1,46.9,18.5,16.1,2.3,59315,13.5,30.9,14.8,1.6,655,48,333
"Mitchell County, Texas",8947,32.3,18.4,14.3,98.4,7.2,14.7,1.4,49869,25.8,34.9,29.1,1.9,764,48,335
"Montague County, Texas",20197,44.1,22.7,21.6,7.8,12.8,19.8,5.1,63336,15.6,23.1,20.3,4.6,974,48,337
"Montgomery County, Texas",629989,37.4,25.9,13.4,21.5,25.0,10.1,4.3,95946,14.3,7.5,27.3,3.3,1416,48,339
"Moore County, Texas",21284,30.7,31.3,11.2,43.7,7.9,10.9,2.5,59041,21.4,14.6,35.1,7.7,879,48,341
"Morris County, Texas",11993,43.0,23.0,21.7,44.1,7.9,20.7,5.9,51532,13.5,16.1,26.5,5.7,783,48,343
"Motley County, Texas",1223,50.7,17.6,31.3,0.0,15.2,23.1,3.0,66528,18.6,35.9,24.1,2.4,732,48,345
"Nacogdoches County, Texas",64768,31.7,23.1,15.3,45.3,15.9,16.6,6.6,51153,15.5,13.9,40.9,6.0,863,48,347
"Navarro County, Texas",52834,37.5,25.6,16.6,44.3,11.4,17.4,5.6,56261,18.1,15.7,32.1,5.1,978,48,349
"Newton County, Texas",12333,45.5,21.6,22.2,50.4,4.9,15.4,10.6,38871,24.3,25.9,19.4,7.6,876,48,351
"Nolan County, Texas",14657,36.6,25.9,19.2,38.6,9.2,19.6,6.6,47437,17.1,20.3,34.6,6.8,810,48,353
"Nueces County, Texas",353245,36.2,24.1,15.0,41.3,14.4,13.1,5.7,64027,18.1,14.3,40.6,7.0,1175,48,355
"Ochiltree County, Texas",9924,33.0,30.3,10.7,44.6,12.3,14.3,1.5,62240,23.7,14.9,29.5,3.3,858,48,357
"Oldham County, Texas",2171,35.0,33.3,12.6,53.6,17.2,10.6,1.5,71103,12.3,20.2,28.4,1.6,1120,48,359
"Orange County, Texas",84761,37.7,25.0,15.7,35.0,12.8,16.7,5.8,71910,16.3,16.4,24.8,5.3,974,48,361
"Palo Pinto County, Texas",28569,41.3,23.2,19.8,58.5,11.9,16.5,7.3,65242,18.7,29.7,27.9,4.0,963,48,363
"Panola County, Texas",22540,39.2,23.1,20.2,43.1,11.7,16.8,2.9,58205,19.9,25.2,19.5,3.1,799,48,365
"Parker County, Texas",151188,39.4,24.6,15.7,26.3,20.2,12.3,3.9,95721,13.8,8.4,18.0,2.8,1291,48,367
"Parmer County, Texas",9809,36.3,27.6,15.3,0.0,13.7,11.6,2.1,65575,24.2,14.7,28.8,1.9,839,48,369
"Pecos County, Texas",15114,36.7,24.6,13.6,0.0,6.9,8.5,1.2,59325,17.2,12.9,29.4,8.5,986,48,371
"Polk County, Texas",50536,43.8,20.1,18.8,42.8,8.8,24.2,9.3,57315,16.7,27.9,22.0,3.6,920,48,373
"Potter County, Texas",117905,34.5,26.9,13.5,41.6,11.9,13.2,3.7,47974,21.5,12.5,44.2,8.6,943,48,375
"Presidio County, Texas",6168,41.9,29.9,22.8,66.3,15.0,15.2,12.3,29012,33.0,33.0,26.0,13.9,391,48,377
"Rains County, Texas",12257,47.6,19.2,24.0,61.0,14.6,20.2,2.3,60291,16.3,18.9,20.0,4.1,896,48,379
"Randall County, Texas",141489,36.4,23.9,15.4,13.9,21.7,10.6,2.8,78038,9.6,9.2,30.5,2.8,1072,48,381
"Reagan County, Texas",3308,33.0,30.3,8.4,21.3,7.3,5.1,8.7,70319,17.0,17.7,32.6,0.7,1057,48,383
"Real County, Texas",2830,52.3,23.9,34.1,100.0,16.1,30.5,1.6,46842,19.8,45.4,25.8,3.7,836,48,385
"Red River County, Texas",11627,48.9,20.1,25.9,20.7,9.3,16.8,3.8,44583,18.9,24.7,25.0,3.4,688,48,387
"Reeves County, Texas",14022,35.4,23.2,12.4,66.7,7.8,11.0,7.0,57487,16.7,18.7,25.0,5.0,951,48,389
"Refugio County, Texas",6718,42.9,22.6,22.3,100.0,8.2,23.7,5.6,54304,15.8,32.5,24.2,9.5,720,48,391
"Roberts County, Texas",764,42.5,23.3,14.1,-666666666.0,14.2,12.0,0.5,62667,13.1,19.4,13.4,7.8,554,48,393
"Robertson County, Texas",16912,40.6,23.8,20.3,56.6,12.6,18.7,8.7,59410,13.4,25.7,24.8,7.9,781,48,395
"Rockwall County, Texas",110631,37.6,26.6,12.4,17.2,27.9,7.7,3.9,121303,8.7,3.6,16.8,1.8,1779,48,397
"Runnels County, Texas",9858,40.9,23.4,20.6,45.0,13.0,19.0,3.0,55424,15.4,24.5,23.1,2.4,897,48,399
"Rusk County, Texas",52755,38.8,22.4,16.8,27.0,10.4,15.4,5.5,61661,15.8,16.0,20.8,3.9,963,48,401
"Sabine County, Texas",9980,54.1,17.6,30.0,38.4,9.5,26.3,8.4,47061,13.2,41.4,15.2,4.5,725,48,403
"San Augustine County, Texas",7920,48.6,19.6,28.2,72.7,7.5,24.7,10.3,45888,21.6,36.3,27.5,11.7,718,48,405
"San Jacinto County, Texas",27666,45.3,21.2,21.8,41.7,8.9,21.8,7.1,54839,20.0,28.3,17.0,3.2,992,48,407
"San Patricio County, Texas",68942,36.0,26.3,15.1,51.1,11.9,19.1,4.4,63842,16.9,19.1,32.2,6.7,1265,48,409
"San Saba County, Texas",5779,41.9,19.3,22.7,28.0,14.0,19.0,3.8,54087,22.7,29.5,23.9,2.0,918,48,411
"Schleicher County, Texas",2474,39.4,24.2,25.6,86.7,9.8,12.7,6.9,53774,24.8,30.6,15.8,4.1,645,48,413
"Scurry County, Texas",16883,36.2,25.3,15.0,22.3,13.5,15.4,2.2,58932,19.1,17.6,19.1,0.9,1025,48,415
"Shackelford County, Texas",3134,42.9,23.8,19.7,46.1,26.3,17.6,7.2,60924,14.2,16.4,19.0,5.6,486,48,417
"Shelby County, Texas",24157,39.7,26.0,17.8,42.5,10.0,15.4,4.0,49231,20.4,21.8,24.8,6.3,833,48,419
"Sherman County, Texas",2414,38.4,23.3,16.3,70.5,16.7,18.9,1.5,66169,15.4,28.0,23.5,1.1,969,48,421
"Smith County, Texas",234667,37.2,24.2,17.0,24.5,18.1,12.4,4.7,69053,17.2,16.7,31.3,4.3,1129,48,423
"Somervell County, Texas",9337,43.1,21.6,18.4,38.7,21.3,11.7,3.9,87899,12.7,15.0,17.8,2.9,853,48,425
"Starr County, Texas",65716,28.6,32.6,11.5,34.0,9.2,15.5,11.5,35979,33.1,18.4,27.4,10.7,670,48,427
"Stephens County, Texas",9260,40.9,22.0,19.6,27.3,13.9,18.0,8.6,44712,17.5,27.2,21.4,9.3,688,48,429
"Sterling County, Texas",1392,32.1,34.6,13.1,0.0,14.6,8.0,0.0,63558,22.6,24.8,14.0,0.0,882,48,431
"Stonewall County, Texas",1331,33.5,27.7,20.3,100.0,7.4,14.5,1.8,66591,18.2,36.3,16.9,2.4,757,48,433
"Sutton County, Texas",3345,31.3,32.4,13.2,4.5,7.9,6.4,4.7,56778,16.2,34.9,36.2,2.5,701,48,435
"Swisher County, Texas",6989,35.9,25.0,17.3,18.5,15.7,16.1,5.2,40290,20.4,21.1,31.4,8.1,763,48,437
"Tarrant County, Texas",2113854,34.9,25.8,11.7,32.3,22.4,9.8,4.9,78872,16.9,7.0,40.3,4.4,1352,48,439
"Taylor County, Texas",143029,32.9,24.5,14.6,39.8,18.4,14.7,2.4,61806,15.5,11.6,41.3,4.6,1063,48,441
"Terrell County, Texas",862,57.7,12.5,34.2,0.0,19.9,26.7,0.0,52813,10.1,33.8,8.7,3.2,-666666666,48,443
"Terry County, Texas",11816,35.4,27.4,14.8,22.2,8.1,14.0,4.8,42694,21.8,12.9,34.2,7.9,763,48,445
"Throckmorton County, Texas",1439,48.8,18.3,25.5,10.0,15.1,14.9,2.5,55221,26.5,31.3,29.9,2.5,536,48,447
"Titus County, Texas",31301,34.4,28.8,14.5,41.2,10.8,13.0,4.0,57634,19.8,10.4,33.1,4.7,808,48,449
"Tom Green County, Texas",119276,35.0,24.1,15.9,29.9,16.4,14.2,3.2,67215,13.8,11.7,32.5,4.7,1024,48,451
"Travis County, Texas",1289054,35.1,20.7,10.4,24.0,33.4,9.0,4.2,92731,12.5,5.9,47.1,5.5,1561,48,453
"Trinity County, Texas",13735,50.1,19.7,26.4,58.5,11.3,23.2,7.0,51165,17.3,28.0,23.6,9.7,776,48,455
"Tyler County, Texas",19962,42.6,19.1,22.1,32.8,8.7,25.2,12.6,50898,15.9,28.4,19.4,7.0,927,48,457
"Upshur County, Texas",41261,40.9,23.8,18.3,66.7,12.2,20.0,4.3,60456,16.4,13.9,21.7,3.9,958,48,459
"Upton County, Texas",3284,39.9,27.2,16.4,-666666666.0,6.7,10.2,4.7,55284,11.8,18.7,22.9,6.0,687,48,461
"Uvalde County, Texas",24833,34.2,26.1,16.3,24.6,14.2,19.6,3.2,55000,19.3,16.7,31.7,7.2,1014,48,463
"Val Verde County, Texas",47693,31.7,28.0,13.9,38.2,12.2,13.7,3.4,57250,20.6,10.3,34.1,4.8,913,48,465
"Van Zandt County, Texas",60053,42.0,22.8,20.1,25.9,12.2,15.3,3.1,62334,17.7,12.4,20.3,2.9,981,48,467
"Victoria County, Texas",91209,36.3,25.2,16.4,44.3,13.9,15.3,5.2,66308,16.4,12.1,32.9,7.2,1084,48,469
"Walker County, Texas",77182,36.5,14.2,13.5,35.1,12.5,11.6,7.0,47193,15.0,14.6,45.1,6.7,976,48,471
"Waller County, Texas",57463,28.7,23.3,11.5,35.5,18.3,11.1,6.1,71643,18.3,9.0,30.6,3.6,1109,48,473
"Ward County, Texas",11347,35.2,29.0,13.4,5.3,8.6,12.9,5.5,70771,12.0,16.8,19.6,3.9,1061,48,475
"Washington County, Texas",35807,41.9,21.4,21.7,39.2,19.1,14.2,2.7,70043,13.4,15.2,26.5,6.0,1025,48,477
"Webb County, Texas",267282,29.4,31.8,9.7,43.1,14.7,13.1,5.9,59984,28.4,8.8,36.7,6.2,964,48,479
"Wharton County, Texas",41614,37.7,25.8,17.2,38.0,12.9,15.1,5.7,59712,19.0,13.0,33.2,6.4,894,48,481
"Wheeler County, Texas",4980,40.0,24.6,20.0,0.0,14.5,16.3,6.6,58158,22.3,27.0,26.5,7.0,896,48,483
"Wichita County, Texas",129584,34.8,22.7,14.9,30.7,15.1,16.0,4.2,58862,14.7,12.6,39.4,6.6,937,48,485
"Wilbarger County, Texas",12795,37.2,22.8,17.8,42.9,12.7,24.8,9.3,50769,11.4,21.1,40.9,5.5,795,48,487
"Willacy County, Texas",20308,33.7,24.1,14.6,59.1,7.7,15.1,8.7,42839,28.3,20.6,30.9,5.6,695,48,489
"Williamson County, Texas",617396,36.9,24.7,12.6,17.6,29.9,10.0,4.4,102851,9.7,4.2,32.3,2.6,1597,48,491
"Wilson County, Texas",50381,39.9,23.7,16.2,20.0,18.1,12.3,3.4,89708,12.2,8.8,14.4,2.2,1054,48,493
"Winkler County, Texas",7582,36.2,28.8,13.6,61.7,7.5,9.1,2.3,89155,18.7,16.4,16.6,5.6,902,48,495
"Wise County, Texas",70062,39.3,24.5,15.2,39.1,14.9,15.8,4.3,85385,16.2,10.1,18.4,1.6,1137,48,497
"Wood County, Texas",45341,48.4,18.8,26.9,28.0,12.8,20.0,5.3,61748,15.1,19.4,19.5,5.5,882,48,499
"Yoakum County, Texas",7630,30.0,32.3,10.0,16.2,8.6,9.0,3.9,80317,19.8,11.8,33.8,2.4,983,48,501
"Young County, Texas",17903,40.3,23.9,20.9,52.2,16.1,15.4,2.6,65565,18.9,11.6,26.3,5.1,823,48,503
"Zapata County, Texas",13896,30.9,32.6,13.7,80.6,9.1,16.2,8.1,35061,26.9,25.9,25.5,9.7,557,48,505
"Zavala County, Texas",9700,33.2,29.4,16.1,100.0,10.1,17.0,5.8,49243,12.2,13.4,27.5,4.9,838,48,507
"Beaver County, Utah",7102,33.8,30.8,14.1,13.0,21.8,12.9,3.6,80268,11.9,21.1,19.5,2.7,948,49,001
"Box Elder County, Utah",58291,33.1,31.0,12.6,10.3,18.6,11.3,2.6,72769,8.1,6.2,23.9,4.2,927,49,003
"Cache County, Utah",134428,25.5,29.6,9.7,11.8,25.4,8.5,2.4,72719,6.5,5.7,35.9,3.3,1025,49,005
"Carbon County, Utah",20338,37.8,25.8,18.4,18.9,11.8,16.8,6.7,53734,7.0,16.9,33.0,4.4,786,49,007
"Daggett County, Utah",638,43.3,25.4,18.5,0.0,12.4,13.0,3.5,61250,6.2,79.5,16.2,4.7,-666666666,49,009
"Davis County, Utah",363032,32.0,31.1,10.5,13.0,25.5,9.2,2.5,101285,5.9,3.4,22.3,2.4,1407,49,011
"Duchesne County, Utah",19779,33.1,32.8,12.3,29.0,9.8,13.8,4.3,70821,14.2,27.2,22.7,4.7,894,49,013
"Emery County, Utah",9898,38.4,28.6,17.7,7.5,9.1,15.4,3.6,67056,7.8,15.9,21.7,2.7,662,49,015
"Garfield County, Utah",5121,40.4,22.1,22.9,0.0,21.0,14.8,4.4,56481,14.5,45.2,26.8,2.5,779,49,017
"Grand County, Utah",9680,40.3,18.4,19.7,0.0,21.5,12.2,1.2,59171,12.2,17.4,33.0,2.1,1020,49,019
"Iron County, Utah",58068,29.5,27.8,12.9,9.9,20.3,11.1,3.3,63005,10.0,15.6,32.0,3.4,935,49,021
"Juab County, Utah",11943,30.1,33.7,12.5,3.8,14.7,12.4,1.9,88048,7.5,6.9,20.4,3.9,969,49,023
"Kane County, Utah",7814,42.9,22.8,23.8,6.9,22.1,18.3,3.5,70327,7.8,47.2,22.0,4.6,1124,49,025
"Millard County, Utah",13027,34.4,31.2,17.3,0.5,18.0,13.5,4.4,69403,11.1,15.5,24.0,3.7,801,49,027
"Morgan County, Utah",12367,32.1,34.3,12.0,2.8,24.0,6.5,1.7,120854,5.0,6.5,13.1,0.8,1276,49,029
"Piute County, Utah",1764,49.5,19.2,30.9,60.0,13.9,21.1,9.1,33359,15.6,36.3,9.0,4.9,594,49,031
"Rich County, Utah",2543,33.9,32.2,18.0,0.0,16.4,15.1,2.6,69250,7.9,75.3,20.9,0.0,663,49,033
"Salt Lake County, Utah",1180643,33.4,26.1,11.3,18.0,24.3,9.9,3.6,90011,9.9,5.3,32.9,5.2,1394,49,035
"San Juan County, Utah",14524,33.2,28.2,15.5,22.8,12.9,22.0,12.1,52108,19.0,19.7,20.3,8.8,861,49,037
"Sanpete County, Utah",28816,33.1,24.8,14.1,9.0,13.2,11.7,4.6,64356,10.8,16.5,22.2,2.8,910,49,039
"Sevier County, Utah",21667,36.2,28.8,16.5,15.7,15.3,14.7,4.9,66972,9.4,14.0,20.4,4.1,791,49,041
"Summit County, Utah",42524,40.5,23.5,13.8,13.9,35.8,5.9,2.3,126392,6.9,47.4,19.0,1.8,1822,49,043
"Tooele County, Utah",74032,31.7,31.7,9.0,25.1,14.8,11.1,3.9,95545,7.5,5.3,17.9,3.8,1079,49,045
"Uintah County, Utah",35951,32.4,32.1,11.3,9.1,13.4,12.5,6.3,67983,13.8,15.6,26.3,3.1,797,49,047
"Utah County, Utah",666021,25.2,32.2,7.7,7.9,29.8,8.5,3.4,91263,7.8,4.2,31.4,2.5,1330,49,049
"Wasatch County, Utah",35009,35.5,30.0,12.7,27.9,30.8,7.9,2.4,104855,7.4,22.6,22.6,2.4,1586,49,051
"Washington County, Utah",183297,38.6,24.9,21.9,12.4,20.6,12.5,3.1,71976,12.2,15.3,27.6,3.0,1321,49,053
"Wayne County, Utah",2532,43.0,23.5,22.4,1.7,15.3,11.6,0.6,64870,10.7,37.8,21.9,1.7,926,49,055
"Weber County, Utah",262960,33.2,27.3,11.9,25.5,18.8,11.5,3.1,82291,8.5,6.9,25.8,4.5,1188,49,057
"Addison County, Vermont",37434,43.9,16.2,21.4,10.1,24.3,15.6,4.1,85870,4.7,17.4,20.5,4.1,1153,50,001
"Bennington County, Vermont",37326,46.7,18.9,23.3,30.9,21.4,17.5,4.2,68558,4.6,30.2,25.7,8.5,974,50,003
"Caledonia County, Vermont",30418,45.4,19.0,22.2,33.7,19.2,17.1,2.6,62964,4.5,20.1,22.8,7.5,919,50,005
"Chittenden County, Vermont",168309,36.7,17.4,15.9,24.6,32.1,11.2,3.9,89494,3.3,5.3,36.6,6.9,1511,50,007
"Essex County, Vermont",5976,51.6,17.1,26.6,9.1,11.3,22.9,5.4,55247,5.3,45.6,16.3,4.9,911,50,009
"Franklin County, Vermont",50101,40.6,21.6,16.8,29.4,17.5,14.2,3.3,73633,4.2,15.3,22.2,6.2,1125,50,011
"Grand Isle County, Vermont",7335,48.6,17.2,21.8,4.5,25.1,12.2,3.5,86639,4.0,42.5,10.2,2.0,1206,50,013
"Lamoille County, Vermont",25977,41.0,20.3,17.8,20.4,27.2,12.7,3.9,69886,6.3,19.9,26.5,5.1,1066,50,015
"Orange County, Vermont",29439,46.6,17.9,22.2,29.0,19.1,15.5,3.1,74534,4.5,15.4,17.6,4.2,1125,50,017
"Orleans County, Vermont",27459,45.6,19.4,23.2,46.2,17.3,17.4,6.1,63981,3.5,30.1,20.0,6.3,898,50,019
"Rutland County, Vermont",60585,47.7,17.6,23.4,43.4,20.0,16.1,4.3,62641,4.5,25.3,27.7,7.1,891,50,021
"Washington County, Vermont",59768,43.8,18.3,20.5,35.8,27.1,14.0,3.0,77278,2.9,18.0,27.3,7.7,1077,50,023
"Windham County, Vermont",45857,47.0,17.0,24.0,28.2,21.2,17.0,4.4,65473,4.1,35.3,28.2,6.1,1031,50,025
"Windsor County, Vermont",57832,47.8,17.8,24.3,14.7,24.1,15.0,3.7,69492,5.0,29.2,23.4,5.1,1054,50,027
"Accomack County, Virginia",33367,47.3,20.5,24.9,51.6,12.2,16.8,3.7,52694,10.7,34.5,33.1,8.0,974,51,001
"Albemarle County, Virginia",112513,39.7,19.6,19.7,13.4,30.1,9.3,3.1,97708,5.8,7.3,32.8,4.7,1570,51,003
"Alleghany County, Virginia",15159,48.0,18.9,25.1,52.6,8.7,17.5,3.7,52546,7.4,20.5,16.8,6.7,662,51,005
"Amelia County, Virginia",13309,45.1,20.7,20.0,-666666666.0,12.8,16.7,4.1,63438,5.6,8.2,15.6,2.6,1249,51,007
"Amherst County, Virginia",31426,43.9,19.8,21.2,46.4,13.4,15.8,4.5,64454,7.7,11.4,24.3,5.4,811,51,009
"Appomattox County, Virginia",16253,43.1,21.8,20.5,62.0,14.2,14.2,3.5,60041,8.3,10.9,22.2,3.4,861,51,011
"Arlington County, Virginia",235845,35.3,18.1,11.3,12.7,35.7,6.5,2.8,137387,5.5,7.0,57.8,14.1,2227,51,013
"Augusta County, Virginia",77433,44.8,18.8,21.7,36.5,15.6,14.2,3.0,76124,6.8,8.0,21.3,4.5,1019,51,015
"Bath County, Virginia",4177,51.8,15.4,29.0,-666666666.0,12.7,15.2,2.0,55699,4.7,43.1,28.9,0.9,650,51,017
"Bedford County, Virginia",79761,46.8,19.6,22.2,20.8,19.9,13.1,2.9,74773,6.1,12.8,15.7,3.6,939,51,019
"Bland County, Virginia",6241,46.4,15.2,23.7,0.0,11.3,17.5,3.3,59901,4.8,30.2,14.8,3.5,705,51,021
"Botetourt County, Virginia",33734,47.5,18.8,23.2,17.3,17.2,12.5,3.1,77680,4.8,13.5,13.3,3.7,869,51,023
"Brunswick County, Virginia",15965,44.6,15.6,21.9,82.1,9.9,18.0,5.2,52678,7.9,22.4,26.8,7.6,841,51,025
"Buchanan County, Virginia",20246,47.6,16.9,23.0,12.9,5.5,33.7,6.0,39591,7.2,28.0,18.4,4.9,728,51,027
"Buckingham County, Virginia",16869,43.3,18.0,19.8,46.6,7.8,17.6,5.0,59894,11.0,17.9,24.5,6.4,844,51,029
"Campbell County, Virginia",55518,43.1,19.7,20.7,30.1,16.4,14.5,4.9,59022,6.5,11.4,25.9,5.2,792,51,031
"Caroline County, Virginia",31181,39.2,22.7,16.4,24.9,13.8,12.9,4.6,83562,6.7,9.0,18.3,5.0,1212,51,033
"Carroll County, Virginia",29126,48.7,17.9,25.1,45.4,11.3,16.5,4.8,49113,9.1,27.0,21.6,4.2,643,51,035
"Charles City County, Virginia",6760,52.0,14.9,25.6,33.3,11.8,19.2,4.1,65573,6.3,10.7,15.4,6.4,927,51,036
"Charlotte County, Virginia",11563,45.4,22.3,22.3,56.7,9.7,22.0,3.6,51548,8.9,24.1,30.9,8.0,732,51,037
"Chesterfield County, Virginia",366019,38.9,23.6,15.5,34.7,25.9,12.5,4.7,95757,7.3,3.9,22.6,3.1,1460,51,041
"Clarke County, Virginia",14882,48.4,19.0,21.5,19.8,22.2,13.6,3.5,107475,6.0,12.2,22.1,2.0,1260,51,043
"Craig County, Virginia",4898,46.1,25.1,19.2,0.0,10.9,11.7,1.9,66286,2.9,26.6,19.1,4.7,687,51,045
"Culpeper County, Virginia",52822,39.5,24.5,16.2,58.2,17.6,12.5,3.9,92359,9.4,5.7,25.7,3.4,1383,51,047
"Cumberland County, Virginia",9697,46.3,19.6,22.7,12.4,9.8,15.0,3.2,56497,8.6,12.9,22.4,6.9,803,51,049
"Dickenson County, Virginia",14089,45.5,19.3,23.4,55.3,9.3,36.4,3.4,40143,5.9,24.8,22.8,7.1,680,51,051
"Dinwiddie County, Virginia",28057,43.4,20.4,18.5,41.8,11.0,14.6,4.7,77225,6.6,11.9,21.5,2.8,1154,51,053
"Essex County, Virginia",10602,46.9,17.4,23.5,76.1,10.1,16.8,9.9,52335,9.7,26.2,34.6,5.3,942,51,057
"Fairfax County, Virginia",1145354,38.6,23.1,14.2,13.8,31.8,7.6,4.1,145165,7.5,3.8,31.4,4.6,2159,51,059
"Fauquier County, Virginia",73290,40.8,23.1,16.7,10.9,24.1,9.6,2.3,122785,7.7,7.8,22.5,3.1,1468,51,061
"Floyd County, Virginia",15532,48.4,18.1,24.2,0.0,13.6,12.7,2.6,57146,7.3,16.3,13.7,5.6,809,51,063
"Fluvanna County, Virginia",27442,43.1,19.8,20.4,13.9,22.5,11.6,3.0,90766,8.0,8.8,11.6,2.7,1363,51,065
"Franklin County, Virginia",54838,48.4,18.7,24.0,44.7,15.3,15.2,2.8,66275,7.2,22.2,20.0,5.5,809,51,067
"Frederick County, Virginia",92007,40.6,22.7,18.1,36.3,17.0,11.6,4.2,92443,8.0,6.8,22.5,3.6,1347,51,069
"Giles County, Virginia",16711,45.4,20.1,21.7,11.9,11.3,13.0,2.2,61987,6.4,17.5,22.3,5.6,758,51,071
"Gloucester County, Virginia",38875,44.3,19.9,19.6,16.8,16.0,17.2,3.4,83750,5.0,12.9,20.9,2.4,1133,51,073
"Goochland County, Virginia",24906,49.0,17.0,23.0,0.0,25.0,12.6,2.4,105600,3.6,7.9,15.5,2.7,1407,51,075
"Grayson County, Virginia",15356,49.0,16.3,25.4,27.8,10.3,20.2,4.3,43348,10.2,31.3,19.2,5.0,703,51,077
"Greene County, Virginia",20631,41.7,23.4,18.5,25.0,17.3,12.3,3.8,81338,6.7,10.4,21.8,2.1,1277,51,079
"Greensville County, Virginia",11373,40.8,16.3,15.7,80.0,8.7,17.4,6.3,51823,7.8,19.7,30.3,8.6,979,51,081
"Halifax County, Virginia",34013,46.6,20.1,24.9,36.9,11.4,20.1,3.7,49145,8.4,22.2,27.3,6.4,724,51,083
"Hanover County, Virginia",110513,42.4,21.6,18.5,22.0,26.5,11.1,2.9,104678,4.1,4.5,17.0,2.7,1392,51,085
"Henrico County, Virginia",333120,39.3,22.3,16.2,31.8,26.7,11.7,3.9,82424,6.3,5.1,35.4,5.5,1380,51,087
"Henry County, Virginia",50760,48.3,19.4,24.4,57.5,9.3,21.6,5.2,43694,8.1,19.9,26.8,6.5,686,51,089
"Highland County, Virginia",2247,58.0,12.8,36.9,86.1,20.2,20.9,14.7,57070,8.1,44.1,13.6,5.3,800,51,091
"Isle of Wight County, Virginia",38898,44.2,21.1,19.3,15.4,17.7,14.7,5.5,91680,6.1,8.2,21.7,4.7,1223,51,093
"James City County, Virginia",78818,47.1,19.6,26.1,37.1,26.2,13.1,3.7,100711,5.2,10.0,22.4,4.2,1435,51,095
"King and Queen County, Virginia",6681,47.4,18.4,22.3,47.6,16.8,15.1,5.7,70147,6.9,18.4,22.3,4.0,1065,51,097
"King George County, Virginia",26985,38.3,24.7,13.6,19.8,20.5,9.4,2.6,103264,3.8,6.3,24.8,1.8,1385,51,099
"King William County, Virginia",17845,40.8,22.8,16.4,50.2,18.6,12.7,4.0,79398,5.8,7.7,13.9,3.2,1239,51,101
"Lancaster County, Virginia",10866,59.2,14.7,39.4,40.0,18.3,19.8,9.3,62674,7.0,29.7,17.8,4.0,959,51,103
"Lee County, Virginia",22287,45.2,18.7,22.2,23.9,8.5,29.7,8.1,41619,10.8,23.7,27.8,9.0,651,51,105
"Loudoun County, Virginia",420773,37.3,27.3,10.0,13.0,35.7,6.5,3.2,170463,5.3,2.6,22.6,3.1,2195,51,107
"Louisa County, Virginia",38106,45.0,20.0,20.2,46.3,14.7,16.5,6.4,76594,7.1,17.3,20.1,3.5,1137,51,109
"Lunenburg County, Virginia",11988,44.0,19.6,22.3,35.6,7.4,21.2,4.0,54438,10.9,22.4,30.2,7.7,802,51,111
"Madison County, Virginia",13828,46.6,20.0,23.3,8.4,12.7,15.5,3.7,74586,5.6,12.2,20.8,2.9,955,51,113
"Mathews County, Virginia",8537,53.7,15.1,30.7,100.0,21.7,21.2,8.2,79054,8.4,31.7,16.2,0.6,966,51,115
"Mecklenburg County, Virginia",30367,48.6,18.4,26.2,57.5,13.1,19.7,3.6,51265,7.4,31.6,29.1,7.5,784,51,117
"Middlesex County, Virginia",10738,54.9,15.8,33.6,0.0,20.0,17.1,4.6,69389,6.4,33.9,15.7,2.8,1056,51,119
"Montgomery County, Virginia",99373,29.7,15.1,13.2,15.2,21.7,10.3,3.3,65270,5.3,13.4,45.1,5.5,1161,51,121
"Nelson County, Virginia",14773,50.7,17.3,28.5,45.2,18.2,14.3,3.2,64028,8.6,38.2,21.0,5.8,921,51,125
"New Kent County, Virginia",23296,43.2,19.1,18.0,2.2,23.6,10.7,3.1,113120,3.7,5.6,7.7,1.5,1391,51,127
"Northampton County, Virginia",12132,51.3,19.1,27.6,40.2,17.5,20.1,4.8,54693,10.3,27.9,35.7,10.3,763,51,131
"Northumberland County, Virginia",12007,59.0,14.8,36.8,0.0,18.9,14.9,4.9,64655,7.6,42.4,11.2,4.3,1026,51,133
"Nottoway County, Virginia",15638,41.3,19.6,18.3,42.1,11.7,18.0,6.4,62366,13.5,18.7,28.7,7.2,895,51,135
"Orange County, Virginia",36593,42.8,21.1,19.9,28.2,16.7,15.5,4.4,87309,6.2,8.9,21.7,3.9,1085,51,137
"Page County, Virginia",23753,45.3,20.0,21.3,35.4,8.2,20.0,4.6,56760,10.8,20.6,28.3,7.0,845,51,139
"Patrick County, Virginia",17660,50.9,17.4,26.9,21.5,11.3,20.4,2.3,49180,6.2,22.3,21.1,4.2,668,51,141
"Pittsylvania County, Virginia",60541,48.0,18.2,23.5,34.9,10.4,20.1,5.4,52619,6.7,17.1,22.6,5.2,831,51,143
"Powhatan County, Virginia",30503,45.6,18.0,19.3,50.9,23.5,11.7,2.6,108089,3.8,4.7,8.8,1.6,1170,51,145
"Prince Edward County, Virginia",21922,32.0,15.0,16.4,60.9,16.4,15.3,2.4,57304,6.9,19.0,39.1,8.4,909,51,147
"Prince George County, Virginia",42634,34.2,19.6,12.9,66.9,16.7,12.7,7.5,80318,4.0,4.0,29.1,3.0,1519,51,149
"Prince William County, Virginia",481114,35.8,26.6,10.5,29.3,25.7,8.2,4.7,123193,10.4,3.8,25.9,2.3,1907,51,153
"Pulaski County, Virginia",33841,47.2,17.8,22.5,37.5,12.7,19.8,3.3,59740,5.3,15.1,29.7,4.7,806,51,155
"Rappahannock County, Virginia",7422,50.0,18.0,26.5,76.0,18.5,13.7,6.5,98663,11.1,26.7,25.4,1.6,1179,51,157
"Richmond County, Virginia",8968,46.1,17.3,20.0,16.0,11.3,16.4,4.0,62708,6.2,28.1,31.4,6.3,915,51,159
"Roanoke County, Virginia",96653,43.6,19.9,21.7,25.4,24.1,12.4,2.6,80872,4.6,7.1,24.3,4.5,1116,51,161
"Rockbridge County, Virginia",22673,49.4,17.9,26.5,31.1,15.6,17.8,3.9,61903,6.2,17.0,21.8,4.4,925,51,163
"Rockingham County, Virginia",83905,40.5,21.9,19.6,25.9,17.0,12.6,2.8,73232,8.8,11.4,24.8,4.5,1078,51,165
"Russell County, Virginia",25763,46.6,18.3,22.6,73.2,8.6,31.7,5.9,44088,6.0,18.5,25.2,6.6,668,51,167
"Scott County, Virginia",21536,47.7,18.0,24.8,42.1,9.1,29.3,3.4,44535,7.0,25.1,21.5,8.5,621,51,169
"Shenandoah County, Virginia",44337,43.6,21.3,21.9,30.5,12.2,16.8,4.2,62149,6.4,17.2,27.2,5.0,950,51,171
"Smyth County, Virginia",29799,46.2,19.2,22.4,49.1,11.2,22.5,3.3,45061,7.0,16.4,31.6,8.0,691,51,173
"Southampton County, Virginia",18003,47.0,19.3,20.8,35.8,12.9,18.0,5.5,67813,6.0,11.6,23.0,5.0,881,51,175
"Spotsylvania County, Virginia",141097,38.1,24.5,14.6,21.8,20.1,10.7,5.6,105068,7.5,5.8,21.1,3.1,1677,51,177
"Stafford County, Virginia",157606,36.4,26.1,11.0,15.6,25.9,8.6,3.9,128036,7.0,5.0,20.4,1.9,1828,51,179
"Surry County, Virginia",6546,50.5,16.9,24.0,31.3,17.5,17.2,6.0,68655,6.9,19.7,22.1,5.2,888,51,181
"Sussex County, Virginia",10866,40.4,16.3,18.4,93.3,9.8,17.4,5.0,59195,8.2,20.7,30.6,10.3,927,51,183
"Tazewell County, Virginia",40392,44.6,19.7,22.9,54.8,10.7,19.1,5.7,46508,6.3,20.5,27.4,7.6,733,51,185
"Warren County, Virginia",40800,40.9,21.7,16.6,28.0,14.8,14.4,5.6,79313,10.7,9.3,25.8,5.5,1175,51,187
"Washington County, Virginia",53985,46.8,17.2,24.0,28.6,15.7,22.3,4.2,59116,8.0,13.7,24.8,4.4,796,51,191
"Westmoreland County, Virginia",18480,47.9,18.2,25.7,58.7,10.0,17.2,9.1,56647,8.6,29.9,23.4,6.1,985,51,193
"Wise County, Virginia",36105,42.0,19.0,19.1,57.1,9.7,27.4,9.1,47541,7.8,16.0,29.7,9.7,715,51,195
"Wythe County, Virginia",28275,45.6,19.4,21.6,37.1,12.0,20.7,5.2,53921,6.0,11.5,24.7,8.4,668,51,197
"York County, Virginia",70238,39.7,23.3,17.0,15.2,27.0,11.7,4.2,105154,4.0,7.3,27.8,3.9,1701,51,199
"Alexandria city, Virginia",157594,37.4,18.1,12.3,18.8,31.7,7.3,3.2,113179,8.8,6.8,57.3,11.0,1983,51,510
"Bristol city, Virginia",17036,43.7,19.9,23.5,64.1,11.8,21.6,4.1,45250,13.7,15.8,37.0,10.3,784,51,520
"Buena Vista city, Virginia",6639,35.3,21.4,17.9,35.1,13.1,16.2,1.3,48783,6.4,9.7,42.3,5.0,953,51,530
"Charlottesville city, Virginia",46289,32.4,15.6,12.6,19.7,28.0,9.0,5.1,67177,6.3,8.9,57.7,11.8,1357,51,540
"Chesapeake city, Virginia",249377,37.4,24.1,13.8,22.1,22.2,11.7,5.0,92703,6.7,3.9,26.7,4.4,1446,51,550
"Colonial Heights city, Virginia",18158,38.4,23.4,18.8,31.9,16.9,16.1,6.1,72216,7.3,6.3,33.6,6.6,1123,51,570
"Covington city, Virginia",5722,41.9,22.5,19.1,70.4,7.4,13.1,2.6,45737,8.4,17.9,24.8,8.5,718,51,580
"Danville city, Virginia",42507,41.0,22.0,21.1,64.1,11.6,19.2,5.8,41484,9.1,15.9,50.5,13.9,770,51,590
"Emporia city, Virginia",5680,39.9,26.6,17.7,100.0,9.6,23.1,7.0,41442,4.7,20.1,60.0,16.0,960,51,595
"Fairfax city, Virginia",24242,37.5,23.1,14.4,11.4,31.0,7.2,3.7,128708,6.3,2.1,31.7,6.2,1972,51,600
"Falls Church city, Virginia",14576,38.8,24.3,13.7,0.0,30.6,7.9,6.0,164536,0.9,6.3,44.4,5.7,2074,51,610
"Franklin city, Virginia",8194,38.8,25.7,19.0,16.7,13.0,18.6,5.3,57537,3.1,14.0,44.4,10.9,925,51,620
"Fredericksburg city, Virginia",28258,30.9,20.9,11.2,27.2,24.9,11.7,5.2,83445,8.5,6.9,61.5,9.2,1462,51,630
"Galax city, Virginia",6687,42.6,25.4,18.8,44.3,10.2,14.8,4.4,44612,14.4,17.4,29.4,9.7,660,51,640
"Hampton city, Virginia",137217,36.5,21.3,15.9,48.6,16.8,16.1,6.5,64430,7.1,7.9,44.4,7.6,1255,51,650
"Harrisonburg city, Virginia",51784,25.4,16.4,9.6,28.8,19.8,11.6,6.7,56050,10.6,7.8,61.9,7.2,1060,51,660
"Hopewell city, Virginia",23046,35.7,25.6,14.7,72.5,7.3,16.4,8.8,50661,6.9,10.2,46.4,9.0,1033,51,670
"Lexington city, Virginia",7346,22.7,7.2,14.6,44.2,30.9,11.7,2.5,93651,2.1,21.1,47.2,11.0,1000,51,678
"Lynchburg city, Virginia",79166,28.4,19.0,14.3,41.2,22.7,12.8,5.4,56243,6.9,14.5,51.3,10.6,972,51,680
"Manassas city, Virginia",42620,35.1,26.4,10.7,32.9,22.0,8.6,3.3,110559,19.7,3.5,26.0,3.7,1784,51,683
"Manassas Park city, Virginia",17123,35.8,24.3,9.8,0.0,17.1,11.6,3.2,91673,19.2,5.0,36.6,4.8,2073,51,685
"Martinsville city, Virginia",13539,39.9,25.4,17.7,34.4,12.7,21.0,4.3,39127,10.4,20.1,45.5,13.2,736,51,690
"Newport News city, Virginia",185118,34.1,23.2,13.4,47.8,17.5,14.4,5.6,63355,8.6,7.6,52.4,9.7,1209,51,700
"Norfolk city, Virginia",236973,32.2,20.3,12.3,41.5,19.2,14.8,6.7,60998,10.0,7.8,55.2,11.8,1188,51,710
"Norton city, Virginia",3668,43.6,17.0,21.5,100.0,10.9,29.7,7.3,36974,10.5,14.6,47.0,8.1,613,51,720
"Petersburg city, Virginia",33261,36.6,22.1,16.9,79.5,13.5,21.4,11.3,46930,10.7,18.0,62.6,16.5,1082,51,730
"Poquoson city, Virginia",12479,42.4,22.6,19.7,0.0,20.7,12.9,1.4,114503,2.3,5.5,17.9,1.7,1584,51,735
"Portsmouth city, Virginia",97384,35.6,23.1,15.1,37.2,13.5,14.8,6.6,57154,7.7,9.6,43.9,11.4,1225,51,740
"Radford city, Virginia",16379,23.3,11.9,9.3,28.1,21.4,11.5,7.2,51039,5.5,15.2,54.3,4.6,967,51,750
"Richmond city, Virginia",227171,34.5,17.1,13.8,47.5,25.7,14.3,6.1,59606,9.6,9.3,56.8,14.2,1227,51,760
"Roanoke city, Virginia",99213,38.1,22.2,17.6,49.5,17.7,12.4,6.6,51523,9.7,12.1,47.9,11.2,917,51,770
"Salem city, Virginia",25372,40.8,18.6,19.3,50.8,19.2,11.4,3.5,68402,6.1,9.5,36.0,5.8,1053,51,775
"Staunton city, Virginia",25581,41.0,18.9,21.1,25.7,18.6,15.1,5.1,59731,8.2,10.0,40.5,8.8,984,51,790
"Suffolk city, Virginia",94856,38.5,23.6,14.8,43.0,19.6,12.6,6.3,87758,6.1,6.5,29.6,6.0,1376,51,800
"Virginia Beach city, Virginia",457900,37.1,22.0,15.0,23.3,24.7,11.8,4.3,87544,6.9,5.8,35.4,4.3,1568,51,810
"Waynesboro city, Virginia",22341,38.7,22.3,17.4,71.0,16.4,16.8,4.7,52519,9.7,8.3,43.1,7.8,909,51,820
"Williamsburg city, Virginia",15486,24.6,10.2,16.8,73.1,26.9,9.9,6.0,66815,6.0,14.8,49.1,7.1,1274,51,830
"Winchester city, Virginia",28103,36.6,22.3,16.4,17.7,18.9,14.6,5.2,62495,12.0,9.2,56.1,10.0,1230,51,840
"Adams County, Washington",20557,29.0,34.8,11.3,34.1,9.0,10.9,6.3,63105,16.4,6.9,35.1,7.4,902,53,001
"Asotin County, Washington",22370,45.4,20.2,23.8,38.5,14.4,18.5,5.9,63724,6.8,6.0,27.8,3.3,941,53,003
"Benton County, Washington",207560,36.1,26.3,15.4,28.6,19.7,14.2,4.8,83778,8.0,6.1,31.9,5.1,1166,53,005
"Chelan County, Washington",79076,40.1,22.9,19.9,15.8,19.2,17.9,3.4,71876,10.9,19.1,36.5,5.3,1142,53,007
"Clallam County, Washington",77333,51.2,16.6,30.7,38.1,18.2,20.0,5.4,66108,7.5,10.2,27.1,6.2,1093,53,009
"Clark County, Washington",504091,38.8,23.2,16.1,18.3,20.5,12.6,5.2,90115,6.4,3.9,33.3,4.8,1572,53,011
"Columbia County, Washington",3980,50.8,17.4,28.9,38.9,16.0,22.9,3.5,68825,7.9,17.9,24.9,4.0,847,53,013
"Cowlitz County, Washington",110621,40.8,22.6,19.2,31.4,11.3,18.9,5.5,70912,6.0,5.2,33.6,6.2,1090,53,015
"Douglas County, Washington",43189,37.8,25.1,17.8,60.9,15.6,18.5,4.3,79422,12.0,11.3,30.1,4.5,1181,53,017
"Ferry County, Washington",7260,51.8,17.1,29.0,52.6,11.6,26.1,7.6,50424,5.1,26.2,23.8,6.2,690,53,019
"Franklin County, Washington",96692,30.6,31.5,9.8,31.0,12.3,11.8,5.7,77877,13.6,4.9,30.1,4.3,1124,53,021
"Garfield County, Washington",2310,49.9,19.5,27.8,0.0,15.9,24.1,6.5,57958,4.2,16.1,22.5,1.2,725,53,023
"Grant County, Washington",99145,33.2,28.9,14.2,30.3,12.9,13.6,5.4,66387,12.3,13.3,35.2,4.7,979,53,025
"Grays Harbor County, Washington",75672,44.4,20.1,22.3,56.1,11.1,21.1,6.4,59105,7.0,18.4,28.8,5.5,943,53,027
"Island County, Washington",86510,44.2,17.8,25.3,16.1,20.9,15.7,5.5,82850,4.5,15.7,26.2,3.2,1517,53,029
"Jefferson County, Washington",33006,59.4,11.7,38.6,35.5,23.8,19.9,8.4,64796,4.8,17.2,19.6,4.6,1169,53,031
"King County, Washington",2254371,37.2,19.8,13.6,17.7,32.0,10.0,4.5,116340,5.3,5.8,43.8,10.9,1950,53,033
"Kitsap County, Washington",275411,39.7,20.0,18.7,24.3,23.1,14.7,4.7,93675,5.1,6.9,30.2,4.3,1635,53,035
"Kittitas County, Washington",44424,36.4,17.4,16.8,17.0,23.0,13.0,5.9,66800,5.3,19.5,38.5,3.4,1152,53,037
"Klickitat County, Washington",22798,47.0,18.9,24.4,10.7,17.2,16.1,6.9,66581,7.4,9.3,25.0,5.2,986,53,039
"Lewis County, Washington",82663,42.4,21.5,21.0,31.1,12.8,19.5,6.3,67247,6.4,11.5,27.1,4.6,1016,53,041
"Lincoln County, Washington",11036,46.7,21.9,25.2,43.7,15.3,21.4,5.3,68172,3.7,21.7,22.2,2.8,839,53,043
"Mason County, Washington",66053,45.1,19.4,23.4,32.3,13.4,19.1,6.2,74388,6.5,23.8,20.8,3.9,1137,53,045
"Okanogan County, Washington",42336,42.9,22.8,22.4,25.9,13.9,16.5,5.8,58218,12.8,22.4,30.2,4.1,862,53,047
"Pacific County, Washington",23396,54.7,15.3,32.5,59.6,16.9,24.2,4.3,58889,5.3,33.5,17.9,7.5,955,53,049
"Pend Oreille County, Washington",13570,50.4,19.2,26.8,26.3,14.1,21.5,6.1,59353,6.5,28.2,23.9,3.1,793,53,051
"Pierce County, Washington",918993,36.5,23.1,14.2,24.9,18.8,13.3,5.0,91486,6.0,5.3,35.4,5.0,1604,53,053
"San Juan County, Washington",18001,56.5,12.7,34.6,24.2,30.1,11.7,3.2,76745,7.5,37.5,22.5,4.6,1279,53,055
"Skagit County, Washington",129480,41.5,21.3,21.5,31.0,18.0,14.5,5.1,82029,6.8,9.0,29.7,3.9,1350,53,057
"Skamania County, Washington",12118,46.6,17.8,21.6,23.8,15.9,12.8,5.2,84500,5.2,17.5,18.8,4.6,1019,53,059
"Snohomish County, Washington",828337,38.3,22.3,14.1,20.1,23.4,11.7,4.4,104083,6.2,4.9,31.4,4.6,1794,53,061
"Spokane County, Washington",538711,38.0,21.7,16.8,27.7,20.5,15.5,5.8,70394,5.2,5.1,36.2,7.3,1123,53,063
"Stevens County, Washington",46774,46.9,21.1,24.3,42.9,12.8,18.9,5.3,62381,7.4,17.2,20.3,3.8,827,53,065
"Thurston County, Washington",294272,39.5,21.1,17.9,31.8,22.6,14.4,5.5,88895,5.0,4.9,32.7,4.6,1499,53,067
"Wahkiakum County, Washington",4476,56.3,17.2,33.1,3.6,14.7,20.5,3.2,59167,4.3,11.2,14.7,3.4,1110,53,069
"Walla Walla County, Washington",62150,38.0,20.5,19.3,30.8,16.9,15.6,5.8,66635,8.2,8.2,33.8,6.2,1044,53,071
"Whatcom County, Washington",226523,37.8,19.0,18.1,23.1,22.3,12.9,4.9,77581,5.9,9.2,37.0,6.1,1370,53,073
"Whitman County, Washington",47141,26.0,15.3,11.5,10.8,27.0,12.2,6.7,49345,4.5,14.4,54.8,9.0,959,53,075
"Yakima County, Washington",256143,33.0,29.3,14.0,40.7,11.7,13.4,7.2,64910,13.3,5.6,37.7,5.3,1010,53,077
"Barbour County, West Virginia",15527,42.6,20.1,20.8,38.3,6.9,15.2,10.1,44341,5.5,19.2,24.9,6.9,665,54,001
"Berkeley County, West Virginia",123283,38.8,23.0,15.0,43.3,16.0,13.7,4.6,73619,6.2,5.4,24.6,5.5,1154,54,003
"Boone County, West Virginia",21705,44.8,20.8,21.1,52.0,6.4,24.0,9.8,56182,5.8,21.7,20.9,8.1,735,54,005
"Braxton County, West Virginia",12505,46.8,19.0,24.1,7.7,8.6,18.5,14.4,42245,9.7,27.7,18.5,8.2,595,54,007
"Brooke County, West Virginia",22349,46.4,17.6,24.1,22.6,13.8,18.5,5.7,51963,5.4,10.5,25.3,7.0,591,54,009
"Cabell County, West Virginia",93965,39.1,19.6,19.4,25.9,16.8,18.9,6.1,48944,7.5,15.7,35.4,10.3,857,54,011
"Calhoun County, West Virginia",6279,48.3,19.0,25.0,75.0,5.2,24.1,12.2,39031,9.1,25.1,21.9,7.7,494,54,013
"Clay County, West Virginia",8049,45.0,21.9,21.2,43.8,6.5,23.2,11.2,41530,5.0,27.6,18.2,7.9,582,54,015
"Doddridge County, West Virginia",7847,46.1,14.5,20.8,35.2,9.1,18.5,4.3,56587,8.2,28.5,10.1,2.6,556,54,017
"Fayette County, West Virginia",40545,44.7,20.6,21.9,29.1,10.8,24.3,7.5,50090,8.0,17.1,24.3,10.2,734,54,019
"Gilmer County, West Virginia",7444,40.5,16.0,17.5,75.3,11.8,15.5,7.1,51552,7.8,31.5,25.7,6.6,670,54,021
"Grant County, West Virginia",11034,46.2,18.9,24.3,36.8,8.3,14.7,5.3,52877,8.5,26.6,19.7,7.2,648,54,023
"Greenbrier County, West Virginia",32995,46.6,19.4,23.6,30.6,12.2,19.5,4.3,45519,7.1,17.8,25.1,6.7,790,54,025
"Hampshire County, West Virginia",23275,47.7,19.0,23.3,47.6,9.7,25.9,8.5,55222,12.1,35.8,18.7,5.2,749,54,027
"Hancock County, West Virginia",28907,47.1,18.7,24.3,57.6,13.3,18.6,8.5,57515,9.2,8.8,26.5,6.7,731,54,029
"Hardy County, West Virginia",14249,45.2,20.4,23.0,32.8,7.5,17.4,4.6,49205,5.2,29.8,22.6,8.3,832,54,031
"Harrison County, West Virginia",65862,42.4,21.3,19.8,25.3,14.8,16.2,5.3,56184,7.0,15.3,26.3,8.8,836,54,033
"Jackson County, West Virginia",27868,43.3,21.8,20.6,26.9,12.1,21.1,3.6,55173,5.8,13.7,23.3,9.3,700,54,035
"Jefferson County, West Virginia",58043,41.0,21.7,16.7,33.9,20.1,13.1,4.9,93744,5.8,10.2,20.4,5.6,1073,54,037
"Kanawha County, West Virginia",179895,43.6,19.9,21.3,42.4,16.6,18.8,5.4,55226,5.3,14.7,30.3,10.8,868,54,039
"Lewis County, West Virginia",16920,43.5,21.3,20.9,59.7,11.0,17.8,8.7,50552,6.1,16.6,27.3,10.3,726,54,041
"Lincoln County, West Virginia",20410,43.7,22.3,20.0,49.3,5.3,26.0,5.9,50985,4.5,18.9,22.1,9.0,734,54,043
"Logan County, West Virginia",32350,44.1,20.6,21.6,57.1,7.0,29.2,13.3,42194,7.3,16.7,24.3,9.8,737,54,045
"McDowell County, West Virginia",18911,45.3,20.5,23.1,79.3,4.8,30.0,15.1,28235,7.2,30.7,22.9,9.9,601,54,047
"Marion County, West Virginia",56194,40.3,19.8,19.7,46.0,15.8,19.2,6.4,59974,7.2,12.2,24.7,8.0,870,54,049
"Marshall County, West Virginia",30509,46.4,18.6,22.8,53.7,12.3,19.5,3.9,58129,6.4,18.5,20.4,6.6,788,54,051
"Mason County, West Virginia",25488,44.2,20.9,21.7,26.1,10.4,19.3,2.9,53058,6.4,17.2,15.8,7.1,651,54,053
"Mercer County, West Virginia",59530,43.3,20.7,22.3,56.8,13.5,23.6,4.2,46409,6.4,16.7,30.0,8.3,777,54,055
"Mineral County, West Virginia",26957,44.6,19.9,22.2,43.1,12.2,15.9,5.8,64728,5.4,15.9,19.0,6.0,713,54,057
"Mingo County, West Virginia",23466,44.3,22.3,20.7,60.5,5.6,33.0,11.2,38305,7.1,21.6,27.4,11.8,560,54,059
"Monongalia County, West Virginia",105988,32.2,16.0,12.9,26.7,21.9,11.9,5.7,60893,5.3,10.8,43.0,7.1,929,54,061
"Monroe County, West Virginia",12438,45.9,20.3,24.6,25.6,9.8,23.2,10.6,52392,11.1,27.0,18.3,6.5,658,54,063
"Morgan County, West Virginia",17237,48.6,17.4,24.1,38.7,9.9,16.3,5.1,61021,7.3,23.0,15.7,4.3,742,54,065
"Nicholas County, West Virginia",24624,45.4,21.0,22.8,38.1,9.2,20.8,6.6,48826,5.4,23.1,19.8,6.6,664,54,067
"Ohio County, West Virginia",42224,43.1,19.4,22.3,49.4,20.4,15.3,5.3,55521,4.6,17.5,31.6,12.0,773,54,069
"Pendleton County, West Virginia",6156,50.9,18.0,28.3,27.0,14.5,19.1,7.3,52458,7.1,37.2,17.2,4.4,666,54,071
"Pleasants County, West Virginia",7622,43.6,19.2,18.4,64.2,6.3,18.4,7.2,59666,9.1,15.1,14.5,4.4,640,54,073
"Pocahontas County, West Virginia",7940,49.4,17.7,26.4,16.9,8.5,24.0,8.0,41680,5.4,57.4,15.6,7.2,678,54,075
"Preston County, West Virginia",34206,42.5,18.3,19.9,36.2,11.2,17.9,7.2,60136,6.6,16.8,19.3,6.4,738,54,077
"Putnam County, West Virginia",57347,42.2,21.8,19.1,32.9,17.9,11.8,3.8,75725,5.3,9.7,17.9,4.9,1007,54,079
"Raleigh County, West Virginia",74303,42.6,21.0,21.4,56.1,12.3,24.4,7.1,47975,4.8,15.3,24.9,9.3,819,54,081
"Randolph County, West Virginia",28005,44.6,18.4,22.4,36.0,12.2,15.3,7.3,51186,7.7,21.0,25.6,10.9,766,54,083
"Ritchie County, West Virginia",8507,46.6,20.3,22.7,28.8,9.5,28.6,3.6,48973,7.1,23.2,16.1,4.6,657,54,085
"Roane County, West Virginia",14027,46.1,20.6,22.5,0.0,9.1,23.2,11.7,41299,6.8,23.9,26.0,10.0,605,54,087
"Summers County, West Virginia",11985,49.9,15.9,26.3,51.6,10.4,30.4,7.6,42991,5.7,25.9,21.1,8.9,842,54,089
"Taylor County, West Virginia",16602,44.3,20.2,20.5,21.1,12.4,20.3,9.3,52946,5.6,10.0,19.7,7.1,702,54,091
"Tucker County, West Virginia",6747,50.9,14.2,27.0,31.3,13.7,22.0,6.6,54053,5.2,39.6,19.7,9.8,783,54,093
"Tyler County, West Virginia",8336,48.6,19.0,23.4,43.7,11.1,24.0,4.9,59167,4.8,29.4,11.3,7.3,642,54,095
"Upshur County, West Virginia",23875,42.0,20.4,21.0,27.8,9.5,15.3,5.8,49663,6.8,15.0,23.1,9.3,744,54,097
"Wayne County, West Virginia",38933,44.5,20.4,21.5,64.1,10.3,23.3,5.0,52694,7.8,18.2,23.3,8.6,865,54,099
"Webster County, West Virginia",8362,47.8,20.0,24.0,52.3,8.9,24.2,11.1,43409,4.2,32.1,21.6,13.1,678,54,101
"Wetzel County, West Virginia",14431,46.0,20.8,22.8,36.0,9.1,20.4,6.1,50715,5.8,20.0,19.3,6.2,701,54,103
"Wirt County, West Virginia",5202,46.6,21.3,21.2,100.0,10.3,24.4,2.6,52776,3.7,21.7,15.4,9.1,490,54,105
"Wood County, West Virginia",84272,43.8,20.9,21.0,37.3,13.5,17.9,5.3,54350,6.7,11.8,25.3,8.4,780,54,107
"Wyoming County, West Virginia",21237,45.4,20.2,22.6,25.1,6.1,33.6,6.4,44510,6.5,22.8,19.6,10.4,677,54,109
"Adams County, Wisconsin",20730,55.1,14.2,30.5,57.0,11.4,21.1,5.0,55223,5.8,45.3,15.2,5.1,719,55,001
"Ashland County, Wisconsin",16041,42.2,21.4,20.4,35.8,13.1,16.9,4.4,57000,6.5,27.3,28.2,6.1,658,55,003
"Barron County, Wisconsin",46683,44.6,21.3,22.7,23.9,14.0,14.0,3.2,59379,7.4,19.5,24.7,5.2,814,55,005
"Bayfield County, Wisconsin",16214,53.6,16.8,29.2,25.4,20.9,16.9,3.6,67266,5.8,42.9,17.2,3.7,828,55,007
"Brown County, Wisconsin",268393,37.8,23.3,15.6,26.5,22.2,11.3,2.9,74066,5.5,3.6,35.3,4.9,935,55,009
"Buffalo County, Wisconsin",13329,46.4,20.0,22.9,28.8,15.1,14.2,2.3,64238,5.2,13.9,22.4,3.7,808,55,011
"Burnett County, Wisconsin",16561,54.4,16.7,30.2,48.8,15.1,17.7,5.2,60466,7.1,54.3,15.3,3.2,767,55,013
"Calumet County, Wisconsin",52361,41.7,22.9,15.8,6.3,22.8,9.5,2.3,84151,2.9,4.9,18.6,3.8,948,55,015
"Chippewa County, Wisconsin",66254,41.4,21.7,18.6,15.1,17.0,11.2,3.0,69815,5.5,8.5,26.2,4.2,918,55,017
"Clark County, Wisconsin",34703,37.1,29.5,16.8,13.8,9.5,11.8,3.4,63187,20.9,14.5,22.0,9.4,756,55,019
"Columbia County, Wisconsin",58272,42.8,20.9,18.7,22.0,16.7,11.5,3.2,79271,5.1,9.8,24.2,4.2,911,55,021
"Crawford County, Wisconsin",16123,47.2,19.6,24.2,38.6,12.6,12.1,2.8,60823,8.0,24.8,25.4,6.6,781,55,023
"Dane County, Wisconsin",559891,35.5,19.9,14.4,15.0,32.5,8.6,2.3,84297,3.7,3.8,42.1,7.5,1268,55,025
"Dodge County, Wisconsin",89032,42.7,19.6,18.2,29.6,13.9,11.9,4.1,71747,4.1,6.6,29.4,4.4,929,55,027
"Door County, Wisconsin",30038,53.6,16.3,30.6,29.3,23.0,12.3,3.7,68257,4.0,42.0,18.9,3.1,949,55,029
"Douglas County, Wisconsin",44092,42.6,19.3,19.4,22.1,19.1,15.0,3.7,64682,5.2,17.6,29.5,8.2,833,55,031
"Dunn County, Wisconsin",45221,35.4,19.3,16.0,18.2,18.5,12.5,3.7,69721,5.1,7.9,33.7,4.7,908,55,033
"Eau Claire County, Wisconsin",105697,35.5,20.0,16.3,24.5,23.1,12.9,3.2,70127,6.1,6.1,36.5,5.7,929,55,035
"Florence County, Wisconsin",4574,54.1,15.8,27.0,24.1,16.9,17.7,6.0,58049,7.5,55.1,10.4,2.8,571,55,037
"Fond du Lac County, Wisconsin",104027,41.9,21.1,19.0,43.9,15.0,13.0,3.3,70368,4.2,7.3,29.4,5.7,892,55,039
"Forest County, Wisconsin",9239,48.7,19.4,24.4,52.6,12.5,16.6,4.0,55552,8.4,57.0,18.7,4.2,593,55,041
"Grant County, Wisconsin",51842,36.8,20.9,17.7,20.2,15.0,10.7,3.1,63497,7.8,10.3,30.3,5.2,795,55,043
"Green County, Wisconsin",37066,43.0,21.8,19.4,24.0,17.5,12.4,3.4,76080,4.2,4.4,24.6,3.9,820,55,045
"Green Lake County, Wisconsin",19093,45.3,21.8,22.8,17.0,14.6,15.0,3.3,66395,8.9,25.0,23.3,6.2,781,55,047
"Iowa County, Wisconsin",23766,43.5,22.0,19.3,16.7,19.0,11.8,2.4,79226,3.1,10.7,22.0,3.2,911,55,049
"Iron County, Wisconsin",6136,56.1,14.9,31.5,21.4,16.7,16.6,3.9,55777,6.2,47.3,15.1,4.2,632,55,051
"Jackson County, Wisconsin",20958,42.2,21.6,19.4,30.9,10.6,13.8,5.5,64630,7.5,17.2,24.4,5.3,749,55,053
"Jefferson County, Wisconsin",85932,41.5,20.2,17.6,29.2,19.5,11.7,3.4,77018,4.5,6.5,26.9,4.4,981,55,055
"Juneau County, Wisconsin",26695,45.7,19.8,21.0,52.4,11.3,16.9,4.2,63455,6.8,27.1,20.7,3.4,820,55,057
"Kenosha County, Wisconsin",168693,38.9,22.1,14.8,36.8,18.7,13.0,5.4,76583,6.4,7.9,32.6,4.9,1110,55,059
"Kewaunee County, Wisconsin",20570,44.4,20.9,21.2,16.5,14.4,12.2,2.0,77610,4.2,11.1,13.7,3.9,831,55,061
"La Crosse County, Wisconsin",120216,36.6,19.5,17.1,26.3,21.9,11.4,3.1,68731,4.7,4.9,37.8,7.0,984,55,063
"Lafayette County, Wisconsin",16716,41.7,24.0,19.6,17.6,13.7,10.7,2.4,69293,9.9,7.3,20.8,4.6,796,55,065
"Langlade County, Wisconsin",19512,48.6,19.4,24.5,19.2,11.1,16.6,4.9,55091,5.1,30.7,23.0,4.5,715,55,067
"Lincoln County, Wisconsin",28402,49.1,17.9,22.7,39.9,12.7,15.5,4.8,64314,4.8,24.3,21.5,5.3,706,55,069
"Manitowoc County, Wisconsin",81242,45.0,20.5,21.2,26.6,16.3,12.4,2.0,66412,4.6,7.8,24.0,5.9,747,55,071
"Marathon County, Wisconsin",137820,41.0,22.6,18.3,22.6,18.6,12.2,3.1,73248,6.1,5.8,27.1,4.7,898,55,073
"Marinette County, Wisconsin",41827,48.8,18.9,24.3,57.3,12.1,15.9,3.8,60347,4.3,36.6,20.5,4.2,731,55,075
"Marquette County, Wisconsin",15619,50.4,19.0,25.3,32.0,10.5,18.2,3.6,59748,5.6,30.2,19.9,4.5,773,55,077
"Menominee County, Wisconsin",4279,32.1,32.2,14.2,90.6,12.3,15.9,10.7,62194,23.8,39.3,29.8,5.2,635,55,078
"Milwaukee County, Wisconsin",933063,35.3,23.8,14.1,42.2,21.0,12.4,4.7,59319,7.3,8.1,50.6,12.6,1012,55,079
"Monroe County, Wisconsin",46208,39.7,25.2,17.3,32.3,13.8,13.6,2.7,66451,9.2,9.1,28.5,7.1,919,55,081
"Oconto County, Wisconsin",39048,47.5,19.8,21.8,20.5,13.3,14.3,2.0,73611,4.1,31.5,15.6,3.3,775,55,083
"Oneida County, Wisconsin",37799,51.8,17.2,26.9,11.4,16.9,14.8,2.2,66111,5.0,46.4,17.4,3.7,876,55,085
"Outagamie County, Wisconsin",190611,38.5,23.1,15.7,24.7,22.3,10.6,3.1,78705,4.6,3.4,28.5,4.2,941,55,087
"Ozaukee County, Wisconsin",91745,43.8,21.0,20.6,9.2,30.8,10.0,2.6,92258,2.6,4.2,26.6,3.6,1103,55,089
"Pepin County, Wisconsin",7363,46.3,21.7,23.0,23.6,16.8,12.4,2.2,70833,7.4,14.0,18.0,3.9,778,55,091
"Pierce County, Wisconsin",42187,37.7,20.3,15.6,18.8,20.8,10.5,2.9,82996,3.6,6.0,25.6,3.5,999,55,093
"Polk County, Wisconsin",45128,46.5,20.2,21.5,17.9,15.8,14.2,4.2,74142,6.5,23.6,19.4,3.2,922,55,095
"Portage County, Wisconsin",70281,37.8,18.9,17.5,19.0,23.5,10.8,3.3,71301,5.1,6.2,30.3,4.7,876,55,097
"Price County, Wisconsin",14066,52.1,18.0,27.2,11.6,11.3,17.1,2.7,55822,5.9,38.6,20.5,5.6,759,55,099
"Racine County, Wisconsin",197068,40.2,23.0,17.3,46.0,18.8,12.9,4.4,72658,5.3,6.3,30.0,5.9,985,55,101
"Richland County, Wisconsin",17256,46.5,21.1,24.1,22.4,13.7,14.2,2.6,61985,9.7,15.4,23.5,7.4,755,55,103
"Rock County, Wisconsin",163817,40.0,22.7,17.0,36.2,16.4,13.2,3.9,70630,5.5,5.4,30.1,5.5,981,55,105
"Rusk County, Wisconsin",14179,49.0,20.2,25.1,23.4,12.0,16.7,4.7,57473,6.9,28.6,21.1,3.9,793,55,107
"St. Croix County, Wisconsin",93752,39.7,24.1,14.9,15.4,26.4,9.8,2.2,97950,3.6,4.3,20.9,2.9,1127,55,109
"Sauk County, Wisconsin",65664,41.1,22.5,19.0,27.5,17.7,12.9,2.8,72930,6.6,11.6,26.8,5.2,914,55,111
"Sawyer County, Wisconsin",18057,51.4,17.9,27.0,42.9,17.1,15.4,6.5,57519,7.3,48.8,24.1,4.3,670,55,113
"Shawano County, Wisconsin",40848,45.4,21.2,21.5,30.5,12.5,14.9,2.9,65493,6.4,18.4,20.7,5.0,740,55,115
"Sheboygan County, Wisconsin",117741,41.5,21.7,18.7,19.5,17.9,10.7,2.8,68969,4.2,6.4,28.3,4.9,863,55,117
"Taylor County, Wisconsin",19979,44.0,23.1,20.1,17.6,11.4,11.7,3.2,61360,6.3,18.3,20.0,5.3,750,55,119
"Trempealeau County, Wisconsin",30679,40.9,25.2,18.7,28.7,13.7,10.5,2.6,68474,7.8,6.9,25.8,4.8,864,55,121
"Vernon County, Wisconsin",30811,41.3,26.0,20.3,21.7,16.0,10.5,2.5,65177,14.4,13.6,20.3,8.4,785,55,123
"Vilas County, Wisconsin",23146,55.3,16.7,30.9,33.7,18.9,15.8,4.6,63726,7.1,56.8,16.5,4.4,766,55,125
"Walworth County, Wisconsin",105127,40.7,19.9,18.7,30.2,20.5,11.9,3.1,75172,6.0,20.8,30.3,3.6,1034,55,127
"Washburn County, Wisconsin",16685,52.2,18.4,27.3,24.3,16.2,16.2,4.1,58504,6.5,43.2,18.7,3.6,805,55,129
"Washington County, Wisconsin",136842,43.4,21.3,18.7,16.8,23.2,9.7,3.1,91915,3.5,3.6,22.7,3.5,1073,55,131
"Waukesha County, Wisconsin",407290,43.3,21.1,19.5,11.6,31.2,9.6,2.6,101639,3.1,3.8,23.3,3.3,1235,55,133
"Waupaca County, Wisconsin",51822,45.3,20.2,20.7,40.5,13.9,14.2,2.7,69198,5.9,12.5,23.8,4.5,817,55,135
"Waushara County, Wisconsin",24672,49.9,18.1,25.1,27.1,11.3,15.9,4.1,61033,8.4,31.3,17.1,4.9,779,55,137
"Winnebago County, Wisconsin",171197,38.4,20.3,16.7,32.6,20.2,12.1,2.4,70041,4.7,5.8,34.0,5.2,880,55,139
"Wood County, Wisconsin",74138,43.9,21.5,21.1,43.9,14.3,14.8,4.2,63273,5.0,7.7,27.0,4.8,830,55,141
"Albany County, Wyoming",37525,28.3,15.5,12.5,25.4,28.8,10.3,4.4,55887,7.8,12.6,49.4,4.9,927,56,001
"Big Horn County, Wyoming",11690,40.9,24.9,21.5,26.1,14.4,16.8,6.0,61262,14.1,20.4,22.9,3.0,785,56,003
"Campbell County, Wyoming",46857,35.5,26.9,11.5,22.9,13.9,10.4,3.0,93315,13.8,12.0,21.7,3.0,924,56,005
"Carbon County, Wyoming",14609,39.5,22.8,18.3,43.3,16.2,12.6,4.8,65196,14.2,28.9,27.2,3.6,825,56,007
"Converse County, Wyoming",13729,41.1,24.1,17.5,21.8,13.0,15.6,4.3,79235,10.1,14.6,19.5,4.5,928,56,009
"Crook County, Wyoming",7258,44.2,24.7,21.6,29.9,20.2,11.6,1.0,68876,6.9,25.0,21.6,1.5,778,56,011
"Fremont County, Wyoming",39402,38.9,24.8,19.2,39.4,15.2,14.7,8.2,60030,19.4,16.4,29.3,5.2,819,56,013
"Goshen County, Wyoming",12592,43.9,19.8,22.8,57.7,15.4,17.4,2.6,62356,8.7,13.6,24.7,4.7,736,56,015
"Hot Springs County, Wyoming",4616,45.8,20.9,26.2,67.6,20.6,18.9,1.4,64031,15.0,17.5,28.6,4.2,824,56,017
"Johnson County, Wyoming",8536,46.1,19.4,26.2,0.0,19.3,13.3,2.3,60667,11.5,13.9,28.6,3.1,932,56,019
"Laramie County, Wyoming",100316,38.0,22.8,16.6,20.4,19.3,14.0,3.5,76282,8.6,6.7,27.8,4.9,1043,56,021
"Lincoln County, Wyoming",19794,40.7,26.2,18.2,36.9,15.5,12.3,2.6,83033,12.3,20.5,20.6,3.1,818,56,023
"Natrona County, Wyoming",79506,37.7,23.9,16.0,30.6,16.3,15.2,3.5,69104,11.1,10.9,27.2,4.2,945,56,025
"Niobrara County, Wyoming",2460,43.6,18.1,24.1,42.0,17.7,16.9,5.3,54375,8.5,19.1,29.6,3.0,951,56,027
"Park County, Wyoming",29878,45.0,20.6,24.1,19.8,21.7,12.4,2.7,66754,11.7,10.8,26.4,2.5,877,56,029
"Platte County, Wyoming",8618,49.1,19.5,26.6,9.2,12.0,18.6,4.0,64753,18.2,16.5,25.9,3.4,788,56,031
"Sheridan County, Wyoming",31176,42.8,21.7,21.7,27.8,18.9,11.8,3.0,68898,10.5,12.9,31.0,4.0,919,56,033
"Sublette County, Wyoming",8801,41.7,22.4,22.3,0.0,19.3,15.0,3.9,85960,10.4,33.6,17.1,0.8,985,56,035
"Sweetwater County, Wyoming",42079,37.1,25.5,13.6,12.8,12.4,16.0,5.7,79375,12.2,14.9,26.6,2.0,899,56,037
"Teton County, Wyoming",23346,39.9,17.6,16.6,7.7,38.9,5.7,2.1,108279,11.9,27.8,37.8,1.9,1511,56,039
"Uinta County, Wyoming",20546,36.0,27.9,15.6,18.8,13.5,16.6,3.4,78164,10.8,14.1,22.0,3.7,790,56,041
"Washakie County, Wyoming",7725,44.3,21.9,23.3,71.0,13.3,13.5,1.8,61875,11.5,11.5,28.4,4.7,689,56,043
"Weston County, Wyoming",6870,43.1,20.4,20.8,31.7,12.8,13.8,3.6,71800,17.8,22.7,10.0,3.4,767,56,045
"Adjuntas Municipio, Puerto Rico",17972,43.8,18.2,21.4,,,,21.9,17659,4.8,25.6,30.3,11.6,395,72,001
"Aguada Municipio, Puerto Rico",37998,45.4,16.2,21.5,,,,7.6,20301,4.9,26.7,24.5,12.0,460,72,003
"Aguadilla Municipio, Puerto Rico",54752,44.0,17.4,23.0,,,,15.5,18348,5.7,21.5,41.8,16.3,460,72,005
"Aguas Buenas Municipio, Puerto Rico",24136,44.2,17.3,21.5,,,,5.2,23160,4.3,17.2,35.0,13.3,436,72,007
"Aibonito Municipio, Puerto Rico",24555,45.8,17.0,23.1,,,,6.4,22511,3.5,10.9,22.5,13.2,519,72,009
"Añasco Municipio, Puerto Rico",25497,45.0,16.3,22.1,,,,8.4,22673,6.3,29.3,27.4,10.6,519,72,011
"Arecibo Municipio, Puerto Rico",87217,44.6,16.9,22.9,,,,17.6,21799,7.1,23.6,37.1,13.1,486,72,013
"Arroyo Municipio, Puerto Rico",15797,41.9,19.4,21.3,,,,11.2,18496,4.4,23.4,22.8,10.3,498,72,015
"Barceloneta Municipio, Puerto Rico",22604,42.7,17.8,20.6,,,,15.8,20282,5.8,17.9,26.8,8.6,575,72,017
"Barranquitas Municipio, Puerto Rico",28899,38.9,20.5,17.9,,,,15.5,21262,3.2,17.8,32.4,9.8,469,72,019
"Bayamón Municipio, Puerto Rico",184326,43.7,16.4,23.2,,,,9.9,29403,7.3,17.5,30.7,12.5,647,72,021
"Cabo Rojo Municipio, Puerto Rico",46983,46.3,16.2,24.0,,,,14.6,23077,5.3,38.3,25.7,10.9,544,72,023
"Caguas Municipio, Puerto Rico",126772,43.8,17.1,21.5,,,,9.6,29279,6.1,14.4,33.3,13.0,626,72,025
"Camuy Municipio, Puerto Rico",32733,44.5,16.8,21.7,,,,5.4,23263,5.3,17.5,24.3,10.7,578,72,027
"Canóvanas Municipio, Puerto Rico",42218,41.8,18.6,18.4,,,,17.7,26021,10.3,16.2,28.2,9.7,552,72,029
"Carolina Municipio, Puerto Rico",154126,44.3,16.5,23.6,,,,13.3,32888,7.8,19.2,30.8,10.8,694,72,031
"Cataño Municipio, Puerto Rico",23060,42.9,18.0,22.4,,,,13.7,22407,7.6,19.4,39.6,23.2,570,72,033
"Cayey Municipio, Puerto Rico",41509,44.6,16.6,22.4,,,,6.7,26704,5.7,18.0,36.9,16.3,570,72,035
"Ceiba Municipio, Puerto Rico",11256,45.6,16.1,24.9,,,,11.2,22945,5.7,42.1,26.1,12.7,515,72,037
"Ciales Municipio, Puerto Rico",16924,44.9,18.0,22.4,,,,17.7,19618,4.7,24.4,28.2,13.4,375,72,039
"Cidra Municipio, Puerto Rico",39831,42.9,18.1,19.5,,,,6.3,25580,5.6,13.6,32.9,11.5,547,72,041
"Coamo Municipio, Puerto Rico",34557,44.5,17.9,19.7,,,,7.4,20569,3.6,19.6,23.7,12.5,495,72,043
"Comerío Municipio, Puerto Rico",18817,41.7,18.1,20.0,,,,12.7,16153,4.3,26.9,44.5,19.1,485,72,045
"Corozal Municipio, Puerto Rico",34459,41.9,19.1,19.6,,,,15.2,21670,6.5,18.0,24.1,13.2,547,72,047
"Culebra Municipio, Puerto Rico",1186,44.6,17.4,21.9,,,,3.2,25483,13.5,69.5,38.5,24.2,458,72,049
"Dorado Municipio, Puerto Rico",35786,42.5,19.0,18.7,,,,14.2,31485,6.3,24.6,20.2,11.0,664,72,051
"Fajardo Municipio, Puerto Rico",31984,43.7,17.8,22.9,,,,22.6,24309,6.9,32.5,31.1,13.5,609,72,053
"Florida Municipio, Puerto Rico",11641,40.7,18.3,20.3,,,,22.7,21560,3.9,11.1,29.0,12.9,649,72,054
"Guánica Municipio, Puerto Rico",13682,45.0,18.3,25.4,,,,31.3,14525,3.9,40.2,30.2,10.0,330,72,055
"Guayama Municipio, Puerto Rico",36365,40.7,18.0,19.7,,,,6.8,19165,4.6,19.6,29.2,14.4,411,72,057
"Guayanilla Municipio, Puerto Rico",17670,42.6,18.5,22.3,,,,20.6,21312,4.1,23.8,26.9,13.7,413,72,059
"Guaynabo Municipio, Puerto Rico",89554,46.3,14.9,24.2,,,,8.2,43304,5.2,17.8,28.8,10.3,767,72,061
"Gurabo Municipio, Puerto Rico",40517,41.2,18.0,17.0,,,,14.7,39533,7.8,13.8,23.0,10.2,630,72,063
"Hatillo Municipio, Puerto Rico",38330,44.6,16.4,22.1,,,,6.0,24407,6.8,21.2,26.0,7.5,543,72,065
"Hormigueros Municipio, Puerto Rico",15571,49.0,14.7,29.2,,,,16.5,22542,3.3,18.8,29.4,13.0,526,72,067
"Humacao Municipio, Puerto Rico",50729,45.9,16.8,24.2,,,,7.3,25940,5.1,31.4,24.6,14.6,509,72,069
"Isabela Municipio, Puerto Rico",42817,44.3,16.6,21.3,,,,7.0,19965,6.4,27.2,40.5,12.3,510,72,071
"Jayuya Municipio, Puerto Rico",14726,41.7,20.0,18.7,,,,19.8,18363,5.6,20.1,40.7,14.2,439,72,073
"Juana Díaz Municipio, Puerto Rico",46333,41.6,19.3,19.4,,,,18.5,23035,6.0,16.8,23.9,13.6,547,72,075
"Juncos Municipio, Puerto Rico",36928,40.1,19.1,17.3,,,,14.6,25931,8.8,18.0,27.1,8.8,573,72,077
"Lajas Municipio, Puerto Rico",23202,47.4,16.1,25.9,,,,19.8,17131,4.9,32.1,30.6,13.9,524,72,079
"Lares Municipio, Puerto Rico",27990,44.6,17.1,22.2,,,,11.0,18844,7.0,17.8,33.5,13.3,479,72,081
"Las Marías Municipio, Puerto Rico",8826,43.9,18.9,22.2,,,,8.1,16506,2.3,32.0,25.7,12.5,305,72,083
"Las Piedras Municipio, Puerto Rico",35099,42.6,17.8,20.2,,,,10.9,23193,5.9,19.1,23.1,10.0,486,72,085
"Loíza Municipio, Puerto Rico",23580,42.8,18.4,20.6,,,,21.7,21306,7.7,25.0,30.4,19.4,459,72,087
"Luquillo Municipio, Puerto Rico",17716,44.5,17.1,23.1,,,,22.4,22585,8.0,34.3,30.2,14.9,485,72,089
"Manatí Municipio, Puerto Rico",39310,44.2,17.7,23.6,,,,17.4,20385,11.0,21.3,26.4,18.0,534,72,091
"Maricao Municipio, Puerto Rico",5354,45.8,17.0,23.8,,,,2.0,20133,1.8,27.2,25.5,11.9,394,72,093
"Maunabo Municipio, Puerto Rico",10563,46.2,16.9,24.8,,,,23.7,21951,7.0,21.0,28.8,15.0,500,72,095
"Mayagüez Municipio, Puerto Rico",72721,42.8,16.0,25.3,,,,23.9,16788,4.1,27.8,47.0,19.8,449,72,097
"Moca Municipio, Puerto Rico",37363,42.1,18.1,19.4,,,,21.3,20331,4.2,19.2,36.8,9.1,476,72,099
"Morovis Municipio, Puerto Rico",28659,41.5,18.7,17.9,,,,15.9,22282,6.8,18.5,29.0,14.1,561,72,101
"Naguabo Municipio, Puerto Rico",23340,39.8,19.9,19.3,,,,10.0,20486,7.0,27.2,27.7,10.4,505,72,103
"Naranjito Municipio, Puerto Rico",29153,42.4,18.1,21.4,,,,17.5,20616,6.2,19.4,32.8,16.0,513,72,105
"Orocovis Municipio, Puerto Rico",21378,41.7,19.3,18.6,,,,19.6,16869,4.5,24.3,31.9,15.8,467,72,107
"Patillas Municipio, Puerto Rico",15927,46.9,16.5,24.2,,,,13.0,20778,5.1,24.5,31.5,15.4,486,72,109
"Peñuelas Municipio, Puerto Rico",20298,40.6,20.4,18.4,,,,12.1,20072,4.2,19.8,31.2,11.6,487,72,111
"Ponce Municipio, Puerto Rico",136542,43.5,18.2,23.8,,,,12.7,18994,5.2,20.0,30.2,16.8,486,72,113
"Quebradillas Municipio, Puerto Rico",23540,43.7,17.6,21.6,,,,5.7,20209,4.4,19.6,33.5,12.1,483,72,115
"Rincón Municipio, Puerto Rico",15164,48.8,14.9,26.4,,,,6.2,26771,4.5,38.8,28.3,9.5,572,72,117
"Río Grande Municipio, Puerto Rico",46838,43.8,16.8,21.4,,,,17.6,25963,7.9,29.6,27.3,12.1,589,72,119
"Sabana Grande Municipio, Puerto Rico",22639,44.9,17.7,24.3,,,,11.5,20464,4.5,34.9,22.1,10.3,450,72,121
"Salinas Municipio, Puerto Rico",25688,42.8,19.2,21.1,,,,6.0,20123,8.1,24.5,23.6,14.5,498,72,123
"San Germán Municipio, Puerto Rico",31680,46.2,17.3,26.3,,,,6.5,17862,5.1,26.7,32.8,17.0,457,72,125
"San Juan Municipio, Puerto Rico",340903,45.0,16.3,24.1,,,,15.7,26111,9.1,23.1,46.2,22.6,575,72,127
"San Lorenzo Municipio, Puerto Rico",37552,43.8,17.0,20.7,,,,8.3,19629,6.6,15.0,27.8,16.9,567,72,129
"San Sebastián Municipio, Puerto Rico",39183,46.0,17.3,24.8,,,,14.9,17557,5.3,23.9,29.2,11.7,446,72,131
"Santa Isabel Municipio, Puerto Rico",20207,40.6,19.4,17.2,,,,8.6,22680,6.8,20.9,20.1,11.2,502,72,133
"Toa Alta Municipio, Puerto Rico",66699,41.1,18.0,16.0,,,,8.6,32456,5.7,15.3,18.3,6.4,723,72,135
"Toa Baja Municipio, Puerto Rico",74854,42.6,17.3,21.0,,,,11.3,28719,6.6,19.6,27.9,9.1,683,72,137
"Trujillo Alto Municipio, Puerto Rico",67497,42.7,17.2,20.7,,,,6.5,35821,6.3,14.5,27.7,10.4,609,72,139
"Utuado Municipio, Puerto Rico",28155,45.8,17.5,23.7,,,,30.5,17164,6.4,22.6,40.8,16.0,452,72,141
"Vega Alta Municipio, Puerto Rico",35279,41.6,18.9,19.7,,,,21.6,24778,4.8,21.9,32.1,13.5,624,72,143
"Vega Baja Municipio, Puerto Rico",54182,43.9,17.5,21.8,,,,16.3,23701,9.4,20.3,24.5,13.1,576,72,145
"Vieques Municipio, Puerto Rico",8199,45.3,18.0,23.7,,,,13.1,17062,11.1,48.6,31.4,14.4,441,72,147
"Villalba Municipio, Puerto Rico",21984,43.0,19.5,19.7,,,,13.9,22461,2.7,16.4,23.2,12.3,487,72,149
"Yabucoa Municipio, Puerto Rico",30313,46.0,16.8,23.1,,,,11.1,19972,5.2,18.3,29.2,14.5,498,72,151
"Yauco Municipio, Puerto Rico",33988,46.2,17.0,23.9,,,,13.5,19827,5.1,29.1,24.9,11.3,495,72,153
