year,stateabbr,locationname,locationid,measureid,data_value
2023,FL,Flagler,12035,DEPRESSION,18.3
2023,FL,Seminole,12117,DEPRESSION,16.4
2023,GA,Wheeler,13309,DEPRESSION,19.0
2023,IL,Douglas,17041,DEPRESSION,22.6
2023,IA,Fremont,19071,DEPRESSION,20.1
2023,NE,Webster,31181,DEPRESSION,17.6
2023,NV,Nye,32023,DEPRESSION,21.0
2023,NM,Los Alamos,35028,DEPRESSION,20.5
2023,NM,Quay,35037,DEPRESSION,22.3
2023,NC,Pamlico,37137,DEPRESSION,23.0
2023,NC,Pender,37141,DEPRESSION,24.8
2023,OH,Holmes,39075,DEPRESSION,29.3
2023,OK,Mayes,40097,DEPRESSION,25.1
2023,OR,Malheur,41045,DEPRESSION,24.8
2023,SC,Pickens,45077,DEPRESSION,25.4
2023,SD,Sully,46119,DEPRESSION,18.8
2023,TN,Fentress,47049,DEPRESSION,30.4
2023,TX,Colorado,48089,DEPRESSION,21.1
2023,TX,Palo Pinto,48363,DEPRESSION,24.0
2023,VA,Louisa,51109,DEPRESSION,23.0
2023,AR,St. Francis,05123,DEPRESSION,21.7
2022,AK,Petersburg,02195,SLEEP,32.5
2023,AR,Prairie,05117,MHLTH,18.0
2022,AR,Grant,05053,SLEEP,38.1
2022,AL,DeKalb,01049,SLEEP,40.3
2023,AL,Washington,01129,MHLTH,17.7
2022,AK,Kodiak Island,02150,SLEEP,38.5
2022,CA,El Dorado,06017,SLEEP,32.1
2023,AR,Ashley,05003,MHLTH,19.7
2023,AK,Copper River,02066,DEPRESSION,19.8
2023,AK,Wrangell,02275,MHLTH,14.8
2023,AK,North Slope,02185,MHLTH,16.6
2023,AL,Winston,01133,DEPRESSION,26.2
2023,CA,Imperial,06025,MHLTH,18.0
2023,AR,Searcy,05129,MHLTH,19.0
2022,AR,Jackson,05067,SLEEP,42.5
2023,AZ,Coconino,04005,DEPRESSION,22.5
2023,AL,Dallas,01047,DEPRESSION,20.3
2023,AR,Jefferson,05069,DEPRESSION,21.5
2022,AZ,Yuma,04027,SLEEP,34.0
2022,AR,Hempstead,05057,SLEEP,39.8
2023,AZ,Yuma,04027,MHLTH,15.3
2023,CA,Humboldt,06023,MHLTH,19.7
2023,AR,Lawrence,05075,DEPRESSION,27.3
2023,AL,Jackson,01071,MHLTH,18.5
2023,CA,Nevada,06057,DEPRESSION,23.0
2023,AK,Bristol Bay,02060,MHLTH,15.3
2023,AR,Washington,05143,DEPRESSION,24.6
2023,AL,Lawrence,01079,DEPRESSION,24.9
2023,CA,Mendocino,06045,DEPRESSION,23.0
2023,AR,Drew,05043,MHLTH,19.8
2023,AL,Greene,01063,DEPRESSION,20.4
2022,AL,Marshall,01095,SLEEP,39.1
2022,AR,Pope,05115,SLEEP,36.5
2023,CA,Merced,06047,MHLTH,19.0
2023,AK,Lake and Peninsula,02164,DEPRESSION,20.0
2023,AL,Fayette,01057,MHLTH,18.2
2023,AR,Nevada,05099,MHLTH,19.6
2023,AR,Cleburne,05023,DEPRESSION,24.8
2023,AK,Aleutians West,02016,DEPRESSION,13.3
2023,AR,Pope,05115,MHLTH,19.3
2023,CA,San Benito,06069,MHLTH,16.6
2022,AR,Garland,05051,SLEEP,36.3
2023,AR,Marion,05089,DEPRESSION,24.8
2023,AZ,Maricopa,04013,DEPRESSION,18.6
2023,AL,Coffee,01031,DEPRESSION,24.3
2023,AL,Montgomery,01101,DEPRESSION,21.0
2023,AL,Morgan,01103,MHLTH,16.8
2023,AR,Fulton,05049,MHLTH,19.0
2022,AL,Hale,01065,SLEEP,43.9
2022,AL,Blount,01009,SLEEP,36.5
2023,AR,Franklin,05047,MHLTH,19.8
2023,AL,Cleburne,01029,MHLTH,18.1
2023,AZ,Cochise,04003,MHLTH,15.2
2023,CA,Orange,06059,DEPRESSION,19.0
2022,AL,Walker,01127,SLEEP,42.6
2023,AL,Calhoun,01015,DEPRESSION,24.6
2022,AR,Carroll,05015,SLEEP,35.8
2022,AL,Shelby,01117,SLEEP,34.2
2023,AK,Bethel,02050,MHLTH,21.6
2023,AR,Greene,05055,MHLTH,20.0
2023,CA,Sacramento,06067,DEPRESSION,22.5
2022,AR,Yell,05149,SLEEP,38.8
2022,AK,Lake and Peninsula,02164,SLEEP,40.3
2022,AZ,Maricopa,04013,SLEEP,34.4
2023,CA,Glenn,06021,DEPRESSION,22.6
2023,CA,Mono,06051,MHLTH,16.9
2023,AL,Monroe,01099,DEPRESSION,22.7
2023,AR,Hempstead,05057,MHLTH,18.9
2022,AR,Johnson,05071,SLEEP,40.9
2022,AK,Southeast Fairbanks,02240,SLEEP,35.7
2022,AL,Wilcox,01131,SLEEP,45.4
2023,AK,Sitka,02220,DEPRESSION,19.1
2023,AL,Marion,01093,MHLTH,18.2
2023,AR,Stone,05137,DEPRESSION,25.3
2023,AK,Yukon-Koyukuk,02290,DEPRESSION,19.8
2022,CA,Los Angeles,06037,SLEEP,35.5
2022,AR,Stone,05137,SLEEP,39.7
2022,AK,Kenai Peninsula,02122,SLEEP,29.4
2023,AL,Covington,01039,MHLTH,18.0
2022,AR,Boone,05009,SLEEP,37.6
2023,AL,Autauga,01001,DEPRESSION,25.1
2023,AK,Hoonah-Angoon,02105,DEPRESSION,18.5
2023,AR,Pulaski,05119,MHLTH,17.5
2023,AL,Walker,01127,DEPRESSION,26.6
2022,CA,Marin,06041,SLEEP,28.6
2022,AL,Cullman,01043,SLEEP,36.7
2023,AR,Baxter,05005,DEPRESSION,25.7
2022,AL,Dallas,01047,SLEEP,46.0
2023,AL,Blount,01009,MHLTH,17.5
2023,AR,White,05145,DEPRESSION,26.3
2023,AR,Boone,05009,MHLTH,18.4
2023,AZ,Navajo,04017,DEPRESSION,22.2
2023,CA,Los Angeles,06037,MHLTH,16.2
2023,CA,Kings,06031,MHLTH,19.5
2023,AR,Garland,05051,MHLTH,17.4
2022,AR,Howard,05061,SLEEP,40.4
2022,AL,Geneva,01061,SLEEP,40.2
2023,AR,Columbia,05027,DEPRESSION,23.7
2023,CA,Glenn,06021,MHLTH,18.4
2023,AR,Polk,05113,MHLTH,18.8
2023,AL,Perry,01105,DEPRESSION,22.1
2023,AL,Sumter,01119,DEPRESSION,21.5
2023,AL,Lowndes,01085,DEPRESSION,20.9
2022,AR,Logan,05083,SLEEP,39.0
2022,AL,Autauga,01001,SLEEP,37.3
2022,AL,Talladega,01121,SLEEP,43.5
2023,AZ,Graham,04009,MHLTH,17.5
2022,AL,Russell,01113,SLEEP,42.8
2022,AZ,Navajo,04017,SLEEP,36.3
2023,AL,Pike,01109,MHLTH,19.5
2023,AL,Lauderdale,01077,MHLTH,17.5
2022,AR,St. Francis,05123,SLEEP,46.3
2023,AL,Tallapoosa,01123,MHLTH,16.9
2022,CA,Mendocino,06045,SLEEP,33.6
2023,AL,Clarke,01025,MHLTH,18.0
2022,AK,Nome,02180,SLEEP,44.3
2022,AK,North Slope,02185,SLEEP,39.7
2023,AK,Skagway,02230,MHLTH,14.5
2022,CA,Orange,06059,SLEEP,35.4
2023,AR,Calhoun,05013,MHLTH,17.7
2023,AR,Jackson,05067,MHLTH,21.0
2023,AR,Sebastian,05131,DEPRESSION,24.9
2023,AZ,Graham,04009,DEPRESSION,20.3
2023,CA,Colusa,06011,MHLTH,18.1
2023,AR,Washington,05143,MHLTH,18.8
2022,AL,Monroe,01099,SLEEP,44.0
2023,AK,Kodiak Island,02150,DEPRESSION,17.2
2022,AR,Clark,05019,SLEEP,41.1
2023,AR,Howard,05061,MHLTH,18.9
2023,AZ,Santa Cruz,04023,MHLTH,14.7
2023,AR,Mississippi,05093,DEPRESSION,24.8
2023,CA,Riverside,06065,DEPRESSION,21.7
2023,AK,Haines,02100,MHLTH,13.3
2023,CA,Alpine,06003,DEPRESSION,21.7
2022,AL,Tallapoosa,01123,SLEEP,40.8
2023,AL,Choctaw,01023,MHLTH,17.8
2023,AL,Geneva,01061,MHLTH,18.3
2023,AR,Johnson,05071,DEPRESSION,25.4
2022,AR,Searcy,05129,SLEEP,40.2
2022,AR,Lonoke,05085,SLEEP,38.4
2023,CA,El Dorado,06017,DEPRESSION,22.3
2023,AR,Desha,05041,DEPRESSION,23.2
2023,AR,Lonoke,05085,DEPRESSION,25.8
2023,AL,Escambia,01053,DEPRESSION,24.0
2023,AK,Dillingham,02070,DEPRESSION,20.1
2023,AR,Miller,05091,DEPRESSION,24.6
2022,CA,Kings,06031,SLEEP,36.2
2023,CA,Placer,06061,DEPRESSION,21.3
2023,AR,Crawford,05033,DEPRESSION,26.1
2023,AR,Pike,05109,MHLTH,18.6
2023,AK,Kodiak Island,02150,MHLTH,14.5
2023,AR,Monroe,05095,MHLTH,18.9
2023,AL,Henry,01067,DEPRESSION,23.0
2023,CA,Orange,06059,MHLTH,16.0
2023,AL,Marshall,01095,DEPRESSION,25.4
2022,AL,Fayette,01057,SLEEP,39.0
2022,AR,Baxter,05005,SLEEP,35.2
2022,AL,Barbour,01005,SLEEP,43.0
2023,AK,Lake and Peninsula,02164,MHLTH,18.4
2023,AK,Petersburg,02195,DEPRESSION,18.2
2023,AR,Saline,05125,MHLTH,17.1
2023,AL,St. Clair,01115,MHLTH,17.4
2023,AR,Izard,05065,MHLTH,18.8
2022,AR,Phillips,05107,SLEEP,48.4
2023,US,,59,MHLTH,15.6
2023,AL,Bibb,01007,MHLTH,18.9
2023,AL,Jackson,01071,DEPRESSION,26.7
2023,AL,Barbour,01005,DEPRESSION,22.1
2023,AR,Benton,05007,MHLTH,16.5
2023,AK,Southeast Fairbanks,02240,DEPRESSION,19.3
2023,AR,Independence,05063,DEPRESSION,26.1
2022,AR,Van Buren,05141,SLEEP,39.4
2022,AR,Fulton,05049,SLEEP,39.1
2023,AR,Logan,05083,DEPRESSION,25.8
2023,AR,Jefferson,05069,MHLTH,19.0
2023,AL,Tuscaloosa,01125,DEPRESSION,25.0
2022,AR,Izard,05065,SLEEP,35.4
2023,AL,Conecuh,01035,DEPRESSION,22.3
2023,AL,Baldwin,01003,MHLTH,15.1
2022,AL,Escambia,01053,SLEEP,45.0
2023,AL,Talladega,01121,DEPRESSION,22.7
2023,CA,Mariposa,06043,MHLTH,16.2
2022,AL,Perry,01105,SLEEP,45.1
2023,AL,Macon,01087,DEPRESSION,20.7
2023,AR,Little River,05081,MHLTH,18.7
2022,AR,Lincoln,05079,SLEEP,42.6
2022,AZ,Pima,04019,SLEEP,37.0
2023,AR,Lee,05077,DEPRESSION,21.3
2023,AR,Perry,05105,MHLTH,18.3
2023,AL,Dale,01045,MHLTH,18.5
2023,AL,Chilton,01021,DEPRESSION,24.5
2022,AL,St. Clair,01115,SLEEP,35.1
2023,AK,Anchorage,02020,DEPRESSION,21.3
2023,AZ,Apache,04001,DEPRESSION,20.4
2022,AL,Chilton,01021,SLEEP,33.6
2023,AL,Coosa,01037,MHLTH,16.9
2023,CA,Lassen,06035,MHLTH,19.2
2023,AR,Madison,05087,DEPRESSION,25.6
2023,AR,Miller,05091,MHLTH,20.1
2023,AR,Fulton,05049,DEPRESSION,26.2
2022,AK,Aleutians East,02013,SLEEP,42.8
2023,AR,Lincoln,05079,DEPRESSION,22.0
2022,AL,Bibb,01007,SLEEP,40.6
2023,AK,Nome,02180,DEPRESSION,20.7
2023,AK,Yakutat,02282,DEPRESSION,18.0
2022,AL,Marengo,01091,SLEEP,42.8
2023,AZ,Yavapai,04025,DEPRESSION,19.3
2023,AK,Aleutians East,02013,DEPRESSION,12.3
2023,CA,Inyo,06027,MHLTH,16.3
2022,AK,Fairbanks North Star,02090,SLEEP,37.0
2022,AR,Independence,05063,SLEEP,39.5
2023,AK,Ketchikan Gateway,02130,MHLTH,15.0
2022,CA,Imperial,06025,SLEEP,41.0
2022,AL,Choctaw,01023,SLEEP,41.5
2023,AL,Mobile,01097,MHLTH,17.2
2023,AL,Montgomery,01101,MHLTH,17.0
2023,AZ,Mohave,04015,MHLTH,15.1
2023,AL,Hale,01065,DEPRESSION,21.2
2022,AR,Bradley,05011,SLEEP,42.6
2023,AR,Montgomery,05097,DEPRESSION,25.2
2023,AZ,Pima,04019,MHLTH,16.3
2023,AZ,Greenlee,04011,DEPRESSION,19.2
2023,CA,San Bernardino,06071,DEPRESSION,19.6
2023,AR,Clark,05019,DEPRESSION,26.0
2022,AK,Sitka,02220,SLEEP,31.1
2023,AR,Sharp,05135,DEPRESSION,26.1
2022,AL,Houston,01069,SLEEP,39.0
2023,AR,Lafayette,05073,MHLTH,19.5
2023,AR,Newton,05101,DEPRESSION,24.7
2023,AL,Cherokee,01019,DEPRESSION,25.0
2022,AK,Hoonah-Angoon,02105,SLEEP,35.8
2023,AK,Denali,02068,MHLTH,15.0
2023,AR,Ouachita,05103,MHLTH,19.1
2022,CA,Modoc,06049,SLEEP,32.1
2023,AR,Hot Spring,05059,MHLTH,18.8
2023,AL,Crenshaw,01041,MHLTH,18.0
2023,AR,Sevier,05133,MHLTH,19.5
2022,AL,Coosa,01037,SLEEP,39.8
2023,AL,Etowah,01055,MHLTH,18.1
2023,CA,Merced,06047,DEPRESSION,21.5
2022,CA,Lassen,06035,SLEEP,39.3
2022,AR,Scott,05127,SLEEP,37.4
2023,AL,Jefferson,01073,DEPRESSION,22.7
2023,AK,Matanuska-Susitna,02170,MHLTH,16.2
2022,AR,Mississippi,05093,SLEEP,45.6
2022,CA,Kern,06029,SLEEP,38.5
2022,AL,Covington,01039,SLEEP,34.5
2022,AR,Columbia,05027,SLEEP,39.9
2023,CA,Plumas,06063,DEPRESSION,23.4
2023,AR,Crittenden,05035,DEPRESSION,23.9
2023,AR,Yell,05149,DEPRESSION,25.1
2022,AR,Sebastian,05131,SLEEP,37.7
2023,AK,Kusilvak,02158,MHLTH,24.5
2023,CA,Madera,06039,MHLTH,19.8
2022,AZ,Pinal,04021,SLEEP,39.7
2023,AR,Pulaski,05119,DEPRESSION,23.1
2023,AL,Franklin,01059,MHLTH,18.6
2023,AR,White,05145,MHLTH,19.6
2023,AL,Sumter,01119,MHLTH,19.4
2023,AR,Faulkner,05045,DEPRESSION,26.4
2023,AL,Houston,01069,DEPRESSION,24.9
2022,AK,Copper River,02066,SLEEP,35.4
2023,CA,Marin,06041,MHLTH,13.9
2022,AL,Etowah,01055,SLEEP,45.0
2023,AL,Shelby,01117,DEPRESSION,21.6
2023,CA,Lake,06033,MHLTH,18.1
2023,AR,Dallas,05039,MHLTH,17.6
2023,AR,Scott,05127,DEPRESSION,25.1
2022,AR,Poinsett,05111,SLEEP,40.8
2022,AL,Jefferson,01073,SLEEP,37.6
2023,AR,Arkansas,05001,MHLTH,19.1
2022,CA,Glenn,06021,SLEEP,36.2
2023,AL,Butler,01013,DEPRESSION,22.5
2023,CA,Contra Costa,06013,DEPRESSION,19.1
2022,AL,Franklin,01059,SLEEP,38.3
2022,AZ,Yavapai,04025,SLEEP,31.6
2023,AR,Baxter,05005,MHLTH,17.2
2022,AR,Hot Spring,05059,SLEEP,39.2
2023,AK,Prince of Wales-Hyder,02198,MHLTH,16.8
2022,AR,Marion,05089,SLEEP,37.1
2023,AL,Clay,01027,DEPRESSION,24.4
2022,AZ,Coconino,04005,SLEEP,31.6
2022,AR,Sevier,05133,SLEEP,39.7
2023,AK,Chugach,02063,MHLTH,14.3
2023,AR,Randolph,05121,MHLTH,20.3
2022,AL,Clay,01027,SLEEP,39.3
2023,AR,Van Buren,05141,DEPRESSION,24.8
2023,AR,Carroll,05015,DEPRESSION,24.2
2023,AL,Limestone,01083,DEPRESSION,23.7
2023,AL,Randolph,01111,MHLTH,17.6
2022,AR,Arkansas,05001,SLEEP,42.2
2023,AR,Poinsett,05111,MHLTH,20.5
2022,AL,Montgomery,01101,SLEEP,42.9
2023,AR,Clay,05021,MHLTH,19.2
2022,AK,Dillingham,02070,SLEEP,37.8
2023,AR,Phillips,05107,MHLTH,20.2
2023,AR,Craighead,05031,DEPRESSION,26.5
2023,AR,Little River,05081,DEPRESSION,24.5
2023,AL,Elmore,01051,MHLTH,17.5
2022,CA,Sacramento,06067,SLEEP,38.0
2023,AR,Cross,05037,DEPRESSION,25.3
2022,AL,Tuscaloosa,01125,SLEEP,41.0
2023,AK,Northwest Arctic,02188,DEPRESSION,20.7
2023,AK,Nome,02180,MHLTH,20.6
2023,AR,Sharp,05135,MHLTH,18.9
2023,AL,Wilcox,01131,DEPRESSION,21.4
2022,AL,Chambers,01017,SLEEP,41.4
2022,CA,Contra Costa,06013,SLEEP,35.1
2023,AR,Union,05139,DEPRESSION,23.6
2023,CA,Kern,06029,MHLTH,20.0
2022,AL,Macon,01087,SLEEP,43.5
2022,AR,Lawrence,05075,SLEEP,39.0
2023,CA,Modoc,06049,DEPRESSION,23.9
2023,AR,Conway,05029,DEPRESSION,24.9
2023,AL,Madison,01089,MHLTH,15.5
2023,AL,Chambers,01017,DEPRESSION,22.7
2022,AR,Benton,05007,SLEEP,33.9
2023,CA,Monterey,06053,DEPRESSION,19.2
2023,AR,Jackson,05067,DEPRESSION,26.3
2023,AL,Blount,01009,DEPRESSION,24.8
2023,AL,Pickens,01107,MHLTH,18.2
2022,AL,Sumter,01119,SLEEP,46.0
2022,AK,Skagway,02230,SLEEP,36.0
2023,AR,Cleveland,05025,DEPRESSION,24.6
2023,AL,Washington,01129,DEPRESSION,24.1
2023,CA,Fresno,06019,MHLTH,18.4
2023,AR,Union,05139,MHLTH,18.5
2022,AK,Kusilvak,02158,SLEEP,45.9
2023,AZ,Gila,04007,DEPRESSION,20.7
2023,CA,Del Norte,06015,MHLTH,18.3
2022,CA,Inyo,06027,SLEEP,31.8
2022,AR,Faulkner,05045,SLEEP,37.0
2022,AR,Saline,05125,SLEEP,36.3
2023,AK,Dillingham,02070,MHLTH,19.2
2023,CA,Mariposa,06043,DEPRESSION,22.6
2023,AR,Prairie,05117,DEPRESSION,23.8
2023,CA,Alpine,06003,MHLTH,15.6
2023,CA,Alameda,06001,DEPRESSION,18.6
2023,CA,Alameda,06001,MHLTH,15.0
2022,AR,Pulaski,05119,SLEEP,38.3
2023,AL,Lamar,01075,DEPRESSION,24.7
2022,AR,Conway,05029,SLEEP,39.5
2023,AK,Kenai Peninsula,02122,DEPRESSION,19.7
2022,AK,Haines,02100,SLEEP,31.0
2023,CA,Imperial,06025,DEPRESSION,19.9
2023,AR,Polk,05113,DEPRESSION,25.0
2022,AL,Crenshaw,01041,SLEEP,39.1
2022,AL,Lawrence,01079,SLEEP,39.0
2022,AR,Washington,05143,SLEEP,34.7
2023,AR,Desha,05041,MHLTH,20.7
2023,AL,Marshall,01095,MHLTH,17.8
2023,AK,Northwest Arctic,02188,MHLTH,20.8
2023,AL,Russell,01113,DEPRESSION,23.9
2022,AK,Bethel,02050,SLEEP,41.9
2023,AR,Clark,05019,MHLTH,20.5
2022,AZ,Santa Cruz,04023,SLEEP,34.8
2023,CA,Del Norte,06015,DEPRESSION,23.5
2023,AR,Garland,05051,DEPRESSION,24.1
2023,AL,Escambia,01053,MHLTH,19.6
2022,AZ,Gila,04007,SLEEP,34.1
2023,AR,Monroe,05095,DEPRESSION,22.9
2023,AL,Lee,01081,MHLTH,17.6
2023,AZ,Greenlee,04011,MHLTH,15.9
2023,AL,Monroe,01099,MHLTH,18.6
2022,AL,Marion,01093,SLEEP,37.6
2023,CA,Colusa,06011,DEPRESSION,21.6
2023,AR,Johnson,05071,MHLTH,19.5
2022,AL,Winston,01133,SLEEP,36.5
2023,CA,Napa,06055,MHLTH,15.5
2023,AL,Bibb,01007,DEPRESSION,24.4
2023,AR,Columbia,05027,MHLTH,20.0
2023,AL,Bullock,01011,MHLTH,20.1
2023,AK,Aleutians West,02016,MHLTH,13.2
2022,CA,Madera,06039,SLEEP,37.1
2023,AR,Boone,05009,DEPRESSION,25.4
2023,AL,Geneva,01061,DEPRESSION,25.7
2023,AK,Chugach,02063,DEPRESSION,18.4
2022,AL,Lee,01081,SLEEP,36.8
2022,CA,Alpine,06003,SLEEP,33.2
2023,AR,Franklin,05047,DEPRESSION,27.0
2023,AR,Newton,05101,MHLTH,17.8
2023,AR,Nevada,05099,DEPRESSION,24.1
2022,AR,Calhoun,05013,SLEEP,39.1
2023,AL,Russell,01113,MHLTH,18.8
2023,AR,Pike,05109,DEPRESSION,25.7
2023,AL,Choctaw,01023,DEPRESSION,23.3
2023,CA,El Dorado,06017,MHLTH,15.5
2023,AR,Stone,05137,MHLTH,18.3
2022,CA,Butte,06007,SLEEP,32.5
2023,AL,Marengo,01091,DEPRESSION,22.3
2023,AL,Lowndes,01085,MHLTH,19.1
2023,AK,Skagway,02230,DEPRESSION,19.4
2023,AL,Perry,01105,MHLTH,19.8
2023,CA,Riverside,06065,MHLTH,17.1
2023,AR,Mississippi,05093,MHLTH,20.1
2023,AK,Juneau,02110,MHLTH,14.8
2022,AR,Union,05139,SLEEP,39.1
2023,AZ,Navajo,04017,MHLTH,18.8
2023,AL,Pike,01109,DEPRESSION,24.7
2022,AL,Greene,01063,SLEEP,48.9
2023,AR,Howard,05061,DEPRESSION,24.3
2022,AL,Bullock,01011,SLEEP,49.8
2022,AR,Polk,05113,SLEEP,37.3
2022,AR,Miller,05091,SLEEP,40.9
2023,AR,St. Francis,05123,MHLTH,19.9
2023,CA,Calaveras,06009,MHLTH,16.7
2023,AL,Covington,01039,DEPRESSION,24.3
2023,AL,Henry,01067,MHLTH,17.0
2022,AR,Perry,05105,SLEEP,38.8
2023,AK,Yukon-Koyukuk,02290,MHLTH,18.8
2023,AL,Autauga,01001,MHLTH,17.0
2022,CA,Placer,06061,SLEEP,32.1
2023,AZ,Pinal,04021,DEPRESSION,19.8
2022,AL,Lauderdale,01077,SLEEP,39.6
2023,AL,Calhoun,01015,MHLTH,18.4
2023,AR,Woodruff,05147,DEPRESSION,24.4
2023,AR,Izard,05065,DEPRESSION,25.6
2023,AL,Walker,01127,MHLTH,18.5
2023,AR,Crawford,05033,MHLTH,19.0
2022,CA,Merced,06047,SLEEP,38.7
2022,AR,Drew,05043,SLEEP,40.5
2023,AL,Lauderdale,01077,DEPRESSION,24.2
2023,AL,Cullman,01043,MHLTH,17.6
2023,AL,Tallapoosa,01123,DEPRESSION,23.5
2022,AL,Clarke,01025,SLEEP,42.4
2023,AR,Hempstead,05057,DEPRESSION,22.1
2023,AR,Lonoke,05085,MHLTH,18.8
2023,AL,Wilcox,01131,MHLTH,19.3
2023,CA,Marin,06041,DEPRESSION,20.6
2022,AL,Morgan,01103,SLEEP,38.7
2023,AL,Fayette,01057,DEPRESSION,25.7
2023,AR,Pope,05115,DEPRESSION,24.6
2023,AL,Greene,01063,MHLTH,19.0
2023,AL,Chambers,01017,MHLTH,18.3
2023,AK,Haines,02100,DEPRESSION,18.8
2022,CA,Calaveras,06009,SLEEP,33.3
2022,AR,Newton,05101,SLEEP,38.0
2023,CA,Kings,06031,DEPRESSION,21.1
2023,AL,Lee,01081,DEPRESSION,23.6
2022,CA,Humboldt,06023,SLEEP,34.9
2022,AL,Lowndes,01085,SLEEP,48.1
2023,AK,Wrangell,02275,DEPRESSION,18.3
2023,CA,Mendocino,06045,MHLTH,17.8
2023,AR,Chicot,05017,MHLTH,18.7
2023,CA,Butte,06007,MHLTH,19.1
2023,AR,Ashley,05003,DEPRESSION,25.6
2023,AZ,Yuma,04027,DEPRESSION,17.9
2023,CA,Los Angeles,06037,DEPRESSION,19.0
2022,AR,Greene,05055,SLEEP,40.6
2023,AR,Lawrence,05075,MHLTH,20.4
2023,AK,Petersburg,02195,MHLTH,14.4
2023,AR,Searcy,05129,DEPRESSION,26.0
2022,AL,Jackson,01071,SLEEP,41.0
2023,CA,Calaveras,06009,DEPRESSION,23.2
2023,CA,Mono,06051,DEPRESSION,22.8
2023,AK,Kenai Peninsula,02122,MHLTH,14.8
2022,AR,Dallas,05039,SLEEP,43.6
2023,AR,Phillips,05107,DEPRESSION,22.6
2022,CA,Alameda,06001,SLEEP,34.9
2022,AL,Madison,01089,SLEEP,37.5
2023,AL,Colbert,01033,MHLTH,17.3
2022,AZ,Cochise,04003,SLEEP,33.9
2023,AL,Coffee,01031,MHLTH,17.7
2023,AK,Sitka,02220,MHLTH,14.3
2022,CA,Mono,06051,SLEEP,32.5
2023,AK,Bethel,02050,DEPRESSION,21.0
2023,AK,North Slope,02185,DEPRESSION,18.0
2023,AR,Woodruff,05147,MHLTH,19.3
2023,AR,Greene,05055,DEPRESSION,27.8
2022,AL,Calhoun,01015,SLEEP,41.6
2022,AK,Juneau,02110,SLEEP,32.6
2023,AR,Cross,05037,MHLTH,19.8
2023,AL,Clarke,01025,DEPRESSION,22.6
2022,AZ,Greenlee,04011,SLEEP,37.4
2022,AL,Lamar,01075,SLEEP,38.2
2022,AL,Cherokee,01019,SLEEP,35.4
2023,AL,DeKalb,01049,MHLTH,18.9
2023,AL,Lawrence,01079,MHLTH,18.3
2023,AR,Chicot,05017,DEPRESSION,21.5
2022,AK,Aleutians West,02016,SLEEP,40.2
2023,AK,Copper River,02066,MHLTH,15.2
2023,AZ,La Paz,04012,DEPRESSION,17.9
2023,AL,Cleburne,01029,DEPRESSION,25.5
2022,AR,Crawford,05033,SLEEP,37.1
2023,AK,Bristol Bay,02060,DEPRESSION,18.8
2022,AK,Yukon-Koyukuk,02290,SLEEP,39.6
2022,AK,Wrangell,02275,SLEEP,34.0
2022,AR,Randolph,05121,SLEEP,37.0
2023,AZ,Coconino,04005,MHLTH,18.4
2023,AL,Cullman,01043,DEPRESSION,25.4
2022,AR,Franklin,05047,SLEEP,40.6
2023,AL,Winston,01133,MHLTH,18.3
2023,AR,Cleburne,05023,MHLTH,17.8
2022,AL,Colbert,01033,SLEEP,40.2
2023,AL,Morgan,01103,DEPRESSION,24.0
2023,AL,Hale,01065,MHLTH,18.4
2022,AK,Chugach,02063,SLEEP,34.4
2022,AR,Nevada,05099,SLEEP,42.7
2023,AR,Calhoun,05013,DEPRESSION,23.0
2022,CA,San Benito,06069,SLEEP,34.6
2023,AL,Dallas,01047,MHLTH,18.4
2022,CA,Napa,06055,SLEEP,31.7
2023,AR,Grant,05053,MHLTH,17.9
2023,CA,Placer,06061,MHLTH,15.3
2023,CA,San Benito,06069,DEPRESSION,20.2
2023,AR,Madison,05087,MHLTH,19.3
2022,AK,Yakutat,02282,SLEEP,37.5
2023,AK,Southeast Fairbanks,02240,MHLTH,16.0
2023,AR,Bradley,05011,MHLTH,19.1
2023,CA,Contra Costa,06013,MHLTH,15.3
2023,AL,Randolph,01111,DEPRESSION,24.4
2023,CA,Fresno,06019,DEPRESSION,21.4
2023,AR,Faulkner,05045,MHLTH,18.8
2023,AR,Randolph,05121,DEPRESSION,26.8
2022,US,,59,SLEEP,36.0
2022,AR,Montgomery,05097,SLEEP,39.1
2023,AR,Craighead,05031,MHLTH,19.5
2023,AL,Houston,01069,MHLTH,18.2
2023,AL,DeKalb,01049,DEPRESSION,26.3
2022,AZ,Mohave,04015,SLEEP,39.0
2022,AK,Northwest Arctic,02188,SLEEP,43.0
2022,AL,Cleburne,01029,SLEEP,37.4
2023,AL,Tuscaloosa,01125,MHLTH,18.4
2023,AZ,Gila,04007,MHLTH,15.8
2023,AK,Fairbanks North Star,02090,MHLTH,15.8
2022,AL,Pickens,01107,SLEEP,41.2
2022,AK,Bristol Bay,02060,SLEEP,37.0
2023,AZ,Santa Cruz,04023,DEPRESSION,16.0
2022,AR,Desha,05041,SLEEP,43.0
2022,CA,Nevada,06057,SLEEP,31.9
2022,AR,Ashley,05003,SLEEP,42.1
2023,CA,Lake,06033,DEPRESSION,24.0
2023,AR,Grant,05053,DEPRESSION,24.9
2022,AR,Clay,05021,SLEEP,37.1
2023,AL,Clay,01027,MHLTH,18.0
2023,AK,Anchorage,02020,MHLTH,16.1
2023,AR,Yell,05149,MHLTH,18.8
2023,AL,Shelby,01117,MHLTH,14.6
2022,AZ,La Paz,04012,SLEEP,34.8
2023,CA,Amador,06005,MHLTH,16.0
2023,AL,Elmore,01051,DEPRESSION,23.0
2023,AL,Colbert,01033,DEPRESSION,24.5
2022,CA,Del Norte,06015,SLEEP,38.1
2022,AL,Henry,01067,SLEEP,41.0
2022,CA,Fresno,06019,SLEEP,35.9
2023,AZ,Cochise,04003,DEPRESSION,19.9
2022,AR,Cleveland,05025,SLEEP,42.3
2023,CA,Monterey,06053,MHLTH,16.7
2023,AR,Conway,05029,MHLTH,19.1
2022,AR,Prairie,05117,SLEEP,39.0
2023,AZ,Pinal,04021,MHLTH,16.2
2022,AL,Washington,01129,SLEEP,42.9
2022,AR,White,05145,SLEEP,37.5
2022,AR,Jefferson,05069,SLEEP,45.0
2023,CA,Napa,06055,DEPRESSION,20.8
2023,AK,Denali,02068,DEPRESSION,19.5
2022,AR,Madison,05087,SLEEP,37.6
2023,CA,Plumas,06063,MHLTH,16.6
2023,CA,Modoc,06049,MHLTH,17.4
2022,CA,Riverside,06065,SLEEP,38.0
2023,AR,Poinsett,05111,DEPRESSION,26.8
2023,AL,Madison,01089,DEPRESSION,21.6
2022,AL,Butler,01013,SLEEP,41.8
2023,AK,Matanuska-Susitna,02170,DEPRESSION,21.9
2022,AL,Elmore,01051,SLEEP,41.5
2022,AZ,Apache,04001,SLEEP,41.8
2023,CA,Sacramento,06067,MHLTH,17.4
2023,AR,Bradley,05011,DEPRESSION,23.2
2023,AK,Juneau,02110,DEPRESSION,21.0
2023,AR,Scott,05127,MHLTH,18.9
2022,AR,Sharp,05135,SLEEP,36.1
2023,AL,Bullock,01011,DEPRESSION,21.1
2023,CA,Humboldt,06023,DEPRESSION,26.1
2023,AR,Marion,05089,MHLTH,17.7
2022,AR,Lee,05077,SLEEP,45.3
2023,AR,Montgomery,05097,MHLTH,18.0
2023,AR,Carroll,05015,MHLTH,17.5
2023,AR,Van Buren,05141,MHLTH,18.3
2022,AK,Anchorage,02020,SLEEP,34.6
2023,AL,Limestone,01083,MHLTH,16.4
2022,AL,Mobile,01097,SLEEP,40.7
2023,CA,Madera,06039,DEPRESSION,21.8
2023,AL,Barbour,01005,MHLTH,18.5
2023,AL,Butler,01013,MHLTH,18.3
2022,AR,Woodruff,05147,SLEEP,39.3
2023,AR,Independence,05063,MHLTH,19.3
2022,AL,Conecuh,01035,SLEEP,41.8
2023,AR,Saline,05125,DEPRESSION,24.7
2022,AL,Pike,01109,SLEEP,38.7
2023,AL,St. Clair,01115,DEPRESSION,25.0
2023,AR,Logan,05083,MHLTH,18.7
2023,AR,Sebastian,05131,MHLTH,18.9
2022,CA,Plumas,06063,SLEEP,31.2
2023,US,,59,DEPRESSION,20.2
2022,AR,Craighead,05031,SLEEP,40.8
2022,AR,Ouachita,05103,SLEEP,41.0
2022,CA,Lake,06033,SLEEP,33.4
2023,AL,Lamar,01075,MHLTH,18.3
2023,AL,Baldwin,01003,DEPRESSION,22.5
2023,AL,Marion,01093,DEPRESSION,25.7
2023,CA,Amador,06005,DEPRESSION,21.7
2023,AR,Arkansas,05001,DEPRESSION,23.4
2023,AR,Sevier,05133,DEPRESSION,24.1
2023,AR,Lee,05077,MHLTH,20.1
2023,AR,Dallas,05039,DEPRESSION,21.7
2022,AR,Pike,05109,SLEEP,39.3
2022,AR,Little River,05081,SLEEP,38.7
2023,AL,Pickens,01107,DEPRESSION,22.3
2023,AZ,Mohave,04015,DEPRESSION,19.2
2023,AK,Ketchikan Gateway,02130,DEPRESSION,18.9
2022,AR,Crittenden,05035,SLEEP,42.1
2022,CA,Colusa,06011,SLEEP,34.1
2023,AR,Lafayette,05073,DEPRESSION,23.9
2022,AR,Chicot,05017,SLEEP,46.1
2023,AL,Crenshaw,01041,DEPRESSION,23.8
2023,AK,Hoonah-Angoon,02105,MHLTH,15.1
2022,AK,Matanuska-Susitna,02170,SLEEP,34.2
2023,AK,Fairbanks North Star,02090,DEPRESSION,20.5
2023,AK,Aleutians East,02013,MHLTH,13.0
2023,AZ,Maricopa,04013,MHLTH,14.9
2022,CA,Monterey,06053,SLEEP,33.9
2023,CA,Nevada,06057,MHLTH,15.6
2022,AL,Coffee,01031,SLEEP,40.5
2023,AR,Hot Spring,05059,DEPRESSION,23.9
2022,AK,Prince of Wales-Hyder,02198,SLEEP,35.1
2023,AL,Franklin,01059,DEPRESSION,25.1
2023,AK,Kusilvak,02158,DEPRESSION,23.5
2023,AL,Cherokee,01019,MHLTH,17.4
2023,AR,Lincoln,05079,MHLTH,19.4
2022,AR,Monroe,05095,SLEEP,40.9
2023,CA,Kern,06029,DEPRESSION,22.8
2023,AL,Coosa,01037,DEPRESSION,22.2
2023,CA,Inyo,06027,DEPRESSION,22.2
2023,AK,Yakutat,02282,MHLTH,15.8
2023,AL,Conecuh,01035,MHLTH,18.3
2023,AL,Jefferson,01073,MHLTH,16.8
2022,AR,Cleburne,05023,SLEEP,35.3
2023,AL,Marengo,01091,MHLTH,17.8
2022,AR,Cross,05037,SLEEP,41.3
2023,AL,Etowah,01055,DEPRESSION,24.9
2023,CA,San Bernardino,06071,MHLTH,17.7
2023,AR,Cleveland,05025,MHLTH,18.6
2023,AZ,Apache,04001,MHLTH,21.2
2023,AR,Clay,05021,DEPRESSION,26.8
2022,AR,Lafayette,05073,SLEEP,41.8
2023,AR,Ouachita,05103,DEPRESSION,23.2
2023,AL,Mobile,01097,DEPRESSION,22.1
2023,AL,Macon,01087,MHLTH,18.8
2023,CA,Butte,06007,DEPRESSION,25.6
2023,AL,Chilton,01021,MHLTH,18.2
2023,AZ,Yavapai,04025,MHLTH,13.8
2023,AR,Crittenden,05035,MHLTH,20.2
2023,CA,Lassen,06035,DEPRESSION,22.9
2023,AK,Prince of Wales-Hyder,02198,DEPRESSION,20.3
2023,AR,Perry,05105,DEPRESSION,25.1
2023,AR,Benton,05007,DEPRESSION,23.7
2022,CA,Mariposa,06043,SLEEP,33.1
2022,AK,Denali,02068,SLEEP,32.8
2022,AL,Limestone,01083,SLEEP,39.4
2022,CA,Amador,06005,SLEEP,32.8
2022,AK,Ketchikan Gateway,02130,SLEEP,38.0
2023,AZ,La Paz,04012,MHLTH,14.0
2023,AR,Drew,05043,DEPRESSION,24.1
2022,AZ,Graham,04009,SLEEP,37.0
2023,AZ,Pima,04019,DEPRESSION,22.8
2023,AL,Talladega,01121,MHLTH,17.7
2022,AL,Baldwin,01003,SLEEP,34.8
2022,AL,Dale,01045,SLEEP,38.9
2022,AL,Randolph,01111,SLEEP,38.3
2023,AL,Dale,01045,DEPRESSION,24.8
2023,GA,Calhoun,13037,DEPRESSION,17.3
2023,FL,Hamilton,12047,MHLTH,19.8
2023,CA,Trinity,06105,DEPRESSION,24.8
2022,CO,Baca,08009,SLEEP,33.8
2023,CO,Costilla,08023,MHLTH,15.0
2023,CO,Custer,08027,MHLTH,14.4
2022,GA,Brantley,13025,SLEEP,37.0
2023,GA,Hall,13139,DEPRESSION,20.2
2023,GA,Heard,13149,MHLTH,19.1
2023,GA,Douglas,13097,MHLTH,17.2
2023,CO,Douglas,08035,MHLTH,14.2
2022,GA,Cherokee,13057,SLEEP,35.8
2023,CO,Lincoln,08073,MHLTH,17.2
2022,FL,Union,12125,SLEEP,40.0
2022,GA,Brooks,13027,SLEEP,41.7
2022,GA,Decatur,13087,SLEEP,41.2
2023,CO,Denver,08031,MHLTH,15.2
2023,FL,Gilchrist,12041,MHLTH,18.3
2023,FL,Clay,12019,DEPRESSION,18.9
2023,FL,Duval,12031,DEPRESSION,19.6
2023,CO,Clear Creek,08019,MHLTH,13.9
2023,GA,Jenkins,13165,MHLTH,20.4
2023,GA,Barrow,13013,MHLTH,17.7
2023,DC,District of Columbia,11001,DEPRESSION,21.6
2022,FL,Wakulla,12129,SLEEP,39.7
2023,GA,Fannin,13111,MHLTH,15.9
2023,FL,Broward,12011,DEPRESSION,15.6
2023,CO,San Miguel,08113,MHLTH,14.3
2022,FL,Santa Rosa,12113,SLEEP,39.6
2023,CO,Park,08093,DEPRESSION,21.1
2022,FL,St. Johns,12109,SLEEP,30.0
2023,FL,Volusia,12127,DEPRESSION,19.1
2022,GA,Echols,13101,SLEEP,37.9
2023,FL,Wakulla,12129,MHLTH,17.6
2022,FL,DeSoto,12027,SLEEP,39.3
2023,CA,Sierra,06091,DEPRESSION,23.2
2023,CO,Mesa,08077,DEPRESSION,23.4
2023,GA,Echols,13101,DEPRESSION,20.6
2023,CO,Pueblo,08101,DEPRESSION,22.6
2022,FL,Brevard,12009,SLEEP,33.4
2023,FL,Osceola,12097,DEPRESSION,17.2
2022,DE,New Castle,10003,SLEEP,35.9
2022,CO,Costilla,08023,SLEEP,33.0
2023,CT,Greater Bridgeport,09120,DEPRESSION,17.8
2023,CO,Summit,08117,DEPRESSION,22.1
2023,GA,Hart,13147,MHLTH,17.2
2022,GA,Evans,13109,SLEEP,40.8
2023,FL,Baker,12003,DEPRESSION,19.6
2023,FL,Santa Rosa,12113,MHLTH,17.2
2023,FL,Seminole,12117,MHLTH,15.1
2022,GA,Crawford,13079,SLEEP,36.9
2023,GA,Candler,13043,DEPRESSION,21.2
2022,FL,Osceola,12097,SLEEP,38.8
2022,FL,Nassau,12089,SLEEP,33.1
2023,FL,Collier,12021,DEPRESSION,15.1
2023,DE,Kent,10001,MHLTH,17.7
2023,FL,Bay,12005,DEPRESSION,20.8
2022,GA,Greene,13133,SLEEP,34.9
2023,CO,Broomfield,08014,MHLTH,14.4
2023,GA,Elbert,13105,DEPRESSION,20.4
2023,CT,Northwest Hills,09160,DEPRESSION,21.6
2023,GA,Clayton,13063,MHLTH,19.2
2023,FL,Washington,12133,MHLTH,19.7
2023,CA,San Joaquin,06077,DEPRESSION,19.6
2023,GA,Cobb,13067,MHLTH,15.0
2023,CO,Montezuma,08083,MHLTH,16.6
2023,CO,Kiowa,08061,DEPRESSION,23.2
2023,FL,Gilchrist,12041,DEPRESSION,20.6
2022,GA,Candler,13043,SLEEP,38.6
2023,CO,Prowers,08099,MHLTH,17.6
2023,FL,Liberty,12077,MHLTH,19.5
2023,GA,Fannin,13111,DEPRESSION,20.7
2023,FL,Levy,12075,MHLTH,18.5
2022,FL,Flagler,12035,SLEEP,35.6
2022,CO,Kit Carson,08063,SLEEP,31.5
2022,FL,Charlotte,12015,SLEEP,33.2
2023,GA,Greene,13133,DEPRESSION,17.5
2023,CO,Garfield,08045,MHLTH,16.2
2022,GA,Dooly,13093,SLEEP,41.5
2023,CA,Santa Barbara,06083,MHLTH,17.2
2023,GA,Ben Hill,13017,MHLTH,19.8
2023,CO,Ouray,08091,MHLTH,12.9
2023,GA,Bleckley,13023,MHLTH,19.0
2022,CO,Gilpin,08047,SLEEP,30.4
2023,GA,Coweta,13077,MHLTH,16.1
2023,FL,Hendry,12051,DEPRESSION,16.6
2023,GA,Chattahoochee,13053,DEPRESSION,21.0
2023,FL,DeSoto,12027,DEPRESSION,18.6
2022,CA,San Mateo,06081,SLEEP,28.3
2022,DC,District of Columbia,11001,SLEEP,32.8
2023,CO,Boulder,08013,MHLTH,15.2
2023,CO,Chaffee,08015,MHLTH,14.9
2023,FL,Hillsborough,12057,DEPRESSION,16.6
2022,GA,Hart,13147,SLEEP,33.5
2023,FL,Jackson,12063,MHLTH,19.0
2023,CO,Rio Blanco,08103,MHLTH,16.9
2023,CA,San Diego,06073,DEPRESSION,21.1
2022,GA,Banks,13011,SLEEP,36.7
2023,GA,Atkinson,13003,DEPRESSION,22.0
2023,FL,Hillsborough,12057,MHLTH,16.4
2022,CO,Denver,08031,SLEEP,29.2
2023,GA,Glascock,13125,MHLTH,18.8
2023,CO,Elbert,08039,MHLTH,15.2
2022,FL,Hendry,12051,SLEEP,42.9
2022,FL,Hamilton,12047,SLEEP,42.7
2023,FL,Leon,12073,MHLTH,18.2
2023,GA,Jefferson,13163,DEPRESSION,19.9
2023,CA,Tuolumne,06109,DEPRESSION,23.6
2022,CA,Shasta,06089,SLEEP,37.0
2023,GA,Harris,13145,DEPRESSION,18.8
2022,CO,Ouray,08091,SLEEP,28.1
2022,GA,Irwin,13155,SLEEP,38.2
2023,FL,St. Johns,12109,DEPRESSION,17.4
2023,GA,Dade,13083,MHLTH,17.6
2023,FL,Nassau,12089,MHLTH,15.7
2023,GA,Bulloch,13031,MHLTH,20.1
2023,GA,Irwin,13155,MHLTH,18.8
2023,FL,Charlotte,12015,DEPRESSION,16.2
2023,GA,Emanuel,13107,DEPRESSION,20.8
2022,CO,Pitkin,08097,SLEEP,24.8
2022,GA,Habersham,13137,SLEEP,35.3
2022,CO,Hinsdale,08053,SLEEP,28.0
2023,CT,South Central Connecticut,09170,DEPRESSION,20.4
2023,CO,Larimer,08069,MHLTH,16.6
2022,CO,Prowers,08099,SLEEP,33.0
2022,CO,Jackson,08057,SLEEP,31.1
2022,FL,Manatee,12081,SLEEP,37.8
2023,GA,Fulton,13121,DEPRESSION,16.9
2022,GA,Houston,13153,SLEEP,44.2
2022,FL,Collier,12021,SLEEP,29.9
2023,CO,Lake,08065,MHLTH,15.1
2022,FL,Martin,12085,SLEEP,30.7
2023,FL,Polk,12105,MHLTH,17.8
2023,GA,Habersham,13137,DEPRESSION,21.5
2022,CO,El Paso,08041,SLEEP,34.6
2023,DE,Sussex,10005,MHLTH,13.8
2022,CO,Eagle,08037,SLEEP,28.7
2023,CO,Grand,08049,MHLTH,15.6
2023,CA,San Francisco,06075,MHLTH,13.8
2023,CO,Jackson,08057,MHLTH,16.6
2023,CO,Mineral,08079,MHLTH,13.8
2023,CO,Hinsdale,08053,MHLTH,12.5
2023,CO,Kiowa,08061,MHLTH,16.3
2022,CO,Lake,08065,SLEEP,29.5
2022,FL,Bay,12005,SLEEP,38.9
2023,CO,Phillips,08095,MHLTH,16.8
2022,CA,San Francisco,06075,SLEEP,32.0
2023,FL,Columbia,12023,DEPRESSION,20.1
2022,CO,San Juan,08111,SLEEP,31.0
2023,GA,Gwinnett,13135,MHLTH,15.5
2023,GA,Glynn,13127,DEPRESSION,19.3
2022,CO,Washington,08121,SLEEP,30.0
2023,GA,Grady,13131,DEPRESSION,20.3
2023,CO,Morgan,08087,MHLTH,17.4
2023,GA,Baldwin,13009,MHLTH,19.0
2022,FL,Duval,12031,SLEEP,42.4
2023,GA,Emanuel,13107,MHLTH,19.8
2022,CA,San Diego,06073,SLEEP,34.1
2023,GA,Colquitt,13071,MHLTH,19.6
2022,GA,Catoosa,13047,SLEEP,35.3
2022,GA,Harris,13145,SLEEP,38.1
2023,CA,Santa Cruz,06087,DEPRESSION,22.8
2022,GA,Bartow,13015,SLEEP,36.6
2022,GA,Bibb,13021,SLEEP,42.5
2023,FL,Volusia,12127,MHLTH,16.7
2023,GA,Bryan,13029,MHLTH,16.7
2023,FL,Nassau,12089,DEPRESSION,18.3
2022,CO,Alamosa,08003,SLEEP,32.9
2023,CO,Routt,08107,MHLTH,14.8
2023,GA,Early,13099,DEPRESSION,19.8
2022,GA,Cook,13075,SLEEP,39.7
2023,CO,Sedgwick,08115,MHLTH,15.6
2023,CO,Alamosa,08003,MHLTH,18.1
2022,FL,Jefferson,12065,SLEEP,37.5
2022,FL,Walton,12131,SLEEP,35.2
2023,GA,Dodge,13091,DEPRESSION,20.6
2022,CO,Cheyenne,08017,SLEEP,29.7
2023,CO,Washington,08121,MHLTH,16.4
2022,CO,Moffat,08081,SLEEP,33.0
2023,GA,Dawson,13085,MHLTH,16.1
2023,GA,Baker,13007,DEPRESSION,19.3
2023,GA,Coffee,13069,DEPRESSION,21.7
2022,GA,Dougherty,13095,SLEEP,46.3
2023,GA,Clay,13061,DEPRESSION,18.3
2023,CT,Southeastern Connecticut,09180,MHLTH,16.6
2023,GA,Hancock,13141,DEPRESSION,17.5
2023,CA,Tehama,06103,DEPRESSION,24.1
2022,FL,Clay,12019,SLEEP,39.6
2022,FL,Lake,12069,SLEEP,36.6
2022,CO,Rio Grande,08105,SLEEP,30.1
2023,CA,San Luis Obispo,06079,MHLTH,16.7
2023,GA,Clay,13061,MHLTH,17.4
2023,GA,Catoosa,13047,DEPRESSION,21.3
2022,FL,Dixie,12029,SLEEP,40.2
2022,CA,Ventura,06111,SLEEP,33.5
2023,GA,Crawford,13079,MHLTH,17.7
2023,DE,New Castle,10003,MHLTH,15.5
2022,GA,Dade,13083,SLEEP,34.4
2023,GA,Bartow,13015,MHLTH,17.9
2023,GA,Chatham,13051,DEPRESSION,18.9
2023,CT,Naugatuck Valley,09140,MHLTH,16.2
2023,GA,Camden,13039,MHLTH,18.2
2022,FL,Seminole,12117,SLEEP,36.1
2022,CT,Northeastern Connecticut,09150,SLEEP,37.6
2023,CO,Crowley,08025,DEPRESSION,20.5
2023,CO,Alamosa,08003,DEPRESSION,22.6
2023,FL,Hendry,12051,MHLTH,18.5
2023,GA,Effingham,13103,MHLTH,17.3
2023,CO,Archuleta,08007,DEPRESSION,21.2
2023,CO,Broomfield,08014,DEPRESSION,21.4
2023,GA,Effingham,13103,DEPRESSION,20.5
2022,GA,Elbert,13105,SLEEP,39.1
2023,CO,Sedgwick,08115,DEPRESSION,21.9
2023,GA,DeKalb,13089,MHLTH,15.8
2022,GA,Clay,13061,SLEEP,40.0
2023,CA,Solano,06095,MHLTH,16.6
2023,GA,Butts,13035,MHLTH,18.7
2022,GA,Calhoun,13037,SLEEP,44.0
2023,CA,San Mateo,06081,MHLTH,13.1
2023,GA,Jeff Davis,13161,MHLTH,20.1
2023,GA,Dooly,13093,MHLTH,17.5
2023,CO,Routt,08107,DEPRESSION,21.8
2023,FL,Alachua,12001,MHLTH,18.2
2022,GA,Bryan,13029,SLEEP,35.0
2023,FL,Okeechobee,12093,DEPRESSION,19.4
2023,GA,Bryan,13029,DEPRESSION,20.5
2023,CO,Bent,08011,MHLTH,18.3
2022,FL,Pasco,12101,SLEEP,35.9
2023,CO,Prowers,08099,DEPRESSION,22.4
2023,CT,Western Connecticut,09190,MHLTH,13.9
2023,CO,Bent,08011,DEPRESSION,22.0
2023,CO,Cheyenne,08017,MHLTH,16.5
2023,CO,Conejos,08021,DEPRESSION,20.5
2023,CO,Cheyenne,08017,DEPRESSION,22.8
2022,FL,Marion,12083,SLEEP,38.9
2022,CO,Fremont,08043,SLEEP,33.9
2022,FL,Highlands,12055,SLEEP,34.8
2022,CA,Santa Barbara,06083,SLEEP,31.3
2023,CA,Sonoma,06097,MHLTH,15.8
2023,CO,Lake,08065,DEPRESSION,21.6
2022,CO,Larimer,08069,SLEEP,26.6
2022,GA,Dodge,13091,SLEEP,38.2
2022,CO,Jefferson,08059,SLEEP,30.2
2023,FL,Manatee,12081,MHLTH,15.1
2023,FL,Glades,12043,DEPRESSION,17.6
2022,FL,Holmes,12059,SLEEP,43.8
2022,CO,Delta,08029,SLEEP,32.3
2023,FL,Martin,12085,MHLTH,14.3
2023,GA,Chattooga,13055,DEPRESSION,23.1
2022,CO,Saguache,08109,SLEEP,32.1
2022,CT,Western Connecticut,09190,SLEEP,33.3
2022,CO,Yuma,08125,SLEEP,32.3
2022,GA,Chattahoochee,13053,SLEEP,40.2
2023,CA,Santa Clara,06085,DEPRESSION,17.8
2022,CO,Gunnison,08051,SLEEP,27.4
2022,CO,Sedgwick,08115,SLEEP,31.3
2023,CA,Shasta,06089,DEPRESSION,24.3
2023,CT,Western Connecticut,09190,DEPRESSION,17.7
2023,GA,Brantley,13025,MHLTH,19.7
2023,CA,Siskiyou,06093,DEPRESSION,24.0
2022,CA,San Luis Obispo,06079,SLEEP,30.7
2023,FL,Hamilton,12047,DEPRESSION,19.1
2022,GA,Jasper,13159,SLEEP,36.7
2023,CA,Tulare,06107,DEPRESSION,22.3
2023,CA,Ventura,06111,MHLTH,16.2
2023,CO,Jefferson,08059,DEPRESSION,23.1
2023,FL,Walton,12131,DEPRESSION,18.7
2023,FL,Lafayette,12067,MHLTH,19.8
2023,CO,Summit,08117,MHLTH,15.3
2023,CO,Fremont,08043,DEPRESSION,23.2
2023,CO,Elbert,08039,DEPRESSION,21.7
2023,CO,Douglas,08035,DEPRESSION,21.1
2023,GA,Appling,13001,DEPRESSION,22.0
2022,CO,Montrose,08085,SLEEP,29.8
2022,FL,Gadsden,12039,SLEEP,38.4
2022,FL,Glades,12043,SLEEP,40.7
2023,FL,Lee,12071,MHLTH,14.8
2023,GA,Douglas,13097,DEPRESSION,18.2
2023,GA,Cook,13075,MHLTH,19.9
2023,FL,Lake,12069,DEPRESSION,17.1
2023,CA,Yolo,06113,MHLTH,17.9
2023,CO,Gunnison,08051,DEPRESSION,23.3
2023,CO,Gilpin,08047,DEPRESSION,21.9
2023,CO,Custer,08027,DEPRESSION,22.0
2023,FL,Palm Beach,12099,MHLTH,14.4
2023,CO,Yuma,08125,MHLTH,16.9
2023,CO,Denver,08031,DEPRESSION,22.7
2023,FL,Leon,12073,DEPRESSION,18.2
2022,GA,Fayette,13113,SLEEP,33.3
2023,CO,Huerfano,08055,DEPRESSION,20.6
2023,FL,Highlands,12055,MHLTH,15.7
2023,FL,Monroe,12087,DEPRESSION,16.1
2023,GA,Gwinnett,13135,DEPRESSION,15.7
2022,CT,Greater Bridgeport,09120,SLEEP,36.6
2023,FL,Martin,12085,DEPRESSION,17.1
2022,CO,Douglas,08035,SLEEP,26.6
2022,CA,Siskiyou,06093,SLEEP,33.4
2023,GA,Heard,13149,DEPRESSION,22.6
2023,CA,Stanislaus,06099,DEPRESSION,20.9
2023,GA,Burke,13033,DEPRESSION,20.4
2023,FL,Manatee,12081,DEPRESSION,17.4
2023,GA,Dougherty,13095,DEPRESSION,18.6
2023,FL,Liberty,12077,DEPRESSION,19.0
2023,FL,Okeechobee,12093,MHLTH,18.7
2023,CO,Otero,08089,DEPRESSION,22.5
2023,FL,Polk,12105,DEPRESSION,19.2
2023,FL,Duval,12031,MHLTH,18.2
2023,GA,Hall,13139,MHLTH,16.7
2023,GA,Haralson,13143,MHLTH,19.0
2023,FL,Calhoun,12013,MHLTH,19.6
2023,FL,Suwannee,12121,DEPRESSION,19.3
2023,GA,Evans,13109,DEPRESSION,20.8
2023,GA,Houston,13153,MHLTH,17.1
2023,GA,Columbia,13073,MHLTH,16.1
2022,GA,Bleckley,13023,SLEEP,38.7
2022,GA,Henry,13151,SLEEP,40.0
2023,CO,Moffat,08081,DEPRESSION,24.1
2023,CO,Phillips,08095,DEPRESSION,22.7
2022,DE,Kent,10001,SLEEP,39.9
2023,CO,Rio Blanco,08103,DEPRESSION,23.6
2023,CO,San Juan,08111,DEPRESSION,21.5
2023,CA,Sutter,06101,MHLTH,17.9
2023,CO,Lincoln,08073,DEPRESSION,21.6
2023,GA,Banks,13011,DEPRESSION,22.8
2023,GA,Brooks,13027,MHLTH,18.8
2022,FL,Monroe,12087,SLEEP,34.0
2023,FL,Jefferson,12065,DEPRESSION,17.5
2023,CT,Northeastern Connecticut,09150,DEPRESSION,23.9
2023,CA,Sonoma,06097,DEPRESSION,22.9
2023,GA,Jackson,13157,MHLTH,17.0
2022,GA,Atkinson,13003,SLEEP,38.5
2023,CO,Eagle,08037,MHLTH,14.7
2022,GA,Glascock,13125,SLEEP,36.5
2023,CT,Lower Connecticut River Valley,09130,DEPRESSION,22.4
2023,FL,Indian River,12061,DEPRESSION,16.6
2023,FL,Osceola,12097,MHLTH,16.7
2023,GA,Clarke,13059,MHLTH,19.4
2022,GA,Berrien,13019,SLEEP,36.1
2023,FL,Baker,12003,MHLTH,19.0
2022,GA,Douglas,13097,SLEEP,42.6
2022,CA,San Joaquin,06077,SLEEP,38.1
2023,FL,Pasco,12101,DEPRESSION,19.1
2023,CA,Sierra,06091,MHLTH,16.8
2023,FL,Clay,12019,MHLTH,17.6
2023,CO,Conejos,08021,MHLTH,16.0
2022,GA,Heard,13149,SLEEP,36.8
2022,FL,Indian River,12061,SLEEP,34.4
2023,FL,Broward,12011,MHLTH,15.7
2023,GA,Gordon,13129,DEPRESSION,22.5
2023,GA,Forsyth,13117,DEPRESSION,17.4
2023,GA,Clinch,13065,DEPRESSION,21.8
2023,GA,Decatur,13087,DEPRESSION,20.3
2023,GA,Bibb,13021,MHLTH,19.1
2022,FL,Taylor,12123,SLEEP,40.5
2023,GA,Cherokee,13057,DEPRESSION,20.2
2022,FL,Baker,12003,SLEEP,39.5
2023,FL,Sumter,12119,MHLTH,11.5
2022,FL,Putnam,12107,SLEEP,40.2
2022,CA,Yuba,06115,SLEEP,35.5
2023,GA,Berrien,13019,MHLTH,19.9
2023,GA,Crisp,13081,MHLTH,19.4
2022,GA,Hancock,13141,SLEEP,45.9
2023,FL,Taylor,12123,MHLTH,19.0
2022,CO,Mineral,08079,SLEEP,29.5
2022,CO,Broomfield,08014,SLEEP,30.3
2023,CT,Capitol,09110,DEPRESSION,21.8
2022,CO,Conejos,08021,SLEEP,32.3
2023,CO,Teller,08119,DEPRESSION,22.0
2023,CO,Yuma,08125,DEPRESSION,22.3
2022,FL,Gulf,12045,SLEEP,36.4
2022,GA,Charlton,13049,SLEEP,42.2
2022,CO,Archuleta,08007,SLEEP,27.8
2022,FL,Leon,12073,SLEEP,39.5
2022,CT,Lower Connecticut River Valley,09130,SLEEP,31.9
2023,CO,Gunnison,08051,MHLTH,16.1
2023,GA,Irwin,13155,DEPRESSION,21.5
2023,GA,Floyd,13115,MHLTH,18.6
2022,CO,Phillips,08095,SLEEP,32.8
2023,FL,Putnam,12107,MHLTH,19.4
2022,CT,Northwest Hills,09160,SLEEP,32.0
2023,GA,Bulloch,13031,DEPRESSION,21.4
2022,FL,Madison,12079,SLEEP,42.6
2022,GA,Ben Hill,13017,SLEEP,43.1
2023,FL,Glades,12043,MHLTH,18.2
2023,FL,Gulf,12045,MHLTH,16.8
2023,CA,Yuba,06115,MHLTH,19.4
2023,FL,Marion,12083,DEPRESSION,19.0
2023,GA,Calhoun,13037,MHLTH,19.1
2023,CO,Fremont,08043,MHLTH,16.9
2023,GA,Coweta,13077,DEPRESSION,19.3
2023,GA,Atkinson,13003,MHLTH,20.7
2023,CO,Logan,08075,MHLTH,18.1
2023,CO,Gilpin,08047,MHLTH,14.7
2022,CA,Stanislaus,06099,SLEEP,35.1
2022,GA,Haralson,13143,SLEEP,37.2
2022,FL,Citrus,12017,SLEEP,36.4
2023,FL,Franklin,12037,DEPRESSION,18.3
2023,CO,Moffat,08081,MHLTH,17.9
2023,GA,Charlton,13049,MHLTH,19.2
2023,CO,Larimer,08069,DEPRESSION,24.8
2022,GA,Clinch,13065,SLEEP,40.9
2023,GA,Ben Hill,13017,DEPRESSION,20.9
2023,FL,Lafayette,12067,DEPRESSION,19.3
2023,GA,Crisp,13081,DEPRESSION,20.5
2023,GA,Barrow,13013,DEPRESSION,19.7
2022,FL,Okeechobee,12093,SLEEP,40.7
2023,GA,Bacon,13005,MHLTH,19.5
2022,FL,Alachua,12001,SLEEP,36.0
2023,FL,Dixie,12029,DEPRESSION,20.0
2023,GA,Jefferson,13163,MHLTH,19.4
2023,CO,Montrose,08085,DEPRESSION,22.4
2022,CA,Sierra,06091,SLEEP,32.6
2023,CO,Saguache,08109,DEPRESSION,21.0
2022,CO,Chaffee,08015,SLEEP,29.6
2023,FL,Charlotte,12015,MHLTH,14.3
2022,CO,Huerfano,08055,SLEEP,30.4
2023,CO,Otero,08089,MHLTH,17.6
2022,GA,Effingham,13103,SLEEP,38.0
2023,GA,Greene,13133,MHLTH,14.1
2023,FL,Gulf,12045,DEPRESSION,19.5
2023,FL,Citrus,12017,DEPRESSION,18.4
2022,CT,Naugatuck Valley,09140,SLEEP,36.4
2023,FL,Madison,12079,MHLTH,18.7
2023,GA,Decatur,13087,MHLTH,19.5
2023,CO,Baca,08009,MHLTH,17.7
2023,FL,Columbia,12023,MHLTH,18.2
2023,FL,Escambia,12033,MHLTH,18.1
2023,FL,Taylor,12123,DEPRESSION,19.3
2022,CA,Tuolumne,06109,SLEEP,34.1
2023,FL,Putnam,12107,DEPRESSION,19.6
2023,FL,Bradford,12007,MHLTH,19.8
2023,FL,Gadsden,12039,DEPRESSION,16.6
2023,CA,San Mateo,06081,DEPRESSION,18.1
2023,CA,Yuba,06115,DEPRESSION,23.7
2023,CO,Pitkin,08097,MHLTH,13.3
2023,FL,Brevard,12009,DEPRESSION,18.6
2023,GA,Clayton,13063,DEPRESSION,17.0
2022,GA,Carroll,13045,SLEEP,33.9
2022,GA,Floyd,13115,SLEEP,34.5
2023,GA,Cobb,13067,DEPRESSION,18.2
2023,FL,St. Lucie,12111,DEPRESSION,17.0
2023,CT,Lower Connecticut River Valley,09130,MHLTH,14.6
2022,GA,Forsyth,13117,SLEEP,31.9
2023,FL,Pinellas,12103,MHLTH,15.5
2023,FL,Holmes,12059,MHLTH,19.5
2022,FL,Lafayette,12067,SLEEP,39.6
2022,GA,Camden,13039,SLEEP,37.4
2022,GA,Clayton,13063,SLEEP,45.3
2023,GA,Echols,13101,MHLTH,17.9
2023,CA,Santa Clara,06085,MHLTH,13.7
2023,CO,Huerfano,08055,MHLTH,14.7
2023,CO,Weld,08123,DEPRESSION,22.1
2022,GA,Gordon,13129,SLEEP,38.2
2022,FL,Bradford,12007,SLEEP,41.9
2023,CO,La Plata,08067,MHLTH,15.6
2023,CO,Jefferson,08059,MHLTH,14.8
2023,GA,Brooks,13027,DEPRESSION,20.2
2022,FL,Columbia,12023,SLEEP,38.0
2023,CO,Kit Carson,08063,MHLTH,17.3
2023,CA,Sutter,06101,DEPRESSION,21.5
2023,FL,Union,12125,DEPRESSION,20.2
2022,CA,Solano,06095,SLEEP,37.3
2023,CO,Rio Grande,08105,MHLTH,15.6
2023,FL,Indian River,12061,MHLTH,14.1
2023,GA,Hart,13147,DEPRESSION,20.4
2023,FL,Highlands,12055,DEPRESSION,16.9
2023,GA,Chattahoochee,13053,MHLTH,20.6
2023,GA,Franklin,13119,DEPRESSION,22.6
2022,FL,Jackson,12063,SLEEP,40.4
2023,GA,Floyd,13115,DEPRESSION,22.3
2022,GA,Burke,13033,SLEEP,41.5
2023,FL,Alachua,12001,DEPRESSION,20.1
2022,CO,Elbert,08039,SLEEP,30.3
2023,CO,Arapahoe,08005,MHLTH,15.9
2023,CO,Teller,08119,MHLTH,14.4
2023,CO,Adams,08001,MHLTH,17.1
2023,CT,Northeastern Connecticut,09150,MHLTH,17.2
2023,CA,Stanislaus,06099,MHLTH,18.8
2022,CO,Grand,08049,SLEEP,29.6
2022,GA,Franklin,13119,SLEEP,36.4
2023,GA,Fulton,13121,MHLTH,15.4
2022,CA,Sonoma,06097,SLEEP,32.8
2023,GA,Dawson,13085,DEPRESSION,21.0
2022,CT,Southeastern Connecticut,09180,SLEEP,36.9
2022,GA,Hall,13139,SLEEP,40.0
2022,FL,Escambia,12033,SLEEP,37.1
2023,CO,San Juan,08111,MHLTH,14.3
2023,GA,Jasper,13159,MHLTH,18.2
2023,GA,Chattooga,13055,MHLTH,20.0
2022,CA,Trinity,06105,SLEEP,33.0
2023,CO,Las Animas,08071,MHLTH,16.0
2023,FL,Orange,12095,MHLTH,16.3
2022,CO,Garfield,08045,SLEEP,26.6
2022,GA,Butts,13035,SLEEP,39.1
2022,CO,Kiowa,08061,SLEEP,31.0
2023,CA,Solano,06095,DEPRESSION,19.4
2022,GA,Crisp,13081,SLEEP,39.8
2023,FL,Santa Rosa,12113,DEPRESSION,19.3
2023,CA,Ventura,06111,DEPRESSION,20.6
2023,GA,Catoosa,13047,MHLTH,17.2
2022,CO,Dolores,08033,SLEEP,30.5
2023,CO,Mesa,08077,MHLTH,16.6
2023,GA,Hancock,13141,MHLTH,18.8
2023,GA,Carroll,13045,DEPRESSION,21.3
2022,FL,Calhoun,12013,SLEEP,40.1
2023,GA,Bibb,13021,DEPRESSION,19.5
2023,GA,Dodge,13091,MHLTH,18.8
2023,GA,Bleckley,13023,DEPRESSION,21.8
2023,CO,El Paso,08041,MHLTH,17.8
2022,GA,Colquitt,13071,SLEEP,38.7
2023,GA,Bartow,13015,DEPRESSION,21.2
2022,CA,Yolo,06113,SLEEP,30.4
2023,GA,Fayette,13113,MHLTH,13.9
2023,FL,Pasco,12101,MHLTH,16.4
2023,CT,Capitol,09110,MHLTH,16.7
2022,GA,Dawson,13085,SLEEP,30.8
2023,GA,Baker,13007,MHLTH,18.2
2023,GA,Dade,13083,DEPRESSION,22.6
2023,CO,Montrose,08085,MHLTH,15.7
2023,CO,Dolores,08033,MHLTH,16.6
2023,FL,Escambia,12033,DEPRESSION,20.5
2023,CA,Shasta,06089,MHLTH,18.6
2022,GA,Chatham,13051,SLEEP,41.7
2022,FL,Orange,12095,SLEEP,41.2
2022,GA,Baker,13007,SLEEP,39.2
2023,FL,Dixie,12029,MHLTH,19.2
2023,CT,Naugatuck Valley,09140,DEPRESSION,21.1
2023,CA,Siskiyou,06093,MHLTH,17.6
2022,GA,Jeff Davis,13161,SLEEP,36.6
2023,CA,San Luis Obispo,06079,DEPRESSION,22.8
2023,GA,Jenkins,13165,DEPRESSION,20.5
2022,CO,Lincoln,08073,SLEEP,31.6
2023,GA,Baldwin,13009,DEPRESSION,20.4
2022,FL,Sarasota,12115,SLEEP,31.6
2023,GA,Franklin,13119,MHLTH,19.0
2023,CO,Park,08093,MHLTH,14.4
2023,DE,New Castle,10003,DEPRESSION,21.0
2022,CO,San Miguel,08113,SLEEP,27.7
2023,CO,Crowley,08025,MHLTH,17.9
2023,FL,Calhoun,12013,DEPRESSION,19.9
2023,GA,Grady,13131,MHLTH,18.5
2022,FL,Volusia,12127,SLEEP,33.4
2023,GA,Coffee,13069,MHLTH,20.4
2022,CO,Bent,08011,SLEEP,34.8
2022,CO,Teller,08119,SLEEP,31.2
2022,FL,Hernando,12053,SLEEP,36.3
2022,FL,Hardee,12049,SLEEP,37.9
2022,CO,Rio Blanco,08103,SLEEP,32.3
2022,GA,Gilmer,13123,SLEEP,33.1
2022,FL,Palm Beach,12099,SLEEP,35.5
2023,FL,Bradford,12007,DEPRESSION,20.3
2023,CA,Tulare,06107,MHLTH,19.0
2022,CO,Crowley,08025,SLEEP,35.7
2023,CO,Weld,08123,MHLTH,17.2
2023,GA,Elbert,13105,MHLTH,18.1
2022,FL,St. Lucie,12111,SLEEP,36.6
2023,FL,Walton,12131,MHLTH,16.4
2022,FL,Franklin,12037,SLEEP,34.5
2022,CO,Adams,08001,SLEEP,34.2
2023,GA,Glynn,13127,MHLTH,16.4
2022,GA,Early,13099,SLEEP,42.5
2022,CO,Otero,08089,SLEEP,34.5
2023,FL,Franklin,12037,MHLTH,16.8
2023,GA,Fayette,13113,DEPRESSION,17.6
2023,FL,Sarasota,12115,MHLTH,13.4
2023,CO,Saguache,08109,MHLTH,15.7
2023,CO,Pueblo,08101,MHLTH,17.3
2023,GA,Appling,13001,MHLTH,19.6
2023,CO,Arapahoe,08005,DEPRESSION,21.7
2023,DE,Kent,10001,DEPRESSION,22.5
2023,FL,DeSoto,12027,MHLTH,18.9
2023,GA,Gilmer,13123,MHLTH,16.0
2023,FL,Brevard,12009,MHLTH,15.9
2023,CO,Adams,08001,DEPRESSION,20.7
2022,FL,Suwannee,12121,SLEEP,42.3
2022,CA,Tehama,06103,SLEEP,34.9
2023,FL,Hardee,12049,MHLTH,19.0
2023,CO,La Plata,08067,DEPRESSION,21.9
2022,CO,Park,08093,SLEEP,28.0
2023,CA,San Diego,06073,MHLTH,16.3
2023,FL,Levy,12075,DEPRESSION,19.0
2023,FL,Citrus,12017,MHLTH,15.9
2023,FL,Hernando,12053,MHLTH,16.7
2023,FL,Palm Beach,12099,DEPRESSION,15.3
2023,FL,Pinellas,12103,DEPRESSION,19.3
2023,FL,Madison,12079,DEPRESSION,18.6
2023,GA,Camden,13039,DEPRESSION,20.9
2023,CO,Ouray,08091,DEPRESSION,21.1
2023,GA,Henry,13151,MHLTH,16.9
2023,CA,Tehama,06103,MHLTH,18.8
2023,CO,Kit Carson,08063,DEPRESSION,23.3
2023,FL,Flagler,12035,MHLTH,14.8
2023,FL,Holmes,12059,DEPRESSION,20.8
2023,FL,St. Lucie,12111,MHLTH,16.4
2023,CO,Dolores,08033,DEPRESSION,22.7
2023,FL,Jackson,12063,DEPRESSION,19.3
2023,CO,Hinsdale,08053,DEPRESSION,20.2
2023,CO,Grand,08049,DEPRESSION,22.6
2023,GA,Jasper,13159,DEPRESSION,21.7
2022,FL,Polk,12105,SLEEP,42.4
2022,GA,Appling,13001,SLEEP,37.3
2022,CT,Capitol,09110,SLEEP,36.8
2023,GA,Henry,13151,DEPRESSION,17.6
2023,FL,Union,12125,MHLTH,19.5
2022,FL,Washington,12133,SLEEP,42.1
2023,CO,El Paso,08041,DEPRESSION,25.4
2022,GA,Grady,13131,SLEEP,38.8
2022,CO,Clear Creek,08019,SLEEP,27.9
2023,FL,Suwannee,12121,MHLTH,18.2
2023,CO,Garfield,08045,DEPRESSION,21.1
2022,FL,Miami-Dade,12086,SLEEP,38.4
2023,CO,Eagle,08037,DEPRESSION,20.4
2022,CO,Boulder,08013,SLEEP,24.1
2023,CO,Logan,08075,DEPRESSION,23.6
2023,CO,Delta,08029,DEPRESSION,23.6
2023,GA,Haralson,13143,DEPRESSION,23.8
2023,CO,Montezuma,08083,DEPRESSION,23.6
2022,GA,Jefferson,13163,SLEEP,43.6
2022,GA,Barrow,13013,SLEEP,37.8
2023,CO,Costilla,08023,DEPRESSION,19.5
2023,FL,Marion,12083,MHLTH,16.6
2022,CO,Summit,08117,SLEEP,28.7
2023,FL,Hardee,12049,DEPRESSION,18.0
2023,GA,Dooly,13093,DEPRESSION,17.8
2023,GA,Early,13099,MHLTH,19.0
2023,CA,Santa Cruz,06087,MHLTH,16.7
2023,FL,St. Johns,12109,MHLTH,14.4
2022,CO,Logan,08075,SLEEP,33.7
2022,CO,Routt,08107,SLEEP,26.6
2023,GA,Cook,13075,DEPRESSION,22.2
2023,FL,Hernando,12053,DEPRESSION,19.7
2023,GA,Habersham,13137,MHLTH,17.6
2023,GA,Clinch,13065,MHLTH,20.1
2023,GA,Gilmer,13123,DEPRESSION,20.7
2023,FL,Sarasota,12115,DEPRESSION,17.9
2023,GA,Banks,13011,MHLTH,18.3
2022,CO,Weld,08123,SLEEP,33.6
2023,CO,Washington,08121,DEPRESSION,22.6
2023,GA,Chatham,13051,MHLTH,16.6
2023,FL,Miami-Dade,12086,MHLTH,14.4
2022,GA,DeKalb,13089,SLEEP,37.0
2022,GA,Baldwin,13009,SLEEP,41.2
2022,GA,Bulloch,13031,SLEEP,37.1
2022,FL,Lee,12071,SLEEP,33.8
2022,CO,Montezuma,08083,SLEEP,29.8
2022,FL,Levy,12075,SLEEP,39.8
2023,FL,Gadsden,12039,MHLTH,18.8
2022,GA,Chattooga,13055,SLEEP,36.9
2023,GA,Harris,13145,MHLTH,15.3
2023,CO,Clear Creek,08019,DEPRESSION,21.3
2023,CO,Chaffee,08015,DEPRESSION,21.6
2023,GA,DeKalb,13089,DEPRESSION,16.9
2023,CO,Boulder,08013,DEPRESSION,23.3
2023,CO,Baca,08009,DEPRESSION,24.2
2023,GA,Carroll,13045,MHLTH,18.7
2023,GA,Brantley,13025,DEPRESSION,24.0
2023,FL,Jefferson,12065,MHLTH,17.2
2023,CT,Southeastern Connecticut,09180,DEPRESSION,23.1
2022,CO,Mesa,08077,SLEEP,29.4
2023,CT,South Central Connecticut,09170,MHLTH,16.1
2023,FL,Sumter,12119,DEPRESSION,14.1
2022,CO,La Plata,08067,SLEEP,27.5
2022,CA,Tulare,06107,SLEEP,34.9
2022,CO,Pueblo,08101,SLEEP,36.7
2023,FL,Lake,12069,MHLTH,15.7
2023,GA,Charlton,13049,DEPRESSION,20.1
2023,FL,Bay,12005,MHLTH,17.7
2023,CA,Yolo,06113,DEPRESSION,23.6
2023,GA,Candler,13043,MHLTH,18.9
2022,GA,Bacon,13005,SLEEP,39.6
2023,CA,Tuolumne,06109,MHLTH,16.8
2023,DC,District of Columbia,11001,MHLTH,14.1
2023,CO,Morgan,08087,DEPRESSION,21.7
2023,FL,Monroe,12087,MHLTH,14.4
2022,GA,Coffee,13069,SLEEP,36.2
2023,FL,Collier,12021,MHLTH,13.3
2023,GA,Berrien,13019,DEPRESSION,22.9
2023,CT,Northwest Hills,09160,MHLTH,15.2
2023,GA,Butts,13035,DEPRESSION,20.4
2023,GA,Jeff Davis,13161,DEPRESSION,22.2
2023,DE,Sussex,10005,DEPRESSION,20.4
2023,GA,Colquitt,13071,DEPRESSION,21.7
2023,GA,Burke,13033,MHLTH,19.4
2023,FL,Okaloosa,12091,MHLTH,17.4
2022,GA,Emanuel,13107,SLEEP,40.8
2022,GA,Coweta,13077,SLEEP,36.4
2022,CA,Santa Clara,06085,SLEEP,31.7
2022,FL,Okaloosa,12091,SLEEP,36.7
2023,CO,Las Animas,08071,DEPRESSION,21.7
2022,CA,San Bernardino,06071,SLEEP,37.8
2023,GA,Columbia,13073,DEPRESSION,19.4
2023,FL,Okaloosa,12091,DEPRESSION,19.1
2023,CO,Rio Grande,08105,DEPRESSION,21.0
2023,GA,Houston,13153,DEPRESSION,20.5
2022,GA,Jenkins,13165,SLEEP,42.8
2023,GA,Forsyth,13117,MHLTH,13.2
2023,GA,Gordon,13129,MHLTH,18.7
2023,FL,Orange,12095,DEPRESSION,16.6
2023,CO,Jackson,08057,DEPRESSION,23.0
2022,GA,Clarke,13059,SLEEP,33.7
2023,CO,San Miguel,08113,DEPRESSION,21.9
2022,GA,Cobb,13067,SLEEP,35.8
2023,CO,Pitkin,08097,DEPRESSION,20.4
2023,CO,Mineral,08079,DEPRESSION,21.5
2023,FL,Washington,12133,DEPRESSION,20.4
2022,GA,Fannin,13111,SLEEP,34.9
2023,GA,Jackson,13157,DEPRESSION,20.5
2023,FL,Wakulla,12129,DEPRESSION,18.0
2023,GA,Dougherty,13095,MHLTH,19.2
2023,CT,Greater Bridgeport,09120,MHLTH,15.7
2023,CO,Delta,08029,MHLTH,16.2
2023,CA,Trinity,06105,MHLTH,18.1
2023,GA,Clarke,13059,DEPRESSION,22.2
2022,FL,Sumter,12119,SLEEP,29.2
2022,CA,Santa Cruz,06087,SLEEP,32.4
2022,CO,Las Animas,08071,SLEEP,33.9
2023,GA,Crawford,13079,DEPRESSION,20.6
2022,GA,Columbia,13073,SLEEP,35.3
2023,GA,Cherokee,13057,MHLTH,16.0
2022,FL,Hillsborough,12057,SLEEP,38.4
2022,CT,South Central Connecticut,09170,SLEEP,37.2
2023,CA,Santa Barbara,06083,DEPRESSION,21.7
2023,GA,Glascock,13125,DEPRESSION,22.5
2022,GA,Glynn,13127,SLEEP,38.5
2023,GA,Evans,13109,MHLTH,19.4
2022,CO,Custer,08027,SLEEP,29.2
2023,FL,Miami-Dade,12086,DEPRESSION,13.5
2023,CA,San Francisco,06075,DEPRESSION,19.4
2022,FL,Pinellas,12103,SLEEP,36.0
2022,CO,Arapahoe,08005,SLEEP,32.6
2022,FL,Liberty,12077,SLEEP,40.4
2022,GA,Jackson,13157,SLEEP,37.6
2023,CO,Archuleta,08007,MHLTH,14.3
2023,FL,Lee,12071,DEPRESSION,16.9
2022,GA,Gwinnett,13135,SLEEP,37.0
2022,GA,Fulton,13121,SLEEP,39.8
2022,CA,Sutter,06101,SLEEP,35.9
2022,FL,Broward,12011,SLEEP,39.7
2022,DE,Sussex,10005,SLEEP,32.5
2023,GA,Bacon,13005,DEPRESSION,22.1
2023,CA,San Joaquin,06077,MHLTH,17.2
2022,FL,Gilchrist,12041,SLEEP,38.3
2022,CO,Morgan,08087,SLEEP,32.2
2023,ID,Custer,16037,MHLTH,14.2
2023,ID,Valley,16085,MHLTH,14.4
2022,IL,Sangamon,17167,SLEEP,35.3
2023,GA,Washington,13303,MHLTH,18.8
2023,IL,Cumberland,17035,DEPRESSION,22.9
2023,IL,Macoupin,17117,MHLTH,17.3
2023,IL,Stark,17175,DEPRESSION,22.3
2022,ID,Elmore,16039,SLEEP,36.9
2023,GA,Taylor,13269,MHLTH,19.6
2023,IL,Marion,17121,DEPRESSION,23.5
2022,GA,Seminole,13253,SLEEP,38.7
2022,ID,Shoshone,16079,SLEEP,35.5
2023,IL,Montgomery,17135,DEPRESSION,22.3
2023,HI,Maui,15009,DEPRESSION,15.8
2023,GA,Newton,13217,MHLTH,18.3
2022,GA,Wilkinson,13319,SLEEP,42.6
2022,GA,Lamar,13171,SLEEP,38.8
2023,ID,Blaine,16013,DEPRESSION,18.9
2023,IL,Wabash,17185,MHLTH,17.5
2022,ID,Benewah,16009,SLEEP,33.8
2023,GA,Webster,13307,MHLTH,17.9
2023,GA,Upson,13293,DEPRESSION,21.2
2023,IL,Gallatin,17059,MHLTH,17.5
2023,IL,Bond,17005,DEPRESSION,22.8
2023,GA,Laurens,13175,DEPRESSION,20.3
2023,GA,Worth,13321,MHLTH,19.0
2023,ID,Nez Perce,16069,MHLTH,16.3
2022,IL,Grundy,17063,SLEEP,34.1
2022,GA,Troup,13285,SLEEP,39.0
2023,GA,Pike,13231,DEPRESSION,21.7
2023,GA,Richmond,13245,DEPRESSION,20.4
2022,IL,Kendall,17093,SLEEP,34.5
2022,IL,Alexander,17003,SLEEP,40.3
2023,IL,Kankakee,17091,DEPRESSION,21.4
2023,IL,Champaign,17019,DEPRESSION,22.6
2023,GA,Polk,13233,MHLTH,19.0
2023,IL,Bureau,17011,MHLTH,16.6
2022,IL,Stephenson,17177,SLEEP,35.5
2023,GA,Oconee,13219,MHLTH,13.9
2023,IL,Christian,17021,DEPRESSION,22.4
2023,GA,Miller,13201,MHLTH,18.2
2022,IL,Bond,17005,SLEEP,37.9
2023,IL,Schuyler,17169,MHLTH,17.0
2023,GA,Wilkes,13317,MHLTH,17.6
2023,ID,Boise,16015,MHLTH,13.6
2023,ID,Madison,16065,DEPRESSION,27.9
2022,GA,Terrell,13273,SLEEP,44.0
2023,GA,Treutlen,13283,DEPRESSION,21.8
2023,IL,Jackson,17077,DEPRESSION,23.0
2023,IL,Logan,17107,MHLTH,17.5
2023,IL,Clay,17025,DEPRESSION,23.6
2022,IL,Hamilton,17065,SLEEP,35.7
2023,GA,Jones,13169,MHLTH,17.9
2023,ID,Jefferson,16051,MHLTH,16.3
2022,IL,Warren,17187,SLEEP,35.7
2023,IL,Moultrie,17139,DEPRESSION,23.7
2023,GA,Muscogee,13215,DEPRESSION,19.6
2023,IL,Lake,17097,MHLTH,14.1
2022,IL,Marshall,17123,SLEEP,35.7
2022,ID,Ada,16001,SLEEP,30.3
2022,GA,Wheeler,13309,SLEEP,42.4
2023,ID,Boundary,16021,MHLTH,15.8
2023,GA,Meriwether,13199,MHLTH,18.5
2022,IL,Edwards,17047,SLEEP,34.6
2022,GA,Meriwether,13199,SLEEP,41.6
2022,IL,Montgomery,17135,SLEEP,34.8
2023,ID,Kootenai,16055,DEPRESSION,23.7
2022,IL,Marion,17121,SLEEP,36.9
2023,IL,Sangamon,17167,DEPRESSION,21.1
2023,IL,Mason,17125,DEPRESSION,22.6
2023,GA,Telfair,13271,MHLTH,19.7
2023,GA,Pierce,13229,DEPRESSION,22.5
2022,GA,Tattnall,13267,SLEEP,42.1
2022,GA,Muscogee,13215,SLEEP,43.9
2022,IL,DuPage,17043,SLEEP,34.5
2023,GA,Spalding,13255,MHLTH,18.3
2022,IL,Brown,17009,SLEEP,39.8
2023,GA,Lowndes,13185,MHLTH,19.3
2023,IL,Henry,17073,DEPRESSION,21.8
2023,IL,Jersey,17083,DEPRESSION,22.8
2022,ID,Valley,16085,SLEEP,32.7
2023,IL,Johnson,17087,DEPRESSION,21.5
2023,IL,McHenry,17111,MHLTH,15.4
2023,IL,Effingham,17049,MHLTH,16.7
2023,GA,Warren,13301,MHLTH,18.2
2023,IL,Mercer,17131,MHLTH,16.9
2022,IL,Moultrie,17139,SLEEP,34.7
2023,IL,Lee,17103,DEPRESSION,21.2
2022,IL,McDonough,17109,SLEEP,35.7
2022,ID,Clark,16033,SLEEP,34.0
2023,GA,Murray,13213,DEPRESSION,22.4
2023,ID,Bonner,16017,MHLTH,14.5
2023,IL,Hardin,17069,DEPRESSION,22.4
2023,GA,Screven,13251,MHLTH,18.5
2023,ID,Cassia,16031,MHLTH,16.6
2022,IL,Fayette,17051,SLEEP,37.3
2022,GA,Ware,13299,SLEEP,37.9
2023,IL,Adams,17001,MHLTH,16.7
2023,IL,Boone,17007,MHLTH,16.7
2023,GA,Long,13183,MHLTH,19.8
2023,ID,Payette,16075,DEPRESSION,22.5
2022,IL,Fulton,17057,SLEEP,36.8
2023,GA,Walton,13297,MHLTH,17.3
2023,GA,White,13311,DEPRESSION,21.1
2023,GA,Liberty,13179,MHLTH,19.4
2023,IL,Massac,17127,MHLTH,17.7
2023,IL,Saline,17165,DEPRESSION,23.3
2022,ID,Caribou,16029,SLEEP,32.8
2022,IL,Kankakee,17091,SLEEP,39.7
2023,IL,Coles,17029,DEPRESSION,24.1
2023,GA,Twiggs,13289,MHLTH,18.1
2022,GA,Mitchell,13205,SLEEP,43.4
2023,IL,Ogle,17141,MHLTH,16.4
2022,ID,Washington,16087,SLEEP,31.7
2023,GA,Treutlen,13283,MHLTH,20.8
2023,HI,Honolulu,15003,DEPRESSION,15.1
2023,IL,Putnam,17155,DEPRESSION,21.1
2023,GA,Screven,13251,DEPRESSION,20.0
2023,GA,Taliaferro,13265,MHLTH,17.0
2022,IL,Randolph,17157,SLEEP,37.0
2023,IL,Carroll,17015,MHLTH,16.6
2023,IL,Iroquois,17075,MHLTH,17.4
2023,IL,Washington,17189,MHLTH,16.3
2023,GA,Thomas,13275,MHLTH,17.4
2023,ID,Gem,16045,DEPRESSION,21.8
2023,GA,Marion,13197,DEPRESSION,20.4
2023,HI,Kalawao,15005,MHLTH,13.6
2023,IL,Hancock,17067,MHLTH,16.3
2023,ID,Shoshone,16079,DEPRESSION,22.9
2023,GA,Whitfield,13313,DEPRESSION,20.2
2023,GA,Toombs,13279,DEPRESSION,20.8
2023,GA,Paulding,13223,MHLTH,17.1
2022,ID,Gem,16045,SLEEP,31.5
2023,ID,Cassia,16031,DEPRESSION,22.1
2022,IL,Union,17181,SLEEP,35.1
2022,GA,Putnam,13237,SLEEP,36.7
2022,IL,Menard,17129,SLEEP,35.0
2023,GA,Putnam,13237,MHLTH,16.7
2023,GA,Montgomery,13209,DEPRESSION,21.1
2023,IL,Jefferson,17081,DEPRESSION,22.7
2022,IL,Will,17197,SLEEP,37.3
2022,GA,Wilcox,13315,SLEEP,41.1
2022,IL,Hancock,17067,SLEEP,33.6
2023,IL,Edgar,17045,MHLTH,17.2
2023,IL,Union,17181,MHLTH,17.5
2023,GA,Rockdale,13247,DEPRESSION,17.6
2022,IL,Peoria,17143,SLEEP,36.9
2022,GA,Whitfield,13313,SLEEP,38.4
2023,IL,De Witt,17039,DEPRESSION,22.5
2023,IL,Ogle,17141,DEPRESSION,21.8
2023,IL,Cook,17031,DEPRESSION,18.7
2022,GA,Lincoln,13181,SLEEP,37.1
2023,GA,Sumter,13261,DEPRESSION,19.2
2022,IL,Washington,17189,SLEEP,34.6
2022,IL,Madison,17119,SLEEP,35.2
2022,IL,Greene,17061,SLEEP,36.1
2023,GA,Macon,13193,DEPRESSION,18.1
2023,IL,Iroquois,17075,DEPRESSION,22.8
2022,ID,Boise,16015,SLEEP,31.0
2022,ID,Twin Falls,16083,SLEEP,33.4
2023,ID,Adams,16003,MHLTH,14.8
2023,IL,McLean,17113,MHLTH,16.7
2022,ID,Idaho,16049,SLEEP,28.5
2023,IL,Ford,17053,MHLTH,17.5
2022,GA,Oglethorpe,13221,SLEEP,37.4
2022,ID,Bonneville,16019,SLEEP,36.4
2023,ID,Lewis,16061,DEPRESSION,21.9
2022,GA,Johnson,13167,SLEEP,38.5
2023,IL,Rock Island,17161,DEPRESSION,20.4
2022,HI,Kauai,15007,SLEEP,42.5
2023,ID,Teton,16081,MHLTH,14.1
2023,ID,Clearwater,16035,DEPRESSION,20.8
2022,GA,Rabun,13241,SLEEP,31.6
2022,ID,Canyon,16027,SLEEP,34.8
2023,ID,Owyhee,16073,DEPRESSION,22.2
2023,ID,Washington,16087,MHLTH,16.1
2023,IL,McDonough,17109,MHLTH,18.6
2023,GA,Stephens,13257,MHLTH,18.7
2023,GA,Liberty,13179,DEPRESSION,19.7
2023,GA,McDuffie,13189,MHLTH,18.5
2023,ID,Bingham,16011,MHLTH,17.1
2022,IL,Christian,17021,SLEEP,36.5
2023,ID,Fremont,16043,MHLTH,16.2
2023,IL,Piatt,17147,DEPRESSION,21.7
2023,ID,Gem,16045,MHLTH,15.3
2022,GA,Upson,13293,SLEEP,38.6
2022,IL,Gallatin,17059,SLEEP,36.3
2023,IL,Monroe,17133,DEPRESSION,21.3
2023,IL,Edwards,17047,DEPRESSION,23.6
2022,IL,Knox,17095,SLEEP,36.7
2022,GA,Long,13183,SLEEP,41.3
2023,GA,Pickens,13227,MHLTH,17.1
2022,GA,Marion,13197,SLEEP,38.5
2023,IL,Greene,17061,MHLTH,17.8
2023,IL,St. Clair,17163,DEPRESSION,20.9
2023,IL,DeKalb,17037,MHLTH,18.3
2023,IL,LaSalle,17099,DEPRESSION,22.3
2023,GA,Wilkinson,13319,DEPRESSION,20.1
2023,GA,Lanier,13173,MHLTH,19.8
2023,GA,Lumpkin,13187,MHLTH,18.3
2022,IL,Monroe,17133,SLEEP,34.0
2022,ID,Clearwater,16035,SLEEP,33.7
2023,GA,Randolph,13243,MHLTH,19.2
2023,GA,Mitchell,13205,MHLTH,19.3
2023,IL,Lee,17103,MHLTH,16.6
2022,ID,Cassia,16031,SLEEP,34.1
2023,IL,Jo Daviess,17085,DEPRESSION,20.6
2023,GA,Sumter,13261,MHLTH,19.1
2023,GA,Lamar,13171,DEPRESSION,20.9
2022,GA,White,13311,SLEEP,32.7
2022,IL,Boone,17007,SLEEP,36.8
2023,GA,Oconee,13219,DEPRESSION,19.5
2023,GA,Walker,13295,MHLTH,18.0
2022,ID,Jerome,16053,SLEEP,34.2
2022,GA,Webster,13307,SLEEP,40.3
2022,GA,Spalding,13255,SLEEP,41.0
2023,IL,Whiteside,17195,MHLTH,16.6
2022,IL,Calhoun,17013,SLEEP,33.1
2022,IL,Henry,17073,SLEEP,34.1
2023,ID,Latah,16057,DEPRESSION,23.4
2023,ID,Jerome,16053,DEPRESSION,21.6
2023,HI,Kauai,15007,DEPRESSION,16.4
2023,GA,Terrell,13273,DEPRESSION,19.4
2023,IL,Brown,17009,MHLTH,18.1
2023,ID,Lemhi,16059,MHLTH,14.8
2022,IL,Piatt,17147,SLEEP,33.6
2023,IL,Clinton,17027,DEPRESSION,21.7
2023,ID,Clark,16033,MHLTH,15.7
2022,IL,Cass,17017,SLEEP,36.4
2023,IL,Monroe,17133,MHLTH,14.9
2022,IL,Stark,17175,SLEEP,35.8
2023,GA,Union,13291,MHLTH,15.1
2023,GA,Miller,13201,DEPRESSION,21.1
2023,GA,Oglethorpe,13221,DEPRESSION,20.8
2022,IL,Scott,17171,SLEEP,34.3
2023,ID,Gooding,16047,MHLTH,16.7
2022,ID,Fremont,16043,SLEEP,32.3
2022,GA,Lumpkin,13187,SLEEP,35.0
2023,IL,Tazewell,17179,DEPRESSION,23.0
2022,IL,Tazewell,17179,SLEEP,36.1
2023,IL,Peoria,17143,DEPRESSION,22.1
2023,GA,Towns,13281,DEPRESSION,20.3
2023,IL,Fulton,17057,MHLTH,17.6
2022,IL,Adams,17001,SLEEP,36.3
2023,IL,Livingston,17105,MHLTH,17.2
2023,GA,Wayne,13305,MHLTH,19.7
2022,IL,Massac,17127,SLEEP,36.6
2023,GA,Richmond,13245,MHLTH,19.4
2023,IL,Knox,17095,DEPRESSION,21.9
2023,GA,Stewart,13259,DEPRESSION,17.3
2022,IL,Mason,17125,SLEEP,34.1
2023,IL,Fayette,17051,MHLTH,18.1
2022,IL,Jersey,17083,SLEEP,35.4
2023,ID,Bear Lake,16007,MHLTH,15.9
2023,ID,Twin Falls,16083,DEPRESSION,23.7
2023,GA,Tattnall,13267,DEPRESSION,20.2
2023,IL,Lawrence,17101,MHLTH,18.2
2023,IL,Wayne,17191,MHLTH,17.8
2023,IL,Mercer,17131,DEPRESSION,22.4
2023,ID,Power,16077,MHLTH,16.5
2022,GA,Liberty,13179,SLEEP,38.8
2023,IL,Macoupin,17117,DEPRESSION,22.9
2023,GA,Madison,13195,MHLTH,18.8
2023,IL,Schuyler,17169,DEPRESSION,21.9
2023,IL,Marshall,17123,MHLTH,16.7
2023,GA,Wheeler,13309,MHLTH,19.2
2022,GA,Rockdale,13247,SLEEP,42.2
2023,IL,Henderson,17071,MHLTH,15.9
2023,IL,Cass,17017,DEPRESSION,21.6
2023,ID,Oneida,16071,DEPRESSION,22.0
2023,IL,Grundy,17063,MHLTH,16.8
2022,IL,Franklin,17055,SLEEP,38.4
2023,GA,Lincoln,13181,MHLTH,17.5
2023,IL,Douglas,17041,MHLTH,17.4
2023,IL,Alexander,17003,MHLTH,18.2
2022,GA,Macon,13193,SLEEP,46.8
2023,ID,Bannock,16005,DEPRESSION,25.0
2023,IL,Morgan,17137,MHLTH,17.4
2022,GA,Screven,13251,SLEEP,41.6
2023,IL,Warren,17187,MHLTH,17.3
2023,IL,Shelby,17173,MHLTH,16.7
2023,GA,Monroe,13207,DEPRESSION,20.0
2023,IL,Pope,17151,DEPRESSION,21.3
2022,IL,Johnson,17087,SLEEP,37.5
2022,IL,Mercer,17131,SLEEP,34.7
2023,IL,Menard,17129,DEPRESSION,22.5
2022,IL,Macoupin,17117,SLEEP,35.6
2023,IL,Bond,17005,MHLTH,17.9
2023,GA,Quitman,13239,MHLTH,17.3
2022,IL,McLean,17113,SLEEP,34.2
2023,IL,Kendall,17093,MHLTH,15.4
2023,ID,Elmore,16039,MHLTH,17.5
2023,GA,Peach,13225,DEPRESSION,19.5
2022,IL,Coles,17029,SLEEP,37.2
2023,IL,Logan,17107,DEPRESSION,22.2
2022,GA,Polk,13233,SLEEP,37.6
2022,GA,Miller,13201,SLEEP,38.0
2022,GA,Talbot,13263,SLEEP,40.0
2023,GA,Tift,13277,DEPRESSION,21.0
2023,GA,Pulaski,13235,MHLTH,19.6
2023,IL,Jasper,17079,DEPRESSION,22.6
2023,ID,Idaho,16049,DEPRESSION,20.9
2023,GA,Turner,13287,MHLTH,19.9
2023,IL,Richland,17159,DEPRESSION,23.0
2022,IL,Effingham,17049,SLEEP,34.2
2023,GA,Morgan,13211,DEPRESSION,19.6
2023,ID,Ada,16001,DEPRESSION,25.0
2022,GA,Washington,13303,SLEEP,42.4
2023,IL,Morgan,17137,DEPRESSION,22.5
2023,IL,Macon,17115,MHLTH,17.3
2023,GA,Seminole,13253,MHLTH,17.4
2022,GA,Lowndes,13185,SLEEP,39.8
2023,GA,Wilcox,13315,DEPRESSION,19.2
2022,IL,Wabash,17185,SLEEP,35.7
2022,ID,Franklin,16041,SLEEP,33.2
2023,HI,Hawaii,15001,DEPRESSION,20.0
2023,IL,Champaign,17019,MHLTH,17.3
2023,IL,Stephenson,17177,MHLTH,16.9
2023,IL,Calhoun,17013,DEPRESSION,21.2
2022,HI,Honolulu,15003,SLEEP,48.2
2022,IL,Hardin,17069,SLEEP,36.5
2022,GA,Morgan,13211,SLEEP,36.4
2023,ID,Camas,16025,MHLTH,14.4
2023,ID,Owyhee,16073,MHLTH,17.1
2022,GA,Twiggs,13289,SLEEP,39.0
2023,ID,Caribou,16029,MHLTH,16.4
2023,GA,Johnson,13167,DEPRESSION,20.2
2022,IL,White,17193,SLEEP,36.3
2022,ID,Payette,16075,SLEEP,30.1
2023,GA,Schley,13249,MHLTH,17.7
2023,ID,Elmore,16039,DEPRESSION,22.8
2023,GA,Talbot,13263,DEPRESSION,18.5
2022,GA,Schley,13249,SLEEP,38.4
2022,ID,Latah,16057,SLEEP,28.1
2023,ID,Lincoln,16063,DEPRESSION,21.7
2022,HI,Hawaii,15001,SLEEP,38.1
2022,IL,Crawford,17033,SLEEP,35.7
2022,IL,Logan,17107,SLEEP,36.5
2023,IL,Putnam,17155,MHLTH,15.5
2023,GA,Spalding,13255,DEPRESSION,20.0
2022,ID,Lincoln,16063,SLEEP,32.8
2023,ID,Franklin,16041,MHLTH,16.7
2022,IL,Pope,17151,SLEEP,34.6
2022,IL,Macon,17115,SLEEP,38.2
2023,GA,Taylor,13269,DEPRESSION,21.0
2023,IL,Hardin,17069,MHLTH,17.1
2023,IL,Vermilion,17183,MHLTH,18.2
2023,IL,Montgomery,17135,MHLTH,17.4
2022,IL,St. Clair,17163,SLEEP,37.8
2023,ID,Butte,16023,DEPRESSION,23.8
2022,IL,Champaign,17019,SLEEP,34.6
2023,IL,Henry,17073,MHLTH,16.2
2023,ID,Valley,16085,DEPRESSION,21.2
2023,GA,Upson,13293,MHLTH,19.0
2023,IL,Lake,17097,DEPRESSION,18.1
2023,IL,Grundy,17063,DEPRESSION,22.0
2023,GA,Laurens,13175,MHLTH,18.8
2022,IL,LaSalle,17099,SLEEP,35.9
2023,ID,Gooding,16047,DEPRESSION,20.9
2023,GA,Meriwether,13199,DEPRESSION,20.4
2023,GA,Telfair,13271,DEPRESSION,19.8
2023,IL,Will,17197,DEPRESSION,18.9
2023,ID,Latah,16057,MHLTH,17.2
2023,IL,Cumberland,17035,MHLTH,16.8
2023,GA,Troup,13285,DEPRESSION,20.7
2022,ID,Bannock,16005,SLEEP,36.3
2023,IL,De Witt,17039,MHLTH,17.0
2023,HI,Honolulu,15003,MHLTH,14.2
2022,GA,Stephens,13257,SLEEP,34.1
2022,IL,Morgan,17137,SLEEP,37.2
2023,IL,Sangamon,17167,MHLTH,16.3
2022,GA,Pierce,13229,SLEEP,35.3
2023,IL,DuPage,17043,DEPRESSION,17.4
2023,IL,Marion,17121,MHLTH,18.1
2022,ID,Nez Perce,16069,SLEEP,34.3
2023,IL,Vermilion,17183,DEPRESSION,22.9
2023,GA,Long,13183,DEPRESSION,21.3
2022,GA,Madison,13195,SLEEP,38.2
2023,IL,Effingham,17049,DEPRESSION,22.5
2023,IL,Rock Island,17161,MHLTH,16.9
2023,IL,Union,17181,DEPRESSION,22.8
2023,ID,Oneida,16071,MHLTH,15.8
2023,ID,Benewah,16009,MHLTH,16.6
2022,ID,Camas,16025,SLEEP,30.8
2022,ID,Butte,16023,SLEEP,33.0
2022,IL,Jo Daviess,17085,SLEEP,32.6
2023,IL,Perry,17145,MHLTH,18.2
2023,ID,Nez Perce,16069,DEPRESSION,23.9
2023,IL,Wayne,17191,DEPRESSION,23.3
2023,IL,Johnson,17087,MHLTH,17.5
2022,ID,Custer,16037,SLEEP,29.9
2023,GA,Worth,13321,DEPRESSION,21.7
2022,IL,Wayne,17191,SLEEP,35.8
2023,ID,Bear Lake,16007,DEPRESSION,22.2
2023,IL,Jersey,17083,MHLTH,16.8
2022,GA,Telfair,13271,SLEEP,42.8
2022,GA,Worth,13321,SLEEP,36.8
2023,ID,Canyon,16027,DEPRESSION,23.1
2023,GA,Rockdale,13247,MHLTH,17.1
2022,ID,Kootenai,16055,SLEEP,33.6
2023,ID,Butte,16023,MHLTH,17.2
2023,GA,Webster,13307,DEPRESSION,19.3
2022,GA,Walker,13295,SLEEP,39.4
2023,ID,Franklin,16041,DEPRESSION,22.8
2022,GA,Peach,13225,SLEEP,40.2
2023,GA,Toombs,13279,MHLTH,19.0
2022,GA,Wilkes,13317,SLEEP,39.1
2023,IL,Crawford,17033,DEPRESSION,22.3
2023,IL,Christian,17021,MHLTH,17.4
2022,IL,Whiteside,17195,SLEEP,34.1
2022,GA,Randolph,13243,SLEEP,42.2
2023,GA,Washington,13303,DEPRESSION,19.4
2022,GA,Quitman,13239,SLEEP,39.4
2022,IL,Perry,17145,SLEEP,38.8
2023,ID,Kootenai,16055,MHLTH,16.1
2023,ID,Custer,16037,DEPRESSION,20.6
2023,GA,Pike,13231,MHLTH,17.6
2023,GA,McIntosh,13191,MHLTH,17.7
2022,ID,Power,16077,SLEEP,33.5
2023,GA,Lee,13177,MHLTH,16.7
2023,GA,Newton,13217,DEPRESSION,18.8
2022,GA,Towns,13281,SLEEP,31.4
2023,GA,McDuffie,13189,DEPRESSION,20.4
2023,GA,Twiggs,13289,DEPRESSION,19.1
2023,GA,White,13311,MHLTH,16.7
2022,GA,Monroe,13207,SLEEP,35.8
2023,IL,Gallatin,17059,DEPRESSION,23.0
2022,IL,Richland,17159,SLEEP,36.0
2023,IL,Coles,17029,MHLTH,18.7
2022,HI,Kalawao,15005,SLEEP,42.4
2023,IL,Hamilton,17065,DEPRESSION,23.3
2023,IL,Pike,17149,MHLTH,17.7
2023,IL,Cass,17017,MHLTH,17.2
2023,IL,Clay,17025,MHLTH,18.2
2022,GA,Stewart,13259,SLEEP,43.8
2022,GA,Laurens,13175,SLEEP,40.4
2023,GA,Polk,13233,DEPRESSION,22.5
2023,IL,Stark,17175,MHLTH,16.8
2023,GA,Putnam,13237,DEPRESSION,19.8
2022,ID,Boundary,16021,SLEEP,31.0
2023,IL,Cook,17031,MHLTH,14.9
2022,GA,Union,13291,SLEEP,34.4
2023,GA,Macon,13193,MHLTH,19.6
2023,IL,Madison,17119,MHLTH,17.1
2023,ID,Bonner,16017,DEPRESSION,21.3
2023,ID,Payette,16075,MHLTH,16.4
2023,IL,Ford,17053,DEPRESSION,22.9
2022,IL,Lawrence,17101,SLEEP,38.8
2023,IL,Kane,17089,MHLTH,15.0
2022,GA,McIntosh,13191,SLEEP,37.1
2022,ID,Lemhi,16059,SLEEP,31.4
2023,GA,Montgomery,13209,MHLTH,18.5
2022,GA,Tift,13277,SLEEP,37.7
2023,ID,Adams,16003,DEPRESSION,21.5
2023,HI,Maui,15009,MHLTH,14.9
2022,ID,Owyhee,16073,SLEEP,35.3
2023,IL,Wabash,17185,DEPRESSION,22.9
2022,GA,Paulding,13223,SLEEP,41.8
2023,GA,Wilkes,13317,DEPRESSION,19.2
2023,GA,Jones,13169,DEPRESSION,20.8
2023,IL,Massac,17127,DEPRESSION,22.8
2023,ID,Blaine,16013,MHLTH,13.1
2023,GA,Mitchell,13205,DEPRESSION,20.0
2023,ID,Minidoka,16067,DEPRESSION,20.8
2022,IL,Ford,17053,SLEEP,37.6
2023,IL,Edgar,17045,DEPRESSION,22.8
2023,ID,Clearwater,16035,MHLTH,14.9
2023,GA,Rabun,13241,MHLTH,15.6
2023,IL,Carroll,17015,DEPRESSION,21.3
2023,ID,Lewis,16061,MHLTH,15.8
2023,ID,Jefferson,16051,DEPRESSION,22.5
2023,GA,Whitfield,13313,MHLTH,17.7
2022,GA,Wayne,13305,SLEEP,39.3
2023,IL,Adams,17001,DEPRESSION,22.4
2023,IL,Pike,17149,DEPRESSION,23.2
2023,GA,Thomas,13275,DEPRESSION,19.7
2023,GA,Paulding,13223,DEPRESSION,20.4
2022,GA,Sumter,13261,SLEEP,41.7
2022,IL,Henderson,17071,SLEEP,34.3
2022,GA,McDuffie,13189,SLEEP,39.1
2022,IL,DeKalb,17037,SLEEP,34.6
2023,GA,Taliaferro,13265,DEPRESSION,17.5
2023,IL,Mason,17125,MHLTH,17.2
2022,IL,Livingston,17105,SLEEP,36.0
2023,IL,McHenry,17111,DEPRESSION,21.7
2022,IL,Shelby,17173,SLEEP,34.8
2023,IL,Livingston,17105,DEPRESSION,22.0
2022,IL,Jefferson,17081,SLEEP,37.2
2022,GA,Thomas,13275,SLEEP,39.2
2023,GA,Ware,13299,MHLTH,19.8
2022,GA,Richmond,13245,SLEEP,42.6
2023,IL,White,17193,MHLTH,18.1
2023,ID,Benewah,16009,DEPRESSION,22.4
2023,IL,Scott,17171,MHLTH,16.8
2023,IL,Clark,17023,MHLTH,16.8
2023,IL,Kankakee,17091,MHLTH,17.8
2023,ID,Madison,16065,MHLTH,22.7
2023,GA,Terrell,13273,MHLTH,19.5
2023,IL,Hancock,17067,DEPRESSION,22.0
2023,IL,Washington,17189,DEPRESSION,22.2
2023,GA,Marion,13197,MHLTH,18.0
2023,ID,Canyon,16027,MHLTH,16.6
2022,IL,De Witt,17039,SLEEP,36.4
2022,IL,Pulaski,17153,SLEEP,41.0
2023,HI,Kalawao,15005,DEPRESSION,14.3
2023,GA,Walton,13297,DEPRESSION,20.4
2023,IL,Madison,17119,DEPRESSION,22.2
2022,IL,Clark,17023,SLEEP,34.8
2022,IL,Cook,17031,SLEEP,35.6
2022,ID,Madison,16065,SLEEP,34.7
2022,IL,Saline,17165,SLEEP,37.9
2023,GA,Wilcox,13315,MHLTH,18.5
2023,IL,Scott,17171,DEPRESSION,22.7
2023,IL,Greene,17061,DEPRESSION,23.2
2023,IL,Piatt,17147,MHLTH,15.5
2023,GA,Randolph,13243,DEPRESSION,19.6
2023,ID,Bonneville,16019,MHLTH,16.5
2022,GA,Jones,13169,SLEEP,37.0
2023,IL,Clark,17023,DEPRESSION,22.5
2023,IL,Tazewell,17179,MHLTH,16.3
2023,IL,Warren,17187,DEPRESSION,22.4
2023,ID,Power,16077,DEPRESSION,21.2
2022,GA,Treutlen,13283,SLEEP,39.5
2023,IL,Peoria,17143,MHLTH,16.9
2022,IL,Kane,17089,SLEEP,34.7
2022,GA,Lanier,13173,SLEEP,39.2
2023,IL,Brown,17009,DEPRESSION,20.5
2023,GA,Wayne,13305,DEPRESSION,21.6
2022,ID,Minidoka,16067,SLEEP,33.0
2023,IL,Marshall,17123,DEPRESSION,22.5
2022,GA,Taliaferro,13265,SLEEP,41.6
2023,IL,Jefferson,17081,MHLTH,17.6
2022,IL,Lake,17097,SLEEP,33.1
2023,ID,Bingham,16011,DEPRESSION,23.0
2023,ID,Twin Falls,16083,MHLTH,16.6
2023,ID,Ada,16001,MHLTH,15.2
2022,IL,Carroll,17015,SLEEP,34.0
2022,ID,Teton,16081,SLEEP,30.6
2023,ID,Camas,16025,DEPRESSION,21.0
2022,IL,McHenry,17111,SLEEP,30.5
2022,IL,Ogle,17141,SLEEP,35.7
2023,GA,Pickens,13227,DEPRESSION,21.8
2023,IL,Henderson,17071,DEPRESSION,21.4
2023,IL,Randolph,17157,DEPRESSION,21.9
2023,IL,McDonough,17109,DEPRESSION,23.8
2022,GA,Murray,13213,SLEEP,35.5
2023,IL,Kane,17089,DEPRESSION,18.6
2023,IL,Menard,17129,MHLTH,16.4
2023,IL,Franklin,17055,MHLTH,18.4
2022,ID,Bingham,16011,SLEEP,33.3
2023,IL,Fayette,17051,DEPRESSION,22.4
2023,ID,Clark,16033,DEPRESSION,20.4
2022,IL,Iroquois,17075,SLEEP,35.6
2022,IL,Cumberland,17035,SLEEP,35.2
2022,GA,Montgomery,13209,SLEEP,39.3
2022,ID,Gooding,16047,SLEEP,32.6
2023,IL,Stephenson,17177,DEPRESSION,22.4
2023,ID,Lincoln,16063,MHLTH,16.7
2022,GA,Pike,13231,SLEEP,34.0
2023,IL,Knox,17095,MHLTH,17.5
2023,IL,Boone,17007,DEPRESSION,21.5
2023,GA,Towns,13281,MHLTH,14.7
2023,ID,Lemhi,16059,DEPRESSION,21.9
2022,ID,Jefferson,16051,SLEEP,33.5
2023,GA,Murray,13213,MHLTH,18.5
2022,IL,Vermilion,17183,SLEEP,36.7
2023,IL,Jo Daviess,17085,MHLTH,14.8
2022,ID,Blaine,16013,SLEEP,27.2
2023,GA,Stewart,13259,MHLTH,18.8
2023,IL,White,17193,DEPRESSION,23.5
2022,GA,Pickens,13227,SLEEP,33.0
2023,IL,Bureau,17011,DEPRESSION,22.5
2023,ID,Fremont,16043,DEPRESSION,22.1
2023,IL,Saline,17165,MHLTH,17.9
2023,GA,Rabun,13241,DEPRESSION,20.5
2022,IL,Pike,17149,SLEEP,35.4
2023,ID,Teton,16081,DEPRESSION,20.7
2022,HI,Maui,15009,SLEEP,41.3
2022,ID,Oneida,16071,SLEEP,31.6
2023,ID,Bonneville,16019,DEPRESSION,25.3
2023,GA,Pierce,13229,MHLTH,18.8
2023,IL,McLean,17113,DEPRESSION,22.3
2023,IL,DeKalb,17037,DEPRESSION,23.0
2022,IL,Rock Island,17161,SLEEP,35.5
2023,GA,Wilkinson,13319,MHLTH,18.4
2023,IL,Randolph,17157,MHLTH,17.5
2023,GA,Lanier,13173,DEPRESSION,22.0
2023,GA,Walker,13295,DEPRESSION,21.6
2023,IL,Edwards,17047,MHLTH,17.9
2023,IL,Whiteside,17195,DEPRESSION,21.5
2022,GA,Taylor,13269,SLEEP,39.8
2023,GA,Lumpkin,13187,DEPRESSION,22.5
2022,IL,Lee,17103,SLEEP,37.7
2022,GA,Newton,13217,SLEEP,40.7
2023,HI,Kauai,15007,MHLTH,14.6
2022,GA,Walton,13297,SLEEP,36.3
2023,GA,Stephens,13257,DEPRESSION,22.1
2023,ID,Boise,16015,DEPRESSION,21.4
2023,ID,Minidoka,16067,MHLTH,16.6
2023,GA,Oglethorpe,13221,MHLTH,17.2
2023,GA,Lowndes,13185,DEPRESSION,20.5
2023,GA,Peach,13225,MHLTH,18.0
2022,GA,Turner,13287,SLEEP,41.8
2022,ID,Lewis,16061,SLEEP,34.0
2023,IL,Hamilton,17065,MHLTH,17.8
2023,IL,Pulaski,17153,DEPRESSION,21.9
2023,GA,Schley,13249,DEPRESSION,20.8
2023,GA,Lee,13177,DEPRESSION,20.2
2023,GA,Ware,13299,DEPRESSION,21.9
2023,ID,Caribou,16029,DEPRESSION,22.0
2022,IL,Edgar,17045,SLEEP,37.0
2022,IL,Schuyler,17169,SLEEP,36.2
2023,ID,Bannock,16005,MHLTH,17.0
2023,IL,Franklin,17055,DEPRESSION,23.7
2023,GA,Tattnall,13267,MHLTH,19.5
2023,GA,Talbot,13263,MHLTH,17.6
2023,ID,Idaho,16049,MHLTH,14.7
2022,IL,Clinton,17027,SLEEP,35.5
2022,GA,Toombs,13279,SLEEP,39.5
2022,ID,Adams,16003,SLEEP,30.9
2022,GA,Lee,13177,SLEEP,36.1
2023,IL,Fulton,17057,DEPRESSION,23.1
2022,GA,Pulaski,13235,SLEEP,40.3
2022,IL,Jackson,17077,SLEEP,38.1
2023,IL,Crawford,17033,MHLTH,17.2
2023,GA,Union,13291,DEPRESSION,20.5
2023,IL,Calhoun,17013,MHLTH,15.4
2023,ID,Shoshone,16079,MHLTH,17.3
2022,IL,Clay,17025,SLEEP,35.4
2023,GA,Morgan,13211,MHLTH,16.0
2023,IL,Jasper,17079,MHLTH,16.4
2022,ID,Bear Lake,16007,SLEEP,32.9
2023,IL,Richland,17159,MHLTH,17.4
2022,IL,Bureau,17011,SLEEP,36.4
2023,IL,Moultrie,17139,MHLTH,17.9
2023,GA,Madison,13195,DEPRESSION,22.3
2022,IL,Putnam,17155,SLEEP,33.5
2023,ID,Washington,16087,DEPRESSION,21.8
2023,GA,Tift,13277,MHLTH,19.1
2023,GA,Monroe,13207,MHLTH,16.8
2023,GA,McIntosh,13191,DEPRESSION,20.3
2023,IL,Macon,17115,DEPRESSION,21.7
2023,GA,Seminole,13253,DEPRESSION,19.5
2023,IL,Clinton,17027,MHLTH,16.5
2023,IL,Pope,17151,MHLTH,15.7
2022,GA,Warren,13301,SLEEP,41.2
2023,GA,Johnson,13167,MHLTH,19.2
2023,GA,Muscogee,13215,MHLTH,18.7
2023,HI,Hawaii,15001,MHLTH,15.6
2023,IL,St. Clair,17163,MHLTH,16.9
2023,ID,Boundary,16021,DEPRESSION,21.8
2023,IL,LaSalle,17099,MHLTH,17.0
2023,IL,Kendall,17093,DEPRESSION,19.4
2023,GA,Pulaski,13235,DEPRESSION,21.8
2023,ID,Jerome,16053,MHLTH,17.2
2023,GA,Troup,13285,MHLTH,18.8
2023,GA,Warren,13301,DEPRESSION,18.9
2023,IL,Pulaski,17153,MHLTH,18.9
2022,GA,Oconee,13219,SLEEP,28.9
2022,IL,Jasper,17079,SLEEP,34.4
2023,GA,Quitman,13239,DEPRESSION,18.6
2023,GA,Turner,13287,DEPRESSION,20.8
2022,IL,Douglas,17041,SLEEP,35.7
2023,IL,DuPage,17043,MHLTH,13.4
2023,IL,Lawrence,17101,DEPRESSION,22.0
2022,ID,Bonner,16017,SLEEP,29.0
2023,IL,Shelby,17173,DEPRESSION,22.4
2023,IL,Alexander,17003,DEPRESSION,21.2
2023,GA,Lamar,13171,MHLTH,18.5
2023,GA,Lincoln,13181,DEPRESSION,20.3
2023,IL,Jackson,17077,MHLTH,18.8
2023,IL,Perry,17145,DEPRESSION,22.3
2023,IL,Will,17197,MHLTH,15.7
2023,KS,Cherokee,20021,MHLTH,17.6
2023,IN,LaPorte,18091,DEPRESSION,24.5
2023,IN,Elkhart,18039,MHLTH,18.9
2023,IN,Delaware,18035,DEPRESSION,29.3
2022,IN,Floyd,18043,SLEEP,37.6
2023,IA,Tama,19171,MHLTH,16.6
2023,IA,Ida,19093,DEPRESSION,20.1
2023,KS,Franklin,20059,MHLTH,16.8
2023,IN,Greene,18055,MHLTH,18.5
2023,IA,Mills,19129,DEPRESSION,19.7
2023,IA,Hamilton,19079,DEPRESSION,19.5
2022,KS,Bourbon,20011,SLEEP,39.3
2023,IA,Lyon,19119,MHLTH,17.0
2023,KS,Gove,20063,DEPRESSION,19.7
2022,IN,Tippecanoe,18157,SLEEP,35.3
2023,IA,Warren,19181,DEPRESSION,20.5
2022,IA,Buena Vista,19021,SLEEP,33.7
2022,IN,Benton,18007,SLEEP,36.2
2023,IA,Appanoose,19007,MHLTH,17.2
2023,IN,Shelby,18145,MHLTH,18.0
2022,IA,Hamilton,19079,SLEEP,30.7
2022,IA,Webster,19187,SLEEP,36.3
2023,IA,Montgomery,19137,DEPRESSION,20.5
2022,IN,Madison,18095,SLEEP,37.1
2022,IA,Shelby,19165,SLEEP,30.6
2022,IN,Grant,18053,SLEEP,38.9
2023,IA,Guthrie,19077,DEPRESSION,19.2
2023,IN,Switzerland,18155,MHLTH,18.6
2023,IN,Jasper,18073,DEPRESSION,24.8
2023,IA,Buena Vista,19021,MHLTH,16.3
2022,IA,Monroe,19135,SLEEP,33.5
2023,IN,Clay,18021,DEPRESSION,26.5
2023,IN,Rush,18139,DEPRESSION,26.6
2022,IA,Bremer,19017,SLEEP,33.1
2023,KS,Cherokee,20021,DEPRESSION,22.5
2023,IA,Cerro Gordo,19033,MHLTH,15.9
2023,IN,Elkhart,18039,DEPRESSION,25.2
2023,IN,Morgan,18109,MHLTH,17.4
2023,IA,Fremont,19071,MHLTH,15.5
2023,KS,Elk,20049,DEPRESSION,21.1
2023,IA,Winnebago,19189,DEPRESSION,20.3
2022,KS,Doniphan,20043,SLEEP,34.5
2023,IA,Allamakee,19005,DEPRESSION,20.1
2023,IN,Montgomery,18107,MHLTH,17.8
2023,IA,Louisa,19115,DEPRESSION,19.6
2022,IA,Calhoun,19025,SLEEP,30.6
2023,IA,Clay,19041,DEPRESSION,19.9
2023,KS,Clark,20025,DEPRESSION,19.8
2022,IA,Pocahontas,19151,SLEEP,32.1
2022,IN,Ripley,18137,SLEEP,37.6
2023,IA,Winneshiek,19191,MHLTH,15.2
2022,IA,Franklin,19069,SLEEP,34.1
2023,IA,Cerro Gordo,19033,DEPRESSION,21.3
2023,IA,Appanoose,19007,DEPRESSION,21.8
2023,KS,Douglas,20045,MHLTH,17.1
2022,IN,Warren,18171,SLEEP,38.7
2023,IA,Sioux,19167,DEPRESSION,20.3
2023,IA,Buchanan,19019,DEPRESSION,20.2
2022,IN,Boone,18011,SLEEP,33.0
2022,IA,Guthrie,19077,SLEEP,31.8
2022,IN,Crawford,18025,SLEEP,37.3
2023,IN,Crawford,18025,DEPRESSION,27.1
2022,KS,Atchison,20005,SLEEP,34.4
2022,IA,Montgomery,19137,SLEEP,36.8
2023,IN,Ripley,18137,DEPRESSION,24.9
2023,IN,Cass,18017,DEPRESSION,24.8
2023,IN,Jefferson,18077,DEPRESSION,26.4
2022,KS,Clark,20025,SLEEP,33.8
2023,IA,Bremer,19017,MHLTH,15.4
2023,IN,Jackson,18071,MHLTH,17.5
2022,IN,Elkhart,18039,SLEEP,36.1
2023,KS,Barber,20007,MHLTH,15.8
2023,IN,Posey,18129,DEPRESSION,24.8
2023,IA,Mitchell,19131,DEPRESSION,19.4
2022,IN,LaPorte,18091,SLEEP,37.8
2022,IA,Poweshiek,19157,SLEEP,31.2
2023,KS,Clay,20027,MHLTH,15.9
2023,IN,Tipton,18159,MHLTH,16.6
2022,IN,Perry,18123,SLEEP,34.8
2023,IA,Lucas,19117,MHLTH,16.9
2022,IA,Clarke,19039,SLEEP,32.4
2023,IA,Mahaska,19123,MHLTH,16.9
2023,IN,St. Joseph,18141,MHLTH,18.6
2023,IN,Wayne,18177,MHLTH,19.3
2022,IA,Worth,19195,SLEEP,32.3
2023,IN,Putnam,18133,DEPRESSION,25.9
2023,IN,Scott,18143,DEPRESSION,27.3
2023,IN,Jay,18075,MHLTH,19.2
2023,IA,Osceola,19143,DEPRESSION,20.1
2022,IA,Hardin,19083,SLEEP,30.9
2022,IN,Jasper,18073,SLEEP,39.0
2022,IA,Madison,19121,SLEEP,30.8
2023,IA,Monona,19133,MHLTH,16.5
2022,IN,Jay,18075,SLEEP,38.6
2022,IA,Cedar,19031,SLEEP,33.0
2023,KS,Geary,20061,MHLTH,19.6
2023,IA,Hancock,19081,MHLTH,15.6
2023,KS,Anderson,20003,MHLTH,17.1
2023,IA,Monroe,19135,DEPRESSION,20.5
2022,IN,Steuben,18151,SLEEP,35.3
2023,IN,Daviess,18027,DEPRESSION,27.2
2023,IN,Spencer,18147,DEPRESSION,25.8
2023,IA,Plymouth,19149,DEPRESSION,18.9
2022,IA,O'Brien,19141,SLEEP,34.0
2023,IA,Adams,19003,MHLTH,15.4
2023,IA,Jackson,19097,DEPRESSION,20.6
2023,IN,LaGrange,18087,DEPRESSION,27.2
2023,IA,Cass,19029,DEPRESSION,21.1
2023,IN,Harrison,18061,MHLTH,17.4
2022,IA,Allamakee,19005,SLEEP,34.8
2023,IA,Howard,19089,MHLTH,16.4
2023,KS,Anderson,20003,DEPRESSION,21.5
2022,IN,Porter,18127,SLEEP,37.0
2023,IN,Miami,18103,DEPRESSION,26.1
2023,IA,Muscatine,19139,MHLTH,16.8
2022,IA,Boone,19015,SLEEP,34.1
2022,IA,Henry,19087,SLEEP,37.4
2022,IN,Clay,18021,SLEEP,35.9
2022,IN,Hancock,18059,SLEEP,34.3
2023,IA,Page,19145,DEPRESSION,20.1
2023,IA,Butler,19023,MHLTH,15.9
2023,KS,Chase,20017,MHLTH,15.9
2023,IA,Washington,19183,DEPRESSION,20.7
2022,IA,Greene,19073,SLEEP,30.9
2023,IA,Carroll,19027,MHLTH,15.8
2022,IN,Lake,18089,SLEEP,42.7
2023,IN,Miami,18103,MHLTH,18.6
2022,KS,Chautauqua,20019,SLEEP,34.9
2023,IA,O'Brien,19141,MHLTH,16.7
2023,IN,Warrick,18173,MHLTH,16.0
2023,IA,Adair,19001,DEPRESSION,20.2
2023,IA,Webster,19187,DEPRESSION,20.5
2022,IA,Mitchell,19131,SLEEP,32.3
2023,IA,Hardin,19083,DEPRESSION,20.1
2022,IN,Bartholomew,18005,SLEEP,35.8
2022,IA,Muscatine,19139,SLEEP,33.5
2023,IA,Chickasaw,19037,MHLTH,15.6
2023,IN,Randolph,18135,MHLTH,18.2
2023,IN,Wells,18179,MHLTH,17.4
2023,IN,Jennings,18079,DEPRESSION,27.0
2022,KS,Gove,20063,SLEEP,31.2
2023,IA,Grundy,19075,MHLTH,15.4
2023,KS,Ellsworth,20053,DEPRESSION,18.5
2022,IA,Wright,19197,SLEEP,31.9
2023,IA,Marion,19125,DEPRESSION,21.0
2023,IN,Blackford,18009,MHLTH,18.9
2023,KS,Cheyenne,20023,MHLTH,16.2
2023,IN,Johnson,18081,DEPRESSION,25.3
2023,IN,Lawrence,18093,MHLTH,17.5
2022,IN,Hamilton,18057,SLEEP,31.1
2023,IA,Marshall,19127,MHLTH,15.8
2023,IA,Jones,19105,DEPRESSION,19.8
2023,IN,Allen,18003,DEPRESSION,26.1
2023,IN,Noble,18113,MHLTH,17.9
2023,IN,Clinton,18023,MHLTH,17.9
2022,KS,Ford,20057,SLEEP,37.8
2023,IA,Wayne,19185,MHLTH,16.7
2023,IN,White,18181,DEPRESSION,25.3
2023,IA,Wright,19197,DEPRESSION,19.5
2023,IN,Madison,18095,DEPRESSION,26.8
2023,IN,Henry,18065,DEPRESSION,26.8
2023,IA,Floyd,19067,MHLTH,16.3
2023,KS,Coffey,20031,DEPRESSION,20.8
2023,IA,Hancock,19081,DEPRESSION,20.2
2023,IA,Decatur,19053,MHLTH,17.4
2023,IA,Scott,19163,DEPRESSION,20.5
2022,IA,Lucas,19117,SLEEP,33.9
2023,IA,Woodbury,19193,MHLTH,17.5
2023,IN,Porter,18127,MHLTH,16.6
2023,IA,Floyd,19067,DEPRESSION,20.4
2022,IA,Cherokee,19035,SLEEP,30.8
2023,IN,Vermillion,18165,MHLTH,18.4
2023,KS,Cheyenne,20023,DEPRESSION,20.9
2022,IA,Howard,19089,SLEEP,32.0
2023,IA,Benton,19011,DEPRESSION,20.0
2023,IA,Emmet,19063,DEPRESSION,19.7
2022,IN,Monroe,18105,SLEEP,31.8
2022,IN,Jennings,18079,SLEEP,37.7
2022,KS,Butler,20015,SLEEP,36.7
2023,KS,Edwards,20047,MHLTH,15.9
2023,IA,Hardin,19083,MHLTH,16.0
2023,IN,Johnson,18081,MHLTH,16.7
2023,IA,Wright,19197,MHLTH,15.6
2023,IA,Grundy,19075,DEPRESSION,19.6
2023,IN,Noble,18113,DEPRESSION,24.5
2022,IA,Hancock,19081,SLEEP,32.2
2023,IN,Wells,18179,DEPRESSION,25.7
2023,IA,Marion,19125,MHLTH,15.7
2023,IN,Clinton,18023,DEPRESSION,24.6
2022,IA,Cass,19029,SLEEP,32.5
2023,IA,O'Brien,19141,DEPRESSION,21.0
2022,IN,Lawrence,18093,SLEEP,38.0
2022,IN,Fayette,18041,SLEEP,35.6
2023,KS,Gove,20063,MHLTH,15.5
2023,IA,Wayne,19185,DEPRESSION,20.7
2023,IA,Marshall,19127,DEPRESSION,19.4
2023,KS,Barton,20009,DEPRESSION,20.4
2023,IA,Black Hawk,19013,DEPRESSION,21.3
2023,IA,Butler,19023,DEPRESSION,20.3
2023,IN,Harrison,18061,DEPRESSION,24.8
2022,IN,Tipton,18159,SLEEP,33.6
2023,IA,Page,19145,MHLTH,16.4
2023,IA,Cass,19029,MHLTH,16.4
2023,IN,Daviess,18027,MHLTH,19.6
2022,IN,Daviess,18027,SLEEP,35.4
2023,IA,Washington,19183,MHLTH,15.9
2022,IA,Marion,19125,SLEEP,28.2
2022,IA,Sac,19161,SLEEP,33.7
2023,IN,Jay,18075,DEPRESSION,26.5
2022,IA,Marshall,19127,SLEEP,33.9
2023,IL,Williamson,17199,DEPRESSION,22.9
2023,IA,Plymouth,19149,MHLTH,15.5
2022,KS,Allen,20001,SLEEP,36.8
2023,IA,Calhoun,19025,MHLTH,15.8
2023,IN,Dearborn,18029,MHLTH,16.8
2022,KS,Finney,20055,SLEEP,36.5
2023,IA,Adair,19001,MHLTH,16.2
2023,IN,Steuben,18151,MHLTH,17.0
2023,IN,Scott,18143,MHLTH,19.5
2023,IN,Greene,18055,DEPRESSION,26.3
2022,IN,Marion,18097,SLEEP,39.2
2023,IA,Webster,19187,MHLTH,16.9
2023,IN,White,18181,MHLTH,17.1
2023,IN,Spencer,18147,MHLTH,16.9
2023,IN,Vermillion,18165,DEPRESSION,26.3
2023,IA,Clinton,19045,MHLTH,16.6
2022,IA,Pottawattamie,19155,SLEEP,34.5
2023,IA,Adams,19003,DEPRESSION,20.1
2023,IA,Monroe,19135,MHLTH,16.1
2022,IN,Clinton,18023,SLEEP,37.6
2022,IA,Fayette,19065,SLEEP,32.2
2023,IA,Greene,19073,MHLTH,16.1
2022,IA,Palo Alto,19147,SLEEP,31.9
2023,IA,Muscatine,19139,DEPRESSION,19.4
2022,IN,Pulaski,18131,SLEEP,35.6
2022,IA,Story,19169,SLEEP,27.1
2022,IN,Knox,18083,SLEEP,33.2
2023,IA,Jackson,19097,MHLTH,16.2
2022,IA,Black Hawk,19013,SLEEP,34.7
2023,IN,Madison,18095,MHLTH,18.3
2023,IN,Porter,18127,DEPRESSION,23.6
2022,IN,Shelby,18145,SLEEP,35.1
2022,KS,Barton,20009,SLEEP,33.0
2022,IN,Vanderburgh,18163,SLEEP,39.3
2023,IA,Lyon,19119,DEPRESSION,21.0
2023,IA,Mitchell,19131,MHLTH,15.7
2023,IN,Floyd,18043,MHLTH,17.6
2023,KS,Coffey,20031,MHLTH,16.1
2023,IN,Floyd,18043,DEPRESSION,25.2
2023,IA,Wapello,19179,DEPRESSION,20.4
2023,IN,Posey,18129,MHLTH,16.5
2022,IA,Clayton,19043,SLEEP,31.7
2023,IA,Chickasaw,19037,DEPRESSION,19.0
2023,IA,Boone,19015,MHLTH,15.6
2023,KS,Comanche,20033,DEPRESSION,20.8
2022,IN,Vigo,18167,SLEEP,39.1
2023,IA,Story,19169,DEPRESSION,21.5
2023,IA,Lee,19111,MHLTH,16.5
2023,IA,Benton,19011,MHLTH,15.6
2022,IN,Starke,18149,SLEEP,39.2
2023,IN,Putnam,18133,MHLTH,18.1
2023,IA,Wapello,19179,MHLTH,17.2
2022,IA,Iowa,19095,SLEEP,28.7
2023,IN,Blackford,18009,DEPRESSION,26.5
2022,KS,Ellis,20051,SLEEP,33.9
2022,IN,Dubois,18037,SLEEP,32.5
2023,IA,Woodbury,19193,DEPRESSION,20.0
2023,IN,Brown,18013,MHLTH,15.8
2023,IN,Pike,18125,DEPRESSION,25.4
2023,IA,Lee,19111,DEPRESSION,20.2
2023,KS,Cloud,20029,DEPRESSION,21.9
2023,IA,Union,19175,MHLTH,16.6
2023,IA,Buchanan,19019,MHLTH,15.9
2022,IN,Wells,18179,SLEEP,38.5
2023,KS,Elk,20049,MHLTH,16.3
2023,IA,Louisa,19115,MHLTH,15.8
2022,IA,Butler,19023,SLEEP,30.4
2022,IN,St. Joseph,18141,SLEEP,37.4
2023,IN,Brown,18013,DEPRESSION,24.1
2023,IN,Tipton,18159,DEPRESSION,25.0
2023,KS,Barber,20007,DEPRESSION,20.6
2023,IL,Woodford,17203,DEPRESSION,22.0
2023,KS,Ellsworth,20053,MHLTH,15.1
2023,IN,Ripley,18137,MHLTH,17.6
2022,IN,Martin,18101,SLEEP,37.0
2022,IA,Osceola,19143,SLEEP,31.6
2023,IN,Pike,18125,MHLTH,17.8
2022,KS,Cloud,20029,SLEEP,34.6
2023,IN,Montgomery,18107,DEPRESSION,26.0
2022,IN,Sullivan,18153,SLEEP,36.9
2022,IA,Winneshiek,19191,SLEEP,26.8
2023,IN,Wayne,18177,DEPRESSION,27.1
2023,IA,Franklin,19069,DEPRESSION,20.3
2023,IN,Crawford,18025,MHLTH,19.5
2023,IA,Harrison,19085,MHLTH,16.0
2023,IA,Carroll,19027,DEPRESSION,19.8
2022,IA,Monona,19133,SLEEP,32.4
2022,KS,Geary,20061,SLEEP,37.2
2023,IN,Shelby,18145,DEPRESSION,26.9
2022,IA,Mills,19129,SLEEP,30.7
2023,KS,Franklin,20059,DEPRESSION,21.3
2023,IN,LaGrange,18087,MHLTH,19.9
2022,KS,Barber,20007,SLEEP,32.4
2023,IN,Switzerland,18155,DEPRESSION,26.8
2022,IN,Switzerland,18155,SLEEP,36.8
2023,IN,Rush,18139,MHLTH,18.4
2022,IN,Jackson,18071,SLEEP,36.2
2023,KS,Ford,20057,DEPRESSION,17.9
2022,IA,Warren,19181,SLEEP,32.6
2023,KS,Ford,20057,MHLTH,16.6
2023,IA,Greene,19073,DEPRESSION,20.4
2022,KS,Ellsworth,20053,SLEEP,34.1
2022,IA,Dubuque,19061,SLEEP,33.8
2023,IA,Keokuk,19107,DEPRESSION,21.1
2023,IN,Marshall,18099,MHLTH,18.0
2023,IN,Dearborn,18029,DEPRESSION,25.1
2023,IA,Emmet,19063,MHLTH,16.3
2022,IN,LaGrange,18087,SLEEP,34.3
2023,IN,LaPorte,18091,MHLTH,17.7
2022,KS,Franklin,20059,SLEEP,32.1
2023,KS,Cowley,20035,DEPRESSION,21.5
2023,IN,Perry,18123,DEPRESSION,25.2
2023,IA,Montgomery,19137,MHLTH,16.5
2023,IA,Howard,19089,DEPRESSION,20.4
2023,IA,Mills,19129,MHLTH,15.2
2023,IN,Jasper,18073,MHLTH,17.3
2023,IA,Winnebago,19189,MHLTH,15.8
2022,IN,Clark,18019,SLEEP,36.2
2022,IA,Grundy,19075,SLEEP,31.7
2022,IA,Cerro Gordo,19033,SLEEP,30.7
2023,IN,Delaware,18035,MHLTH,20.2
2022,IN,Decatur,18031,SLEEP,34.8
2023,IA,Delaware,19055,DEPRESSION,19.7
2023,IA,Monona,19133,DEPRESSION,20.6
2023,IA,Tama,19171,DEPRESSION,20.2
2023,IA,Hamilton,19079,MHLTH,15.2
2022,IN,Kosciusko,18085,SLEEP,34.2
2022,IN,Fulton,18049,SLEEP,36.6
2022,IA,Linn,19113,SLEEP,30.9
2023,IA,Guthrie,19077,MHLTH,15.2
2022,KS,Cherokee,20021,SLEEP,35.9
2023,IN,Benton,18007,DEPRESSION,26.5
2023,KS,Clay,20027,DEPRESSION,21.5
2023,IN,Clay,18021,MHLTH,18.0
2023,IN,Fountain,18045,DEPRESSION,26.0
2022,KS,Anderson,20003,SLEEP,34.1
2023,IA,Union,19175,DEPRESSION,20.6
2023,IA,Sioux,19167,MHLTH,15.9
2023,IA,Harrison,19085,DEPRESSION,20.2
2022,IN,DeKalb,18033,SLEEP,36.6
2023,IA,Ida,19093,MHLTH,16.0
2023,IA,Audubon,19009,DEPRESSION,19.8
2023,KS,Brown,20013,MHLTH,16.7
2023,IA,Mahaska,19123,DEPRESSION,21.1
2023,IN,Jefferson,18077,MHLTH,18.2
2023,IN,Orange,18117,MHLTH,18.6
2023,IA,Worth,19195,MHLTH,15.6
2022,IA,Emmet,19063,SLEEP,32.7
2023,IA,Kossuth,19109,MHLTH,15.6
2023,IA,Jefferson,19101,DEPRESSION,19.0
2023,KS,Brown,20013,DEPRESSION,21.0
2023,IN,Washington,18175,DEPRESSION,27.4
2023,IN,Warren,18171,DEPRESSION,25.6
2023,IA,Linn,19113,MHLTH,16.3
2022,IN,Carroll,18015,SLEEP,35.7
2022,IA,Polk,19153,SLEEP,35.0
2023,IA,Davis,19051,MHLTH,17.3
2023,IA,Cherokee,19035,DEPRESSION,20.2
2022,KS,Brown,20013,SLEEP,32.0
2023,IN,Pulaski,18131,MHLTH,17.9
2022,IA,Winnebago,19189,SLEEP,29.7
2022,KS,Decatur,20039,SLEEP,31.9
2023,IN,Decatur,18031,MHLTH,17.9
2023,IN,Fulton,18049,DEPRESSION,25.5
2023,IN,Huntington,18069,MHLTH,17.9
2023,IA,Pocahontas,19151,DEPRESSION,19.6
2023,IA,Ringgold,19159,DEPRESSION,20.5
2023,IA,Audubon,19009,MHLTH,15.8
2023,IN,Union,18161,DEPRESSION,25.4
2023,IA,Palo Alto,19147,MHLTH,15.8
2022,IN,Putnam,18133,SLEEP,39.1
2023,IN,Kosciusko,18085,MHLTH,17.4
2023,IA,Iowa,19095,MHLTH,15.9
2022,IA,Jackson,19097,SLEEP,34.6
2023,IN,Hendricks,18063,DEPRESSION,21.3
2023,IN,Martin,18101,DEPRESSION,25.7
2022,IN,Jefferson,18077,SLEEP,34.2
2023,KS,Ellis,20051,MHLTH,17.2
2023,IN,Monroe,18105,DEPRESSION,27.1
2023,IA,Poweshiek,19157,MHLTH,16.5
2022,IN,Delaware,18035,SLEEP,38.7
2022,IA,Delaware,19055,SLEEP,29.9
2022,IA,Audubon,19009,SLEEP,31.7
2022,IA,Ringgold,19159,SLEEP,34.0
2023,IL,Winnebago,17201,DEPRESSION,22.5
2022,IA,Carroll,19027,SLEEP,30.7
2023,IN,Grant,18053,MHLTH,19.1
2023,IN,Parke,18121,MHLTH,19.3
2023,IA,Osceola,19143,MHLTH,16.2
2023,IA,Des Moines,19057,MHLTH,16.5
2023,IA,Shelby,19165,DEPRESSION,19.9
2022,IN,Johnson,18081,SLEEP,37.6
2023,KS,Bourbon,20011,MHLTH,17.1
2022,IN,Howard,18067,SLEEP,36.5
2022,IA,Ida,19093,SLEEP,31.3
2023,IN,Howard,18067,MHLTH,17.8
2023,IN,Adams,18001,MHLTH,19.2
2023,KS,Atchison,20005,DEPRESSION,21.7
2022,IA,Taylor,19173,SLEEP,33.4
2023,IA,Decatur,19053,DEPRESSION,21.3
2023,IN,Carroll,18015,MHLTH,17.7
2023,IA,Shelby,19165,MHLTH,15.5
2023,KS,Doniphan,20043,MHLTH,16.6
2022,IN,Morgan,18109,SLEEP,35.0
2022,IN,Owen,18119,SLEEP,36.6
2023,KS,Chautauqua,20019,DEPRESSION,21.1
2022,IN,Washington,18175,SLEEP,36.2
2023,IN,Ohio,18115,DEPRESSION,25.0
2023,IA,Madison,19121,DEPRESSION,20.3
2022,IA,Clay,19041,SLEEP,30.1
2023,IN,Jackson,18071,DEPRESSION,25.5
2023,IA,Henry,19087,DEPRESSION,20.1
2023,IN,Sullivan,18153,DEPRESSION,25.3
2023,IA,Clay,19041,MHLTH,15.7
2023,IA,Humboldt,19091,DEPRESSION,20.1
2023,IA,Sac,19161,MHLTH,15.6
2023,IA,Dallas,19049,DEPRESSION,19.2
2023,IN,Hancock,18059,DEPRESSION,24.4
2022,IA,Adair,19001,SLEEP,31.7
2023,IA,Jasper,19099,MHLTH,16.5
2023,IN,Knox,18083,MHLTH,18.6
2023,IN,Cass,18017,MHLTH,18.0
2023,IN,Owen,18119,DEPRESSION,26.5
2023,IN,Wabash,18169,MHLTH,17.5
2022,IL,Winnebago,17201,SLEEP,36.5
2023,KS,Cloud,20029,MHLTH,16.9
2023,IA,Des Moines,19057,DEPRESSION,21.1
2022,IN,Fountain,18045,SLEEP,36.3
2023,IA,Winneshiek,19191,DEPRESSION,19.2
2022,KS,Elk,20049,SLEEP,37.0
2023,IN,Jennings,18079,MHLTH,19.0
2023,KS,Comanche,20033,MHLTH,15.7
2023,IN,Starke,18149,MHLTH,18.6
2023,IN,Vanderburgh,18163,MHLTH,18.3
2023,IL,Woodford,17203,MHLTH,15.8
2023,IN,Lawrence,18093,DEPRESSION,24.8
2023,KS,Douglas,20045,DEPRESSION,24.5
2023,KS,Dickinson,20041,MHLTH,16.1
2022,IN,Dearborn,18029,SLEEP,34.8
2023,KS,Allen,20001,MHLTH,17.1
2023,IA,Dubuque,19061,MHLTH,15.7
2023,IN,Newton,18111,MHLTH,17.8
2023,IN,Gibson,18051,MHLTH,18.1
2023,KS,Finney,20055,DEPRESSION,18.2
2023,IA,Crawford,19047,MHLTH,16.5
2022,IN,Posey,18129,SLEEP,33.7
2022,IA,Woodbury,19193,SLEEP,31.3
2022,IA,Dallas,19049,SLEEP,27.8
2023,KS,Butler,20015,MHLTH,16.6
2023,IN,DeKalb,18033,MHLTH,18.1
2023,IN,Fayette,18041,DEPRESSION,27.1
2023,IA,Van Buren,19177,MHLTH,16.9
2022,IN,Brown,18013,SLEEP,32.3
2023,IA,Fayette,19065,MHLTH,16.3
2023,IN,Marion,18097,DEPRESSION,25.5
2022,IA,Lee,19111,SLEEP,35.3
2023,IA,Cedar,19031,MHLTH,15.9
2022,IN,Vermillion,18165,SLEEP,36.5
2023,IN,Hamilton,18057,DEPRESSION,22.5
2023,IA,Calhoun,19025,DEPRESSION,19.7
2023,KS,Edwards,20047,DEPRESSION,19.8
2022,IN,Harrison,18061,SLEEP,39.4
2023,IL,Williamson,17199,MHLTH,16.9
2023,IN,Henry,18065,MHLTH,18.4
2023,IA,Clarke,19039,DEPRESSION,20.6
2023,KS,Geary,20061,DEPRESSION,21.8
2022,IA,Union,19175,SLEEP,30.9
2023,IA,Black Hawk,19013,MHLTH,16.8
2022,KS,Edwards,20047,SLEEP,33.8
2022,KS,Comanche,20033,SLEEP,33.1
2023,IN,Dubois,18037,MHLTH,16.6
2023,IN,Newton,18111,DEPRESSION,24.8
2022,IA,Humboldt,19091,SLEEP,33.8
2022,KS,Cowley,20035,SLEEP,36.5
2023,IA,Johnson,19103,MHLTH,16.5
2023,IN,Franklin,18047,MHLTH,17.3
2023,IA,Dickinson,19059,DEPRESSION,18.5
2022,IA,Page,19145,SLEEP,31.3
2023,IA,Polk,19153,DEPRESSION,21.6
2023,IN,Morgan,18109,DEPRESSION,25.4
2023,IA,Crawford,19047,DEPRESSION,18.9
2023,IN,Clark,18019,DEPRESSION,25.9
2022,IA,Wapello,19179,SLEEP,37.1
2023,IA,Jones,19105,MHLTH,16.0
2023,IN,Boone,18011,DEPRESSION,21.5
2023,IA,Pottawattamie,19155,MHLTH,17.0
2022,IA,Keokuk,19107,SLEEP,31.8
2023,KS,Decatur,20039,DEPRESSION,19.4
2023,IN,Tippecanoe,18157,DEPRESSION,24.3
2023,IN,Bartholomew,18005,MHLTH,17.2
2023,IN,Lake,18089,MHLTH,17.0
2022,IN,Scott,18143,SLEEP,37.1
2023,IA,Taylor,19173,DEPRESSION,20.6
2023,IN,Whitley,18183,MHLTH,17.1
2023,IA,Clayton,19043,DEPRESSION,19.5
2023,IA,Scott,19163,MHLTH,16.2
2022,IA,Clinton,19045,SLEEP,33.0
2022,IN,Ohio,18115,SLEEP,34.8
2023,KS,Crawford,20037,MHLTH,18.3
2022,IN,Union,18161,SLEEP,35.5
2023,IA,Ringgold,19159,MHLTH,15.4
2022,IN,Randolph,18135,SLEEP,37.6
2023,IN,Franklin,18047,DEPRESSION,25.3
2023,IN,Boone,18011,MHLTH,15.0
2022,IA,Jones,19105,SLEEP,34.1
2022,KS,Cheyenne,20023,SLEEP,32.6
2023,IN,Clark,18019,MHLTH,17.3
2022,IN,White,18181,SLEEP,37.5
2022,IA,Davis,19051,SLEEP,31.8
2023,IA,Johnson,19103,DEPRESSION,21.0
2023,IN,Hamilton,18057,MHLTH,13.7
2023,IN,Starke,18149,DEPRESSION,26.4
2023,IN,Randolph,18135,DEPRESSION,25.8
2023,IN,Marion,18097,MHLTH,17.9
2022,IA,Washington,19183,SLEEP,30.5
2023,IA,Dickinson,19059,MHLTH,14.1
2022,IN,Marshall,18099,SLEEP,37.6
2023,IA,Story,19169,MHLTH,17.1
2023,IN,Vigo,18167,MHLTH,19.6
2023,IA,Buena Vista,19021,DEPRESSION,18.0
2022,IN,Whitley,18183,SLEEP,35.2
2022,IN,Noble,18113,SLEEP,35.0
2023,IL,Winnebago,17201,MHLTH,17.6
2022,IA,Plymouth,19149,SLEEP,31.2
2022,IA,Dickinson,19059,SLEEP,32.6
2022,IN,Henry,18065,SLEEP,41.6
2023,IN,St. Joseph,18141,DEPRESSION,27.2
2022,IA,Wayne,19185,SLEEP,31.6
2023,KS,Ellis,20051,DEPRESSION,20.7
2023,IA,Taylor,19173,MHLTH,16.0
2023,IA,Iowa,19095,DEPRESSION,20.2
2023,IN,DeKalb,18033,DEPRESSION,26.5
2022,IA,Kossuth,19109,SLEEP,33.4
2023,IA,Dubuque,19061,DEPRESSION,19.5
2022,IN,Parke,18121,SLEEP,36.8
2022,KS,Coffey,20031,SLEEP,34.5
2023,IA,Fayette,19065,DEPRESSION,20.0
2023,IA,Van Buren,19177,DEPRESSION,21.2
2023,KS,Finney,20055,MHLTH,17.0
2023,KS,Barton,20009,MHLTH,16.2
2023,IN,Tippecanoe,18157,MHLTH,18.4
2023,IN,Monroe,18105,MHLTH,18.9
2022,IA,Crawford,19047,SLEEP,34.4
2022,IA,Benton,19011,SLEEP,33.8
2022,IA,Decatur,19053,SLEEP,31.9
2023,IN,Orange,18117,DEPRESSION,26.9
2023,IN,Gibson,18051,DEPRESSION,26.5
2023,IN,Vanderburgh,18163,DEPRESSION,27.1
2023,IN,Fayette,18041,MHLTH,19.1
2022,KS,Clay,20027,SLEEP,33.7
2023,IA,Clayton,19043,MHLTH,16.1
2022,IN,Newton,18111,SLEEP,38.6
2023,IN,Vigo,18167,DEPRESSION,26.5
2023,IA,Jefferson,19101,MHLTH,14.7
2023,IA,Linn,19113,DEPRESSION,23.1
2022,KS,Dickinson,20041,SLEEP,33.4
2022,IA,Chickasaw,19037,SLEEP,31.2
2022,IL,Williamson,17199,SLEEP,37.2
2022,IA,Van Buren,19177,SLEEP,33.3
2022,IN,Greene,18055,SLEEP,34.5
2023,IA,Pottawattamie,19155,DEPRESSION,21.9
2022,IA,Floyd,19067,SLEEP,31.0
2022,IL,Woodford,17203,SLEEP,32.9
2023,IA,Jasper,19099,DEPRESSION,20.4
2023,IN,Bartholomew,18005,DEPRESSION,24.9
2023,IA,Lucas,19117,DEPRESSION,21.1
2023,IA,Clinton,19045,DEPRESSION,20.4
2023,IN,Owen,18119,MHLTH,18.0
2022,IA,Johnson,19103,SLEEP,29.5
2023,IA,Madison,19121,MHLTH,15.8
2023,KS,Dickinson,20041,DEPRESSION,20.7
2023,KS,Chase,20017,DEPRESSION,20.3
2023,IN,Lake,18089,DEPRESSION,20.3
2023,KS,Crawford,20037,DEPRESSION,22.6
2023,IN,Allen,18003,MHLTH,17.4
2023,IA,Poweshiek,19157,DEPRESSION,21.6
2022,IN,Gibson,18051,SLEEP,40.3
2023,KS,Chautauqua,20019,MHLTH,17.1
2023,IN,Hancock,18059,MHLTH,16.2
2023,IN,Union,18161,MHLTH,17.0
2023,KS,Doniphan,20043,DEPRESSION,21.3
2023,KS,Atchison,20005,MHLTH,17.8
2022,IN,Adams,18001,SLEEP,37.3
2022,IN,Wayne,18177,SLEEP,39.5
2022,IA,Harrison,19085,SLEEP,33.4
2022,IN,Franklin,18047,SLEEP,33.8
2022,KS,Chase,20017,SLEEP,33.4
2023,IA,Boone,19015,DEPRESSION,20.2
2023,IN,Carroll,18015,DEPRESSION,25.0
2023,KS,Bourbon,20011,DEPRESSION,21.7
2023,IA,Delaware,19055,MHLTH,16.1
2023,IN,Warrick,18173,DEPRESSION,24.8
2023,IA,Palo Alto,19147,DEPRESSION,20.0
2023,IA,Clarke,19039,MHLTH,17.4
2022,KS,Douglas,20045,SLEEP,33.6
2022,IA,Tama,19171,SLEEP,33.9
2023,IN,Adams,18001,DEPRESSION,27.0
2023,IA,Humboldt,19091,MHLTH,16.4
2023,KS,Cowley,20035,MHLTH,17.2
2023,KS,Butler,20015,DEPRESSION,21.2
2023,IA,Cedar,19031,DEPRESSION,20.7
2023,IN,Martin,18101,MHLTH,18.2
2022,IA,Jasper,19099,SLEEP,30.9
2022,IA,Des Moines,19057,SLEEP,31.4
2022,IA,Sioux,19167,SLEEP,26.6
2023,IA,Worth,19195,DEPRESSION,20.0
2023,IA,Keokuk,19107,MHLTH,16.9
2022,IN,Rush,18139,SLEEP,38.0
2022,IA,Buchanan,19019,SLEEP,34.7
2023,IA,Pocahontas,19151,MHLTH,15.8
2023,IN,Howard,18067,DEPRESSION,25.3
2023,IN,Fulton,18049,MHLTH,18.0
2022,IN,Blackford,18009,SLEEP,37.6
2022,IN,Hendricks,18063,SLEEP,38.4
2023,IN,Decatur,18031,DEPRESSION,26.0
2023,IN,Kosciusko,18085,DEPRESSION,25.2
2023,IN,Marshall,18099,DEPRESSION,25.8
2022,IN,Cass,18017,SLEEP,35.6
2023,IN,Steuben,18151,DEPRESSION,25.4
2023,IN,Fountain,18045,MHLTH,18.2
2022,IA,Mahaska,19123,SLEEP,34.2
2023,IN,Hendricks,18063,MHLTH,15.4
2022,IN,Allen,18003,SLEEP,35.3
2023,IN,Grant,18053,DEPRESSION,27.7
2023,KS,Allen,20001,DEPRESSION,22.6
2022,IN,Pike,18125,SLEEP,38.3
2022,IA,Lyon,19119,SLEEP,30.5
2023,KS,Decatur,20039,MHLTH,14.4
2023,IA,Kossuth,19109,DEPRESSION,19.8
2022,IN,Spencer,18147,SLEEP,34.1
2022,IA,Appanoose,19007,SLEEP,31.9
2023,IA,Cherokee,19035,MHLTH,15.9
2023,IN,Wabash,18169,DEPRESSION,24.6
2023,IN,Sullivan,18153,MHLTH,18.5
2022,IA,Louisa,19115,SLEEP,36.6
2023,IA,Dallas,19049,MHLTH,14.4
2022,IN,Wabash,18169,SLEEP,32.5
2022,IA,Adams,19003,SLEEP,32.3
2023,IA,Davis,19051,DEPRESSION,21.5
2022,IN,Miami,18103,SLEEP,36.9
2023,IN,Washington,18175,MHLTH,18.7
2023,IN,Dubois,18037,DEPRESSION,23.4
2022,IN,Orange,18117,SLEEP,38.7
2023,IN,Pulaski,18131,DEPRESSION,25.5
2022,IN,Warrick,18173,SLEEP,35.7
2023,IN,Warren,18171,MHLTH,17.5
2023,IA,Franklin,19069,MHLTH,16.4
2022,IA,Jefferson,19101,SLEEP,32.4
2023,IN,Whitley,18183,DEPRESSION,24.6
2023,IN,Parke,18121,DEPRESSION,27.2
2023,IA,Warren,19181,MHLTH,15.4
2022,IN,Montgomery,18107,SLEEP,39.4
2023,IN,Perry,18123,MHLTH,17.9
2022,IA,Scott,19163,SLEEP,34.6
2023,IN,Benton,18007,MHLTH,18.7
2023,IA,Sac,19161,DEPRESSION,19.8
2023,IA,Bremer,19017,DEPRESSION,19.5
2023,KS,Clark,20025,MHLTH,15.2
2022,KS,Crawford,20037,SLEEP,34.2
2023,IN,Ohio,18115,MHLTH,16.7
2023,IN,Huntington,18069,DEPRESSION,25.8
2023,IN,Knox,18083,DEPRESSION,25.7
2023,IA,Henry,19087,MHLTH,16.3
2023,IA,Allamakee,19005,MHLTH,16.0
2022,IA,Fremont,19071,SLEEP,30.7
2023,IA,Polk,19153,MHLTH,17.2
2022,IN,Huntington,18069,SLEEP,34.2
2023,LA,Catahoula,22025,MHLTH,20.6
2023,LA,Ouachita,22073,MHLTH,19.8
2022,MI,Alpena,26007,SLEEP,33.1
2023,KS,Wallace,20199,MHLTH,15.6
2023,LA,Union,22111,DEPRESSION,27.0
2023,MD,Queen Anne's,24035,MHLTH,14.9
2022,KY,Boone,21015,SLEEP,38.3
2023,MI,Barry,26015,DEPRESSION,26.2
2022,LA,Claiborne,22027,SLEEP,46.4
2023,KS,Rush,20165,MHLTH,15.6
2023,MD,Somerset,24039,DEPRESSION,20.9
2022,KS,Pottawatomie,20149,SLEEP,34.8
2022,LA,Morehouse,22067,SLEEP,44.5
2023,MA,Berkshire,25003,DEPRESSION,25.1
2023,KS,McPherson,20113,MHLTH,15.8
2022,KS,Gray,20069,SLEEP,31.0
2022,KY,Knox,21121,SLEEP,41.6
2023,LA,Acadia,22001,DEPRESSION,30.6
2023,MI,Calhoun,26025,MHLTH,18.5
2023,KS,Wichita,20203,MHLTH,15.6
2023,KS,Stevens,20189,DEPRESSION,19.9
2023,ME,Franklin,23007,MHLTH,19.0
2023,LA,Red River,22081,DEPRESSION,26.6
2023,KS,Greenwood,20073,DEPRESSION,21.0
2022,KY,Perry,21193,SLEEP,41.0
2023,LA,Lafourche,22057,MHLTH,20.4
2022,KY,Bath,21011,SLEEP,40.1
2022,ME,Kennebec,23011,SLEEP,34.6
2022,KS,Sherman,20181,SLEEP,33.4
2023,KS,Morris,20127,DEPRESSION,19.7
2023,KS,Osborne,20141,DEPRESSION,20.1
2022,MD,Caroline,24011,SLEEP,40.3
2022,KY,Spencer,21215,SLEEP,39.8
2022,LA,Rapides,22079,SLEEP,40.7
2023,MD,Calvert,24009,DEPRESSION,19.7
2023,LA,St. John the Baptist,22095,DEPRESSION,24.0
2022,KY,Rowan,21205,SLEEP,40.0
2023,KS,Morton,20129,MHLTH,16.1
2022,KY,Webster,21233,SLEEP,42.6
2023,LA,St. Bernard,22087,MHLTH,20.8
2022,MI,Bay,26017,SLEEP,32.1
2023,KS,Marion,20115,MHLTH,15.8
2023,LA,St. Landry,22097,DEPRESSION,26.6
2022,KY,Larue,21123,SLEEP,43.5
2023,KS,Labette,20099,MHLTH,17.1
2022,KY,Ballard,21007,SLEEP,39.6
2022,KY,Pendleton,21191,SLEEP,41.9
2022,KY,Hart,21099,SLEEP,43.8
2022,LA,Red River,22081,SLEEP,44.0
2023,MI,Antrim,26009,MHLTH,15.5
2023,LA,Allen,22003,MHLTH,20.7
2023,LA,Jefferson Davis,22053,DEPRESSION,28.4
2023,KS,Sheridan,20179,DEPRESSION,20.0
2023,ME,Somerset,23025,DEPRESSION,28.8
2022,KY,Green,21087,SLEEP,42.6
2022,KS,Saline,20169,SLEEP,32.4
2023,MD,Harford,24025,MHLTH,15.4
2023,LA,St. Mary,22101,DEPRESSION,27.3
2022,ME,Knox,23013,SLEEP,29.1
2023,KS,Grant,20067,MHLTH,14.6
2023,LA,Evangeline,22039,MHLTH,21.3
2022,MI,Cass,26027,SLEEP,34.4
2023,MA,Dukes,25007,DEPRESSION,23.4
2023,KS,Lyon,20111,DEPRESSION,21.5
2023,MD,Cecil,24015,MHLTH,17.4
2022,MD,Talbot,24041,SLEEP,31.9
2022,KY,Christian,21047,SLEEP,40.9
2022,KS,Wilson,20205,SLEEP,34.2
2023,LA,Avoyelles,22009,MHLTH,21.8
2023,KS,Kiowa,20097,MHLTH,15.6
2022,LA,West Carroll,22123,SLEEP,38.0
2022,KS,Kiowa,20097,SLEEP,29.8
2022,MA,Berkshire,25003,SLEEP,36.4
2023,LA,Grant,22043,DEPRESSION,26.9
2022,MD,Somerset,24039,SLEEP,44.0
2022,KY,Wolfe,21237,SLEEP,44.2
2023,MI,Alpena,26007,DEPRESSION,27.9
2023,MD,Washington,24043,DEPRESSION,22.9
2022,KY,Daviess,21059,SLEEP,37.6
2022,KY,Whitley,21235,SLEEP,42.1
2023,KS,Russell,20167,MHLTH,16.5
2023,KS,Montgomery,20125,DEPRESSION,21.6
2022,KS,Rooks,20163,SLEEP,34.1
2022,KS,Lyon,20111,SLEEP,35.1
2022,KY,Grayson,21085,SLEEP,41.0
2022,LA,Webster,22119,SLEEP,40.7
2023,KS,Pratt,20151,MHLTH,16.1
2022,LA,Sabine,22085,SLEEP,39.5
2023,KS,Hodgeman,20083,MHLTH,14.6
2023,ME,Piscataquis,23021,DEPRESSION,26.2
2023,ME,York,23031,DEPRESSION,25.4
2022,LA,Ouachita,22073,SLEEP,40.3
2023,MD,Anne Arundel,24003,DEPRESSION,19.9
2022,KY,Boyd,21019,SLEEP,36.9
2023,MD,Kent,24029,MHLTH,15.2
2022,KY,Magoffin,21153,SLEEP,42.9
2023,LA,West Feliciana,22125,MHLTH,16.9
2023,KS,Wabaunsee,20197,MHLTH,15.5
2023,MD,Baltimore,24510,MHLTH,18.4
2022,MA,Dukes,25007,SLEEP,33.0
2023,MD,Frederick,24021,DEPRESSION,20.5
2022,MD,Howard,24027,SLEEP,36.9
2022,LA,Caldwell,22021,SLEEP,40.4
2023,KS,Logan,20109,DEPRESSION,21.2
2023,LA,Ascension,22005,MHLTH,18.7
2022,KY,Livingston,21139,SLEEP,38.4
2023,ME,Oxford,23017,DEPRESSION,26.3
2023,KS,Phillips,20147,MHLTH,15.8
2023,LA,Calcasieu,22019,MHLTH,19.0
2022,KY,Russell,21207,SLEEP,42.4
2022,LA,Winn,22127,SLEEP,41.9
2022,KS,Trego,20195,SLEEP,34.5
2023,LA,Pointe Coupee,22077,MHLTH,19.1
2023,LA,Richland,22083,MHLTH,20.8
2023,KS,Haskell,20081,MHLTH,16.8
2023,LA,Livingston,22063,DEPRESSION,29.6
2022,KY,Union,21225,SLEEP,40.4
2022,ME,Cumberland,23005,SLEEP,30.2
2023,KS,Thomas,20193,MHLTH,16.4
2023,KS,Woodson,20207,DEPRESSION,20.7
2022,KY,Franklin,21073,SLEEP,40.0
2023,KS,Harper,20077,MHLTH,17.0
2023,MD,Wicomico,24045,MHLTH,17.6
2023,MI,Allegan,26005,DEPRESSION,25.8
2022,LA,Caddo,22017,SLEEP,38.7
2022,MD,Calvert,24009,SLEEP,36.5
2023,LA,Tangipahoa,22105,DEPRESSION,26.4
2022,KY,Anderson,21005,SLEEP,38.3
2023,KS,Stafford,20185,MHLTH,15.7
2022,KS,Lane,20101,SLEEP,34.6
2023,MA,Essex,25009,MHLTH,15.3
2022,LA,Plaquemines,22075,SLEEP,39.4
2023,KS,Sheridan,20179,MHLTH,15.2
2023,MA,Plymouth,25023,DEPRESSION,23.8
2023,KS,Phillips,20147,DEPRESSION,20.6
2023,KS,Riley,20161,MHLTH,18.8
2022,KY,Clay,21051,SLEEP,42.3
2022,MA,Suffolk,25025,SLEEP,34.3
2022,KY,Powell,21197,SLEEP,39.4
2023,LA,St. Helena,22091,MHLTH,20.5
2023,ME,Sagadahoc,23023,MHLTH,16.2
2023,MI,Charlevoix,26029,MHLTH,15.5
2023,KS,Scott,20171,MHLTH,15.0
2023,LA,East Baton Rouge,22033,DEPRESSION,25.9
2023,KS,Kingman,20095,DEPRESSION,21.3
2023,ME,Lincoln,23015,MHLTH,16.1
2023,LA,Morehouse,22067,DEPRESSION,26.7
2023,KS,Wyandotte,20209,DEPRESSION,17.7
2023,KS,Seward,20175,DEPRESSION,17.8
2023,KS,Meade,20119,MHLTH,16.2
2022,LA,East Baton Rouge,22033,SLEEP,41.9
2023,LA,Calcasieu,22019,DEPRESSION,27.5
2022,MI,Berrien,26021,SLEEP,37.6
2022,KS,Neosho,20133,SLEEP,35.1
2022,KY,Barren,21009,SLEEP,41.2
2022,MD,Worcester,24047,SLEEP,29.4
2023,KS,Neosho,20133,MHLTH,17.0
2023,KS,Lincoln,20105,DEPRESSION,20.6
2023,ME,Washington,23029,DEPRESSION,26.7
2022,ME,Lincoln,23015,SLEEP,29.5
2023,LA,West Baton Rouge,22121,MHLTH,18.9
2022,KY,Knott,21119,SLEEP,41.5
2023,MI,Berrien,26021,MHLTH,17.2
2023,KS,Ottawa,20143,DEPRESSION,20.7
2022,MA,Franklin,25011,SLEEP,32.7
2022,KS,Wyandotte,20209,SLEEP,37.2
2023,LA,Vernon,22115,DEPRESSION,27.5
2023,MA,Essex,25009,DEPRESSION,22.3
2023,LA,Tensas,22107,DEPRESSION,24.6
2022,KY,Mason,21161,SLEEP,42.5
2022,KS,Harvey,20079,SLEEP,33.7
2023,KS,Republic,20157,DEPRESSION,20.3
2022,MI,Charlevoix,26029,SLEEP,35.5
2022,MD,St. Mary's,24037,SLEEP,37.5
2022,ME,Hancock,23009,SLEEP,29.7
2023,KS,Johnson,20091,DEPRESSION,18.4
2022,KY,Leslie,21131,SLEEP,39.9
2023,ME,Sagadahoc,23023,DEPRESSION,27.1
2022,LA,Allen,22003,SLEEP,39.1
2022,LA,Orleans,22071,SLEEP,38.8
2023,MD,Montgomery,24031,MHLTH,12.0
2022,LA,East Feliciana,22037,SLEEP,43.0
2023,ME,Androscoggin,23001,MHLTH,19.7
2022,KS,Marshall,20117,SLEEP,34.7
2022,LA,Assumption,22007,SLEEP,38.1
2023,LA,Jackson,22049,DEPRESSION,26.5
2022,KS,Graham,20065,SLEEP,31.4
2023,MI,Alcona,26001,DEPRESSION,25.3
2023,LA,Natchitoches,22069,MHLTH,21.0
2023,LA,Cameron,22023,DEPRESSION,28.1
2022,KS,Norton,20137,SLEEP,35.2
2022,LA,Bossier,22015,SLEEP,42.3
2023,LA,Lincoln,22061,DEPRESSION,28.0
2023,LA,Plaquemines,22075,MHLTH,18.8
2023,MD,Howard,24027,MHLTH,12.4
2023,KS,Rawlins,20153,MHLTH,15.8
2023,KS,Harper,20077,DEPRESSION,21.7
2023,KS,Jefferson,20087,MHLTH,15.4
2022,LA,St. Landry,22097,SLEEP,39.8
2023,LA,De Soto,22031,MHLTH,20.3
2023,MA,Hampshire,25015,DEPRESSION,27.4
2023,LA,East Baton Rouge,22033,MHLTH,18.8
2022,KY,Carter,21043,SLEEP,39.7
2022,KY,McLean,21149,SLEEP,39.6
2022,KY,Breathitt,21025,SLEEP,41.6
2022,KS,Stevens,20189,SLEEP,37.0
2022,ME,Franklin,23007,SLEEP,35.0
2022,KY,Jackson,21109,SLEEP,41.5
2023,MA,Barnstable,25001,DEPRESSION,22.5
2023,LA,West Carroll,22123,DEPRESSION,27.7
2022,MD,Carroll,24013,SLEEP,34.5
2022,KS,Haskell,20081,SLEEP,34.0
2023,KS,Mitchell,20123,MHLTH,16.2
2022,KS,Kingman,20095,SLEEP,34.4
2023,ME,Hancock,23009,MHLTH,16.5
2023,MI,Alger,26003,DEPRESSION,24.7
2023,LA,Vermilion,22113,MHLTH,20.3
2022,KY,Harrison,21097,SLEEP,39.7
2023,MD,Charles,24017,DEPRESSION,17.5
2023,KS,Greeley,20071,MHLTH,14.6
2023,KS,Jackson,20085,MHLTH,16.3
2022,MA,Barnstable,25001,SLEEP,29.5
2022,KY,Lincoln,21137,SLEEP,40.0
2022,LA,Cameron,22023,SLEEP,37.3
2023,KS,Osage,20139,MHLTH,16.3
2023,KS,Lane,20101,MHLTH,15.4
2023,MD,Frederick,24021,MHLTH,15.1
2022,LA,Calcasieu,22019,SLEEP,38.7
2023,MD,Allegany,24001,DEPRESSION,25.7
2023,KS,Republic,20157,MHLTH,15.7
2023,KS,Gray,20069,DEPRESSION,21.0
2022,KS,Woodson,20207,SLEEP,34.8
2022,LA,Richland,22083,SLEEP,40.3
2023,KS,Marion,20115,DEPRESSION,20.8
2023,KS,Sumner,20191,MHLTH,16.4
2022,LA,Franklin,22041,SLEEP,40.4
2022,KY,Fayette,21067,SLEEP,38.1
2022,KS,Wichita,20203,SLEEP,32.5
2022,KS,Pratt,20151,SLEEP,32.0
2022,LA,St. Charles,22089,SLEEP,39.1
2022,ME,Piscataquis,23021,SLEEP,34.2
2023,LA,Iberia,22045,DEPRESSION,27.9
2023,LA,Franklin,22041,DEPRESSION,28.1
2023,KS,Saline,20169,DEPRESSION,20.7
2023,LA,Sabine,22085,MHLTH,20.6
2022,KY,Robertson,21201,SLEEP,40.6
2023,LA,Iberville,22047,MHLTH,19.8
2022,MA,Hampshire,25015,SLEEP,31.5
2023,LA,St. Tammany,22103,DEPRESSION,25.2
2022,KY,Montgomery,21173,SLEEP,41.0
2023,LA,Caldwell,22021,MHLTH,21.4
2022,KY,Bullitt,21029,SLEEP,41.6
2022,LA,St. James,22093,SLEEP,43.1
2023,MA,Barnstable,25001,MHLTH,13.8
2022,MI,Barry,26015,SLEEP,32.3
2023,KS,Stanton,20187,MHLTH,16.0
2022,KY,Estill,21065,SLEEP,41.3
2022,KY,Allen,21003,SLEEP,38.9
2023,KS,Labette,20099,DEPRESSION,20.9
2023,KS,Marshall,20117,DEPRESSION,21.2
2022,KY,Scott,21209,SLEEP,40.6
2022,MI,Arenac,26011,SLEEP,32.7
2022,KY,Muhlenberg,21177,SLEEP,41.6
2023,LA,East Carroll,22035,MHLTH,23.2
2022,KY,Nicholas,21181,SLEEP,41.3
2022,LA,De Soto,22031,SLEEP,41.9
2022,KS,Jackson,20085,SLEEP,36.0
2023,MI,Benzie,26019,DEPRESSION,25.7
2022,MI,Benzie,26019,SLEEP,29.9
2023,MA,Franklin,25011,DEPRESSION,25.4
2023,KS,Shawnee,20177,DEPRESSION,23.0
2023,ME,Cumberland,23005,MHLTH,16.7
2022,LA,Pointe Coupee,22077,SLEEP,40.5
2022,KY,Campbell,21037,SLEEP,36.8
2023,MD,Garrett,24023,MHLTH,16.4
2023,KS,Washington,20201,MHLTH,15.2
2022,MD,Wicomico,24045,SLEEP,35.3
2023,KS,Osborne,20141,MHLTH,15.5
2023,MD,Carroll,24013,DEPRESSION,22.5
2022,KY,Breckinridge,21027,SLEEP,42.2
2023,KS,Reno,20155,DEPRESSION,22.1
2022,MD,Washington,24043,SLEEP,39.9
2023,LA,Winn,22127,MHLTH,19.9
2022,KY,Trimble,21223,SLEEP,38.9
2022,KY,Cumberland,21057,SLEEP,41.4
2022,KY,Edmonson,21061,SLEEP,42.3
2022,KY,Fulton,21075,SLEEP,43.8
2022,ME,York,23031,SLEEP,30.7
2023,LA,Orleans,22071,DEPRESSION,26.7
2023,KS,Rooks,20163,DEPRESSION,21.3
2023,MD,Dorchester,24019,MHLTH,17.0
2023,MI,Cheboygan,26031,MHLTH,17.0
2022,KY,Lewis,21135,SLEEP,41.8
2023,MD,Baltimore,24510,DEPRESSION,23.5
2022,KY,Kenton,21117,SLEEP,37.3
2023,LA,Madison,22065,MHLTH,22.5
2022,KS,Harper,20077,SLEEP,35.1
2023,MD,Queen Anne's,24035,DEPRESSION,22.4
2023,KS,Kearny,20093,MHLTH,16.4
2023,MI,Antrim,26009,DEPRESSION,25.2
2023,MD,Talbot,24041,MHLTH,13.6
2023,KS,Wilson,20205,MHLTH,16.6
2022,KS,Ottawa,20143,SLEEP,32.2
2022,KY,Warren,21227,SLEEP,38.4
2023,ME,Penobscot,23019,MHLTH,19.4
2023,LA,St. James,22093,DEPRESSION,24.5
2023,LA,LaSalle,22059,DEPRESSION,27.0
2023,ME,Kennebec,23011,MHLTH,18.3
2022,ME,Aroostook,23003,SLEEP,37.2
2023,KS,Harvey,20079,MHLTH,15.6
2023,LA,Washington,22117,MHLTH,20.4
2023,LA,Rapides,22079,MHLTH,19.9
2022,KS,Johnson,20091,SLEEP,30.2
2023,MA,Bristol,25005,MHLTH,18.6
2022,KS,Phillips,20147,SLEEP,34.8
2023,MI,Cass,26027,MHLTH,17.7
2022,KY,Owsley,21189,SLEEP,41.1
2023,MI,Baraga,26013,MHLTH,18.5
2023,KS,Leavenworth,20103,DEPRESSION,20.9
2023,MA,Nantucket,25019,DEPRESSION,22.0
2022,MD,Anne Arundel,24003,SLEEP,38.0
2022,MD,Baltimore,24510,SLEEP,41.5
2023,MD,Worcester,24047,DEPRESSION,20.4
2022,KY,Simpson,21213,SLEEP,41.0
2022,MD,Queen Anne's,24035,SLEEP,33.2
2023,LA,Red River,22081,MHLTH,21.0
2023,KS,Ness,20135,MHLTH,15.2
2022,MD,Montgomery,24031,SLEEP,33.1
2022,KY,Johnson,21115,SLEEP,43.7
2023,MD,Caroline,24011,MHLTH,18.1
2023,LA,Claiborne,22027,MHLTH,21.1
2023,KS,Miami,20121,DEPRESSION,20.9
2022,LA,Tangipahoa,22105,SLEEP,38.6
2022,KY,Washington,21229,SLEEP,38.1
2023,MD,Harford,24025,DEPRESSION,21.6
2022,KS,Morton,20129,SLEEP,36.3
2022,KS,Labette,20099,SLEEP,36.6
2022,KS,Rice,20159,SLEEP,32.2
2023,KS,Sedgwick,20173,DEPRESSION,22.6
2023,KS,Nemaha,20131,MHLTH,15.7
2023,ME,Waldo,23027,DEPRESSION,28.2
2023,LA,East Feliciana,22037,DEPRESSION,24.5
2023,KS,Smith,20183,MHLTH,14.6
2023,MA,Worcester,25027,DEPRESSION,25.6
2022,LA,West Feliciana,22125,SLEEP,41.6
2023,KS,Linn,20107,DEPRESSION,20.2
2022,KS,Wallace,20199,SLEEP,33.9
2022,KY,Hopkins,21107,SLEEP,43.8
2023,MA,Bristol,25005,DEPRESSION,23.8
2022,KY,Metcalfe,21169,SLEEP,40.3
2023,MD,Prince George's,24033,MHLTH,14.3
2023,KS,Pottawatomie,20149,MHLTH,15.7
2022,KY,Carlisle,21039,SLEEP,39.3
2022,KS,Hodgeman,20083,SLEEP,33.8
2022,MI,Calhoun,26025,SLEEP,34.6
2022,LA,Concordia,22029,SLEEP,42.3
2023,LA,St. John the Baptist,22095,MHLTH,19.0
2023,MI,Bay,26017,MHLTH,17.6
2022,KY,Hickman,21105,SLEEP,39.8
2023,LA,St. Charles,22089,DEPRESSION,25.5
2022,ME,Oxford,23017,SLEEP,33.2
2022,KS,Linn,20107,SLEEP,33.2
2023,LA,Bienville,22013,MHLTH,20.9
2023,LA,Lincoln,22061,MHLTH,21.7
2022,KS,Stafford,20185,SLEEP,34.6
2023,LA,Caddo,22017,MHLTH,19.4
2023,KS,Graham,20065,DEPRESSION,19.6
2022,MI,Chippewa,26033,SLEEP,33.9
2022,KY,McCreary,21147,SLEEP,45.0
2022,LA,Livingston,22063,SLEEP,38.2
2023,KS,Pawnee,20145,MHLTH,15.3
2023,LA,Claiborne,22027,DEPRESSION,25.1
2022,KY,Bourbon,21017,SLEEP,39.0
2023,KS,Rice,20159,DEPRESSION,20.3
2022,KY,Gallatin,21077,SLEEP,44.6
2022,KS,Pawnee,20145,SLEEP,34.9
2022,LA,Iberia,22045,SLEEP,40.0
2023,LA,Jefferson,22051,DEPRESSION,24.3
2022,KY,Madison,21151,SLEEP,42.5
2022,KY,Laurel,21125,SLEEP,40.5
2022,LA,Terrebonne,22109,SLEEP,42.1
2022,KY,Clinton,21053,SLEEP,40.0
2022,MD,Harford,24025,SLEEP,35.9
2023,MA,Plymouth,25023,MHLTH,16.8
2023,KS,Pratt,20151,DEPRESSION,20.7
2022,LA,Jefferson,22051,SLEEP,40.4
2023,LA,Concordia,22029,MHLTH,21.3
2022,MA,Nantucket,25019,SLEEP,31.2
2022,MD,Prince George's,24033,SLEEP,43.7
2023,KS,Rush,20165,DEPRESSION,20.7
2023,ME,Oxford,23017,MHLTH,17.8
2023,MI,Branch,26023,MHLTH,18.6
2022,KY,Shelby,21211,SLEEP,38.4
2023,MA,Berkshire,25003,MHLTH,16.9
2022,MI,Alger,26003,SLEEP,33.8
2023,LA,Beauregard,22011,DEPRESSION,28.9
2022,LA,St. John the Baptist,22095,SLEEP,44.1
2023,ME,Piscataquis,23021,MHLTH,17.8
2023,LA,Ouachita,22073,DEPRESSION,25.7
2023,KS,Stevens,20189,MHLTH,17.2
2022,KY,Woodford,21239,SLEEP,35.1
2023,MD,Cecil,24015,DEPRESSION,23.2
2023,ME,Kennebec,23011,DEPRESSION,28.2
2023,KS,Greenwood,20073,MHLTH,16.2
2022,MD,Charles,24017,SLEEP,40.6
2023,LA,East Carroll,22035,DEPRESSION,24.9
2023,KS,Kiowa,20097,DEPRESSION,20.6
2023,KS,Russell,20167,DEPRESSION,20.7
2022,KY,Bell,21013,SLEEP,41.5
2023,LA,Iberia,22045,MHLTH,20.5
2023,LA,Union,22111,MHLTH,19.7
2023,KS,Sherman,20181,DEPRESSION,20.2
2023,LA,Vernon,22115,MHLTH,20.5
2022,KS,Rawlins,20153,SLEEP,34.6
2022,MA,Bristol,25005,SLEEP,34.6
2022,KY,Martin,21159,SLEEP,45.4
2022,KY,Grant,21081,SLEEP,41.3
2023,MI,Alpena,26007,MHLTH,18.1
2022,KS,Montgomery,20125,SLEEP,37.4
2023,LA,Webster,22119,DEPRESSION,27.4
2023,MD,Somerset,24039,MHLTH,18.5
2022,LA,Lafourche,22057,SLEEP,41.5
2023,MI,Branch,26023,DEPRESSION,27.5
2023,KS,Haskell,20081,DEPRESSION,20.0
2022,KY,Carroll,21041,SLEEP,44.3
2022,KS,Kearny,20093,SLEEP,34.8
2022,KY,Lawrence,21127,SLEEP,41.7
2023,LA,West Feliciana,22125,DEPRESSION,21.8
2023,MI,Alcona,26001,MHLTH,15.7
2023,MI,Berrien,26021,DEPRESSION,25.7
2023,LA,LaSalle,22059,MHLTH,19.8
2022,LA,Bienville,22013,SLEEP,43.3
2022,LA,Beauregard,22011,SLEEP,35.9
2022,KY,Hardin,21093,SLEEP,40.9
2022,MD,Allegany,24001,SLEEP,41.0
2023,MA,Hampden,25013,MHLTH,18.9
2023,LA,Lafourche,22057,DEPRESSION,30.0
2023,MI,Cheboygan,26031,DEPRESSION,26.7
2022,KY,Adair,21001,SLEEP,43.5
2023,MD,Anne Arundel,24003,MHLTH,14.6
2022,LA,Catahoula,22025,SLEEP,41.4
2022,MI,Cheboygan,26031,SLEEP,32.3
2023,ME,York,23031,MHLTH,16.9
2022,KS,Russell,20167,SLEEP,32.1
2023,LA,Bossier,22015,DEPRESSION,26.8
2023,KS,Ottawa,20143,MHLTH,15.8
2022,LA,Grant,22043,SLEEP,42.5
2023,LA,Beauregard,22011,MHLTH,20.0
2023,KS,Wichita,20203,DEPRESSION,19.0
2022,KS,Sumner,20191,SLEEP,37.1
2023,LA,Concordia,22029,DEPRESSION,27.4
2022,KS,Miami,20121,SLEEP,32.5
2023,KS,Seward,20175,MHLTH,16.9
2023,LA,Terrebonne,22109,DEPRESSION,27.3
2023,LA,St. Landry,22097,MHLTH,21.3
2022,KS,Osage,20139,SLEEP,31.1
2023,KS,Wallace,20199,DEPRESSION,20.4
2022,KY,Mercer,21167,SLEEP,39.3
2022,KS,Ness,20135,SLEEP,34.3
2022,MA,Hampden,25013,SLEEP,38.4
2023,LA,Grant,22043,MHLTH,20.2
2023,LA,Catahoula,22025,DEPRESSION,26.9
2023,KS,Morris,20127,MHLTH,15.2
2023,KS,Jewell,20089,MHLTH,15.5
2022,LA,Madison,22065,SLEEP,46.2
2022,KY,McCracken,21145,SLEEP,40.3
2023,KS,Hamilton,20075,MHLTH,15.5
2023,KS,McPherson,20113,DEPRESSION,21.1
2022,KS,Shawnee,20177,SLEEP,35.1
2023,KS,Jefferson,20087,DEPRESSION,20.7
2023,KS,Stafford,20185,DEPRESSION,20.4
2023,KS,Woodson,20207,MHLTH,15.8
2022,KS,Leavenworth,20103,SLEEP,37.1
2023,ME,Franklin,23007,DEPRESSION,28.3
2022,MA,Worcester,25027,SLEEP,34.6
2023,LA,Tangipahoa,22105,MHLTH,20.8
2022,KY,Marshall,21157,SLEEP,36.0
2023,ME,Knox,23013,DEPRESSION,25.4
2023,MA,Middlesex,25017,MHLTH,14.8
2022,KY,Nelson,21179,SLEEP,37.7
2023,LA,St. James,22093,MHLTH,18.4
2022,KY,Greenup,21089,SLEEP,38.6
2023,LA,St. Mary,22101,MHLTH,20.4
2022,KS,Reno,20155,SLEEP,38.4
2022,KS,Greenwood,20073,SLEEP,35.0
2023,KS,Morton,20129,DEPRESSION,19.7
2023,MI,Barry,26015,MHLTH,17.2
2023,KS,Neosho,20133,DEPRESSION,20.7
2022,LA,Avoyelles,22009,SLEEP,40.3
2023,LA,Tensas,22107,MHLTH,19.7
2022,KS,Stanton,20187,SLEEP,35.3
2023,KS,Johnson,20091,MHLTH,13.2
2023,MD,St. Mary's,24037,MHLTH,16.4
2023,LA,Ascension,22005,DEPRESSION,26.9
2022,KY,Monroe,21171,SLEEP,39.6
2023,LA,Livingston,22063,MHLTH,19.6
2023,ME,Androscoggin,23001,DEPRESSION,29.7
2022,MD,Dorchester,24019,SLEEP,38.7
2022,KY,Pulaski,21199,SLEEP,40.7
2022,KY,Oldham,21185,SLEEP,35.4
2023,MD,Baltimore,24005,MHLTH,16.1
2022,KY,Rockcastle,21203,SLEEP,41.6
2022,KS,Jewell,20089,SLEEP,32.9
2022,LA,Iberville,22047,SLEEP,42.3
2023,KS,Lincoln,20105,MHLTH,15.8
2022,KS,Sedgwick,20173,SLEEP,36.3
2022,LA,Lincoln,22061,SLEEP,42.0
2022,KY,Clark,21049,SLEEP,41.0
2023,MI,Calhoun,26025,DEPRESSION,26.9
2022,KS,Meade,20119,SLEEP,34.7
2023,KS,Grant,20067,DEPRESSION,17.3
2023,MD,Wicomico,24045,DEPRESSION,21.7
2023,LA,Acadia,22001,MHLTH,21.6
2023,KS,Lane,20101,DEPRESSION,20.4
2023,LA,Lafayette,22055,DEPRESSION,25.9
2022,KY,Caldwell,21033,SLEEP,39.4
2022,KY,Wayne,21231,SLEEP,41.1
2022,ME,Androscoggin,23001,SLEEP,36.7
2023,LA,West Baton Rouge,22121,DEPRESSION,25.5
2023,LA,Cameron,22023,MHLTH,18.7
2023,KS,Norton,20137,MHLTH,16.5
2023,LA,St. Helena,22091,DEPRESSION,25.7
2023,LA,Jackson,22049,MHLTH,19.8
2023,LA,Evangeline,22039,DEPRESSION,28.3
2023,KS,Wyandotte,20209,MHLTH,17.2
2022,KY,Garrard,21079,SLEEP,40.8
2022,KS,Washington,20201,SLEEP,33.8
2023,LA,Pointe Coupee,22077,DEPRESSION,26.1
2023,MA,Middlesex,25017,DEPRESSION,23.7
2023,KS,Scott,20171,DEPRESSION,19.1
2023,KS,Meade,20119,DEPRESSION,20.3
2022,KS,Republic,20157,SLEEP,30.8
2022,ME,Penobscot,23019,SLEEP,34.9
2022,KS,Jefferson,20087,SLEEP,32.3
2022,LA,Vermilion,22113,SLEEP,38.0
2023,KS,Riley,20161,DEPRESSION,23.2
2023,MD,Washington,24043,MHLTH,16.9
2022,MD,Garrett,24023,SLEEP,36.7
2023,MD,Kent,24029,DEPRESSION,22.1
2022,MI,Baraga,26013,SLEEP,36.2
2023,MD,Garrett,24023,DEPRESSION,21.0
2022,ME,Washington,23029,SLEEP,38.4
2022,KS,Scott,20171,SLEEP,33.9
2023,KS,Trego,20195,MHLTH,14.4
2022,KS,Osborne,20141,SLEEP,31.4
2023,MI,Chippewa,26033,MHLTH,19.3
2023,MI,Arenac,26011,MHLTH,17.7
2023,LA,St. Martin,22099,MHLTH,20.4
2023,MD,Calvert,24009,MHLTH,14.9
2023,LA,Jefferson Davis,22053,MHLTH,20.5
2023,KS,Saline,20169,MHLTH,16.4
2023,ME,Lincoln,23015,DEPRESSION,26.5
2023,MI,Charlevoix,26029,DEPRESSION,24.7
2023,KS,Kingman,20095,MHLTH,16.5
2023,LA,Bossier,22015,MHLTH,18.5
2022,KY,Boyle,21021,SLEEP,38.4
2022,KY,Hancock,21091,SLEEP,38.4
2022,LA,Vernon,22115,SLEEP,41.9
2022,KY,Letcher,21133,SLEEP,42.1
2022,MA,Norfolk,25021,SLEEP,32.9
2023,KS,Thomas,20193,DEPRESSION,20.9
2023,MD,St. Mary's,24037,DEPRESSION,21.2
2022,LA,St. Martin,22099,SLEEP,41.4
2022,LA,Tensas,22107,SLEEP,43.9
2022,LA,Jefferson Davis,22053,SLEEP,37.8
2022,KY,Fleming,21069,SLEEP,42.1
2022,MI,Allegan,26005,SLEEP,30.8
2023,MI,Arenac,26011,DEPRESSION,27.1
2023,ME,Hancock,23009,DEPRESSION,25.5
2023,MA,Hampshire,25015,MHLTH,17.4
2023,KS,Osage,20139,DEPRESSION,21.1
2023,LA,Assumption,22007,MHLTH,19.8
2022,KY,Harlan,21095,SLEEP,44.1
2022,KY,Butler,21031,SLEEP,41.2
2022,KS,Grant,20067,SLEEP,32.6
2023,LA,St. Martin,22099,DEPRESSION,28.5
2023,MI,Benzie,26019,MHLTH,15.8
2023,MI,Cass,26027,DEPRESSION,26.9
2023,LA,Madison,22065,DEPRESSION,26.3
2022,KS,Sheridan,20179,SLEEP,30.8
2023,MA,Franklin,25011,MHLTH,16.1
2022,MD,Baltimore,24005,SLEEP,36.2
2022,KS,Greeley,20071,SLEEP,30.6
2023,LA,Sabine,22085,DEPRESSION,28.0
2023,KS,Washington,20201,DEPRESSION,19.6
2022,LA,Lafayette,22055,SLEEP,37.8
2023,MD,Talbot,24041,DEPRESSION,20.5
2022,KY,Henry,21103,SLEEP,39.9
2022,KS,Riley,20161,SLEEP,36.3
2023,ME,Washington,23029,MHLTH,19.1
2022,MD,Cecil,24015,SLEEP,38.2
2023,LA,Orleans,22071,MHLTH,18.4
2022,LA,St. Helena,22091,SLEEP,41.4
2022,LA,Natchitoches,22069,SLEEP,39.0
2022,KY,Taylor,21217,SLEEP,40.1
2023,LA,Bienville,22013,DEPRESSION,26.9
2022,MD,Kent,24029,SLEEP,32.9
2022,MA,Essex,25009,SLEEP,35.1
2023,KS,Mitchell,20123,DEPRESSION,20.8
2023,ME,Penobscot,23019,DEPRESSION,28.8
2022,KY,Ohio,21183,SLEEP,39.8
2023,MA,Suffolk,25025,DEPRESSION,23.2
2022,KY,Jessamine,21113,SLEEP,36.7
2023,MD,Howard,24027,DEPRESSION,17.7
2022,KY,Casey,21045,SLEEP,44.8
2022,KS,Logan,20109,SLEEP,33.2
2022,KY,Todd,21219,SLEEP,42.4
2023,MD,Baltimore,24005,DEPRESSION,20.7
2023,MD,Worcester,24047,MHLTH,14.5
2023,ME,Aroostook,23003,MHLTH,18.3
2023,KS,Wilson,20205,DEPRESSION,21.3
2023,LA,Winn,22127,DEPRESSION,26.4
2023,LA,Caldwell,22021,DEPRESSION,29.2
2022,ME,Sagadahoc,23023,SLEEP,29.3
2022,KY,Pike,21195,SLEEP,44.5
2022,LA,Union,22111,SLEEP,39.4
2022,KS,Lincoln,20105,SLEEP,32.5
2022,LA,East Carroll,22035,SLEEP,47.8
2023,MI,Bay,26017,DEPRESSION,26.9
2023,LA,Jefferson,22051,MHLTH,17.7
2022,KS,Morris,20127,SLEEP,32.8
2023,MD,Carroll,24013,MHLTH,14.9
2023,LA,Richland,22083,DEPRESSION,27.4
2023,KS,Shawnee,20177,MHLTH,15.6
2023,LA,Iberville,22047,DEPRESSION,25.2
2022,LA,Evangeline,22039,SLEEP,42.1
2023,KS,Logan,20109,MHLTH,16.2
2022,MI,Branch,26023,SLEEP,35.0
2023,MD,Allegany,24001,MHLTH,18.9
2022,KY,Marion,21155,SLEEP,41.9
2022,LA,Acadia,22001,SLEEP,37.3
2023,KS,Reno,20155,MHLTH,16.3
2023,MI,Chippewa,26033,DEPRESSION,26.8
2022,KS,Mitchell,20123,SLEEP,33.9
2023,LA,St. Bernard,22087,DEPRESSION,27.9
2023,LA,De Soto,22031,DEPRESSION,27.1
2023,MI,Allegan,26005,MHLTH,17.2
2023,KS,Norton,20137,DEPRESSION,20.5
2022,KY,Crittenden,21055,SLEEP,40.2
2022,MA,Middlesex,25017,SLEEP,30.6
2023,LA,Natchitoches,22069,DEPRESSION,27.9
2022,KY,Calloway,21035,SLEEP,39.3
2022,LA,LaSalle,22059,SLEEP,39.6
2023,LA,Assumption,22007,DEPRESSION,27.1
2023,KS,Montgomery,20125,MHLTH,17.5
2023,MD,Montgomery,24031,DEPRESSION,17.0
2023,LA,Vermilion,22113,DEPRESSION,28.7
2022,MI,Alcona,26001,SLEEP,32.6
2023,MA,Suffolk,25025,MHLTH,17.3
2023,KS,Greeley,20071,DEPRESSION,19.5
2023,KS,Sumner,20191,DEPRESSION,21.3
2023,LA,West Carroll,22123,MHLTH,19.6
2023,MI,Clare,26035,DEPRESSION,28.1
2022,KS,Rush,20165,SLEEP,32.9
2023,KS,Jackson,20085,DEPRESSION,20.8
2022,MD,Frederick,24021,SLEEP,35.1
2022,KS,McPherson,20113,SLEEP,32.3
2022,KS,Thomas,20193,SLEEP,34.6
2023,KS,Rawlins,20153,DEPRESSION,20.5
2023,LA,Allen,22003,DEPRESSION,27.4
2022,KY,Floyd,21071,SLEEP,44.8
2023,LA,Lafayette,22055,MHLTH,18.2
2023,KS,Marshall,20117,MHLTH,16.5
2023,KS,Hodgeman,20083,DEPRESSION,19.0
2023,KS,Miami,20121,MHLTH,15.6
2022,KS,Smith,20183,SLEEP,33.4
2022,LA,Jackson,22049,SLEEP,40.2
2023,ME,Knox,23013,MHLTH,15.3
2023,MA,Norfolk,25021,DEPRESSION,21.9
2023,KS,Pawnee,20145,DEPRESSION,19.3
2023,KS,Hamilton,20075,DEPRESSION,18.6
2023,KS,Trego,20195,DEPRESSION,19.5
2023,LA,Caddo,22017,DEPRESSION,26.6
2023,LA,Washington,22117,DEPRESSION,27.2
2022,LA,West Baton Rouge,22121,SLEEP,41.4
2022,MI,Antrim,26009,SLEEP,30.4
2023,ME,Aroostook,23003,DEPRESSION,25.6
2023,KS,Rooks,20163,MHLTH,15.4
2023,KS,Rice,20159,MHLTH,16.1
2023,LA,East Feliciana,22037,MHLTH,18.6
2022,LA,St. Tammany,22103,SLEEP,38.8
2022,KY,Lee,21129,SLEEP,42.8
2022,KS,Seward,20175,SLEEP,39.3
2022,KY,Lyon,21143,SLEEP,40.5
2022,KS,Hamilton,20075,SLEEP,35.7
2023,ME,Cumberland,23005,DEPRESSION,25.6
2022,KY,Graves,21083,SLEEP,38.1
2022,KS,Nemaha,20131,SLEEP,31.6
2022,ME,Somerset,23025,SLEEP,37.8
2022,KY,Jefferson,21111,SLEEP,38.2
2023,LA,Terrebonne,22109,MHLTH,20.1
2023,KS,Stanton,20187,DEPRESSION,19.1
2023,LA,St. Charles,22089,MHLTH,18.1
2023,LA,Morehouse,22067,MHLTH,21.0
2022,LA,St. Mary,22101,SLEEP,43.2
2023,KS,Linn,20107,MHLTH,16.0
2023,ME,Waldo,23027,MHLTH,18.1
2023,MA,Worcester,25027,MHLTH,17.2
2022,LA,St. Bernard,22087,SLEEP,40.9
2023,MA,Dukes,25007,MHLTH,14.7
2023,KS,Kearny,20093,DEPRESSION,19.0
2022,MA,Plymouth,25023,SLEEP,35.2
2023,LA,Plaquemines,22075,DEPRESSION,26.0
2023,KS,Sedgwick,20173,MHLTH,17.0
2023,KS,Leavenworth,20103,MHLTH,15.7
2023,KS,Jewell,20089,DEPRESSION,20.5
2023,MD,Prince George's,24033,DEPRESSION,14.8
2022,KY,Bracken,21023,SLEEP,39.6
2023,KS,Pottawatomie,20149,DEPRESSION,19.9
2022,KY,Henderson,21101,SLEEP,41.0
2023,LA,St. Tammany,22103,MHLTH,18.0
2023,MA,Nantucket,25019,MHLTH,14.3
2022,KS,Wabaunsee,20197,SLEEP,33.3
2023,KS,Graham,20065,MHLTH,15.1
2023,KS,Lyon,20111,MHLTH,17.6
2022,KY,Owen,21187,SLEEP,39.3
2022,KY,Logan,21141,SLEEP,39.3
2023,MI,Alger,26003,MHLTH,16.8
2022,KY,Meade,21163,SLEEP,39.7
2023,LA,Avoyelles,22009,DEPRESSION,28.0
2023,MD,Charles,24017,MHLTH,16.0
2023,MD,Caroline,24011,DEPRESSION,24.2
2023,KS,Nemaha,20131,DEPRESSION,20.6
2023,LA,Franklin,22041,MHLTH,21.1
2023,KS,Sherman,20181,MHLTH,16.2
2023,KS,Wabaunsee,20197,DEPRESSION,20.1
2022,KY,Elliott,21063,SLEEP,40.6
2023,MA,Norfolk,25021,MHLTH,14.6
2022,KS,Marion,20115,SLEEP,29.9
2022,ME,Waldo,23027,SLEEP,33.2
2022,KY,Morgan,21175,SLEEP,43.4
2023,KS,Ness,20135,DEPRESSION,19.9
2023,KS,Smith,20183,DEPRESSION,19.2
2022,LA,Washington,22117,SLEEP,41.1
2023,LA,Webster,22119,MHLTH,20.9
2023,MD,Dorchester,24019,DEPRESSION,20.2
2022,LA,Ascension,22005,SLEEP,39.9
2023,MI,Baraga,26013,DEPRESSION,26.5
2023,LA,Rapides,22079,DEPRESSION,27.3
2022,KY,Menifee,21165,SLEEP,41.8
2023,KS,Gray,20069,MHLTH,16.9
2023,KS,Harvey,20079,DEPRESSION,20.3
2023,ME,Somerset,23025,MHLTH,19.7
2022,KY,Trigg,21221,SLEEP,40.0
2023,MA,Hampden,25013,DEPRESSION,26.8
2023,MI,Gratiot,26057,MHLTH,18.8
2023,MN,Koochiching,27071,DEPRESSION,23.4
2023,MN,Polk,27119,DEPRESSION,24.5
2022,MN,Grant,27051,SLEEP,29.7
2023,MS,Claiborne,28021,MHLTH,19.4
2023,MN,Becker,27005,DEPRESSION,23.9
2022,MI,Osceola,26133,SLEEP,34.2
2023,MS,Jefferson Davis,28065,DEPRESSION,17.8
2022,MI,Marquette,26103,SLEEP,29.8
2022,MI,Shiawassee,26155,SLEEP,34.9
2023,MN,Todd,27153,MHLTH,15.7
2023,MI,Otsego,26137,DEPRESSION,27.3
2023,MI,Luce,26095,MHLTH,17.7
2023,MN,Scott,27139,MHLTH,14.3
2023,MI,Lake,26085,DEPRESSION,26.4
2022,MS,Alcorn,28003,SLEEP,36.6
2023,MN,Chippewa,27023,MHLTH,15.8
2022,MN,Pine,27115,SLEEP,32.1
2023,MS,Sunflower,28133,DEPRESSION,17.1
2023,MN,Benton,27009,DEPRESSION,25.7
2023,MS,Carroll,28015,MHLTH,16.7
2023,MS,Montgomery,28097,MHLTH,17.5
2023,MS,Attala,28007,DEPRESSION,18.8
2022,MI,Tuscola,26157,SLEEP,35.5
2023,MS,Leflore,28083,MHLTH,18.8
2023,MN,Chippewa,27023,DEPRESSION,24.0
2023,MN,Nicollet,27103,DEPRESSION,24.8
2022,MN,Stevens,27149,SLEEP,29.3
2022,MI,Lapeer,26087,SLEEP,34.8
2023,MI,Manistee,26101,DEPRESSION,26.2
2022,MS,Neshoba,28099,SLEEP,37.5
2023,MN,Aitkin,27001,MHLTH,14.0
2023,MN,Rock,27133,DEPRESSION,24.1
2022,MN,Dakota,27037,SLEEP,28.1
2023,MI,Lapeer,26087,DEPRESSION,26.2
2023,MN,Yellow Medicine,27173,MHLTH,15.7
2023,MN,Freeborn,27047,MHLTH,15.5
2022,MN,Otter Tail,27111,SLEEP,31.6
2023,MI,Iron,26071,DEPRESSION,25.6
2022,MI,Isabella,26073,SLEEP,33.7
2023,MS,Quitman,28119,MHLTH,19.4
2023,MS,Prentiss,28117,DEPRESSION,21.6
2023,MN,Carver,27019,DEPRESSION,22.9
2022,MI,Wexford,26165,SLEEP,32.8
2023,MN,Goodhue,27049,DEPRESSION,23.1
2023,MI,Kalamazoo,26077,MHLTH,18.6
2023,MS,Clay,28025,MHLTH,17.8
2023,MN,Dakota,27037,MHLTH,14.1
2022,MS,Oktibbeha,28105,SLEEP,36.8
2022,MS,Holmes,28051,SLEEP,43.0
2023,MN,Mower,27099,MHLTH,15.8
2023,MS,Issaquena,28055,DEPRESSION,16.8
2023,MI,Crawford,26039,DEPRESSION,27.5
2023,MN,Mille Lacs,27095,MHLTH,16.3
2023,MS,Pearl River,28109,MHLTH,17.2
2023,MN,McLeod,27085,DEPRESSION,23.3
2022,MI,Leelanau,26089,SLEEP,27.9
2023,MS,Hancock,28045,DEPRESSION,19.7
2023,MS,Franklin,28037,MHLTH,17.5
2023,MN,Houston,27055,DEPRESSION,22.6
2023,MI,Iosco,26069,DEPRESSION,27.0
2023,MN,Houston,27055,MHLTH,14.2
2022,MS,Leake,28079,SLEEP,39.9
2023,MN,Kittson,27069,MHLTH,14.4
2023,MS,Covington,28031,MHLTH,17.5
2022,MN,Kandiyohi,27067,SLEEP,31.2
2023,MI,Menominee,26109,MHLTH,17.2
2022,MN,Mille Lacs,27095,SLEEP,33.8
2023,MI,Ottawa,26139,DEPRESSION,26.5
2022,MN,Fillmore,27045,SLEEP,30.6
2023,MN,Murray,27101,MHLTH,14.6
2023,MI,Newaygo,26123,DEPRESSION,26.9
2023,MI,Grand Traverse,26055,DEPRESSION,25.5
2022,MI,Clare,26035,SLEEP,33.3
2022,MN,Douglas,27041,SLEEP,28.9
2023,MS,Jackson,28059,DEPRESSION,19.7
2022,MN,Lincoln,27081,SLEEP,29.1
2022,MS,Tallahatchie,28135,SLEEP,42.4
2023,MN,Wright,27171,DEPRESSION,24.4
2022,MN,Rock,27133,SLEEP,29.6
2023,MN,Anoka,27003,DEPRESSION,24.6
2023,MS,Leake,28079,DEPRESSION,19.2
2023,MS,Scott,28123,MHLTH,18.7
2023,MS,Noxubee,28103,MHLTH,18.7
2023,MN,Douglas,27041,MHLTH,14.5
2023,MN,Grant,27051,DEPRESSION,24.7
2022,MI,Crawford,26039,SLEEP,32.2
2022,MN,Nobles,27105,SLEEP,30.9
2023,MI,Montmorency,26119,DEPRESSION,26.4
2023,MN,Kanabec,27065,DEPRESSION,25.1
2022,MI,Emmet,26047,SLEEP,28.4
2022,MI,Washtenaw,26161,SLEEP,27.4
2022,MN,Wilkin,27167,SLEEP,29.9
2023,MN,Ramsey,27123,DEPRESSION,25.7
2023,MN,Renville,27129,DEPRESSION,23.2
2023,MI,Oakland,26125,MHLTH,14.8
2023,MI,Gogebic,26053,DEPRESSION,26.2
2023,MS,Leake,28079,MHLTH,17.9
2022,MI,Dickinson,26043,SLEEP,29.8
2023,MI,Wexford,26165,DEPRESSION,27.9
2023,MN,Clay,27027,MHLTH,16.5
2022,MI,Van Buren,26159,SLEEP,33.9
2023,MI,Huron,26063,MHLTH,17.2
2023,MI,Genesee,26049,DEPRESSION,27.2
2023,MS,Lauderdale,28075,DEPRESSION,18.8
2022,MS,Franklin,28037,SLEEP,36.5
2023,MI,Tuscola,26157,DEPRESSION,27.4
2023,MN,Olmsted,27109,MHLTH,13.8
2022,MS,Hancock,28045,SLEEP,34.6
2022,MI,Kalamazoo,26077,SLEEP,28.4
2023,MS,Madison,28089,DEPRESSION,17.7
2022,MI,Sanilac,26151,SLEEP,32.2
2022,MS,Pearl River,28109,SLEEP,38.6
2023,MI,St. Clair,26147,MHLTH,18.3
2023,MI,Sanilac,26151,DEPRESSION,27.6
2023,MI,Washtenaw,26161,MHLTH,15.8
2023,MI,Osceola,26133,DEPRESSION,27.6
2023,MN,Steele,27147,MHLTH,15.1
2022,MI,Lake,26085,SLEEP,36.0
2023,MN,St. Louis,27137,DEPRESSION,25.0
2023,MS,Clarke,28023,DEPRESSION,20.2
2023,MS,Tate,28137,DEPRESSION,20.0
2022,MS,Jones,28067,SLEEP,31.1
2023,MN,Lake,27075,MHLTH,14.4
2023,MI,Roscommon,26143,DEPRESSION,26.0
2022,MN,Houston,27055,SLEEP,28.9
2023,MN,Clearwater,27029,DEPRESSION,24.8
2023,MS,Carroll,28015,DEPRESSION,18.6
2023,MI,Lenawee,26091,DEPRESSION,27.7
2022,MN,Murray,27101,SLEEP,30.7
2023,MI,Emmet,26047,MHLTH,15.8
2022,MN,Freeborn,27047,SLEEP,32.7
2022,MN,Stearns,27145,SLEEP,30.2
2022,MS,Noxubee,28103,SLEEP,42.1
2023,MI,Mason,26105,DEPRESSION,26.5
2022,MS,Jackson,28059,SLEEP,37.3
2023,MN,Meeker,27093,MHLTH,15.4
2022,MI,Kent,26081,SLEEP,32.5
2023,MN,Hubbard,27057,MHLTH,14.1
2023,MN,Sibley,27143,MHLTH,15.6
2023,MS,Neshoba,28099,MHLTH,19.2
2023,MN,Wilkin,27167,DEPRESSION,24.7
2023,MS,Smith,28129,DEPRESSION,20.9
2023,MS,Jefferson Davis,28065,MHLTH,17.4
2022,MN,McLeod,27085,SLEEP,33.0
2022,MS,Attala,28007,SLEEP,39.1
2022,MS,Pike,28113,SLEEP,42.3
2022,MS,Madison,28089,SLEEP,32.8
2022,MS,Carroll,28015,SLEEP,37.4
2022,MN,Anoka,27003,SLEEP,29.7
2023,MN,Nobles,27105,MHLTH,15.7
2022,MI,St. Clair,26147,SLEEP,35.4
2023,MN,Blue Earth,27013,MHLTH,17.6
2022,MN,Todd,27153,SLEEP,29.7
2022,MI,Luce,26095,SLEEP,35.0
2023,MN,Dakota,27037,DEPRESSION,22.9
2023,MS,Jasper,28061,DEPRESSION,18.1
2023,MN,Martin,27091,MHLTH,15.0
2023,MI,Tuscola,26157,MHLTH,18.2
2023,MS,Adams,28001,DEPRESSION,17.4
2023,MS,Jasper,28061,MHLTH,17.3
2023,MS,Chickasaw,28017,MHLTH,18.1
2023,MN,Pine,27115,DEPRESSION,24.9
2022,MS,Hinds,28049,SLEEP,43.1
2023,MN,Pope,27121,DEPRESSION,23.5
2023,MS,Itawamba,28057,DEPRESSION,21.1
2023,MI,Oakland,26125,DEPRESSION,20.8
2023,MN,Watonwan,27165,MHLTH,15.0
2023,MS,Calhoun,28013,MHLTH,18.0
2023,MI,Hillsdale,26059,DEPRESSION,29.3
2023,MN,Fillmore,27045,DEPRESSION,23.7
2023,MN,Lake of the Woods,27077,DEPRESSION,22.8
2023,MN,Roseau,27135,MHLTH,15.4
2023,MS,DeSoto,28033,MHLTH,16.4
2023,MI,Ontonagon,26131,MHLTH,15.7
2023,MN,Le Sueur,27079,DEPRESSION,23.5
2023,MI,Luce,26095,DEPRESSION,24.6
2023,MI,Ottawa,26139,MHLTH,16.8
2022,MN,Waseca,27161,SLEEP,28.7
2022,MN,Nicollet,27103,SLEEP,29.9
2023,MN,Cass,27021,MHLTH,15.2
2023,MN,Swift,27151,MHLTH,15.4
2022,MN,Norman,27107,SLEEP,31.0
2023,MN,Crow Wing,27035,MHLTH,14.4
2023,MS,Benton,28009,DEPRESSION,19.4
2022,MI,Lenawee,26091,SLEEP,36.4
2023,MN,Wadena,27159,DEPRESSION,25.3
2022,MN,Chisago,27025,SLEEP,31.1
2022,MS,Montgomery,28097,SLEEP,38.9
2023,MN,Winona,27169,MHLTH,16.6
2022,MS,Bolivar,28011,SLEEP,37.1
2023,MI,Dickinson,26043,DEPRESSION,27.5
2023,MI,Gratiot,26057,DEPRESSION,26.9
2023,MI,Midland,26111,DEPRESSION,25.9
2023,MI,Isabella,26073,DEPRESSION,30.5
2023,MI,Presque Isle,26141,MHLTH,16.3
2023,MS,Holmes,28051,DEPRESSION,17.9
2023,MS,Lowndes,28087,MHLTH,16.9
2022,MS,Newton,28101,SLEEP,38.1
2023,MI,Ogemaw,26129,DEPRESSION,27.5
2022,MI,Roscommon,26143,SLEEP,31.5
2022,MI,Eaton,26045,SLEEP,31.9
2023,MN,Itasca,27061,MHLTH,15.0
2023,MI,Wayne,26163,DEPRESSION,24.3
2023,MN,Stevens,27149,MHLTH,16.5
2023,MI,Clinton,26037,MHLTH,16.6
2023,MI,Delta,26041,MHLTH,17.6
2023,MN,Rice,27131,DEPRESSION,23.0
2023,MN,Meeker,27093,DEPRESSION,23.8
2023,MI,Livingston,26093,MHLTH,15.5
2023,MS,Forrest,28035,MHLTH,18.4
2023,MN,Kandiyohi,27067,DEPRESSION,23.2
2023,MN,Faribault,27043,MHLTH,15.6
2023,MN,Wabasha,27157,MHLTH,14.5
2022,MI,Jackson,26075,SLEEP,40.8
2023,MN,Traverse,27155,MHLTH,15.0
2022,MI,Missaukee,26113,SLEEP,33.6
2023,MS,Lee,28081,DEPRESSION,20.1
2023,MN,Morrison,27097,MHLTH,15.3
2023,MI,Van Buren,26159,DEPRESSION,27.4
2023,MS,Newton,28101,MHLTH,18.3
2023,MS,Perry,28111,MHLTH,18.0
2022,MI,Livingston,26093,SLEEP,30.9
2023,MI,Mackinac,26097,MHLTH,17.3
2022,MI,Otsego,26137,SLEEP,34.4
2022,MN,Wadena,27159,SLEEP,29.9
2023,MI,Schoolcraft,26153,MHLTH,17.4
2022,MN,Koochiching,27071,SLEEP,30.5
2023,MN,Lincoln,27081,DEPRESSION,23.1
2022,MI,Ogemaw,26129,SLEEP,37.0
2022,MS,Adams,28001,SLEEP,39.2
2023,MI,Kalkaska,26079,MHLTH,18.5
2023,MS,Amite,28005,DEPRESSION,19.0
2023,MS,Humphreys,28053,DEPRESSION,18.6
2022,MI,Houghton,26061,SLEEP,28.8
2023,MN,Beltrami,27007,DEPRESSION,26.9
2022,MN,Meeker,27093,SLEEP,28.7
2023,MI,Missaukee,26113,DEPRESSION,27.6
2022,MN,Olmsted,27109,SLEEP,29.9
2022,MI,Oceana,26127,SLEEP,31.4
2023,MN,Yellow Medicine,27173,DEPRESSION,24.4
2022,MN,Ramsey,27123,SLEEP,29.5
2023,MI,Oscoda,26135,MHLTH,17.8
2023,MN,Lyon,27083,MHLTH,15.5
2022,MN,Swift,27151,SLEEP,29.2
2022,MS,Panola,28107,SLEEP,38.7
2023,MN,Pennington,27113,MHLTH,16.3
2023,MN,Douglas,27041,DEPRESSION,24.4
2023,MS,Hinds,28049,DEPRESSION,17.3
2023,MS,Tippah,28139,DEPRESSION,21.3
2023,MI,Ionia,26067,MHLTH,18.7
2023,MN,Otter Tail,27111,DEPRESSION,23.2
2022,MS,Marshall,28093,SLEEP,40.5
2023,MI,Ingham,26065,DEPRESSION,27.2
2023,MS,Tate,28137,MHLTH,17.3
2023,MS,Lafayette,28071,DEPRESSION,20.5
2022,MN,Becker,27005,SLEEP,27.9
2022,MI,Schoolcraft,26153,SLEEP,35.0
2023,MN,Carlton,27017,MHLTH,15.9
2023,MI,Leelanau,26089,MHLTH,13.4
2023,MN,Big Stone,27011,DEPRESSION,22.2
2022,MS,Harrison,28047,SLEEP,40.1
2023,MS,Choctaw,28019,DEPRESSION,19.2
2023,MI,Jackson,26075,MHLTH,18.5
2023,MS,Bolivar,28011,DEPRESSION,18.9
2023,MS,Marion,28091,MHLTH,18.1
2023,MI,Gladwin,26051,DEPRESSION,26.9
2023,MN,Washington,27163,DEPRESSION,22.8
2023,MN,Red Lake,27125,DEPRESSION,23.9
2022,MI,Mackinac,26097,SLEEP,33.1
2023,MS,Lincoln,28085,DEPRESSION,19.8
2022,MN,Hubbard,27057,SLEEP,28.3
2023,MN,Stearns,27145,MHLTH,16.6
2023,MS,Tallahatchie,28135,DEPRESSION,18.5
2023,MS,Rankin,28121,DEPRESSION,19.3
2022,MN,Sherburne,27141,SLEEP,29.2
2023,MI,Keweenaw,26083,MHLTH,14.1
2022,MI,Hillsdale,26059,SLEEP,33.7
2023,MN,Pipestone,27117,MHLTH,15.7
2023,MS,Itawamba,28057,MHLTH,17.6
2023,MN,Mahnomen,27087,MHLTH,19.8
2022,MS,Rankin,28121,SLEEP,38.1
2023,MI,Kent,26081,MHLTH,17.0
2022,MN,Morrison,27097,SLEEP,32.0
2023,MN,Redwood,27127,DEPRESSION,23.7
2023,MI,Mecosta,26107,DEPRESSION,28.9
2023,MI,Oceana,26127,MHLTH,17.5
2022,MI,Midland,26111,SLEEP,29.6
2023,MS,Greene,28041,DEPRESSION,19.8
2023,MN,Lac qui Parle,27073,DEPRESSION,22.3
2022,MN,Isanti,27059,SLEEP,31.3
2023,MS,Panola,28107,MHLTH,18.5
2023,MN,Red Lake,27125,MHLTH,15.3
2023,MN,Nicollet,27103,MHLTH,15.9
2022,MS,Issaquena,28055,SLEEP,42.9
2023,MS,Grenada,28043,MHLTH,17.5
2022,MI,Ottawa,26139,SLEEP,28.3
2022,MN,Beltrami,27007,SLEEP,31.5
2023,MI,Marquette,26103,DEPRESSION,27.8
2022,MI,Oakland,26125,SLEEP,31.1
2023,MN,Fillmore,27045,MHLTH,15.4
2023,MI,Shiawassee,26155,DEPRESSION,28.3
2023,MS,Pontotoc,28115,MHLTH,17.9
2022,MS,Lincoln,28085,SLEEP,37.3
2022,MN,Wabasha,27157,SLEEP,29.8
2023,MN,Dodge,27039,MHLTH,15.2
2023,MS,George,28039,MHLTH,18.0
2022,MS,Tippah,28139,SLEEP,37.3
2023,MS,Harrison,28047,MHLTH,17.3
2023,MS,Jefferson,28063,DEPRESSION,16.5
2023,MI,Muskegon,26121,DEPRESSION,27.6
2022,MN,Marshall,27089,SLEEP,30.1
2022,MN,Wright,27171,SLEEP,31.3
2023,MI,St. Joseph,26149,MHLTH,18.5
2023,MN,Sherburne,27141,DEPRESSION,24.1
2023,MS,Sharkey,28125,DEPRESSION,17.6
2023,MI,Eaton,26045,MHLTH,17.4
2023,MN,Waseca,27161,MHLTH,16.2
2023,MN,Isanti,27059,DEPRESSION,24.5
2022,MI,Mecosta,26107,SLEEP,34.5
2022,MS,DeSoto,28033,SLEEP,37.7
2022,MN,Dodge,27039,SLEEP,29.8
2023,MN,Norman,27107,DEPRESSION,23.9
2022,MI,Grand Traverse,26055,SLEEP,30.1
2023,MN,Jackson,27063,DEPRESSION,22.6
2023,MI,Saginaw,26145,MHLTH,18.5
2022,MI,Delta,26041,SLEEP,29.3
2022,MS,Jefferson,28063,SLEEP,42.5
2022,MS,Greene,28041,SLEEP,37.6
2023,MI,Montcalm,26117,DEPRESSION,27.2
2023,MS,Copiah,28029,MHLTH,17.5
2022,MN,Traverse,27155,SLEEP,30.6
2023,MS,Monroe,28095,MHLTH,17.8
2023,MN,Cook,27031,MHLTH,13.2
2023,MN,Goodhue,27049,MHLTH,15.3
2023,MN,Hennepin,27053,MHLTH,14.5
2022,MI,Genesee,26049,SLEEP,38.2
2023,MI,Montmorency,26119,MHLTH,16.9
2022,MI,Gratiot,26057,SLEEP,31.9
2023,MI,Gogebic,26053,MHLTH,17.0
2022,MI,Kalkaska,26079,SLEEP,34.2
2023,MS,Noxubee,28103,DEPRESSION,17.9
2023,MS,Jackson,28059,MHLTH,16.5
2023,MN,Lake,27075,DEPRESSION,22.9
2023,MN,Benton,27009,MHLTH,16.8
2022,MN,Yellow Medicine,27173,SLEEP,32.5
2023,MS,Chickasaw,28017,DEPRESSION,19.1
2022,MN,Itasca,27061,SLEEP,27.1
2023,MN,Lake of the Woods,27077,MHLTH,14.3
2022,MN,Clay,27027,SLEEP,32.1
2023,MS,Stone,28131,DEPRESSION,20.9
2023,MS,Leflore,28083,DEPRESSION,17.6
2023,MN,Koochiching,27071,MHLTH,14.8
2023,MN,Pine,27115,MHLTH,16.5
2023,MS,Simpson,28127,MHLTH,17.5
2023,MS,Claiborne,28021,DEPRESSION,17.5
2023,MI,Washtenaw,26161,DEPRESSION,26.7
2023,MS,Clarke,28023,MHLTH,17.4
2022,MS,Lauderdale,28075,SLEEP,40.8
2023,MI,Clare,26035,MHLTH,18.9
2023,MI,Eaton,26045,DEPRESSION,26.8
2023,MI,Genesee,26049,MHLTH,19.3
2022,MS,Perry,28111,SLEEP,37.9
2023,MN,Martin,27091,DEPRESSION,23.0
2023,MN,Wabasha,27157,DEPRESSION,22.4
2023,MN,Waseca,27161,DEPRESSION,24.6
2023,MN,Clay,27027,DEPRESSION,26.0
2023,MN,Lincoln,27081,MHLTH,14.8
2022,MN,Lake of the Woods,27077,SLEEP,29.9
2022,MN,Polk,27119,SLEEP,32.0
2023,MS,Pontotoc,28115,DEPRESSION,20.9
2022,MI,Montcalm,26117,SLEEP,36.0
2022,MN,Blue Earth,27013,SLEEP,30.1
2022,MI,Iron,26071,SLEEP,33.2
2023,MS,Kemper,28069,DEPRESSION,17.3
2022,MI,Ingham,26065,SLEEP,34.5
2023,MI,Newaygo,26123,MHLTH,18.2
2022,MN,Mower,27099,SLEEP,33.6
2022,MN,Roseau,27135,SLEEP,30.0
2022,MN,Carver,27019,SLEEP,26.2
2023,MS,Pearl River,28109,DEPRESSION,21.1
2023,MN,Nobles,27105,DEPRESSION,21.4
2023,MI,Wexford,26165,MHLTH,18.4
2023,MN,Cottonwood,27033,MHLTH,15.2
2023,MN,Faribault,27043,DEPRESSION,23.7
2023,MI,Crawford,26039,MHLTH,17.5
2023,MS,Marshall,28093,DEPRESSION,19.4
2023,MN,Wilkin,27167,MHLTH,15.9
2023,MS,Lee,28081,MHLTH,16.6
2023,MS,Forrest,28035,DEPRESSION,20.8
2022,MS,Claiborne,28021,SLEEP,44.4
2023,MS,Madison,28089,MHLTH,14.6
2023,MS,Pike,28113,MHLTH,18.6
2022,MS,Covington,28031,SLEEP,38.3
2022,MS,Jasper,28061,SLEEP,38.2
2022,MI,Huron,26063,SLEEP,33.2
2023,MS,Covington,28031,DEPRESSION,19.2
2023,MS,Lauderdale,28075,MHLTH,17.5
2022,MN,Chippewa,27023,SLEEP,29.0
2023,MI,Monroe,26115,DEPRESSION,26.7
2022,MI,Montmorency,26119,SLEEP,32.6
2023,MN,Hubbard,27057,DEPRESSION,22.0
2022,MI,Mason,26105,SLEEP,32.0
2022,MS,Quitman,28119,SLEEP,43.9
2023,MI,Mason,26105,MHLTH,17.0
2023,MN,Grant,27051,MHLTH,15.8
2023,MI,St. Clair,26147,DEPRESSION,27.5
2023,MS,Benton,28009,MHLTH,17.5
2022,MI,Presque Isle,26141,SLEEP,32.9
2023,MI,Osceola,26133,MHLTH,18.6
2023,MN,Sibley,27143,DEPRESSION,23.4
2023,MS,Jones,28067,MHLTH,17.0
2023,MN,St. Louis,27137,MHLTH,16.5
2023,MI,Roscommon,26143,MHLTH,16.1
2022,MS,Calhoun,28013,SLEEP,39.2
2023,MI,Sanilac,26151,MHLTH,18.1
2023,MN,Marshall,27089,DEPRESSION,23.3
2023,MN,Renville,27129,MHLTH,15.4
2023,MI,Macomb,26099,DEPRESSION,26.0
2022,MS,Coahoma,28027,SLEEP,45.8
2023,MN,Ramsey,27123,MHLTH,15.9
2023,MI,Houghton,26061,DEPRESSION,26.3
2023,MI,Lenawee,26091,MHLTH,18.2
2022,MI,Manistee,26101,SLEEP,31.2
2023,MN,McLeod,27085,MHLTH,15.3
2022,MS,Jefferson Davis,28065,SLEEP,39.5
2023,MI,Emmet,26047,DEPRESSION,25.3
2023,MN,Wright,27171,MHLTH,15.2
2022,MS,Prentiss,28117,SLEEP,36.4
2023,MN,Blue Earth,27013,DEPRESSION,26.6
2022,MS,Grenada,28043,SLEEP,41.7
2023,MN,Anoka,27003,MHLTH,15.5
2023,MN,Swift,27151,DEPRESSION,24.7
2023,MS,Issaquena,28055,MHLTH,19.2
2023,MS,Montgomery,28097,DEPRESSION,18.7
2022,MS,Lee,28081,SLEEP,35.5
2023,MN,Scott,27139,DEPRESSION,22.3
2023,MN,Steele,27147,DEPRESSION,23.1
2022,MN,Sibley,27143,SLEEP,30.1
2022,MN,Cook,27031,SLEEP,29.1
2022,MN,Red Lake,27125,SLEEP,29.9
2023,MS,Scott,28123,DEPRESSION,20.0
2023,MN,Kanabec,27065,MHLTH,16.2
2022,MN,Renville,27129,SLEEP,29.6
2023,MN,Todd,27153,DEPRESSION,24.1
2023,MI,Huron,26063,DEPRESSION,26.5
2023,MS,Jones,28067,DEPRESSION,19.9
2022,MI,Menominee,26109,SLEEP,35.2
2023,MN,Olmsted,27109,DEPRESSION,24.1
2023,MS,Franklin,28037,DEPRESSION,19.6
2022,MS,Benton,28009,SLEEP,37.6
2022,MS,Clarke,28023,SLEEP,36.9
2023,MI,Kalamazoo,26077,DEPRESSION,28.9
2022,MN,Scott,27139,SLEEP,28.1
2022,MI,Ionia,26067,SLEEP,35.5
2023,MS,Attala,28007,MHLTH,17.5
2023,MN,Cottonwood,27033,DEPRESSION,23.4
2023,MS,Hancock,28045,MHLTH,16.0
2023,MS,Greene,28041,MHLTH,17.8
2023,MI,Manistee,26101,MHLTH,16.9
2022,MS,Monroe,28095,SLEEP,38.8
2022,MS,Tate,28137,SLEEP,37.4
2023,MI,Grand Traverse,26055,MHLTH,16.3
2023,MN,Freeborn,27047,DEPRESSION,22.6
2023,MS,Coahoma,28027,MHLTH,19.2
2023,MI,Montcalm,26117,MHLTH,18.9
2022,MN,Crow Wing,27035,SLEEP,28.7
2023,MI,Shiawassee,26155,MHLTH,18.6
2023,MN,Kittson,27069,DEPRESSION,23.1
2023,MS,Sharkey,28125,MHLTH,18.4
2023,MS,Sunflower,28133,MHLTH,18.9
2022,MN,Kanabec,27065,SLEEP,31.7
2023,MN,Carver,27019,MHLTH,13.5
2023,MI,Menominee,26109,DEPRESSION,27.3
2023,MS,Alcorn,28003,MHLTH,17.5
2023,MN,Becker,27005,MHLTH,15.5
2023,MN,Mille Lacs,27095,DEPRESSION,24.8
2022,MN,Benton,27009,SLEEP,28.6
2023,MS,Kemper,28069,MHLTH,17.4
2023,MN,Brown,27015,DEPRESSION,23.6
2022,MS,Scott,28123,SLEEP,39.1
2023,MI,Lake,26085,MHLTH,18.3
2022,MN,Carlton,27017,SLEEP,35.1
2023,MI,Marquette,26103,MHLTH,18.1
2023,MN,Rock,27133,MHLTH,15.6
2022,MN,Martin,27091,SLEEP,29.4
2023,MS,Lamar,28073,DEPRESSION,21.3
2022,MS,Simpson,28127,SLEEP,35.1
2022,MN,Mahnomen,27087,SLEEP,34.3
2023,MN,Aitkin,27001,DEPRESSION,23.2
2022,MN,Rice,27131,SLEEP,31.0
2023,MI,Lapeer,26087,MHLTH,17.5
2023,MI,Otsego,26137,MHLTH,17.5
2023,MI,Iron,26071,MHLTH,16.5
2023,MS,Tishomingo,28141,DEPRESSION,22.2
2023,MS,Quitman,28119,DEPRESSION,18.5
2023,MN,Stearns,27145,DEPRESSION,25.1
2023,MS,George,28039,DEPRESSION,21.6
2023,MN,Mower,27099,DEPRESSION,24.3
2022,MS,Copiah,28029,SLEEP,40.8
2023,MI,Presque Isle,26141,DEPRESSION,26.3
2023,MS,Prentiss,28117,MHLTH,18.0
2023,MS,Lamar,28073,MHLTH,16.2
2023,MI,Ionia,26067,DEPRESSION,26.8
2023,MN,Itasca,27061,DEPRESSION,23.8
2022,MI,Newaygo,26123,SLEEP,32.4
2023,MN,Polk,27119,MHLTH,15.6
2022,MN,Kittson,27069,SLEEP,30.2
2022,MS,Amite,28005,SLEEP,39.9
2022,MS,Lawrence,28077,SLEEP,39.1
2022,MS,Lowndes,28087,SLEEP,39.7
2022,MI,Gogebic,26053,SLEEP,33.2
2023,MS,Stone,28131,MHLTH,17.5
2023,MN,Carlton,27017,DEPRESSION,26.5
2023,MS,Monroe,28095,DEPRESSION,19.8
2022,MS,Pontotoc,28115,SLEEP,35.0
2023,MS,Holmes,28051,MHLTH,19.5
2023,MS,Lincoln,28085,MHLTH,17.4
2023,MN,Hennepin,27053,DEPRESSION,25.5
2023,MI,Houghton,26061,MHLTH,18.5
2023,MS,Simpson,28127,DEPRESSION,19.7
2022,MI,Monroe,26115,SLEEP,35.8
2023,MN,Isanti,27059,MHLTH,16.0
2023,MS,Marion,28091,DEPRESSION,20.4
2023,MS,Bolivar,28011,MHLTH,18.6
2022,MN,Jackson,27063,SLEEP,28.5
2023,MI,Iosco,26069,MHLTH,17.2
2023,MI,Mecosta,26107,MHLTH,18.9
2023,MS,Copiah,28029,DEPRESSION,18.9
2022,MI,Macomb,26099,SLEEP,38.2
2022,MN,Goodhue,27049,SLEEP,31.8
2023,MN,Pipestone,27117,DEPRESSION,24.2
2023,MN,Crow Wing,27035,DEPRESSION,22.8
2023,MN,Marshall,27089,MHLTH,15.0
2023,MN,Redwood,27127,MHLTH,15.9
2022,MS,George,28039,SLEEP,34.3
2023,MN,Norman,27107,MHLTH,15.5
2022,MN,Watonwan,27165,SLEEP,31.4
2023,MS,Jefferson,28063,MHLTH,18.3
2023,MI,Muskegon,26121,MHLTH,18.5
2022,MN,St. Louis,27137,SLEEP,33.2
2023,MS,Tallahatchie,28135,MHLTH,18.1
2022,MI,Saginaw,26145,SLEEP,35.5
2022,MS,Humphreys,28053,SLEEP,43.6
2022,MI,Clinton,26037,SLEEP,29.4
2023,MS,Lawrence,28077,DEPRESSION,20.6
2023,MS,Tippah,28139,MHLTH,18.2
2022,MS,Lamar,28073,SLEEP,38.2
2023,MS,Alcorn,28003,DEPRESSION,21.9
2023,MS,Hinds,28049,MHLTH,17.2
2022,MI,Ontonagon,26131,SLEEP,32.5
2022,MS,Clay,28025,SLEEP,41.5
2023,MN,Morrison,27097,DEPRESSION,24.2
2023,MS,Grenada,28043,DEPRESSION,19.2
2023,MI,Wayne,26163,MHLTH,19.7
2022,MN,Lyon,27083,SLEEP,30.4
2022,MS,Stone,28131,SLEEP,37.7
2023,MI,Gladwin,26051,MHLTH,17.8
2023,MI,St. Joseph,26149,DEPRESSION,27.5
2022,MS,Marion,28091,SLEEP,39.7
2023,MI,Kent,26081,DEPRESSION,27.5
2022,MN,Hennepin,27053,SLEEP,27.7
2023,MS,DeSoto,28033,DEPRESSION,19.7
2022,MN,Pope,27121,SLEEP,30.5
2023,MN,Otter Tail,27111,MHLTH,14.7
2023,MI,Oceana,26127,DEPRESSION,26.4
2023,MS,Marshall,28093,MHLTH,18.3
2022,MN,Cottonwood,27033,SLEEP,31.2
2023,MN,Lac qui Parle,27073,MHLTH,14.1
2022,MN,Aitkin,27001,SLEEP,30.9
2023,MN,Beltrami,27007,MHLTH,17.6
2023,MS,Pike,28113,DEPRESSION,19.3
2023,MS,Lafayette,28071,MHLTH,17.3
2023,MN,Big Stone,27011,MHLTH,14.6
2023,MI,Mackinac,26097,DEPRESSION,25.9
2023,MN,Clearwater,27029,MHLTH,16.7
2023,MN,Cass,27021,DEPRESSION,23.0
2023,MN,Winona,27169,DEPRESSION,25.0
2023,MS,Oktibbeha,28105,DEPRESSION,20.1
2023,MI,Ingham,26065,MHLTH,18.4
2023,MN,Chisago,27025,MHLTH,15.2
2022,MI,Wayne,26163,SLEEP,41.3
2023,MN,Washington,27163,MHLTH,13.3
2022,MS,Leflore,28083,SLEEP,42.0
2023,MN,Cook,27031,DEPRESSION,22.4
2022,MN,Big Stone,27011,SLEEP,29.0
2022,MN,Brown,27015,SLEEP,27.5
2023,MN,Murray,27101,DEPRESSION,23.7
2023,MI,Leelanau,26089,DEPRESSION,23.6
2023,MN,Brown,27015,MHLTH,15.4
2023,MI,Livingston,26093,DEPRESSION,25.3
2023,MS,Rankin,28121,MHLTH,15.5
2022,MS,Lafayette,28071,SLEEP,35.0
2023,MS,Calhoun,28013,DEPRESSION,20.0
2023,MN,Le Sueur,27079,MHLTH,14.8
2023,MS,Choctaw,28019,MHLTH,16.1
2022,MI,Muskegon,26121,SLEEP,38.3
2023,MS,Humphreys,28053,MHLTH,19.2
2022,MS,Kemper,28069,SLEEP,38.3
2022,MS,Forrest,28035,SLEEP,38.4
2023,MI,Missaukee,26113,MHLTH,18.2
2022,MS,Sunflower,28133,SLEEP,41.9
2023,MN,Sherburne,27141,MHLTH,16.0
2022,MN,Pipestone,27117,SLEEP,29.5
2023,MN,Wadena,27159,MHLTH,16.8
2023,MN,Dodge,27039,DEPRESSION,24.1
2022,MS,Itawamba,28057,SLEEP,32.0
2023,MI,Oscoda,26135,DEPRESSION,27.2
2023,MI,Ontonagon,26131,DEPRESSION,25.2
2022,MS,Chickasaw,28017,SLEEP,39.9
2023,MN,Lyon,27083,DEPRESSION,22.8
2023,MN,Jackson,27063,MHLTH,14.6
2023,MS,Lawrence,28077,MHLTH,18.5
2022,MI,Oscoda,26135,SLEEP,32.3
2022,MN,Le Sueur,27079,SLEEP,34.5
2023,MI,Macomb,26099,MHLTH,17.4
2023,MS,Adams,28001,MHLTH,17.4
2022,MI,Gladwin,26051,SLEEP,32.6
2023,MN,Kandiyohi,27067,MHLTH,14.9
2023,MN,Traverse,27155,DEPRESSION,23.2
2022,MN,Winona,27169,SLEEP,28.2
2023,MN,Roseau,27135,DEPRESSION,23.1
2023,MN,Pennington,27113,DEPRESSION,24.9
2022,MS,Smith,28129,SLEEP,39.1
2022,MN,Washington,27163,SLEEP,24.9
2023,MI,Kalkaska,26079,DEPRESSION,27.8
2023,MN,Pope,27121,MHLTH,14.7
2023,MS,Coahoma,28027,DEPRESSION,17.9
2023,MS,Amite,28005,MHLTH,17.2
2023,MS,Panola,28107,DEPRESSION,20.1
2023,MI,Dickinson,26043,MHLTH,17.0
2023,MS,Lowndes,28087,DEPRESSION,19.0
2022,MN,Steele,27147,SLEEP,28.3
2023,MI,Isabella,26073,MHLTH,21.7
2023,MI,Saginaw,26145,DEPRESSION,26.5
2022,MI,Iosco,26069,SLEEP,32.2
2023,MI,Van Buren,26159,MHLTH,18.2
2023,MI,Jackson,26075,DEPRESSION,27.0
2023,MI,Ogemaw,26129,MHLTH,17.8
2022,MS,Choctaw,28019,SLEEP,36.5
2023,MN,Stevens,27149,DEPRESSION,24.6
2023,MS,Neshoba,28099,DEPRESSION,21.3
2022,MN,Cass,27021,SLEEP,35.2
2023,MI,Clinton,26037,DEPRESSION,27.0
2023,MS,Oktibbeha,28105,MHLTH,18.5
2023,MI,Keweenaw,26083,DEPRESSION,24.4
2023,MN,Chisago,27025,DEPRESSION,24.1
2023,MS,Perry,28111,DEPRESSION,21.1
2022,MN,Clearwater,27029,SLEEP,30.3
2023,MS,Harrison,28047,DEPRESSION,21.1
2022,MN,Lac qui Parle,27073,SLEEP,28.7
2023,MN,Mahnomen,27087,DEPRESSION,26.6
2023,MN,Rice,27131,MHLTH,15.8
2022,MI,Keweenaw,26083,SLEEP,30.2
2023,MI,Schoolcraft,26153,DEPRESSION,26.6
2022,MI,St. Joseph,26149,SLEEP,35.2
2023,MS,Smith,28129,MHLTH,17.9
2023,MI,Monroe,26115,MHLTH,17.8
2023,MS,Newton,28101,DEPRESSION,20.3
2022,MN,Redwood,27127,SLEEP,27.7
2022,MN,Pennington,27113,SLEEP,29.1
2022,MN,Faribault,27043,SLEEP,29.4
2023,MN,Watonwan,27165,DEPRESSION,22.3
2022,MN,Lake,27075,SLEEP,27.2
2023,MI,Midland,26111,MHLTH,16.3
2023,MI,Delta,26041,DEPRESSION,28.1
2023,MS,Clay,28025,DEPRESSION,18.1
2022,MS,Sharkey,28125,SLEEP,44.4
2023,MI,Hillsdale,26059,MHLTH,18.8
2023,MS,Wilkinson,28157,MHLTH,17.8
2022,NE,Blaine,31009,SLEEP,32.6
2023,MO,Mercer,29129,MHLTH,18.0
2023,NE,Banner,31007,MHLTH,12.3
2023,MO,Lewis,29111,MHLTH,19.1
2023,MO,Monroe,29137,MHLTH,17.5
2022,NE,Gosper,31073,SLEEP,30.2
2023,MT,Lewis and Clark,30049,DEPRESSION,25.8
2023,MT,Garfield,30033,MHLTH,16.9
2023,MO,Carter,29035,DEPRESSION,26.6
2023,MO,Greene,29077,MHLTH,18.1
2022,MO,Madison,29123,SLEEP,37.3
2022,MT,Beaverhead,30001,SLEEP,29.7
2022,MO,Reynolds,29179,SLEEP,39.1
2023,MT,Judith Basin,30045,DEPRESSION,23.3
2023,MO,Pike,29163,MHLTH,18.5
2022,MT,Carter,30011,SLEEP,30.2
2022,NE,Butler,31023,SLEEP,29.9
2023,MO,Oregon,29149,DEPRESSION,25.9
2023,MO,Washington,29221,MHLTH,19.8
2023,NE,Furnas,31065,DEPRESSION,17.1
2023,MO,Lafayette,29107,MHLTH,17.4
2023,MO,Pettis,29159,MHLTH,18.1
2023,MT,Fergus,30027,DEPRESSION,23.1
2023,MO,Scott,29201,DEPRESSION,24.6
2022,MO,Adair,29001,SLEEP,36.1
2023,MO,Ray,29177,MHLTH,18.0
2022,MO,Ste. Genevieve,29186,SLEEP,37.5
2023,NE,Cuming,31039,DEPRESSION,16.7
2022,MO,Miller,29131,SLEEP,36.6
2022,MO,Phelps,29161,SLEEP,40.1
2023,MO,Newton,29145,DEPRESSION,25.0
2023,MT,Prairie,30079,DEPRESSION,22.2
2023,MO,Dallas,29059,MHLTH,18.8
2022,MO,Daviess,29061,SLEEP,37.6
2023,MO,Shelby,29205,MHLTH,18.4
2022,MO,Lawrence,29109,SLEEP,38.7
2023,MT,Roosevelt,30085,MHLTH,22.5
2023,NE,Boone,31011,MHLTH,13.2
2023,MO,Schuyler,29197,DEPRESSION,24.3
2023,MS,Tishomingo,28141,MHLTH,17.5
2023,MO,Audrain,29007,MHLTH,19.3
2022,MO,Wright,29229,SLEEP,39.6
2023,NE,Gosper,31073,DEPRESSION,16.4
2023,NE,Hamilton,31081,DEPRESSION,16.9
2023,MO,Henry,29083,DEPRESSION,25.1
2023,MT,Custer,30017,MHLTH,16.9
2023,MT,Silver Bow,30093,MHLTH,18.5
2022,MO,Marion,29127,SLEEP,39.5
2023,MO,Moniteau,29135,DEPRESSION,24.8
2023,NE,Dixon,31051,MHLTH,13.4
2022,MO,Dade,29057,SLEEP,38.7
2023,MT,Custer,30017,DEPRESSION,24.0
2023,MO,Boone,29019,DEPRESSION,24.1
2023,MT,Silver Bow,30093,DEPRESSION,25.1
2022,MO,Atchison,29005,SLEEP,36.3
2022,MO,Pulaski,29169,SLEEP,42.7
2022,MO,Grundy,29079,SLEEP,37.0
2022,MT,Richland,30083,SLEEP,32.4
2023,MO,Daviess,29061,MHLTH,18.2
2023,MO,Buchanan,29021,DEPRESSION,24.8
2023,MT,Powder River,30075,DEPRESSION,21.7
2023,MO,Dade,29057,DEPRESSION,25.3
2022,MT,Lewis and Clark,30049,SLEEP,27.8
2022,NE,Boyd,31015,SLEEP,27.9
2023,NE,Arthur,31005,MHLTH,13.7
2022,NE,Douglas,31055,SLEEP,31.8
2023,NE,Boyd,31015,DEPRESSION,16.0
2023,MT,Musselshell,30065,MHLTH,16.5
2023,MT,Sanders,30089,DEPRESSION,23.0
2023,MT,Liberty,30051,MHLTH,18.2
2023,NE,Fillmore,31059,MHLTH,13.1
2022,MT,Chouteau,30015,SLEEP,33.9
2023,NE,Gage,31067,MHLTH,14.3
2023,MO,Gentry,29075,DEPRESSION,25.0
2023,NE,Chase,31029,DEPRESSION,16.3
2023,MO,Polk,29167,MHLTH,19.0
2023,MO,Atchison,29005,DEPRESSION,24.7
2023,MO,Daviess,29061,DEPRESSION,25.7
2023,MT,Sweet Grass,30097,DEPRESSION,22.7
2023,MT,Gallatin,30031,DEPRESSION,22.8
2023,MO,Webster,29225,MHLTH,19.0
2023,NE,Buffalo,31019,DEPRESSION,18.1
2023,MO,St. Clair,29185,MHLTH,17.9
2023,NE,Adams,31001,MHLTH,14.0
2023,MO,Wayne,29223,DEPRESSION,25.8
2022,MS,Washington,28151,SLEEP,41.8
2023,MS,Yazoo,28163,MHLTH,19.4
2022,MO,Franklin,29071,SLEEP,33.6
2022,MT,Lincoln,30053,SLEEP,34.2
2023,MO,Ripley,29181,MHLTH,19.9
2023,MS,Webster,28155,MHLTH,16.7
2022,NE,Greeley,31077,SLEEP,31.5
2023,MT,Treasure,30103,MHLTH,14.8
2023,MO,Cass,29037,MHLTH,16.7
2023,NE,Cass,31025,MHLTH,13.4
2023,MO,Jasper,29097,DEPRESSION,25.8
2023,NE,Harlan,31083,MHLTH,13.1
2022,MS,Walthall,28147,SLEEP,37.2
2023,MO,Macon,29121,MHLTH,17.2
2023,NE,Garfield,31071,DEPRESSION,16.2
2022,NE,Antelope,31003,SLEEP,28.3
2023,MT,Dawson,30021,DEPRESSION,23.2
2023,NE,Box Butte,31013,MHLTH,14.1
2022,NE,Hamilton,31081,SLEEP,33.5
2023,MO,Dent,29065,DEPRESSION,24.4
2023,NE,Dakota,31043,MHLTH,14.3
2022,MO,Douglas,29067,SLEEP,39.5
2023,MO,Crawford,29055,MHLTH,18.5
2022,MT,Madison,30057,SLEEP,28.6
2023,MO,Gasconade,29073,MHLTH,17.2
2022,MT,Blaine,30005,SLEEP,31.7
2022,MO,Clinton,29049,SLEEP,35.2
2022,MO,St. Charles,29183,SLEEP,39.9
2022,MS,Yalobusha,28161,SLEEP,36.8
2023,MO,Livingston,29117,MHLTH,18.9
2023,MO,Montgomery,29139,DEPRESSION,25.1
2023,MT,Flathead,30029,MHLTH,15.8
2023,MT,Wibaux,30109,DEPRESSION,23.6
2023,MT,Pondera,30073,MHLTH,18.8
2023,MO,Maries,29125,MHLTH,17.9
2022,MO,Ralls,29173,SLEEP,36.6
2023,MS,Warren,28149,MHLTH,16.2
2023,MO,Saline,29195,DEPRESSION,24.6
2023,MT,Ravalli,30081,MHLTH,15.3
2023,MO,Butler,29023,DEPRESSION,27.4
2022,MT,Missoula,30063,SLEEP,27.1
2022,MO,Livingston,29117,SLEEP,37.0
2023,MT,Glacier,30035,DEPRESSION,25.8
2023,MT,Stillwater,30095,DEPRESSION,22.6
2023,MT,Rosebud,30087,DEPRESSION,24.6
2022,MT,Carbon,30009,SLEEP,31.6
2023,MO,Bates,29013,DEPRESSION,26.2
2023,MO,Perry,29157,DEPRESSION,24.4
2022,MO,New Madrid,29143,SLEEP,41.2
2023,NE,Burt,31021,MHLTH,13.7
2023,MO,Miller,29131,DEPRESSION,25.8
2023,MS,Wayne,28153,MHLTH,18.3
2022,MO,Platte,29165,SLEEP,35.2
2023,MO,Ralls,29173,MHLTH,17.4
2023,MO,Dent,29065,MHLTH,17.9
2022,MT,Petroleum,30069,SLEEP,30.6
2023,MO,St. Louis,29510,MHLTH,18.2
2022,MO,Texas,29215,SLEEP,39.2
2023,MO,Ozark,29153,DEPRESSION,25.5
2023,MO,Texas,29215,DEPRESSION,25.5
2023,NE,Clay,31035,DEPRESSION,16.9
2022,MO,Lincoln,29113,SLEEP,38.7
2022,MO,Callaway,29027,SLEEP,38.4
2022,NE,Dundy,31057,SLEEP,31.5
2023,MO,Knox,29103,MHLTH,18.8
2023,MT,Meagher,30059,MHLTH,15.0
2023,NE,Buffalo,31019,MHLTH,14.7
2022,MO,Dent,29065,SLEEP,39.1
2023,MO,Grundy,29079,DEPRESSION,25.3
2022,MO,Barton,29011,SLEEP,38.2
2023,MO,Johnson,29101,DEPRESSION,26.8
2023,NE,Dundy,31057,MHLTH,13.1
2022,MO,Shannon,29203,SLEEP,39.6
2023,MO,Sullivan,29211,DEPRESSION,24.0
2022,MO,Scotland,29199,SLEEP,37.0
2023,MO,Dunklin,29069,MHLTH,20.0
2023,NE,Dodge,31053,MHLTH,13.7
2023,MT,Broadwater,30007,MHLTH,16.3
2023,MT,Dawson,30021,MHLTH,16.8
2022,MT,Dawson,30021,SLEEP,33.2
2022,NE,Deuel,31049,SLEEP,30.5
2023,MO,Cole,29051,MHLTH,16.4
2022,MO,Laclede,29105,SLEEP,39.2
2022,MO,Boone,29019,SLEEP,32.4
2023,MT,Madison,30057,DEPRESSION,21.6
2023,MO,Callaway,29027,DEPRESSION,24.7
2023,NE,Deuel,31049,MHLTH,13.0
2023,MT,Phillips,30071,DEPRESSION,23.9
2023,MT,Chouteau,30015,MHLTH,17.8
2022,MO,Gasconade,29073,SLEEP,35.9
2022,NE,Arthur,31005,SLEEP,29.2
2023,MT,Flathead,30029,DEPRESSION,23.7
2023,NE,Cedar,31027,DEPRESSION,15.9
2023,MO,Ste. Genevieve,29186,DEPRESSION,24.4
2023,NE,Frontier,31063,MHLTH,13.5
2023,MS,Tunica,28143,MHLTH,20.3
2023,NE,Greeley,31077,DEPRESSION,16.5
2022,MO,Perry,29157,SLEEP,38.4
2022,MO,McDonald,29119,SLEEP,40.8
2023,MT,Valley,30105,DEPRESSION,23.2
2022,NE,Cedar,31027,SLEEP,28.4
2022,MO,Randolph,29175,SLEEP,39.1
2023,MT,Beaverhead,30001,MHLTH,16.9
2022,MO,Clark,29045,SLEEP,40.1
2023,MT,Mineral,30061,MHLTH,16.0
2023,MO,Stone,29209,DEPRESSION,23.5
2023,MT,Daniels,30019,DEPRESSION,22.5
2023,MO,Putnam,29171,DEPRESSION,24.3
2022,MO,Andrew,29003,SLEEP,36.4
2023,MO,Franklin,29071,DEPRESSION,25.6
2023,MT,Deer Lodge,30023,DEPRESSION,24.2
2022,MO,Oregon,29149,SLEEP,37.1
2023,MO,Clay,29047,MHLTH,16.5
2023,MT,Ravalli,30081,DEPRESSION,22.3
2023,MO,Barry,29009,DEPRESSION,24.5
2023,MO,Holt,29087,DEPRESSION,23.8
2022,MT,Musselshell,30065,SLEEP,33.1
2023,MO,Saline,29195,MHLTH,18.0
2022,MO,Audrain,29007,SLEEP,40.6
2023,NE,Custer,31041,DEPRESSION,16.6
2023,MO,Madison,29123,DEPRESSION,25.4
2022,MT,Fergus,30027,SLEEP,29.0
2022,MT,Cascade,30013,SLEEP,35.1
2023,MO,Morgan,29141,MHLTH,18.3
2023,MS,Union,28145,MHLTH,17.9
2023,MT,Lincoln,30053,DEPRESSION,24.5
2023,MO,Hickory,29085,DEPRESSION,24.9
2022,MO,Maries,29125,SLEEP,41.3
2023,MO,McDonald,29119,DEPRESSION,26.5
2022,MO,Stone,29209,SLEEP,36.2
2023,MO,Barton,29011,MHLTH,19.1
2023,MO,Reynolds,29179,MHLTH,18.4
2023,MO,Jackson,29095,MHLTH,18.9
2023,MO,Chariton,29041,MHLTH,17.1
2022,MO,Dallas,29059,SLEEP,37.4
2022,MO,Crawford,29055,SLEEP,39.4
2022,MS,Tunica,28143,SLEEP,46.1
2022,MO,Bates,29013,SLEEP,39.1
2022,NE,Dawson,31047,SLEEP,32.1
2022,NE,Box Butte,31013,SLEEP,30.1
2023,MO,St. Louis,29189,DEPRESSION,22.7
2023,NE,Garfield,31071,MHLTH,12.5
2022,MO,Holt,29087,SLEEP,37.4
2023,MT,Yellowstone,30111,MHLTH,17.6
2023,MT,Cascade,30013,DEPRESSION,27.1
2023,NE,Dawson,31047,DEPRESSION,15.4
2022,MO,St. Louis,29189,SLEEP,33.8
2023,MO,DeKalb,29063,MHLTH,17.2
2023,MO,Pemiscot,29155,DEPRESSION,25.7
2023,MO,Lawrence,29109,MHLTH,19.0
2023,MT,Toole,30101,DEPRESSION,23.2
2022,MT,Daniels,30019,SLEEP,30.9
2023,MO,Stoddard,29207,DEPRESSION,26.1
2023,MO,Mississippi,29133,DEPRESSION,25.1
2023,MO,Carroll,29033,MHLTH,17.7
2023,MT,Missoula,30063,MHLTH,17.6
2022,MO,Putnam,29171,SLEEP,36.5
2022,MT,Prairie,30079,SLEEP,31.2
2023,MO,Perry,29157,MHLTH,17.3
2023,MT,Blaine,30005,DEPRESSION,24.3
2023,MS,Wilkinson,28157,DEPRESSION,17.0
2023,MO,Monroe,29137,DEPRESSION,24.9
2022,MO,Chariton,29041,SLEEP,36.1
2023,MS,Winston,28159,MHLTH,17.7
2023,NE,Antelope,31003,MHLTH,13.4
2022,MT,Deer Lodge,30023,SLEEP,33.8
2023,NE,Banner,31007,DEPRESSION,16.3
2023,MO,Vernon,29217,MHLTH,19.0
2023,MT,Jefferson,30043,MHLTH,15.4
2023,MT,Sheridan,30091,DEPRESSION,23.5
2023,NE,Colfax,31037,DEPRESSION,14.1
2023,MO,Dade,29057,MHLTH,18.1
2022,MO,Jasper,29097,SLEEP,40.0
2023,NE,Douglas,31055,MHLTH,14.6
2023,MT,Wheatland,30107,MHLTH,17.7
2023,MO,Phelps,29161,MHLTH,18.2
2023,NE,Dawes,31045,DEPRESSION,18.2
2022,MO,Ray,29177,SLEEP,37.6
2023,NE,Hall,31079,DEPRESSION,16.4
2023,MT,McCone,30055,MHLTH,15.5
2023,MT,Roosevelt,30085,DEPRESSION,26.9
2023,NE,Harlan,31083,DEPRESSION,16.6
2022,MO,Ripley,29181,SLEEP,38.2
2023,MT,Petroleum,30069,MHLTH,14.9
2023,MO,Cedar,29039,DEPRESSION,25.2
2023,NE,Butler,31023,DEPRESSION,16.3
2022,NE,Dixon,31051,SLEEP,31.5
2022,MO,Caldwell,29025,SLEEP,37.7
2023,MO,Camden,29029,MHLTH,15.5
2023,MO,Randolph,29175,DEPRESSION,25.5
2023,MO,Osage,29151,DEPRESSION,24.2
2022,MT,Phillips,30071,SLEEP,34.2
2023,MO,Taney,29213,MHLTH,17.5
2023,MT,Powell,30077,MHLTH,17.0
2023,MT,Richland,30083,DEPRESSION,22.9
2022,MO,Mercer,29129,SLEEP,36.9
2022,MO,Barry,29009,SLEEP,36.0
2022,NE,Garden,31069,SLEEP,31.1
2023,MO,Nodaway,29147,MHLTH,19.0
2023,MO,Platte,29165,DEPRESSION,22.8
2022,MO,Cedar,29039,SLEEP,38.5
2023,MT,Carbon,30009,DEPRESSION,22.8
2022,MO,Gentry,29075,SLEEP,38.1
2023,NE,Brown,31017,MHLTH,13.7
2022,NE,Banner,31007,SLEEP,28.6
2023,MO,Marion,29127,MHLTH,17.9
2023,MO,St. Francois,29187,DEPRESSION,25.9
2022,MO,Lafayette,29107,SLEEP,39.1
2023,MO,Scotland,29199,DEPRESSION,25.1
2023,MO,Harrison,29081,DEPRESSION,24.9
2023,NE,Blaine,31009,MHLTH,13.7
2023,MO,Shannon,29203,DEPRESSION,24.9
2023,MT,Lake,30047,MHLTH,17.5
2023,MO,Benton,29015,MHLTH,16.3
2023,MO,Howell,29091,DEPRESSION,26.7
2022,MO,Butler,29023,SLEEP,38.6
2022,NE,Adams,31001,SLEEP,29.2
2022,MT,Mineral,30061,SLEEP,32.5
2023,MT,Fallon,30025,MHLTH,17.6
2023,MS,Yalobusha,28161,MHLTH,17.8
2023,NE,Dawes,31045,MHLTH,14.7
2023,MO,Lincoln,29113,DEPRESSION,24.9
2022,MS,Wilkinson,28157,SLEEP,44.6
2022,MT,Hill,30041,SLEEP,35.1
2022,MT,Powder River,30075,SLEEP,32.1
2023,NE,Garden,31069,DEPRESSION,16.9
2023,MO,Worth,29227,MHLTH,17.5
2023,MO,Caldwell,29025,DEPRESSION,24.9
2023,MT,Granite,30039,DEPRESSION,22.1
2023,MO,Christian,29043,MHLTH,16.8
2022,MO,Stoddard,29207,SLEEP,40.5
2023,MT,Teton,30099,MHLTH,17.0
2022,MO,Montgomery,29139,SLEEP,38.4
2023,NE,Cherry,31031,DEPRESSION,17.1
2023,MO,St. Charles,29183,DEPRESSION,22.8
2023,MO,Adair,29001,MHLTH,19.7
2023,MT,McCone,30055,DEPRESSION,22.1
2023,NE,Dixon,31051,DEPRESSION,15.8
2023,MO,Wayne,29223,MHLTH,19.1
2022,MT,Wibaux,30109,SLEEP,32.4
2022,NE,Boone,31011,SLEEP,28.2
2023,MO,New Madrid,29143,DEPRESSION,25.7
2022,NE,Dodge,31053,SLEEP,30.3
2022,MO,Iron,29093,SLEEP,37.0
2022,MO,Howell,29091,SLEEP,38.9
2023,MO,Laclede,29105,DEPRESSION,25.9
2023,MO,Linn,29115,MHLTH,17.9
2022,MS,Tishomingo,28141,SLEEP,34.8
2022,MO,Greene,29077,SLEEP,36.1
2023,MS,Washington,28151,DEPRESSION,16.9
2022,MO,Warren,29219,SLEEP,36.7
2023,NE,Fillmore,31059,DEPRESSION,16.6
2022,MT,Teton,30099,SLEEP,28.5
2023,MO,Gentry,29075,MHLTH,18.2
2023,MO,Dallas,29059,DEPRESSION,26.0
2023,MO,Atchison,29005,MHLTH,16.9
2022,MO,Christian,29043,SLEEP,39.0
2023,NE,Dundy,31057,DEPRESSION,16.7
2022,NE,Fillmore,31059,SLEEP,30.4
2023,NE,Grant,31075,MHLTH,12.9
2022,MS,Webster,28155,SLEEP,35.0
2023,MT,Powder River,30075,MHLTH,15.3
2023,MT,Richland,30083,MHLTH,16.7
2022,MO,Shelby,29205,SLEEP,37.3
2022,MO,Clay,29047,SLEEP,33.6
2023,MO,Clark,29045,DEPRESSION,25.4
2023,MT,Sanders,30089,MHLTH,16.3
2023,MO,Ralls,29173,DEPRESSION,24.8
2023,MO,Howard,29089,MHLTH,17.6
2023,MO,Sullivan,29211,MHLTH,17.7
2023,MO,Stoddard,29207,MHLTH,19.0
2023,NE,Chase,31029,MHLTH,13.1
2022,MT,Powell,30077,SLEEP,34.4
2023,MO,Iron,29093,MHLTH,18.5
2022,MT,Big Horn,30003,SLEEP,36.2
2023,MO,Cole,29051,DEPRESSION,23.2
2023,NE,Gosper,31073,MHLTH,12.8
2023,MT,Big Horn,30003,DEPRESSION,25.2
2023,MO,Camden,29029,DEPRESSION,23.0
2023,MO,Buchanan,29021,MHLTH,18.4
2022,MO,St. Francois,29187,SLEEP,40.0
2023,MO,Macon,29121,DEPRESSION,23.7
2023,MT,Hill,30041,MHLTH,20.2
2022,NE,Cherry,31031,SLEEP,33.0
2023,MO,Henry,29083,MHLTH,18.2
2023,NE,Boyd,31015,MHLTH,12.8
2023,MT,Glacier,30035,MHLTH,23.2
2023,MT,Carter,30011,MHLTH,16.3
2023,MO,Pike,29163,DEPRESSION,24.1
2022,MO,Hickory,29085,SLEEP,37.5
2023,MO,Warren,29219,DEPRESSION,24.9
2023,MO,Gasconade,29073,DEPRESSION,24.6
2023,MO,Ripley,29181,DEPRESSION,27.1
2022,MO,Taney,29213,SLEEP,36.6
2022,MT,Granite,30039,SLEEP,31.1
2022,MO,Camden,29029,SLEEP,35.9
2022,MO,Carroll,29033,SLEEP,37.2
2023,MT,Hill,30041,DEPRESSION,26.2
2022,NE,Frontier,31063,SLEEP,30.2
2023,MO,Pettis,29159,DEPRESSION,24.6
2023,MO,Jasper,29097,MHLTH,19.2
2023,MS,Walthall,28147,MHLTH,17.7
2022,MS,Winston,28159,SLEEP,37.8
2022,MT,McCone,30055,SLEEP,30.5
2023,MT,Gallatin,30031,MHLTH,16.7
2023,MO,Shelby,29205,DEPRESSION,25.2
2023,MO,St. Francois,29187,MHLTH,19.3
2022,MO,Newton,29145,SLEEP,36.9
2022,NE,Cuming,31039,SLEEP,29.3
2023,MO,Audrain,29007,DEPRESSION,25.9
2023,MT,Cascade,30013,MHLTH,18.8
2022,MT,Valley,30105,SLEEP,31.6
2023,MO,Miller,29131,MHLTH,18.1
2022,MO,Webster,29225,SLEEP,37.3
2023,NE,Deuel,31049,DEPRESSION,16.9
2023,MT,Broadwater,30007,DEPRESSION,23.1
2023,MS,Webster,28155,DEPRESSION,20.2
2023,MO,Washington,29221,DEPRESSION,26.4
2022,MT,Silver Bow,30093,SLEEP,31.9
2023,MO,Lafayette,29107,DEPRESSION,24.6
2023,MT,Fergus,30027,MHLTH,16.4
2023,MO,Wright,29229,MHLTH,19.8
2023,MO,Lewis,29111,DEPRESSION,25.8
2023,NE,Boone,31011,DEPRESSION,16.8
2023,MO,Newton,29145,MHLTH,18.1
2023,MO,Pulaski,29169,MHLTH,19.1
2022,NE,Brown,31017,SLEEP,31.4
2022,MO,Jefferson,29099,SLEEP,36.7
2022,MT,Sheridan,30091,SLEEP,28.5
2023,MO,New Madrid,29143,MHLTH,19.3
2023,NE,Cass,31025,DEPRESSION,18.2
2023,MO,Polk,29167,DEPRESSION,26.1
2022,MO,Nodaway,29147,SLEEP,42.3
2022,MO,Pettis,29159,SLEEP,37.6
2023,MT,Fallon,30025,DEPRESSION,23.8
2023,NE,Clay,31035,MHLTH,13.7
2022,MO,Knox,29103,SLEEP,36.6
2023,MO,Clark,29045,MHLTH,18.5
2022,MO,Lewis,29111,SLEEP,39.3
2023,MS,Winston,28159,DEPRESSION,18.7
2023,MO,Bates,29013,MHLTH,18.9
2023,MT,Liberty,30051,DEPRESSION,24.9
2023,MO,Wright,29229,DEPRESSION,26.6
2023,MS,Wayne,28153,DEPRESSION,19.7
2023,MO,Grundy,29079,MHLTH,18.2
2023,MO,Andrew,29003,DEPRESSION,23.6
2023,MO,Livingston,29117,DEPRESSION,26.1
2023,MS,Union,28145,DEPRESSION,21.4
2022,MT,Meagher,30059,SLEEP,29.0
2023,MT,Golden Valley,30037,MHLTH,16.3
2023,MO,Chariton,29041,DEPRESSION,23.7
2023,NE,Hamilton,31081,MHLTH,13.4
2023,MT,Stillwater,30095,MHLTH,15.4
2023,MO,Moniteau,29135,MHLTH,18.1
2022,MO,Howard,29089,SLEEP,36.8
2023,MO,Linn,29115,DEPRESSION,25.1
2022,MT,Yellowstone,30111,SLEEP,34.7
2023,MO,Montgomery,29139,MHLTH,18.2
2023,MO,Johnson,29101,MHLTH,19.5
2023,MO,Callaway,29027,MHLTH,17.7
2023,MT,Yellowstone,30111,DEPRESSION,27.3
2022,MT,Broadwater,30007,SLEEP,30.2
2023,MO,Holt,29087,MHLTH,16.8
2023,MO,Shannon,29203,MHLTH,18.1
2022,MO,Osage,29151,SLEEP,37.1
2022,MO,Monroe,29137,SLEEP,38.2
2023,MO,Ray,29177,DEPRESSION,25.0
2022,MO,Wayne,29223,SLEEP,39.8
2023,MT,Pondera,30073,DEPRESSION,25.0
2022,MO,Harrison,29081,SLEEP,41.0
2023,MO,Greene,29077,DEPRESSION,24.5
2022,MO,Saline,29195,SLEEP,39.3
2022,NE,Colfax,31037,SLEEP,32.9
2022,MO,Pemiscot,29155,SLEEP,42.6
2023,MO,Scott,29201,MHLTH,18.2
2023,NE,Burt,31021,DEPRESSION,17.2
2023,MT,Musselshell,30065,DEPRESSION,23.3
2022,MT,Park,30067,SLEEP,29.2
2023,NE,Cheyenne,31033,DEPRESSION,17.1
2022,MT,Wheatland,30107,SLEEP,32.0
2023,MO,Butler,29023,MHLTH,20.2
2022,MT,Judith Basin,30045,SLEEP,30.2
2022,MO,Morgan,29141,SLEEP,38.9
2022,NE,Furnas,31065,SLEEP,29.9
2023,MT,Deer Lodge,30023,MHLTH,17.3
2023,MO,Schuyler,29197,MHLTH,17.8
2023,MS,Yazoo,28163,DEPRESSION,18.6
2023,MS,Warren,28149,DEPRESSION,18.3
2023,MT,Golden Valley,30037,DEPRESSION,23.0
2022,MT,Jefferson,30043,SLEEP,30.2
2023,MO,Laclede,29105,MHLTH,19.2
2023,NE,Arthur,31005,DEPRESSION,17.5
2022,MO,Cole,29051,SLEEP,35.7
2023,MO,Cass,29037,DEPRESSION,23.9
2023,MO,Oregon,29149,MHLTH,19.2
2023,MT,Wibaux,30109,MHLTH,16.7
2023,MO,Bollinger,29017,MHLTH,18.4
2022,MT,Sweet Grass,30097,SLEEP,29.8
2023,MT,Prairie,30079,MHLTH,16.0
2023,MO,Ozark,29153,MHLTH,18.4
2022,MT,Fallon,30025,SLEEP,32.8
2023,MO,St. Clair,29185,DEPRESSION,25.2
2023,MT,Treasure,30103,DEPRESSION,21.6
2023,NE,Gage,31067,DEPRESSION,17.6
2022,NE,Hall,31079,SLEEP,33.9
2023,MO,Pulaski,29169,DEPRESSION,24.6
2023,MO,Cape Girardeau,29031,MHLTH,17.9
2023,NE,Dakota,31043,DEPRESSION,15.9
2023,MT,Meagher,30059,DEPRESSION,22.4
2022,MS,Union,28145,SLEEP,32.0
2023,NE,Franklin,31061,MHLTH,13.9
2023,MO,Knox,29103,DEPRESSION,25.2
2022,MT,Rosebud,30087,SLEEP,35.5
2023,MO,St. Louis,29510,DEPRESSION,23.9
2022,MT,Flathead,30029,SLEEP,30.7
2023,NE,Box Butte,31013,DEPRESSION,16.8
2022,NE,Cheyenne,31033,SLEEP,33.9
2023,MO,Dunklin,29069,DEPRESSION,26.6
2023,MO,Webster,29225,DEPRESSION,26.1
2022,MO,Carter,29035,SLEEP,37.1
2023,NE,Dodge,31053,DEPRESSION,16.6
2023,MT,Madison,30057,MHLTH,15.0
2022,MO,Jackson,29095,SLEEP,34.2
2023,MO,Barry,29009,MHLTH,18.1
2023,MO,Crawford,29055,DEPRESSION,25.7
2023,MO,Texas,29215,MHLTH,19.1
2023,MT,Sweet Grass,30097,MHLTH,15.6
2022,NE,Franklin,31061,SLEEP,31.2
2023,MO,Vernon,29217,DEPRESSION,26.6
2022,MO,Dunklin,29069,SLEEP,39.1
2023,NE,Dawson,31047,MHLTH,13.7
2022,MO,Moniteau,29135,SLEEP,37.7
2022,MO,St. Louis,29510,SLEEP,37.1
2023,MO,DeKalb,29063,DEPRESSION,23.3
2023,MT,Daniels,30019,MHLTH,15.9
2023,NE,Cheyenne,31033,MHLTH,14.1
2023,MO,Nodaway,29147,DEPRESSION,26.2
2023,MT,Rosebud,30087,MHLTH,20.2
2023,MT,Powell,30077,DEPRESSION,22.2
2023,MO,Jackson,29095,DEPRESSION,25.4
2023,MO,McDonald,29119,MHLTH,20.2
2023,NE,Greeley,31077,MHLTH,13.5
2022,MT,Golden Valley,30037,SLEEP,31.9
2023,NE,Colfax,31037,MHLTH,13.5
2023,MO,Mississippi,29133,MHLTH,19.9
2023,MO,St. Louis,29189,MHLTH,15.9
2022,NE,Garfield,31071,SLEEP,27.9
2022,MS,Wayne,28153,SLEEP,40.6
2023,MO,Maries,29125,DEPRESSION,25.2
2022,MO,Henry,29083,SLEEP,37.6
2022,MO,Bollinger,29017,SLEEP,38.7
2022,MT,Pondera,30073,SLEEP,32.6
2023,NE,Brown,31017,DEPRESSION,17.0
2022,MO,DeKalb,29063,SLEEP,36.1
2023,MO,Osage,29151,MHLTH,17.1
2023,MO,Hickory,29085,MHLTH,17.9
2022,NE,Grant,31075,SLEEP,29.3
2023,MO,Boone,29019,MHLTH,17.3
2023,MO,Clinton,29049,MHLTH,17.3
2022,NE,Buffalo,31019,SLEEP,32.6
2023,NE,Custer,31041,MHLTH,13.6
2023,NE,Butler,31023,MHLTH,13.5
2023,MO,Harrison,29081,MHLTH,18.3
2022,MO,Macon,29121,SLEEP,37.4
2022,MT,Treasure,30103,SLEEP,28.2
2023,MO,Carroll,29033,DEPRESSION,24.9
2023,MO,Putnam,29171,MHLTH,17.1
2023,MO,Carter,29035,MHLTH,19.4
2023,MO,Bollinger,29017,DEPRESSION,25.9
2023,NE,Antelope,31003,DEPRESSION,16.6
2023,MO,Clay,29047,DEPRESSION,23.4
2023,MO,Iron,29093,DEPRESSION,26.3
2022,MO,St. Clair,29185,SLEEP,35.0
2022,NE,Custer,31041,SLEEP,31.7
2023,MT,Beaverhead,30001,DEPRESSION,24.3
2023,NE,Frontier,31063,DEPRESSION,16.6
2023,NE,Cedar,31027,MHLTH,13.0
2023,MO,Clinton,29049,DEPRESSION,24.9
2023,MT,Park,30067,DEPRESSION,22.5
2023,MO,Cape Girardeau,29031,DEPRESSION,24.5
2023,MT,Blaine,30005,MHLTH,19.8
2023,MO,Stone,29209,MHLTH,15.9
2023,MT,Lincoln,30053,MHLTH,16.9
2023,MS,Tunica,28143,DEPRESSION,18.6
2022,NE,Dakota,31043,SLEEP,34.0
2022,MO,Scott,29201,SLEEP,40.3
2023,MO,Pemiscot,29155,MHLTH,20.5
2022,MT,Toole,30101,SLEEP,31.3
2023,MO,Scotland,29199,MHLTH,18.5
2022,MO,Mississippi,29133,SLEEP,43.4
2023,MO,Jefferson,29099,DEPRESSION,23.9
2022,NE,Chase,31029,SLEEP,30.4
2022,MO,Buchanan,29021,SLEEP,39.0
2023,MT,Jefferson,30043,DEPRESSION,22.7
2023,MT,Chouteau,30015,DEPRESSION,23.8
2022,MO,Vernon,29217,SLEEP,37.9
2023,MT,Toole,30101,MHLTH,18.8
2023,MT,Granite,30039,MHLTH,15.6
2023,MT,Park,30067,MHLTH,15.8
2022,MT,Glacier,30035,SLEEP,39.8
2023,NE,Franklin,31061,DEPRESSION,17.8
2023,MO,Andrew,29003,MHLTH,16.5
2023,MO,Mercer,29129,DEPRESSION,25.4
2023,MT,Missoula,30063,DEPRESSION,26.6
2022,NE,Gage,31067,SLEEP,30.1
2022,MO,Worth,29227,SLEEP,39.2
2023,NE,Cuming,31039,MHLTH,13.5
2022,MO,Linn,29115,SLEEP,38.5
2023,MS,Washington,28151,MHLTH,18.3
2023,MT,Lake,30047,DEPRESSION,24.9
2023,MT,Wheatland,30107,DEPRESSION,24.6
2023,NE,Adams,31001,DEPRESSION,19.7
2022,MT,Garfield,30033,SLEEP,30.9
2023,MO,Jefferson,29099,MHLTH,17.4
2023,MO,Howard,29089,DEPRESSION,25.0
2022,MO,Washington,29221,SLEEP,41.4
2023,MO,Cooper,29053,DEPRESSION,24.0
2023,MO,Morgan,29141,DEPRESSION,26.1
2022,NE,Harlan,31083,SLEEP,30.0
2023,MO,Howell,29091,MHLTH,19.3
2022,MT,Liberty,30051,SLEEP,35.8
2023,MO,Benton,29015,DEPRESSION,24.1
2022,MO,Schuyler,29197,SLEEP,36.9
2023,MT,Garfield,30033,DEPRESSION,24.2
2023,MO,Barton,29011,DEPRESSION,25.6
2023,MT,Sheridan,30091,MHLTH,16.4
2022,MS,Yazoo,28163,SLEEP,42.0
2022,MO,Cass,29037,SLEEP,38.5
2022,NE,Cass,31025,SLEEP,28.9
2023,NE,Grant,31075,DEPRESSION,17.0
2023,NE,Hall,31079,MHLTH,14.0
2023,MO,Franklin,29071,MHLTH,17.1
2023,MO,Cooper,29053,MHLTH,17.3
2023,MT,Carbon,30009,MHLTH,15.3
2022,MT,Ravalli,30081,SLEEP,30.8
2022,MT,Gallatin,30031,SLEEP,28.4
2023,MO,Platte,29165,MHLTH,15.4
2023,MO,Randolph,29175,MHLTH,18.8
2023,MT,Valley,30105,MHLTH,17.0
2022,MT,Stillwater,30095,SLEEP,31.7
2022,MO,Cooper,29053,SLEEP,38.5
2023,MT,Petroleum,30069,DEPRESSION,21.4
2023,MO,Douglas,29067,MHLTH,18.0
2023,MO,Cedar,29039,MHLTH,18.3
2022,MO,Benton,29015,SLEEP,36.0
2023,NE,Cherry,31031,MHLTH,14.0
2023,MO,Marion,29127,DEPRESSION,25.0
2022,MO,Pike,29163,SLEEP,39.5
2023,MO,Worth,29227,DEPRESSION,24.5
2023,NE,Blaine,31009,DEPRESSION,17.4
2023,MO,Caldwell,29025,MHLTH,17.9
2022,MO,Polk,29167,SLEEP,38.9
2023,MT,Carter,30011,DEPRESSION,23.2
2023,MO,Taney,29213,DEPRESSION,24.3
2023,MT,Mineral,30061,DEPRESSION,23.4
2023,MO,Warren,29219,MHLTH,17.8
2022,NE,Burt,31021,SLEEP,32.6
2023,MT,Lewis and Clark,30049,MHLTH,16.6
2023,MO,Phelps,29161,DEPRESSION,25.9
2023,MT,Judith Basin,30045,MHLTH,16.1
2023,MO,Madison,29123,MHLTH,18.1
2022,MT,Sanders,30089,SLEEP,32.1
2022,MS,Warren,28149,SLEEP,37.1
2023,NE,Furnas,31065,MHLTH,13.6
2023,MT,Phillips,30071,MHLTH,17.1
2022,MT,Lake,30047,SLEEP,32.1
2023,MO,St. Charles,29183,MHLTH,15.1
2023,MO,Adair,29001,DEPRESSION,27.6
2023,MT,Big Horn,30003,MHLTH,22.2
2023,MS,Walthall,28147,DEPRESSION,19.2
2023,MS,Yalobusha,28161,DEPRESSION,19.5
2023,MO,Lawrence,29109,DEPRESSION,25.7
2023,MO,Lincoln,29113,MHLTH,18.3
2023,MO,Reynolds,29179,DEPRESSION,25.4
2022,MO,Sullivan,29211,SLEEP,39.4
2023,MO,Christian,29043,DEPRESSION,24.7
2022,MT,Custer,30017,SLEEP,32.0
2022,MO,Johnson,29101,SLEEP,37.9
2022,NE,Dawes,31045,SLEEP,32.7
2022,MO,Ozark,29153,SLEEP,38.7
2023,MT,Teton,30099,DEPRESSION,23.5
2023,NE,Douglas,31055,DEPRESSION,18.9
2023,MO,Ste. Genevieve,29186,MHLTH,17.1
2022,NE,Clay,31035,SLEEP,29.9
2023,MO,Douglas,29067,DEPRESSION,25.3
2022,MO,Cape Girardeau,29031,SLEEP,37.6
2022,MT,Roosevelt,30085,SLEEP,42.1
2023,NE,Garden,31069,MHLTH,13.4
2023,NY,Richmond,36085,MHLTH,14.6
2022,NE,McPherson,31117,SLEEP,30.9
2023,NM,Lea,35025,DEPRESSION,21.7
2023,NV,Humboldt,32013,DEPRESSION,21.7
2022,NE,Wheeler,31183,SLEEP,29.8
2022,NY,Oneida,36065,SLEEP,38.3
2022,NY,Orange,36071,SLEEP,37.7
2022,NY,Tompkins,36109,SLEEP,34.7
2023,NY,Yates,36123,DEPRESSION,20.8
2023,NH,Merrimack,33013,MHLTH,15.5
2023,NV,Carson City,32510,MHLTH,17.6
2022,NY,Wayne,36117,SLEEP,37.0
2023,NE,Otoe,31131,DEPRESSION,17.7
2023,NE,Richardson,31147,DEPRESSION,17.7
2023,NM,Catron,35003,MHLTH,14.1
2023,NE,Hayes,31085,DEPRESSION,16.5
2022,NH,Rockingham,33015,SLEEP,33.2
2022,NV,Lander,32015,SLEEP,37.5
2023,NE,Pawnee,31133,MHLTH,13.7
2023,NY,Essex,36031,MHLTH,15.1
2023,NE,Washington,31177,DEPRESSION,17.7
2023,NE,Loup,31115,DEPRESSION,15.9
2023,NJ,Mercer,34021,DEPRESSION,14.8
2022,NE,Keya Paha,31103,SLEEP,27.7
2023,NY,Genesee,36037,MHLTH,16.4
2022,NY,Livingston,36051,SLEEP,35.0
2023,NC,Cleveland,37045,MHLTH,17.8
2023,NY,Oswego,36075,DEPRESSION,21.9
2022,NE,Otoe,31131,SLEEP,28.5
2023,NY,Tompkins,36109,DEPRESSION,22.5
2023,NY,Oneida,36065,DEPRESSION,20.4
2023,NY,Sullivan,36105,MHLTH,15.7
2023,NE,Sioux,31165,MHLTH,13.8
2023,NC,Caswell,37033,MHLTH,17.2
2022,NV,Washoe,32031,SLEEP,37.8
2023,NE,Sheridan,31161,DEPRESSION,16.4
2022,NJ,Morris,34027,SLEEP,33.4
2023,NE,Rock,31149,MHLTH,12.7
2022,NM,Grant,35017,SLEEP,31.2
2023,NJ,Gloucester,34015,MHLTH,16.3
2022,NE,Platte,31141,SLEEP,28.3
2022,NE,Thayer,31169,SLEEP,29.2
2022,NJ,Cape May,34009,SLEEP,32.3
2023,NY,Cortland,36023,DEPRESSION,23.0
2022,NE,Holt,31089,SLEEP,32.2
2023,NJ,Camden,34007,DEPRESSION,17.6
2023,NM,San Miguel,35047,MHLTH,14.5
2023,NM,Curry,35009,DEPRESSION,24.6
2022,NJ,Camden,34007,SLEEP,39.9
2023,NH,Carroll,33003,MHLTH,13.8
2023,NV,Storey,32029,DEPRESSION,19.7
2022,NM,Taos,35055,SLEEP,29.6
2023,NE,Sherman,31163,DEPRESSION,16.7
2022,NY,Steuben,36101,SLEEP,37.5
2023,NY,Livingston,36051,MHLTH,16.3
2023,NM,De Baca,35011,MHLTH,15.4
2023,NE,McPherson,31117,MHLTH,12.7
2022,NY,Putnam,36079,SLEEP,36.0
2023,NC,Alexander,37003,DEPRESSION,25.8
2023,NV,Churchill,32001,MHLTH,18.8
2022,NY,Fulton,36035,SLEEP,40.3
2022,NY,Lewis,36049,SLEEP,37.3
2022,NE,Thurston,31173,SLEEP,35.6
2022,NC,Carteret,37031,SLEEP,31.3
2022,NE,Perkins,31135,SLEEP,31.3
2023,NC,Columbus,37047,MHLTH,18.3
2023,NJ,Cumberland,34011,DEPRESSION,16.1
2022,NV,Lincoln,32017,SLEEP,36.8
2023,NE,Keith,31101,MHLTH,12.9
2022,NY,Yates,36123,SLEEP,36.6
2022,NE,Hayes,31085,SLEEP,30.5
2023,NC,Dare,37055,MHLTH,14.2
2023,NC,Carteret,37031,DEPRESSION,24.1
2023,NY,New York,36061,DEPRESSION,18.5
2023,NC,Ashe,37009,MHLTH,16.2
2022,NM,Chaves,35005,SLEEP,35.5
2023,NE,York,31185,MHLTH,14.3
2023,NE,Howard,31093,DEPRESSION,16.8
2023,NE,Red Willow,31145,DEPRESSION,19.4
2022,NE,Merrick,31121,SLEEP,30.4
2023,NJ,Ocean,34029,MHLTH,15.0
2022,NM,Santa Fe,35049,SLEEP,29.1
2023,NY,Seneca,36099,MHLTH,16.8
2023,NJ,Union,34039,MHLTH,15.0
2023,NY,Ontario,36069,DEPRESSION,20.3
2023,NY,Orange,36071,DEPRESSION,17.8
2023,NE,Nuckolls,31129,DEPRESSION,16.9
2022,NY,Greene,36039,SLEEP,36.7
2023,NE,Hitchcock,31087,MHLTH,13.7
2022,NY,Ulster,36111,SLEEP,35.6
2023,NJ,Bergen,34003,MHLTH,13.6
2023,NC,Cabarrus,37025,DEPRESSION,23.4
2023,NM,Mora,35033,DEPRESSION,17.7
2022,NE,Saline,31151,SLEEP,35.6
2023,NY,Chenango,36017,DEPRESSION,21.1
2022,NM,DoÃ±a Ana,35013,SLEEP,31.4
2023,NV,Storey,32029,MHLTH,14.7
2023,NE,Stanton,31167,DEPRESSION,16.4
2023,NC,Alleghany,37005,DEPRESSION,25.3
2023,NC,Brunswick,37019,DEPRESSION,23.4
2023,NM,Luna,35029,MHLTH,17.6
2023,NM,Hidalgo,35023,DEPRESSION,21.6
2023,NY,Tioga,36107,MHLTH,16.0
2023,NY,Chautauqua,36013,DEPRESSION,20.6
2023,NY,Essex,36031,DEPRESSION,20.4
2023,NJ,Atlantic,34001,DEPRESSION,16.3
2022,NY,Madison,36053,SLEEP,36.4
2023,NM,Eddy,35015,MHLTH,16.7
2023,NM,Sierra,35051,MHLTH,15.1
2022,NH,Grafton,33009,SLEEP,31.2
2022,NC,Cumberland,37051,SLEEP,41.1
2023,NV,Douglas,32005,MHLTH,14.5
2023,NV,Lyon,32019,MHLTH,17.7
2022,NY,Essex,36031,SLEEP,34.6
2023,NY,Dutchess,36027,DEPRESSION,18.9
2023,NE,Thomas,31171,MHLTH,12.6
2023,NC,Camden,37029,DEPRESSION,24.6
2023,NV,Esmeralda,32009,DEPRESSION,20.2
2022,NY,Allegany,36003,SLEEP,37.0
2023,NY,Schenectady,36093,MHLTH,15.8
2023,NC,Cherokee,37039,DEPRESSION,25.4
2022,NE,Stanton,31167,SLEEP,29.1
2023,NM,Cibola,35006,MHLTH,18.7
2022,NC,Anson,37007,SLEEP,39.7
2022,NY,Jefferson,36045,SLEEP,42.4
2022,NM,San Juan,35045,SLEEP,37.5
2023,NJ,Cumberland,34011,MHLTH,17.7
2023,NE,Lincoln,31111,DEPRESSION,18.9
2023,NY,Monroe,36055,MHLTH,15.3
2023,NE,Scotts Bluff,31157,DEPRESSION,17.5
2023,NH,Coos,33007,DEPRESSION,22.6
2023,NC,Currituck,37053,MHLTH,15.8
2022,NE,Phelps,31137,SLEEP,31.1
2023,NY,Warren,36113,DEPRESSION,21.0
2023,NY,Washington,36115,MHLTH,16.4
2023,NM,Roosevelt,35041,DEPRESSION,24.2
2023,NY,Franklin,36033,MHLTH,17.3
2023,NV,Carson City,32510,DEPRESSION,21.4
2022,NY,Albany,36001,SLEEP,35.6
2023,NE,Johnson,31097,DEPRESSION,15.7
2022,NE,Kearney,31099,SLEEP,29.7
2022,NY,Chenango,36017,SLEEP,38.9
2023,NC,Alleghany,37005,MHLTH,16.4
2023,NY,Allegany,36003,MHLTH,17.4
2022,NM,Union,35059,SLEEP,34.3
2022,NV,Lyon,32019,SLEEP,36.6
2023,NY,Kings,36047,MHLTH,15.2
2023,NE,Pierce,31139,MHLTH,13.7
2023,NH,Strafford,33017,MHLTH,17.5
2023,NY,Madison,36053,MHLTH,16.3
2023,NY,Wyoming,36121,DEPRESSION,20.7
2023,NC,Craven,37049,MHLTH,16.7
2022,NC,Cleveland,37045,SLEEP,35.2
2023,NM,Torrance,35057,MHLTH,17.2
2023,NY,Otsego,36077,DEPRESSION,20.9
2023,NE,Sarpy,31153,MHLTH,13.5
2023,NE,Nance,31125,DEPRESSION,17.9
2023,NE,Webster,31181,MHLTH,13.7
2022,NE,Loup,31115,SLEEP,29.7
2023,NJ,Union,34039,DEPRESSION,14.3
2022,NM,Curry,35009,SLEEP,37.9
2022,NJ,Sussex,34037,SLEEP,35.5
2023,NY,Saratoga,36091,DEPRESSION,20.2
2022,NJ,Warren,34041,SLEEP,36.8
2023,NJ,Monmouth,34025,MHLTH,13.6
2022,NY,Monroe,36055,SLEEP,34.5
2022,NE,Sarpy,31153,SLEEP,33.5
2023,NY,Orleans,36073,DEPRESSION,20.6
2022,NJ,Atlantic,34001,SLEEP,37.8
2022,NE,Scotts Bluff,31157,SLEEP,32.4
2022,NY,Wyoming,36121,SLEEP,38.7
2023,NJ,Cape May,34009,DEPRESSION,17.6
2023,NE,Scotts Bluff,31157,MHLTH,14.1
2023,NC,Caldwell,37027,DEPRESSION,26.3
2023,NM,Grant,35017,DEPRESSION,21.2
2022,NM,Torrance,35057,SLEEP,34.4
2023,NE,Hooker,31091,MHLTH,13.4
2023,NM,Otero,35035,DEPRESSION,24.0
2023,NV,Eureka,32011,DEPRESSION,23.5
2023,NJ,Salem,34033,MHLTH,17.0
2023,NY,Delaware,36025,MHLTH,16.1
2022,NC,Alexander,37003,SLEEP,33.1
2023,NY,Jefferson,36045,MHLTH,17.4
2023,NV,Pershing,32027,MHLTH,17.6
2022,NY,Ontario,36069,SLEEP,37.8
2023,NC,Avery,37011,DEPRESSION,25.2
2022,NH,Carroll,33003,SLEEP,33.3
2022,NY,Cattaraugus,36009,SLEEP,38.8
2022,NC,Clay,37043,SLEEP,30.5
2023,NE,Merrick,31121,MHLTH,14.2
2023,NY,Onondaga,36067,DEPRESSION,22.0
2022,NJ,Somerset,34035,SLEEP,37.4
2023,NV,Mineral,32021,MHLTH,19.3
2022,NM,Harding,35021,SLEEP,31.2
2022,NC,Cherokee,37039,SLEEP,30.0
2022,NJ,Burlington,34005,SLEEP,34.1
2023,NE,Thurston,31173,MHLTH,17.7
2023,NE,Perkins,31135,DEPRESSION,17.0
2022,NC,Currituck,37053,SLEEP,31.0
2022,NY,Warren,36113,SLEEP,34.2
2023,NY,Greene,36039,MHLTH,15.5
2022,NC,Avery,37011,SLEEP,32.1
2023,NE,Knox,31107,MHLTH,14.1
2023,NY,Delaware,36025,DEPRESSION,20.5
2022,NM,Roosevelt,35041,SLEEP,34.0
2022,NH,Strafford,33017,SLEEP,30.8
2023,NH,Cheshire,33005,MHLTH,15.8
2023,NJ,Warren,34041,MHLTH,15.3
2023,NE,Rock,31149,DEPRESSION,16.6
2022,NY,New York,36061,SLEEP,35.9
2023,NH,Rockingham,33015,DEPRESSION,21.7
2022,NV,Nye,32023,SLEEP,35.8
2023,NY,Lewis,36049,MHLTH,16.8
2023,NY,Cayuga,36011,MHLTH,16.6
2023,NE,Holt,31089,DEPRESSION,16.0
2023,NY,Hamilton,36041,MHLTH,14.5
2023,NJ,Hunterdon,34019,MHLTH,13.3
2023,NJ,Sussex,34037,MHLTH,14.9
2023,NM,Hidalgo,35023,MHLTH,15.8
2022,NC,Davidson,37057,SLEEP,32.5
2023,NH,Belknap,33001,MHLTH,15.1
2023,NC,Craven,37049,DEPRESSION,24.3
2023,NV,Clark,32003,DEPRESSION,20.3
2023,NC,Catawba,37035,DEPRESSION,25.7
2023,NY,Rockland,36087,DEPRESSION,17.9
2023,NY,Madison,36053,DEPRESSION,21.1
2023,NC,Clay,37043,DEPRESSION,24.7
2023,NE,Saline,31151,MHLTH,14.2
2022,NY,Oswego,36075,SLEEP,39.2
2023,NE,Pawnee,31133,DEPRESSION,16.9
2023,NY,Nassau,36059,MHLTH,13.2
2023,NM,Colfax,35007,MHLTH,14.6
2023,NM,Sandoval,35043,MHLTH,15.3
2023,NY,Schuyler,36097,MHLTH,16.2
2023,NY,Niagara,36063,MHLTH,16.2
2023,NE,Valley,31175,DEPRESSION,16.6
2022,NE,Johnson,31097,SLEEP,31.9
2023,NE,Kimball,31105,MHLTH,14.0
2022,NE,Keith,31101,SLEEP,27.9
2023,NV,Churchill,32001,DEPRESSION,22.0
2022,NE,Kimball,31105,SLEEP,31.9
2022,NE,Madison,31119,SLEEP,32.2
2023,NE,Madison,31119,DEPRESSION,16.2
2023,NC,Caswell,37033,DEPRESSION,23.5
2023,NC,Catawba,37035,MHLTH,16.7
2022,NE,Thomas,31171,SLEEP,28.9
2023,NE,Seward,31159,MHLTH,13.8
2022,NM,Bernalillo,35001,SLEEP,29.9
2022,NM,Colfax,35007,SLEEP,32.7
2023,NC,Cumberland,37051,MHLTH,18.4
2023,NM,Union,35059,MHLTH,16.0
2023,NY,Ulster,36111,MHLTH,15.2
2023,NM,Harding,35021,DEPRESSION,20.4
2023,NY,Cattaraugus,36009,DEPRESSION,21.6
2023,NE,Thomas,31171,DEPRESSION,16.6
2023,NC,Anson,37007,DEPRESSION,23.4
2023,NV,Elko,32007,DEPRESSION,21.5
2023,NY,Queens,36081,MHLTH,13.6
2022,NE,Lincoln,31111,SLEEP,36.3
2023,NY,Broome,36007,MHLTH,16.6
2022,NC,Ashe,37009,SLEEP,32.0
2023,NJ,Essex,34013,DEPRESSION,15.4
2023,NE,Saunders,31155,MHLTH,13.0
2022,NY,Washington,36115,SLEEP,34.1
2022,NC,Columbus,37047,SLEEP,38.2
2023,NV,Lincoln,32017,MHLTH,16.9
2023,NE,Phelps,31137,DEPRESSION,17.9
2022,NY,Dutchess,36027,SLEEP,35.5
2023,NE,Platte,31141,DEPRESSION,15.8
2023,NY,St. Lawrence,36089,MHLTH,18.2
2023,NE,Kearney,31099,MHLTH,12.8
2023,NC,Alamance,37001,MHLTH,17.2
2023,NY,Bronx,36005,DEPRESSION,15.8
2022,NE,Sioux,31165,SLEEP,30.6
2023,NM,Luna,35029,DEPRESSION,22.6
2023,NC,Columbus,37047,DEPRESSION,24.4
2022,NM,De Baca,35011,SLEEP,31.8
2023,NE,Logan,31113,MHLTH,12.4
2023,NY,Albany,36001,DEPRESSION,21.1
2022,NY,Westchester,36119,SLEEP,35.2
2023,NY,Columbia,36021,DEPRESSION,19.3
2023,NY,Wayne,36117,DEPRESSION,20.9
2023,NY,Suffolk,36103,MHLTH,14.4
2023,NM,Rio Arriba,35039,MHLTH,15.8
2023,NE,Thayer,31169,MHLTH,13.7
2022,NM,Sierra,35051,SLEEP,32.5
2023,NY,Putnam,36079,DEPRESSION,17.6
2022,NE,Lancaster,31109,SLEEP,29.6
2023,NE,Wayne,31179,DEPRESSION,18.2
2023,NY,Montgomery,36057,DEPRESSION,21.2
2023,NE,Wheeler,31183,DEPRESSION,15.8
2023,NM,Taos,35055,MHLTH,13.4
2023,NY,Herkimer,36043,MHLTH,16.6
2022,NE,Sherman,31163,SLEEP,31.3
2023,NM,Valencia,35061,MHLTH,16.1
2023,NJ,Middlesex,34023,MHLTH,13.8
2022,NE,Wayne,31179,SLEEP,31.2
2023,NV,White Pine,32033,MHLTH,18.5
2023,NC,Bertie,37015,DEPRESSION,21.7
2022,NY,Herkimer,36043,SLEEP,35.8
2022,NV,Carson City,32510,SLEEP,34.8
2023,NH,Sullivan,33019,DEPRESSION,24.1
2022,NC,Craven,37049,SLEEP,33.3
2023,NY,Steuben,36101,MHLTH,16.4
2023,NM,Chaves,35005,DEPRESSION,23.7
2022,NY,Kings,36047,SLEEP,39.8
2023,NC,Chatham,37037,MHLTH,13.8
2022,NY,Schoharie,36095,SLEEP,38.3
2023,NJ,Burlington,34005,DEPRESSION,15.7
2022,NJ,Union,34039,SLEEP,39.3
2023,NM,Socorro,35053,MHLTH,17.2
2023,NH,Hillsborough,33011,DEPRESSION,21.5
2023,NC,Alamance,37001,DEPRESSION,24.0
2022,NM,Quay,35037,SLEEP,33.8
2023,NY,Chemung,36015,DEPRESSION,21.4
2022,NJ,Hudson,34017,SLEEP,39.3
2023,NE,Keya Paha,31103,MHLTH,12.6
2023,NM,Lincoln,35027,DEPRESSION,22.4
2022,NH,Coos,33007,SLEEP,31.4
2023,NC,Chowan,37041,MHLTH,16.7
2023,NY,Erie,36029,MHLTH,16.0
2022,NY,Sullivan,36105,SLEEP,40.3
2023,NE,Jefferson,31095,MHLTH,13.6
2023,NE,Nemaha,31127,DEPRESSION,18.4
2022,NM,Socorro,35053,SLEEP,31.8
2023,NM,Santa Fe,35049,MHLTH,13.1
2023,NV,Washoe,32031,MHLTH,17.5
2022,NY,Montgomery,36057,SLEEP,42.3
2023,NM,Chaves,35005,MHLTH,17.3
2023,NM,DoÃ±a Ana,35013,DEPRESSION,22.0
2022,NE,Rock,31149,SLEEP,31.2
2022,NH,Hillsborough,33011,SLEEP,33.8
2023,NM,Bernalillo,35001,DEPRESSION,24.6
2023,NY,Fulton,36035,DEPRESSION,21.7
2023,NC,Carteret,37031,MHLTH,14.7
2023,NY,Putnam,36079,MHLTH,13.7
2022,NJ,Middlesex,34023,SLEEP,38.8
2023,NY,Warren,36113,MHLTH,15.3
2023,NE,York,31185,DEPRESSION,17.3
2023,NE,Sheridan,31161,MHLTH,13.3
2022,NC,Bertie,37015,SLEEP,42.0
2022,NM,Guadalupe,35019,SLEEP,35.6
2023,NJ,Camden,34007,MHLTH,16.2
2023,NC,Beaufort,37013,MHLTH,16.5
2023,NC,Cleveland,37045,DEPRESSION,25.9
2023,NY,Oswego,36075,MHLTH,18.0
2023,NM,Valencia,35061,DEPRESSION,21.8
2022,NC,Dare,37055,SLEEP,27.0
2023,NJ,Passaic,34031,DEPRESSION,15.4
2022,NV,Churchill,32001,SLEEP,35.0
2022,NH,Merrimack,33013,SLEEP,32.0
2023,NC,Burke,37023,DEPRESSION,26.1
2023,NV,Humboldt,32013,MHLTH,18.2
2023,NE,Morrill,31123,DEPRESSION,17.1
2023,NY,Richmond,36085,DEPRESSION,15.3
2023,NC,Alexander,37003,MHLTH,17.5
2023,NY,Chautauqua,36013,MHLTH,16.7
2022,NC,Chowan,37041,SLEEP,35.8
2023,NY,Allegany,36003,DEPRESSION,21.2
2022,NE,Seward,31159,SLEEP,27.6
2023,NY,Montgomery,36057,MHLTH,16.8
2023,NM,Catron,35003,DEPRESSION,21.8
2022,NE,Red Willow,31145,SLEEP,30.5
2023,NV,Lander,32015,DEPRESSION,22.8
2023,NY,Kings,36047,DEPRESSION,16.1
2023,NY,Yates,36123,MHLTH,16.7
2022,NM,Cibola,35006,SLEEP,40.0
2023,NE,Howard,31093,MHLTH,13.4
2022,NY,Orleans,36073,SLEEP,36.9
2022,NJ,Passaic,34031,SLEEP,37.7
2023,NM,Mora,35033,MHLTH,12.6
2023,NE,Richardson,31147,MHLTH,13.7
2022,NM,Catron,35003,SLEEP,32.3
2022,NY,Broome,36007,SLEEP,34.4
2023,NH,Hillsborough,33011,MHLTH,15.3
2023,NC,Beaufort,37013,DEPRESSION,23.9
2022,NY,Cayuga,36011,SLEEP,37.9
2023,NY,Cattaraugus,36009,MHLTH,17.5
2023,NY,New York,36061,MHLTH,14.5
2023,NH,Carroll,33003,DEPRESSION,21.5
2023,NM,San Juan,35045,DEPRESSION,23.4
2023,NY,Orange,36071,MHLTH,16.0
2022,NM,McKinley,35031,SLEEP,39.6
2023,NJ,Ocean,34029,DEPRESSION,16.1
2023,NE,Lancaster,31109,MHLTH,14.5
2023,NM,Santa Fe,35049,DEPRESSION,21.9
2023,NM,San Miguel,35047,DEPRESSION,19.5
2022,NE,Howard,31093,SLEEP,28.8
2022,NE,Nemaha,31127,SLEEP,31.3
2022,NC,Alamance,37001,SLEEP,35.5
2023,NE,Washington,31177,MHLTH,12.9
2023,NE,Knox,31107,DEPRESSION,16.8
2023,NJ,Passaic,34031,MHLTH,15.8
2022,NY,Rockland,36087,SLEEP,42.6
2023,NY,St. Lawrence,36089,DEPRESSION,23.6
2023,NV,Esmeralda,32009,MHLTH,16.8
2022,NY,St. Lawrence,36089,SLEEP,36.3
2023,NY,Cortland,36023,MHLTH,17.9
2023,NH,Merrimack,33013,DEPRESSION,23.6
2023,NY,Westchester,36119,DEPRESSION,15.5
2022,NV,Pershing,32027,SLEEP,39.1
2023,NE,Nance,31125,MHLTH,14.7
2022,NM,Rio Arriba,35039,SLEEP,34.7
2023,NJ,Gloucester,34015,DEPRESSION,18.6
2022,NE,Logan,31113,SLEEP,29.5
2023,NM,Guadalupe,35019,MHLTH,15.2
2023,NY,Tompkins,36109,MHLTH,16.1
2023,NE,Hooker,31091,DEPRESSION,16.9
2023,NM,McKinley,35031,DEPRESSION,24.8
2022,NC,Caldwell,37027,SLEEP,31.9
2023,NH,Strafford,33017,DEPRESSION,26.3
2023,NY,Dutchess,36027,MHLTH,14.8
2023,NY,Genesee,36037,DEPRESSION,21.1
2023,NE,Sherman,31163,MHLTH,13.5
2022,NE,Saunders,31155,SLEEP,28.4
2022,NY,Suffolk,36103,SLEEP,38.4
2023,NV,Nye,32023,MHLTH,17.9
2023,NY,Clinton,36019,MHLTH,17.6
2023,NV,Lincoln,32017,DEPRESSION,21.2
2023,NC,Camden,37029,MHLTH,16.1
2023,NE,Polk,31143,MHLTH,13.3
2023,NY,Otsego,36077,MHLTH,17.4
2022,NJ,Hunterdon,34019,SLEEP,31.9
2022,NH,Belknap,33001,SLEEP,34.4
2023,NM,Taos,35055,DEPRESSION,20.5
2023,NJ,Atlantic,34001,MHLTH,15.9
2022,NV,Elko,32007,SLEEP,37.7
2023,NC,Davie,37059,DEPRESSION,24.8
2023,NC,Brunswick,37019,MHLTH,14.0
2023,NE,Stanton,31167,MHLTH,13.3
2023,NJ,Monmouth,34025,DEPRESSION,14.3
2023,NY,Tioga,36107,DEPRESSION,21.0
2023,NJ,Somerset,34035,MHLTH,12.6
2022,NV,Douglas,32005,SLEEP,31.1
2023,NM,Los Alamos,35028,MHLTH,12.1
2023,NE,Hitchcock,31087,DEPRESSION,17.2
2023,NM,Lea,35025,MHLTH,17.6
2023,NC,Cabarrus,37025,MHLTH,16.2
2022,NM,Hidalgo,35023,SLEEP,35.7
2022,NE,Knox,31107,SLEEP,30.9
2023,NM,Eddy,35015,DEPRESSION,22.8
2022,NY,Columbia,36021,SLEEP,34.3
2023,NY,Rensselaer,36083,DEPRESSION,20.0
2022,NY,Bronx,36005,SLEEP,43.2
2022,NE,Morrill,31123,SLEEP,31.5
2022,NY,Nassau,36059,SLEEP,40.8
2023,NY,Saratoga,36091,MHLTH,14.7
2023,NJ,Bergen,34003,DEPRESSION,14.0
2023,NY,Wyoming,36121,MHLTH,16.5
2023,NC,Cherokee,37039,MHLTH,15.7
2023,NY,Sullivan,36105,DEPRESSION,19.3
2023,NY,Ontario,36069,MHLTH,15.2
2022,NC,Catawba,37035,SLEEP,31.0
2023,NM,Cibola,35006,DEPRESSION,23.4
2022,NC,Burke,37023,SLEEP,33.7
2022,NJ,Salem,34033,SLEEP,40.6
2022,NC,Beaufort,37013,SLEEP,33.8
2022,NE,Pierce,31139,SLEEP,28.6
2023,NH,Coos,33007,MHLTH,16.0
2022,NC,Buncombe,37021,SLEEP,26.9
2023,NY,Schenectady,36093,DEPRESSION,19.3
2023,NJ,Mercer,34021,MHLTH,14.5
2022,NC,Bladen,37017,SLEEP,36.7
2022,NH,Sullivan,33019,SLEEP,33.0
2023,NY,Chenango,36017,MHLTH,16.9
2023,NM,Sierra,35051,DEPRESSION,22.0
2022,NJ,Bergen,34003,SLEEP,38.7
2023,NJ,Somerset,34035,DEPRESSION,13.9
2022,NY,Schenectady,36093,SLEEP,38.6
2023,NE,Keith,31101,DEPRESSION,15.6
2023,NE,Lincoln,31111,MHLTH,14.5
2022,NE,Hooker,31091,SLEEP,30.1
2022,NY,Delaware,36025,SLEEP,40.1
2022,NE,Sheridan,31161,SLEEP,30.3
2023,NM,Roosevelt,35041,MHLTH,18.2
2022,NV,Mineral,32021,SLEEP,38.9
2022,NY,Tioga,36107,SLEEP,37.8
2022,NY,Rensselaer,36083,SLEEP,40.3
2023,NE,Sarpy,31153,DEPRESSION,17.5
2023,NM,Curry,35009,MHLTH,18.3
2023,NE,Loup,31115,MHLTH,12.2
2023,NE,Pierce,31139,DEPRESSION,17.1
2022,NC,Chatham,37037,SLEEP,28.6
2023,NV,Douglas,32005,DEPRESSION,18.9
2023,NH,Grafton,33009,MHLTH,15.0
2022,NV,Eureka,32011,SLEEP,36.6
2023,NJ,Hudson,34017,DEPRESSION,14.2
2022,NE,Valley,31175,SLEEP,29.6
2022,NJ,Essex,34013,SLEEP,40.0
2023,NE,Nuckolls,31129,MHLTH,12.8
2023,NV,Clark,32003,MHLTH,18.7
2023,NY,Monroe,36055,DEPRESSION,21.9
2022,NE,Washington,31177,SLEEP,27.1
2023,NC,Currituck,37053,DEPRESSION,24.7
2023,NM,Quay,35037,MHLTH,16.0
2023,NY,Hamilton,36041,DEPRESSION,19.4
2022,NY,Hamilton,36041,SLEEP,35.3
2022,NM,Lincoln,35027,SLEEP,31.2
2023,NY,Franklin,36033,DEPRESSION,21.9
2023,NV,Lyon,32019,DEPRESSION,21.4
2023,NY,Seneca,36099,DEPRESSION,21.2
2023,NC,Davidson,37057,MHLTH,17.5
2023,NY,Ulster,36111,DEPRESSION,19.4
2022,NE,Nuckolls,31129,SLEEP,28.1
2022,NY,Franklin,36033,SLEEP,36.5
2023,NM,Socorro,35053,DEPRESSION,21.7
2023,NV,Eureka,32011,MHLTH,19.7
2023,NE,Polk,31143,DEPRESSION,16.5
2023,NC,Anson,37007,MHLTH,18.9
2022,NM,Eddy,35015,SLEEP,39.3
2022,NM,Luna,35029,SLEEP,36.8
2023,NY,Rensselaer,36083,MHLTH,16.0
2023,NY,Schuyler,36097,DEPRESSION,20.8
2022,NV,Clark,32003,SLEEP,40.9
2023,NE,Perkins,31135,MHLTH,13.3
2023,NM,Torrance,35057,DEPRESSION,24.4
2023,NJ,Hunterdon,34019,DEPRESSION,16.5
2023,NE,Thurston,31173,DEPRESSION,18.2
2023,NY,Clinton,36019,DEPRESSION,22.7
2022,NY,Saratoga,36091,SLEEP,30.1
2022,NY,Niagara,36063,SLEEP,37.6
2023,NM,Harding,35021,MHLTH,13.6
2023,NC,Buncombe,37021,MHLTH,15.3
2023,NY,Chemung,36015,MHLTH,17.1
2022,NC,Camden,37029,SLEEP,33.5
2023,NM,Sandoval,35043,DEPRESSION,23.1
2023,NE,Seward,31159,DEPRESSION,18.4
2023,NC,Davidson,37057,DEPRESSION,25.6
2023,NC,Chowan,37041,DEPRESSION,23.5
2023,NE,Phelps,31137,MHLTH,14.1
2023,NE,Madison,31119,MHLTH,14.0
2023,NM,Bernalillo,35001,MHLTH,15.7
2023,NC,Buncombe,37021,DEPRESSION,24.7
2022,NY,Cortland,36023,SLEEP,36.8
2022,NM,Sandoval,35043,SLEEP,36.3
2023,NC,Clay,37043,MHLTH,14.7
2023,NH,Rockingham,33015,MHLTH,14.4
2023,NY,Washington,36115,DEPRESSION,20.4
2022,NM,Otero,35035,SLEEP,34.3
2023,NY,Nassau,36059,DEPRESSION,13.4
2023,NJ,Warren,34041,DEPRESSION,17.8
2022,NE,York,31185,SLEEP,29.5
2023,NY,Orleans,36073,MHLTH,17.2
2022,NJ,Mercer,34021,SLEEP,36.2
2023,NE,Valley,31175,MHLTH,13.3
2022,NY,Seneca,36099,SLEEP,36.1
2023,NJ,Hudson,34017,MHLTH,14.7
2023,NJ,Middlesex,34023,DEPRESSION,12.7
2023,NM,Colfax,35007,DEPRESSION,21.1
2023,NH,Cheshire,33005,DEPRESSION,23.6
2023,NM,Union,35059,DEPRESSION,22.2
2023,NY,Steuben,36101,DEPRESSION,21.7
2023,NJ,Sussex,34037,DEPRESSION,18.2
2022,NV,Humboldt,32013,SLEEP,38.2
2023,NM,Otero,35035,MHLTH,17.1
2023,NJ,Burlington,34005,MHLTH,15.0
2022,NV,Storey,32029,SLEEP,33.0
2022,NM,San Miguel,35047,SLEEP,35.8
2023,NE,Johnson,31097,MHLTH,13.7
2023,NY,Greene,36039,DEPRESSION,20.3
2023,NV,Pershing,32027,DEPRESSION,19.6
2023,NE,Merrick,31121,DEPRESSION,17.8
2023,NY,Niagara,36063,DEPRESSION,21.1
2023,NC,Avery,37011,MHLTH,16.8
2022,NY,Schuyler,36097,SLEEP,37.9
2022,NY,Otsego,36077,SLEEP,35.3
2022,NE,Polk,31143,SLEEP,29.9
2023,NY,Cayuga,36011,DEPRESSION,20.8
2023,NJ,Salem,34033,DEPRESSION,18.6
2022,NY,Clinton,36019,SLEEP,35.2
2022,NM,Los Alamos,35028,SLEEP,27.4
2023,NY,Lewis,36049,DEPRESSION,20.9
2023,NE,Kimball,31105,DEPRESSION,17.3
2023,NC,Caldwell,37027,MHLTH,17.6
2022,NY,Onondaga,36067,SLEEP,36.9
2023,NV,Mineral,32021,DEPRESSION,22.3
2022,NE,Nance,31125,SLEEP,31.4
2023,NY,Herkimer,36043,DEPRESSION,20.4
2023,NE,McPherson,31117,DEPRESSION,16.7
2023,NY,Rockland,36087,MHLTH,15.0
2023,NV,Lander,32015,MHLTH,19.1
2023,NY,Erie,36029,DEPRESSION,20.6
2023,NE,Hayes,31085,MHLTH,12.9
2023,NC,Bladen,37017,DEPRESSION,24.2
2022,NE,Webster,31181,SLEEP,32.3
2022,NJ,Monmouth,34025,SLEEP,33.3
2022,NY,Erie,36029,SLEEP,37.4
2022,NE,Richardson,31147,SLEEP,29.6
2023,NE,Holt,31089,MHLTH,13.3
2023,NE,Wayne,31179,MHLTH,15.5
2023,NM,Guadalupe,35019,DEPRESSION,19.2
2023,NY,Wayne,36117,MHLTH,16.1
2023,NM,Lincoln,35027,MHLTH,14.2
2023,NY,Schoharie,36095,MHLTH,16.1
2023,NY,Albany,36001,MHLTH,15.4
2023,NH,Grafton,33009,DEPRESSION,23.7
2023,NE,Saunders,31155,DEPRESSION,16.5
2022,NY,Chautauqua,36013,SLEEP,39.5
2023,NM,De Baca,35011,DEPRESSION,22.5
2023,NV,Elko,32007,MHLTH,18.8
2023,NM,DoÃ±a Ana,35013,MHLTH,15.9
2022,NM,Lea,35025,SLEEP,32.5
2023,NJ,Cape May,34009,MHLTH,14.3
2022,NY,Chemung,36015,SLEEP,34.4
2023,NY,Fulton,36035,MHLTH,17.4
2023,NE,Nemaha,31127,MHLTH,14.8
2023,NE,Jefferson,31095,DEPRESSION,17.7
2023,NJ,Morris,34027,DEPRESSION,14.9
2022,NJ,Ocean,34029,SLEEP,36.4
2022,NV,Esmeralda,32009,SLEEP,35.2
2023,NE,Lancaster,31109,DEPRESSION,20.5
2022,NJ,Cumberland,34011,SLEEP,42.6
2022,NH,Cheshire,33005,SLEEP,33.5
2023,NE,Keya Paha,31103,DEPRESSION,16.0
2023,NY,Jefferson,36045,DEPRESSION,20.5
2023,NV,Washoe,32031,DEPRESSION,21.1
2022,NV,White Pine,32033,SLEEP,37.2
2023,NH,Belknap,33001,DEPRESSION,23.1
2023,NH,Sullivan,33019,MHLTH,15.7
2023,NY,Columbia,36021,MHLTH,14.3
2023,NY,Suffolk,36103,DEPRESSION,16.0
2023,NE,Red Willow,31145,MHLTH,14.2
2023,NJ,Essex,34013,MHLTH,16.0
2023,NE,Thayer,31169,DEPRESSION,17.4
2023,NC,Bladen,37017,MHLTH,17.4
2022,NY,Genesee,36037,SLEEP,37.7
2023,NE,Morrill,31123,MHLTH,14.0
2023,NY,Livingston,36051,DEPRESSION,20.8
2023,NC,Bertie,37015,MHLTH,17.5
2023,NV,White Pine,32033,DEPRESSION,21.5
2022,NM,Mora,35033,SLEEP,33.9
2023,NC,Dare,37055,DEPRESSION,24.1
2023,NC,Ashe,37009,DEPRESSION,25.2
2022,NY,Queens,36081,SLEEP,36.5
2022,NE,Jefferson,31095,SLEEP,30.9
2023,NM,Rio Arriba,35039,DEPRESSION,20.2
2023,NE,Platte,31141,MHLTH,13.4
2023,NE,Logan,31113,DEPRESSION,16.2
2022,NC,Brunswick,37019,SLEEP,33.9
2023,NM,San Juan,35045,MHLTH,19.4
2023,NY,Oneida,36065,MHLTH,16.7
2023,NE,Saline,31151,DEPRESSION,16.9
2023,NE,Wheeler,31183,MHLTH,11.8
2023,NY,Westchester,36119,MHLTH,13.3
2022,NE,Hitchcock,31087,SLEEP,30.9
2022,NE,Pawnee,31133,SLEEP,30.9
2022,NM,Valencia,35061,SLEEP,34.4
2022,NJ,Gloucester,34015,SLEEP,39.7
2023,NC,Burke,37023,MHLTH,17.3
2023,NJ,Morris,34027,MHLTH,13.0
2023,NY,Queens,36081,DEPRESSION,13.7
2023,NY,Onondaga,36067,MHLTH,16.5
2023,NM,McKinley,35031,MHLTH,23.3
2023,NE,Kearney,31099,DEPRESSION,16.8
2023,NY,Broome,36007,DEPRESSION,20.7
2022,NY,Richmond,36085,SLEEP,40.6
2022,NC,Cabarrus,37025,SLEEP,34.2
2022,NC,Caswell,37033,SLEEP,35.1
2023,NE,Sioux,31165,DEPRESSION,17.2
2023,NY,Schoharie,36095,DEPRESSION,20.0
2022,NC,Alleghany,37005,SLEEP,32.6
2023,NC,Cumberland,37051,DEPRESSION,25.0
2023,NY,Bronx,36005,MHLTH,16.4
2023,NM,Grant,35017,MHLTH,14.5
2023,NC,Chatham,37037,DEPRESSION,22.1
2023,NE,Otoe,31131,MHLTH,13.6
2023,NC,Moore,37125,DEPRESSION,23.5
2023,OH,Van Wert,39161,MHLTH,17.8
2022,OH,Defiance,39039,SLEEP,37.5
2023,OH,Highland,39071,DEPRESSION,27.4
2023,NC,Henderson,37089,DEPRESSION,23.8
2022,OK,Alfalfa,40003,SLEEP,34.6
2022,OH,Paulding,39125,SLEEP,38.5
2023,OK,Caddo,40015,DEPRESSION,24.2
2022,OH,Richland,39139,SLEEP,40.4
2023,NC,Robeson,37155,DEPRESSION,22.9
2023,ND,Morton,38059,DEPRESSION,21.0
2022,ND,Dickey,38021,SLEEP,32.9
2022,ND,Grand Forks,38035,SLEEP,32.6
2023,OH,Erie,39043,MHLTH,16.8
2023,OH,Clark,39023,DEPRESSION,26.7
2022,NC,Wake,37183,SLEEP,31.5
2022,OH,Athens,39009,SLEEP,36.5
2023,OH,Putnam,39137,MHLTH,16.4
2023,OK,Adair,40001,DEPRESSION,26.3
2023,NC,Haywood,37087,DEPRESSION,26.4
2022,NC,Forsyth,37067,SLEEP,33.4
2023,OH,Hardin,39065,MHLTH,19.9
2023,NC,Jones,37103,DEPRESSION,24.7
2023,NC,Rowan,37159,DEPRESSION,24.7
2023,OH,Darke,39037,DEPRESSION,26.6
2022,NC,Mitchell,37121,SLEEP,31.2
2022,NC,Orange,37135,SLEEP,29.0
2023,ND,Mercer,38057,MHLTH,13.7
2023,OH,Portage,39133,DEPRESSION,24.6
2023,NC,Surry,37171,MHLTH,17.7
2022,OH,Lucas,39095,SLEEP,40.9
2023,OH,Jefferson,39081,DEPRESSION,27.8
2022,OH,Clark,39023,SLEEP,38.8
2023,ND,Walsh,38099,DEPRESSION,19.4
2022,OH,Clermont,39025,SLEEP,37.5
2023,NC,Person,37145,MHLTH,17.3
2023,ND,Foster,38031,MHLTH,13.1
2023,NC,Rockingham,37157,DEPRESSION,25.2
2023,OH,Seneca,39147,MHLTH,18.0
2022,ND,Slope,38087,SLEEP,30.7
2022,NC,Swain,37173,SLEEP,34.9
2022,OH,Jefferson,39081,SLEEP,41.9
2023,ND,Towner,38095,MHLTH,14.0
2022,OH,Columbiana,39029,SLEEP,41.4
2023,ND,Nelson,38063,DEPRESSION,19.4
2023,NC,Gates,37073,DEPRESSION,24.2
2023,NC,Vance,37181,DEPRESSION,23.1
2023,NC,Nash,37127,MHLTH,17.2
2022,OH,Sandusky,39143,SLEEP,40.0
2023,NC,Gaston,37071,MHLTH,17.4
2023,OH,Lake,39085,DEPRESSION,24.6
2022,NC,Lee,37105,SLEEP,38.4
2023,OH,Tuscarawas,39157,DEPRESSION,24.9
2023,NC,Montgomery,37123,MHLTH,17.1
2023,NC,Forsyth,37067,MHLTH,16.4
2023,NC,Wake,37183,MHLTH,14.7
2022,ND,Richland,38077,SLEEP,30.8
2023,ND,Traill,38097,MHLTH,13.4
2023,OH,Wayne,39169,DEPRESSION,25.4
2023,ND,Griggs,38039,MHLTH,11.9
2022,OH,Williams,39171,SLEEP,37.1
2022,OH,Pickaway,39129,SLEEP,41.1
2023,OH,Lucas,39095,MHLTH,18.3
2023,OH,Athens,39009,DEPRESSION,30.5
2023,NC,Perquimans,37143,DEPRESSION,23.7
2022,NC,Mecklenburg,37119,SLEEP,38.7
2023,OH,Mahoning,39099,DEPRESSION,24.5
2023,OH,Sandusky,39143,DEPRESSION,25.0
2023,NC,Lincoln,37109,MHLTH,16.2
2022,OH,Huron,39077,SLEEP,38.1
2022,OH,Lawrence,39087,SLEEP,41.9
2022,OH,Logan,39091,SLEEP,36.9
2023,OH,Ottawa,39123,DEPRESSION,23.6
2023,NC,Pamlico,37137,MHLTH,15.0
2023,ND,Barnes,38003,DEPRESSION,20.0
2023,OH,Muskingum,39119,DEPRESSION,27.8
2023,ND,Steele,38091,MHLTH,13.1
2023,ND,McHenry,38049,MHLTH,13.7
2022,OH,Mercer,39107,SLEEP,37.4
2023,OH,Vinton,39163,MHLTH,19.6
2023,ND,Ramsey,38071,MHLTH,14.3
2022,NC,Jones,37103,SLEEP,35.4
2023,NC,Hyde,37095,DEPRESSION,23.2
2023,OH,Carroll,39019,DEPRESSION,25.5
2023,OH,Summit,39153,DEPRESSION,25.8
2023,NC,Rutherford,37161,DEPRESSION,26.7
2022,OH,Hocking,39073,SLEEP,43.7
2023,OH,Miami,39109,MHLTH,16.9
2023,OH,Jackson,39079,DEPRESSION,28.9
2023,ND,Billings,38007,DEPRESSION,18.6
2023,OK,Choctaw,40023,DEPRESSION,25.3
2023,NC,Lee,37105,MHLTH,17.5
2022,ND,Traill,38097,SLEEP,31.4
2023,OK,Beckham,40009,DEPRESSION,24.3
2022,ND,Adams,38001,SLEEP,31.6
2023,NC,Mecklenburg,37119,MHLTH,15.7
2022,OH,Wayne,39169,SLEEP,32.7
2023,OH,Williams,39171,MHLTH,18.2
2022,OH,Crawford,39033,SLEEP,40.0
2023,ND,Dickey,38021,DEPRESSION,20.3
2023,NC,Davie,37059,MHLTH,15.8
2023,ND,Pembina,38067,DEPRESSION,19.7
2023,OH,Delaware,39041,DEPRESSION,21.0
2023,NC,Guilford,37081,DEPRESSION,24.2
2023,ND,Grand Forks,38035,MHLTH,15.3
2023,ND,Cass,38017,DEPRESSION,23.8
2023,OH,Pike,39131,DEPRESSION,29.2
2022,ND,Burleigh,38015,SLEEP,29.8
2022,OH,Union,39159,SLEEP,34.8
2022,NC,Pender,37141,SLEEP,32.2
2023,OH,Greene,39057,MHLTH,16.3
2023,NC,Stokes,37169,DEPRESSION,26.3
2023,OK,Canadian,40017,MHLTH,17.3
2023,OH,Lawrence,39087,DEPRESSION,27.4
2022,ND,Pembina,38067,SLEEP,32.7
2022,NC,Henderson,37089,SLEEP,32.3
2022,ND,Ward,38101,SLEEP,39.1
2023,ND,Sargent,38081,DEPRESSION,19.5
2022,ND,Barnes,38003,SLEEP,30.3
2022,NC,Stokes,37169,SLEEP,31.7
2023,OH,Marion,39101,DEPRESSION,27.3
2023,NC,Onslow,37133,DEPRESSION,24.4
2023,OH,Pickaway,39129,MHLTH,18.5
2023,OH,Clinton,39027,DEPRESSION,26.2
2022,ND,McKenzie,38053,SLEEP,40.1
2023,OH,Lorain,39093,DEPRESSION,25.2
2023,ND,Hettinger,38041,MHLTH,13.9
2022,NC,Jackson,37099,SLEEP,32.3
2022,OH,Lake,39085,SLEEP,38.9
2023,NC,Randolph,37151,DEPRESSION,26.5
2023,NC,Union,37179,MHLTH,15.8
2023,OH,Richland,39139,DEPRESSION,26.2
2023,ND,Williams,38105,MHLTH,16.0
2023,NC,Pender,37141,MHLTH,16.5
2023,OH,Morgan,39115,MHLTH,18.5
2022,NC,Pamlico,37137,SLEEP,32.1
2022,OH,Erie,39043,SLEEP,35.2
2023,OH,Ashland,39005,DEPRESSION,26.0
2022,OH,Scioto,39145,SLEEP,43.0
2023,NC,Transylvania,37175,MHLTH,14.5
2022,OH,Cuyahoga,39035,SLEEP,37.7
2023,NC,Scotland,37165,DEPRESSION,24.3
2023,NC,Watauga,37189,MHLTH,19.0
2022,NC,Randolph,37151,SLEEP,34.7
2023,ND,Eddy,38027,MHLTH,14.1
2023,ND,Slope,38087,MHLTH,12.4
2022,NC,Harnett,37085,SLEEP,37.3
2022,OH,Jackson,39079,SLEEP,40.9
2023,ND,Ward,38101,MHLTH,14.4
2023,NC,Graham,37075,MHLTH,16.8
2023,OH,Belmont,39013,DEPRESSION,26.0
2023,OH,Cuyahoga,39035,DEPRESSION,23.9
2023,OH,Putnam,39137,DEPRESSION,24.2
2023,ND,McLean,38055,DEPRESSION,19.8
2023,ND,LaMoure,38045,MHLTH,12.9
2023,OH,Paulding,39125,MHLTH,17.8
2022,ND,Sheridan,38083,SLEEP,30.0
2022,OH,Warren,39165,SLEEP,34.9
2023,NC,Pitt,37147,DEPRESSION,25.2
2022,ND,Mercer,38057,SLEEP,31.5
2022,ND,Towner,38095,SLEEP,31.5
2022,NC,Gaston,37071,SLEEP,37.5
2023,ND,Bottineau,38009,MHLTH,13.0
2022,OH,Stark,39151,SLEEP,34.6
2023,OH,Montgomery,39113,MHLTH,18.0
2022,OH,Putnam,39137,SLEEP,33.0
2023,OK,Atoka,40005,DEPRESSION,24.8
2023,ND,Renville,38075,DEPRESSION,19.7
2023,NC,Yadkin,37197,MHLTH,17.3
2022,OH,Fulton,39051,SLEEP,36.7
2023,NC,Rutherford,37161,MHLTH,17.7
2023,NC,New Hanover,37129,DEPRESSION,25.0
2023,NC,Moore,37125,MHLTH,14.7
2023,ND,Grant,38037,DEPRESSION,19.6
2023,OH,Geauga,39055,MHLTH,15.2
2022,OH,Washington,39167,SLEEP,37.1
2023,OH,Guernsey,39059,MHLTH,19.1
2023,ND,Adams,38001,DEPRESSION,19.1
2023,ND,Divide,38023,DEPRESSION,19.3
2023,ND,Emmons,38029,MHLTH,13.1
2022,OH,Medina,39103,SLEEP,35.1
2022,ND,Bottineau,38009,SLEEP,33.1
2023,NC,Edgecombe,37065,MHLTH,18.2
2023,OH,Harrison,39067,DEPRESSION,26.8
2023,OH,Paulding,39125,DEPRESSION,25.7
2023,NC,Greene,37079,MHLTH,18.7
2023,OK,Carter,40019,DEPRESSION,25.5
2022,OH,Licking,39089,SLEEP,37.5
2023,NC,Duplin,37061,DEPRESSION,23.4
2022,NC,Durham,37063,SLEEP,33.4
2023,ND,Ransom,38073,DEPRESSION,19.9
2023,NC,Graham,37075,DEPRESSION,25.4
2023,NC,Macon,37113,DEPRESSION,25.4
2022,NC,Lincoln,37109,SLEEP,33.5
2023,OH,Mahoning,39099,MHLTH,17.6
2023,ND,Stutsman,38093,MHLTH,14.7
2023,OH,Champaign,39021,DEPRESSION,25.5
2022,ND,Rolette,38079,SLEEP,39.9
2022,ND,Renville,38075,SLEEP,33.0
2022,ND,Cavalier,38019,SLEEP,30.2
2022,NC,Sampson,37163,SLEEP,34.5
2023,ND,Stark,38089,DEPRESSION,19.7
2023,OH,Hamilton,39061,MHLTH,17.3
2023,OH,Wood,39173,DEPRESSION,27.6
2023,NC,New Hanover,37129,MHLTH,16.3
2022,OH,Coshocton,39031,SLEEP,38.6
2023,NC,Richmond,37153,DEPRESSION,25.9
2023,NC,Wilson,37195,MHLTH,18.1
2023,OH,Fairfield,39045,DEPRESSION,25.3
2023,NC,Tyrrell,37177,MHLTH,17.0
2023,OH,Scioto,39145,DEPRESSION,29.3
2023,OH,Meigs,39105,MHLTH,20.3
2023,OH,Gallia,39053,MHLTH,19.6
2022,NC,Hoke,37093,SLEEP,39.9
2022,NC,McDowell,37111,SLEEP,35.2
2023,NC,Granville,37077,DEPRESSION,23.4
2023,NC,Lenoir,37107,DEPRESSION,24.2
2023,OH,Butler,39017,MHLTH,17.8
2023,ND,Logan,38047,MHLTH,13.6
2023,ND,McKenzie,38053,DEPRESSION,20.8
2023,NC,Hoke,37093,DEPRESSION,24.7
2023,NC,McDowell,37111,MHLTH,17.4
2023,NC,Hertford,37091,DEPRESSION,22.6
2023,OH,Madison,39097,DEPRESSION,24.7
2023,NC,Wayne,37191,DEPRESSION,24.2
2022,OK,Beaver,40007,SLEEP,34.9
2022,OH,Seneca,39147,SLEEP,36.4
2022,NC,Surry,37171,SLEEP,32.7
2023,NC,Halifax,37083,MHLTH,18.4
2023,NC,Iredell,37097,MHLTH,15.9
2023,OH,Huron,39077,DEPRESSION,25.7
2022,OH,Mahoning,39099,SLEEP,40.9
2022,NC,Polk,37149,SLEEP,27.4
2023,NC,Franklin,37069,MHLTH,16.8
2023,NC,Orange,37135,MHLTH,15.3
2023,ND,Benson,38005,DEPRESSION,21.5
2022,ND,Williams,38105,SLEEP,37.1
2022,NC,Rockingham,37157,SLEEP,37.0
2023,OH,Franklin,39049,MHLTH,18.1
2022,OH,Preble,39135,SLEEP,36.8
2023,OH,Adams,39001,DEPRESSION,26.6
2023,OH,Morrow,39117,MHLTH,18.1
2022,OH,Noble,39121,SLEEP,38.1
2022,OH,Wood,39173,SLEEP,36.0
2023,OH,Knox,39083,DEPRESSION,25.7
2023,NC,Yancey,37199,MHLTH,16.6
2023,NC,Johnston,37101,MHLTH,16.9
2023,ND,Dunn,38025,DEPRESSION,19.7
2023,OH,Preble,39135,DEPRESSION,26.0
2023,OK,Cherokee,40021,MHLTH,19.6
2023,ND,Pierce,38069,DEPRESSION,20.2
2023,OK,Blaine,40011,DEPRESSION,24.6
2022,OH,Champaign,39021,SLEEP,41.4
2022,ND,Stutsman,38093,SLEEP,29.8
2023,NC,Sampson,37163,MHLTH,18.1
2023,OH,Shelby,39149,DEPRESSION,25.6
2023,ND,Oliver,38065,DEPRESSION,19.0
2023,ND,Mountrail,38061,MHLTH,16.3
2023,ND,Rolette,38079,MHLTH,19.2
2023,OH,Ross,39141,DEPRESSION,27.9
2023,ND,Kidder,38043,DEPRESSION,19.7
2022,ND,Eddy,38027,SLEEP,30.4
2023,OH,Perry,39127,DEPRESSION,27.0
2023,NC,Northampton,37131,MHLTH,16.5
2023,NC,Wilkes,37193,MHLTH,17.5
2023,OH,Noble,39121,MHLTH,16.3
2022,NC,Iredell,37097,SLEEP,30.4
2022,OH,Trumbull,39155,SLEEP,40.0
2023,NC,Harnett,37085,MHLTH,18.1
2023,NC,Pitt,37147,MHLTH,18.2
2023,OH,Allen,39003,DEPRESSION,27.2
2023,ND,Walsh,38099,MHLTH,13.4
2022,OH,Portage,39133,SLEEP,38.3
2023,OH,Cuyahoga,39035,MHLTH,16.1
2023,OH,Hamilton,39061,DEPRESSION,25.4
2023,OH,Butler,39017,DEPRESSION,25.7
2023,OH,Ashtabula,39007,MHLTH,19.5
2022,NC,Madison,37115,SLEEP,30.7
2023,ND,Sheridan,38083,MHLTH,12.2
2022,OH,Monroe,39111,SLEEP,36.8
2023,OH,Stark,39151,MHLTH,17.7
2023,OH,Licking,39089,DEPRESSION,25.8
2022,NC,Stanly,37167,SLEEP,34.4
2022,OH,Knox,39083,SLEEP,32.8
2022,ND,Ramsey,38071,SLEEP,31.1
2023,OH,Mercer,39107,MHLTH,17.1
2023,OH,Champaign,39021,MHLTH,17.7
2022,OH,Vinton,39163,SLEEP,38.8
2023,OH,Brown,39015,DEPRESSION,27.3
2022,NC,Johnston,37101,SLEEP,35.3
2023,OH,Fulton,39051,MHLTH,17.1
2022,ND,Divide,38023,SLEEP,30.4
2023,ND,Burleigh,38015,MHLTH,13.1
2023,ND,Bowman,38011,DEPRESSION,19.2
2023,ND,Wells,38103,DEPRESSION,19.2
2022,OH,Ross,39141,SLEEP,39.4
2023,NC,Pasquotank,37139,DEPRESSION,23.7
2023,ND,Golden Valley,38033,DEPRESSION,19.9
2022,ND,Benson,38005,SLEEP,39.9
2023,NC,Swain,37173,DEPRESSION,26.7
2022,ND,Burke,38013,SLEEP,30.2
2023,OK,Beaver,40007,DEPRESSION,22.9
2022,OH,Butler,39017,SLEEP,37.5
2023,OH,Medina,39103,MHLTH,15.8
2023,NC,Iredell,37097,DEPRESSION,24.4
2023,OH,Washington,39167,MHLTH,17.6
2023,OH,Coshocton,39031,DEPRESSION,27.7
2023,NC,Surry,37171,DEPRESSION,27.0
2023,OH,Trumbull,39155,MHLTH,18.5
2023,OH,Henry,39069,MHLTH,17.2
2022,NC,Davie,37059,SLEEP,32.0
2023,OH,Auglaize,39011,DEPRESSION,24.8
2023,OH,Union,39159,MHLTH,16.1
2023,OH,Vinton,39163,DEPRESSION,28.1
2022,ND,Mountrail,38061,SLEEP,35.5
2023,OH,Belmont,39013,MHLTH,18.1
2023,NC,Stanly,37167,MHLTH,17.6
2022,NC,Richmond,37153,SLEEP,36.4
2023,NC,Durham,37063,MHLTH,15.3
2022,ND,Sioux,38085,SLEEP,45.3
2023,ND,Mercer,38057,DEPRESSION,19.9
2023,NC,Madison,37115,MHLTH,16.3
2023,ND,Foster,38031,DEPRESSION,19.8
2023,ND,McLean,38055,MHLTH,12.9
2023,ND,McHenry,38049,DEPRESSION,19.8
2023,ND,Sargent,38081,MHLTH,13.4
2023,OH,Pickaway,39129,DEPRESSION,26.9
2023,OK,Carter,40019,MHLTH,18.4
2023,ND,Ramsey,38071,DEPRESSION,20.5
2023,ND,Ransom,38073,MHLTH,13.8
2023,NC,Jackson,37099,MHLTH,18.3
2022,NC,Person,37145,SLEEP,36.4
2023,OH,Jackson,39079,MHLTH,20.0
2023,ND,Billings,38007,MHLTH,12.7
2023,OH,Ashland,39005,MHLTH,18.0
2022,NC,Rowan,37159,SLEEP,30.8
2023,ND,Richland,38077,MHLTH,14.3
2023,NC,Polk,37149,DEPRESSION,23.8
2023,NC,Wilkes,37193,DEPRESSION,26.8
2022,ND,LaMoure,38045,SLEEP,29.8
2022,OH,Adams,39001,SLEEP,39.6
2022,OH,Marion,39101,SLEEP,42.9
2022,OH,Harrison,39067,SLEEP,39.0
2023,ND,Hettinger,38041,DEPRESSION,20.0
2022,ND,Pierce,38069,SLEEP,31.5
2022,NC,Hertford,37091,SLEEP,41.3
2022,NC,Rutherford,37161,SLEEP,33.1
2023,OH,Columbiana,39029,MHLTH,17.9
2023,OK,Canadian,40017,DEPRESSION,24.8
2022,NC,Transylvania,37175,SLEEP,29.3
2023,OH,Lawrence,39087,MHLTH,19.6
2023,NC,Watauga,37189,DEPRESSION,28.5
2023,NC,Randolph,37151,MHLTH,17.9
2023,OH,Fayette,39047,DEPRESSION,26.8
2023,OH,Ottawa,39123,MHLTH,15.5
2022,OH,Fayette,39047,SLEEP,39.5
2023,OH,Lake,39085,MHLTH,16.2
2022,OK,Blaine,40011,SLEEP,36.7
2023,OH,Warren,39165,MHLTH,15.2
2023,ND,Ward,38101,DEPRESSION,20.5
2022,NC,Graham,37075,SLEEP,32.6
2023,OK,Choctaw,40023,MHLTH,19.3
2023,OH,Wyandot,39175,MHLTH,17.0
2023,OH,Clinton,39027,MHLTH,18.4
2022,OH,Gallia,39053,SLEEP,38.2
2023,NC,Union,37179,DEPRESSION,24.1
2022,OK,Beckham,40009,SLEEP,38.5
2023,NC,Guilford,37081,MHLTH,16.8
2023,OH,Scioto,39145,MHLTH,21.0
2023,OH,Richland,39139,MHLTH,18.8
2022,ND,Steele,38091,SLEEP,30.7
2022,OK,Carter,40019,SLEEP,38.4
2023,ND,Dickey,38021,MHLTH,14.2
2022,ND,Bowman,38011,SLEEP,33.7
2023,OH,Lucas,39095,DEPRESSION,26.2
2023,NC,Edgecombe,37065,DEPRESSION,22.7
2023,ND,Cass,38017,MHLTH,13.9
2022,ND,Emmons,38029,SLEEP,30.4
2022,ND,McHenry,38049,SLEEP,31.9
2023,NC,Macon,37113,MHLTH,15.8
2022,NC,Yadkin,37197,SLEEP,32.5
2023,OH,Seneca,39147,DEPRESSION,25.4
2022,ND,Nelson,38063,SLEEP,31.3
2023,NC,Stokes,37169,MHLTH,16.9
2023,OH,Summit,39153,MHLTH,17.2
2023,OH,Crawford,39033,DEPRESSION,26.9
2023,ND,Williams,38105,DEPRESSION,21.2
2023,ND,Eddy,38027,DEPRESSION,20.4
2022,OH,Darke,39037,SLEEP,33.7
2022,NC,Wilkes,37193,SLEEP,32.7
2022,ND,Morton,38059,SLEEP,33.7
2023,OH,Marion,39101,MHLTH,18.7
2023,NC,Hyde,37095,MHLTH,17.2
2023,ND,Sioux,38085,DEPRESSION,23.9
2023,ND,Pembina,38067,MHLTH,13.4
2022,NC,Lenoir,37107,SLEEP,39.8
2023,ND,Barnes,38003,MHLTH,13.5
2023,NC,Nash,37127,DEPRESSION,22.8
2023,ND,Dunn,38025,MHLTH,14.1
2023,OH,Pike,39131,MHLTH,21.0
2022,NC,Guilford,37081,SLEEP,35.3
2022,NC,Union,37179,SLEEP,31.6
2023,OH,Sandusky,39143,MHLTH,17.6
2023,OH,Carroll,39019,MHLTH,18.3
2023,OH,Crawford,39033,MHLTH,18.6
2023,ND,Grand Forks,38035,DEPRESSION,23.0
2023,OH,Van Wert,39161,DEPRESSION,25.7
2022,OH,Hancock,39063,SLEEP,37.4
2023,NC,Montgomery,37123,DEPRESSION,24.5
2023,OH,Allen,39003,MHLTH,18.3
2022,OH,Henry,39069,SLEEP,38.3
2023,OH,Darke,39037,MHLTH,18.3
2023,OH,Muskingum,39119,MHLTH,18.9
2023,OH,Erie,39043,DEPRESSION,24.5
2022,NC,Montgomery,37123,SLEEP,34.5
2022,NC,Nash,37127,SLEEP,36.0
2023,ND,Bowman,38011,MHLTH,13.1
2023,NC,Mecklenburg,37119,DEPRESSION,22.7
2023,ND,Burke,38013,MHLTH,12.8
2022,ND,Griggs,38039,SLEEP,30.6
2023,OK,Beckham,40009,MHLTH,18.7
2023,OK,Bryan,40013,DEPRESSION,27.0
2022,OH,Greene,39057,SLEEP,37.0
2023,NC,Perquimans,37143,MHLTH,15.9
2023,ND,Nelson,38063,MHLTH,12.3
2023,OK,Adair,40001,MHLTH,21.2
2022,ND,Dunn,38025,SLEEP,30.9
2023,NC,Scotland,37165,MHLTH,19.7
2023,NC,Swain,37173,MHLTH,19.2
2023,ND,Towner,38095,DEPRESSION,20.0
2023,OH,Logan,39091,MHLTH,17.9
2022,OK,Bryan,40013,SLEEP,39.3
2022,ND,Billings,38007,SLEEP,30.2
2023,OH,Columbiana,39029,DEPRESSION,25.1
2022,NC,Duplin,37061,SLEEP,34.2
2023,OH,Miami,39109,DEPRESSION,25.3
2022,OH,Pike,39131,SLEEP,37.5
2023,ND,Griggs,38039,DEPRESSION,18.1
2023,NC,Lincoln,37109,DEPRESSION,25.1
2022,NC,Hyde,37095,SLEEP,36.7
2022,ND,Stark,38089,SLEEP,31.8
2023,ND,Morton,38059,MHLTH,14.1
2022,OH,Franklin,39049,SLEEP,36.6
2023,OH,Highland,39071,MHLTH,19.2
2023,OH,Morgan,39115,DEPRESSION,26.5
2022,OH,Carroll,39019,SLEEP,40.4
2022,ND,Ransom,38073,SLEEP,30.9
2023,NC,Gates,37073,MHLTH,17.3
2023,OH,Defiance,39039,MHLTH,17.2
2023,OH,Delaware,39041,MHLTH,13.5
2022,OH,Ashland,39005,SLEEP,33.7
2023,OK,Alfalfa,40003,MHLTH,16.2
2022,OH,Summit,39153,SLEEP,37.6
2023,NC,Durham,37063,DEPRESSION,22.9
2022,NC,Scotland,37165,SLEEP,40.2
2022,NC,Macon,37113,SLEEP,30.4
2023,OH,Hancock,39063,DEPRESSION,25.1
2023,NC,Wake,37183,DEPRESSION,23.1
2023,NC,Jones,37103,MHLTH,17.6
2022,NC,Robeson,37155,SLEEP,39.2
2023,OH,Medina,39103,DEPRESSION,23.9
2023,OH,Wyandot,39175,DEPRESSION,24.6
2023,NC,Transylvania,37175,DEPRESSION,24.2
2023,ND,Steele,38091,DEPRESSION,19.5
2023,NC,Forsyth,37067,DEPRESSION,23.4
2023,OH,Portage,39133,MHLTH,17.8
2022,OH,Morgan,39115,SLEEP,39.2
2023,OH,Clark,39023,MHLTH,18.8
2022,OH,Miami,39109,SLEEP,36.6
2023,OH,Wayne,39169,MHLTH,17.8
2023,NC,Rockingham,37157,MHLTH,17.8
2023,OH,Jefferson,39081,MHLTH,18.7
2023,OH,Morrow,39117,DEPRESSION,25.4
2023,NC,Hertford,37091,MHLTH,18.2
2022,ND,Foster,38031,SLEEP,31.0
2023,NC,Rowan,37159,MHLTH,17.5
2022,OH,Highland,39071,SLEEP,41.5
2022,OK,Canadian,40017,SLEEP,35.9
2023,NC,Warren,37185,DEPRESSION,22.2
2023,NC,Lee,37105,DEPRESSION,24.4
2022,ND,Cass,38017,SLEEP,31.1
2022,NC,Washington,37187,SLEEP,37.7
2023,NC,Gaston,37071,DEPRESSION,25.3
2022,OH,Ottawa,39123,SLEEP,35.3
2023,OH,Williams,39171,DEPRESSION,25.8
2023,OH,Greene,39057,DEPRESSION,24.2
2023,OH,Harrison,39067,MHLTH,18.7
2023,OH,Hardin,39065,DEPRESSION,27.1
2023,ND,Stark,38089,MHLTH,14.6
2023,NC,Henderson,37089,MHLTH,14.9
2023,NC,Mitchell,37121,MHLTH,16.2
2022,OH,Wyandot,39175,SLEEP,36.9
2022,OH,Hardin,39065,SLEEP,40.3
2023,OH,Henry,39069,DEPRESSION,24.8
2022,NC,Onslow,37133,SLEEP,37.3
2023,OH,Athens,39009,MHLTH,20.9
2023,OH,Hocking,39073,DEPRESSION,27.1
2023,OH,Franklin,39049,DEPRESSION,25.8
2023,OH,Huron,39077,MHLTH,18.0
2022,OH,Clinton,39027,SLEEP,41.2
2023,OH,Union,39159,DEPRESSION,24.2
2022,OK,Caddo,40015,SLEEP,40.8
2022,ND,Walsh,38099,SLEEP,35.0
2023,NC,Haywood,37087,MHLTH,15.9
2023,NC,Johnston,37101,DEPRESSION,24.3
2023,OH,Ashtabula,39007,DEPRESSION,27.7
2023,OH,Shelby,39149,MHLTH,18.1
2023,OH,Licking,39089,MHLTH,17.1
2022,OH,Belmont,39013,SLEEP,39.0
2022,NC,Wilson,37195,SLEEP,36.7
2022,OH,Perry,39127,SLEEP,41.0
2023,NC,Sampson,37163,DEPRESSION,24.5
2023,OK,Cherokee,40021,DEPRESSION,25.3
2022,ND,Golden Valley,38033,SLEEP,32.2
2023,ND,Cavalier,38019,MHLTH,12.4
2023,ND,Kidder,38043,MHLTH,13.2
2023,NC,Lenoir,37107,MHLTH,18.5
2023,OH,Trumbull,39155,DEPRESSION,25.6
2022,ND,Logan,38047,SLEEP,32.0
2023,OH,Washington,39167,DEPRESSION,25.8
2023,NC,Polk,37149,MHLTH,14.5
2023,OK,Alfalfa,40003,DEPRESSION,22.6
2023,ND,Sioux,38085,MHLTH,22.2
2022,NC,Martin,37117,SLEEP,37.1
2022,OH,Holmes,39075,SLEEP,38.0
2023,OH,Noble,39121,DEPRESSION,23.4
2022,OH,Van Wert,39161,SLEEP,35.6
2022,OH,Montgomery,39113,SLEEP,39.5
2023,NC,Northampton,37131,DEPRESSION,21.9
2023,ND,Wells,38103,MHLTH,13.3
2023,ND,Oliver,38065,MHLTH,12.8
2023,NC,Martin,37117,DEPRESSION,23.8
2023,ND,Cavalier,38019,DEPRESSION,19.0
2023,NC,Yadkin,37197,DEPRESSION,26.3
2023,OH,Stark,39151,DEPRESSION,25.1
2023,ND,Golden Valley,38033,MHLTH,13.8
2022,OH,Lorain,39093,SLEEP,38.9
2023,OK,Beaver,40007,MHLTH,16.2
2023,ND,Benson,38005,MHLTH,17.3
2023,NC,Stanly,37167,DEPRESSION,25.7
2023,ND,McIntosh,38051,DEPRESSION,19.1
2023,OH,Wood,39173,MHLTH,17.4
2023,NC,Jackson,37099,DEPRESSION,27.2
2022,NC,Yancey,37199,SLEEP,30.9
2022,OH,Geauga,39055,SLEEP,33.9
2023,NC,Tyrrell,37177,DEPRESSION,22.9
2023,OH,Warren,39165,DEPRESSION,22.7
2023,ND,Burleigh,38015,DEPRESSION,19.1
2023,OH,Mercer,39107,DEPRESSION,24.9
2022,ND,McLean,38055,SLEEP,30.4
2022,OK,Atoka,40005,SLEEP,38.2
2022,OH,Auglaize,39011,SLEEP,37.3
2023,ND,Emmons,38029,DEPRESSION,19.0
2023,NC,Pasquotank,37139,MHLTH,17.1
2023,NC,Franklin,37069,DEPRESSION,24.5
2022,ND,Sargent,38081,SLEEP,33.7
2023,OH,Perry,39127,MHLTH,18.8
2023,ND,McIntosh,38051,MHLTH,13.4
2023,OH,Clermont,39025,DEPRESSION,25.7
2023,OK,Caddo,40015,MHLTH,19.0
2023,NC,Richmond,37153,MHLTH,19.1
2023,NC,Vance,37181,MHLTH,18.1
2023,OH,Adams,39001,MHLTH,19.8
2022,OK,Cherokee,40021,SLEEP,40.7
2023,OH,Madison,39097,MHLTH,17.6
2023,NC,Harnett,37085,DEPRESSION,26.0
2022,OH,Brown,39015,SLEEP,40.3
2023,OH,Holmes,39075,MHLTH,21.5
2023,OH,Fayette,39047,MHLTH,19.2
2022,ND,Oliver,38065,SLEEP,32.2
2022,NC,Northampton,37131,SLEEP,38.1
2023,ND,Traill,38097,DEPRESSION,19.5
2023,NC,Person,37145,DEPRESSION,24.8
2023,OH,Tuscarawas,39157,MHLTH,18.4
2022,ND,Wells,38103,SLEEP,30.1
2022,ND,Hettinger,38041,SLEEP,32.3
2022,OH,Morrow,39117,SLEEP,36.6
2023,ND,Pierce,38069,MHLTH,13.4
2022,OH,Delaware,39041,SLEEP,32.2
2022,NC,Edgecombe,37065,SLEEP,36.9
2022,NC,Warren,37185,SLEEP,38.5
2023,OK,Blaine,40011,MHLTH,17.4
2022,NC,Greene,37079,SLEEP,40.1
2023,NC,Yancey,37199,DEPRESSION,26.1
2023,NC,Madison,37115,DEPRESSION,25.8
2023,ND,Stutsman,38093,DEPRESSION,20.6
2022,NC,Pitt,37147,SLEEP,34.8
2023,OH,Fairfield,39045,MHLTH,16.6
2022,ND,Grant,38037,SLEEP,30.7
2023,ND,Richland,38077,DEPRESSION,21.6
2023,OH,Preble,39135,MHLTH,17.9
2023,OH,Guernsey,39059,DEPRESSION,27.3
2022,NC,Granville,37077,SLEEP,36.0
2023,ND,Renville,38075,MHLTH,13.7
2023,ND,Mountrail,38061,DEPRESSION,20.5
2023,NC,Robeson,37155,MHLTH,20.1
2023,OK,Bryan,40013,MHLTH,18.9
2022,OH,Tuscarawas,39157,SLEEP,40.5
2023,ND,Logan,38047,DEPRESSION,19.7
2022,NC,Pasquotank,37139,SLEEP,35.4
2022,NC,Franklin,37069,SLEEP,36.7
2023,ND,Grant,38037,MHLTH,13.4
2023,NC,Halifax,37083,DEPRESSION,22.5
2023,OH,Coshocton,39031,MHLTH,18.9
2023,OK,Atoka,40005,MHLTH,18.8
2022,NC,Watauga,37189,SLEEP,29.9
2023,NC,Wilson,37195,DEPRESSION,23.8
2023,NC,Hoke,37093,MHLTH,19.0
2022,ND,McIntosh,38051,SLEEP,32.0
2022,OH,Fairfield,39045,SLEEP,40.3
2023,OH,Knox,39083,MHLTH,17.7
2023,OH,Meigs,39105,DEPRESSION,27.7
2023,NC,Greene,37079,DEPRESSION,23.4
2023,ND,Burke,38013,DEPRESSION,19.3
2023,ND,Divide,38023,MHLTH,13.2
2022,OH,Guernsey,39059,SLEEP,40.1
2023,ND,Adams,38001,MHLTH,13.2
2023,ND,Rolette,38079,DEPRESSION,22.0
2023,OH,Ross,39141,MHLTH,19.2
2023,NC,Wayne,37191,MHLTH,17.9
2023,OH,Auglaize,39011,MHLTH,17.2
2023,ND,Bottineau,38009,DEPRESSION,19.2
2023,OH,Hocking,39073,MHLTH,19.3
2023,OH,Brown,39015,MHLTH,18.9
2023,NC,McDowell,37111,DEPRESSION,26.1
2022,OH,Hamilton,39061,SLEEP,38.8
2023,NC,Orange,37135,DEPRESSION,24.4
2022,NC,Vance,37181,SLEEP,39.7
2023,NC,Martin,37117,MHLTH,17.5
2023,NC,Washington,37187,DEPRESSION,23.4
2023,NC,Granville,37077,MHLTH,17.0
2023,OH,Hancock,39063,MHLTH,17.4
2022,NC,Haywood,37087,SLEEP,30.2
2022,OH,Allen,39003,SLEEP,40.1
2023,NC,Washington,37187,MHLTH,17.7
2023,OH,Montgomery,39113,DEPRESSION,25.9
2022,NC,Halifax,37083,SLEEP,38.2
2023,NC,Warren,37185,MHLTH,17.2
2022,OH,Muskingum,39119,SLEEP,40.6
2023,ND,Slope,38087,DEPRESSION,18.6
2022,NC,Perquimans,37143,SLEEP,32.4
2023,ND,McKenzie,38053,MHLTH,15.4
2023,ND,LaMoure,38045,DEPRESSION,18.8
2023,OH,Fulton,39051,DEPRESSION,24.7
2022,ND,Kidder,38043,SLEEP,32.6
2023,OH,Defiance,39039,DEPRESSION,25.0
2023,OH,Lorain,39093,MHLTH,17.4
2023,OH,Gallia,39053,DEPRESSION,28.3
2022,OH,Madison,39097,SLEEP,39.0
2023,ND,Sheridan,38083,DEPRESSION,18.9
2022,NC,Moore,37125,SLEEP,31.4
2023,OH,Monroe,39111,DEPRESSION,26.6
2023,OH,Monroe,39111,MHLTH,18.5
2022,NC,Wayne,37191,SLEEP,34.7
2022,NC,New Hanover,37129,SLEEP,30.9
2023,OH,Clermont,39025,MHLTH,17.2
2023,OH,Logan,39091,DEPRESSION,25.4
2022,NC,Tyrrell,37177,SLEEP,35.7
2022,OH,Meigs,39105,SLEEP,40.3
2022,OK,Adair,40001,SLEEP,40.5
2022,OH,Ashtabula,39007,SLEEP,37.2
2023,OH,Geauga,39055,DEPRESSION,23.3
2022,NC,Gates,37073,SLEEP,36.0
2023,NC,Mitchell,37121,DEPRESSION,25.6
2023,NC,Onslow,37133,MHLTH,18.9
2022,OH,Shelby,39149,SLEEP,38.3
2023,NC,Duplin,37061,MHLTH,17.3
2023,SD,Grant,46051,DEPRESSION,19.4
2022,PA,Northampton,42095,SLEEP,35.8
2023,OR,Wallowa,41063,MHLTH,15.6
2023,OK,McCurtain,40089,MHLTH,19.5
2022,SC,Beaufort,45013,SLEEP,30.4
2022,SD,Moody,46101,SLEEP,31.0
2023,OR,Gilliam,41021,MHLTH,17.2
2023,OK,Grant,40053,MHLTH,16.8
2023,OK,Dewey,40043,DEPRESSION,24.8
2023,SC,Darlington,45031,DEPRESSION,22.9
2023,SD,Bon Homme,46009,DEPRESSION,19.6
2023,SD,Aurora,46003,DEPRESSION,20.1
2022,SD,Bennett,46007,SLEEP,31.3
2023,SC,Cherokee,45021,MHLTH,18.7
2022,PA,Juniata,42067,SLEEP,36.8
2023,OR,Clackamas,41005,MHLTH,16.5
2023,OK,Payne,40119,MHLTH,19.1
2023,OR,Crook,41013,MHLTH,17.1
2023,OR,Lane,41039,MHLTH,18.8
2022,OK,Garfield,40047,SLEEP,36.2
2023,SC,Chesterfield,45025,MHLTH,18.4
2023,SD,Oglala Lakota,46102,DEPRESSION,24.3
2023,OK,Lincoln,40081,DEPRESSION,25.5
2023,SD,McCook,46087,DEPRESSION,20.5
2023,OK,Grady,40051,MHLTH,17.7
2023,OK,Jefferson,40067,MHLTH,18.5
2022,SC,Orangeburg,45075,SLEEP,39.5
2023,OR,Sherman,41055,MHLTH,17.8
2023,OK,Pontotoc,40123,MHLTH,17.9
2023,SC,Greenville,45045,DEPRESSION,21.8
2022,OR,Multnomah,41051,SLEEP,28.7
2023,SD,Clark,46025,MHLTH,14.6
2022,SD,Clark,46025,SLEEP,29.2
2022,OK,Haskell,40061,SLEEP,40.7
2022,OK,Pawnee,40117,SLEEP,37.1
2022,PA,Perry,42099,SLEEP,36.9
2022,TN,Carroll,47017,SLEEP,38.9
2023,OK,Washita,40149,DEPRESSION,24.9
2022,TN,Blount,47009,SLEEP,37.9
2023,SD,Perkins,46105,MHLTH,14.4
2022,SD,Stanley,46117,SLEEP,28.9
2023,OK,Pittsburg,40121,MHLTH,18.2
2023,OR,Marion,41047,MHLTH,18.4
2023,OK,Cleveland,40027,DEPRESSION,25.5
2023,OK,Craig,40035,DEPRESSION,26.0
2022,OR,Umatilla,41059,SLEEP,33.0
2023,SC,Kershaw,45055,MHLTH,16.7
2023,SD,McPherson,46089,MHLTH,14.0
2023,RI,Kent,44003,DEPRESSION,24.7
2022,OR,Lane,41039,SLEEP,30.1
2022,SD,Hutchinson,46067,SLEEP,28.3
2023,SC,Union,45087,DEPRESSION,23.4
2022,PA,Union,42119,SLEEP,37.8
2022,SC,Richland,45079,SLEEP,41.6
2023,SD,Brown,46013,MHLTH,14.8
2022,RI,Providence,44007,SLEEP,37.3
2023,OK,Creek,40037,MHLTH,17.9
2023,OK,Wagoner,40145,MHLTH,16.7
2023,SD,Moody,46101,DEPRESSION,19.3
2023,SD,Jerauld,46073,MHLTH,13.2
2023,SD,Roberts,46109,MHLTH,16.8
2022,SC,McCormick,45065,SLEEP,35.4
2023,OR,Wheeler,41069,DEPRESSION,25.3
2023,OK,Sequoyah,40135,DEPRESSION,26.8
2022,SD,Lincoln,46083,SLEEP,26.6
2023,SC,Calhoun,45017,MHLTH,15.8
2023,SD,Hutchinson,46067,DEPRESSION,20.3
2023,OK,Jackson,40065,DEPRESSION,24.6
2023,TN,Cannon,47015,MHLTH,20.5
2023,OR,Crook,41013,DEPRESSION,26.7
2022,PA,Mercer,42085,SLEEP,38.4
2023,SC,Berkeley,45015,DEPRESSION,22.4
2023,SC,Pickens,45077,MHLTH,18.0
2023,OK,Logan,40083,DEPRESSION,24.5
2023,SD,Day,46037,DEPRESSION,19.7
2023,OR,Union,41061,DEPRESSION,27.3
2023,SD,Lyman,46085,DEPRESSION,20.8
2023,OK,Okfuskee,40107,MHLTH,19.9
2023,SC,Marlboro,45069,MHLTH,19.4
2022,SD,Day,46037,SLEEP,28.7
2023,SD,Campbell,46021,DEPRESSION,18.4
2022,PA,Schuylkill,42107,SLEEP,40.8
2022,OK,Kiowa,40075,SLEEP,40.7
2023,OK,Tulsa,40143,DEPRESSION,27.2
2022,OK,Rogers,40131,SLEEP,34.2
2023,OK,Pittsburg,40121,DEPRESSION,25.0
2023,OR,Jackson,41029,MHLTH,18.0
2022,PA,Adams,42001,SLEEP,37.8
2022,SC,Fairfield,45039,SLEEP,39.7
2023,SC,Barnwell,45011,MHLTH,18.9
2022,OK,Oklahoma,40109,SLEEP,36.0
2022,SD,Walworth,46129,SLEEP,29.2
2023,SC,Florence,45041,DEPRESSION,22.7
2022,SD,Turner,46125,SLEEP,27.5
2023,OR,Benton,41003,DEPRESSION,26.7
2023,OK,Harper,40059,MHLTH,16.2
2022,SD,Lawrence,46081,SLEEP,28.8
2023,OR,Washington,41067,DEPRESSION,24.9
2023,OK,Pottawatomie,40125,MHLTH,19.2
2022,SD,Ziebach,46137,SLEEP,38.3
2023,SC,York,45091,DEPRESSION,21.9
2022,PA,Elk,42047,SLEEP,37.2
2023,SC,Sumter,45085,DEPRESSION,21.0
2023,TN,Clay,47027,MHLTH,20.2
2022,SC,Barnwell,45011,SLEEP,43.9
2022,TN,Bedford,47003,SLEEP,40.0
2023,SC,Spartanburg,45083,DEPRESSION,24.1
2022,PA,Blair,42013,SLEEP,40.8
2022,SD,Hughes,46065,SLEEP,27.3
2022,SC,Marlboro,45069,SLEEP,43.6
2022,OK,Dewey,40043,SLEEP,35.4
2023,SD,Stanley,46117,MHLTH,13.9
2022,SD,Aurora,46003,SLEEP,28.9
2023,OK,Woodward,40153,DEPRESSION,24.1
2022,OK,McClain,40087,SLEEP,37.7
2023,SC,Hampton,45049,DEPRESSION,21.1
2022,PA,Mifflin,42087,SLEEP,39.8
2022,PA,Wyoming,42131,SLEEP,37.8
2022,OK,Kay,40071,SLEEP,35.6
2023,SD,Douglas,46043,MHLTH,14.7
2022,PA,Franklin,42055,SLEEP,38.1
2023,TN,Anderson,47001,MHLTH,19.9
2023,TN,Davidson,47037,MHLTH,19.2
2023,OK,Johnston,40069,DEPRESSION,26.9
2023,TN,Carter,47019,MHLTH,20.2
2023,OK,Ellis,40045,MHLTH,16.5
2023,OR,Linn,41043,DEPRESSION,30.5
2023,TN,Chester,47023,MHLTH,21.2
2023,SC,Fairfield,45039,DEPRESSION,20.6
2023,OR,Washington,41067,MHLTH,16.1
2023,OK,McClain,40087,DEPRESSION,25.2
2023,SD,Oglala Lakota,46102,MHLTH,25.7
2023,OR,Hood River,41027,DEPRESSION,23.9
2022,SD,Campbell,46021,SLEEP,27.8
2023,SD,Day,46037,MHLTH,14.6
2022,OK,Harmon,40057,SLEEP,36.9
2023,OK,Seminole,40133,MHLTH,20.3
2023,SD,Charles Mix,46023,MHLTH,16.8
2022,OK,Osage,40113,SLEEP,36.5
2023,TN,Benton,47005,MHLTH,20.5
2022,PA,York,42133,SLEEP,38.3
2023,TN,Blount,47009,MHLTH,18.5
2023,TN,Campbell,47013,MHLTH,21.5
2022,SC,Clarendon,45027,SLEEP,36.3
2023,SD,Custer,46033,DEPRESSION,18.8
2023,SC,Dorchester,45035,DEPRESSION,21.7
2023,SD,Gregory,46053,MHLTH,14.8
2023,OK,Mayes,40097,MHLTH,19.0
2023,SC,Anderson,45007,MHLTH,17.7
2022,PA,Cumberland,42041,SLEEP,35.4
2023,OK,Texas,40139,DEPRESSION,22.2
2023,SD,Tripp,46123,MHLTH,15.9
2023,SD,Buffalo,46017,DEPRESSION,22.6
2023,OK,Ottawa,40115,MHLTH,19.8
2022,TN,Cheatham,47021,SLEEP,37.8
2023,SD,Yankton,46135,MHLTH,14.4
2023,SD,Miner,46097,DEPRESSION,19.9
2022,OK,Jackson,40065,SLEEP,41.1
2022,SD,Mellette,46095,SLEEP,37.3
2023,SC,Orangeburg,45075,MHLTH,18.0
2023,SD,Harding,46063,DEPRESSION,19.7
2023,SD,Fall River,46047,DEPRESSION,20.0
2023,RI,Providence,44007,DEPRESSION,23.1
2023,SD,Union,46127,MHLTH,13.8
2023,OK,Kingfisher,40073,DEPRESSION,23.6
2023,TN,Cumberland,47035,MHLTH,18.3
2023,SD,Corson,46031,DEPRESSION,23.8
2023,SD,Bon Homme,46009,MHLTH,15.3
2023,SC,Williamsburg,45089,MHLTH,17.9
2023,SD,Hand,46059,MHLTH,13.6
2022,OK,Pushmataha,40127,SLEEP,36.9
2023,SC,Laurens,45059,MHLTH,17.9
2023,OR,Douglas,41019,DEPRESSION,27.2
2023,SD,Moody,46101,MHLTH,14.2
2023,OK,Roger Mills,40129,MHLTH,17.1
2023,OK,Comanche,40031,DEPRESSION,25.1
2022,SC,Darlington,45031,SLEEP,37.6
2022,TN,Cocke,47029,SLEEP,41.4
2023,SD,Lake,46079,DEPRESSION,19.4
2023,SC,Richland,45079,DEPRESSION,22.3
2022,SC,Spartanburg,45083,SLEEP,37.9
2023,SC,Abbeville,45001,DEPRESSION,23.2
2023,OK,Pottawatomie,40125,DEPRESSION,25.9
2022,OK,Kingfisher,40073,SLEEP,35.8
2022,OK,Le Flore,40079,SLEEP,38.3
2022,SC,Calhoun,45017,SLEEP,37.0
2023,SC,Oconee,45073,MHLTH,15.8
2022,PA,Centre,42027,SLEEP,35.2
2022,OK,Pottawatomie,40125,SLEEP,37.6
2022,PA,Greene,42059,SLEEP,38.9
2022,SD,Roberts,46109,SLEEP,34.7
2023,OK,Okmulgee,40111,MHLTH,19.5
2023,SD,Brule,46015,DEPRESSION,20.3
2022,SC,Bamberg,45009,SLEEP,39.8
2023,SD,Davison,46035,MHLTH,15.2
2022,PA,Lawrence,42073,SLEEP,44.2
2022,SC,Newberry,45071,SLEEP,35.7
2023,SD,Mellette,46095,DEPRESSION,22.8
2023,OK,Garfield,40047,DEPRESSION,22.9
2022,SD,Hanson,46061,SLEEP,30.6
2023,OR,Lincoln,41041,DEPRESSION,26.5
2022,PA,Crawford,42039,SLEEP,35.9
2022,OK,Washington,40147,SLEEP,39.9
2022,SD,Kingsbury,46077,SLEEP,27.4
2023,OR,Sherman,41055,DEPRESSION,26.4
2023,OR,Wallowa,41063,DEPRESSION,25.6
2023,OK,Pawnee,40117,DEPRESSION,26.0
2023,OR,Josephine,41033,DEPRESSION,27.0
2023,OR,Yamhill,41071,DEPRESSION,24.8
2023,SC,Colleton,45029,MHLTH,17.8
2023,OR,Clatsop,41007,DEPRESSION,26.4
2022,OR,Lincoln,41041,SLEEP,32.2
2022,SD,Meade,46093,SLEEP,27.9
2022,TN,Benton,47005,SLEEP,39.6
2022,PA,Berks,42011,SLEEP,40.4
2022,OR,Douglas,41019,SLEEP,33.3
2023,OK,Major,40093,MHLTH,16.9
2022,SC,Chesterfield,45025,SLEEP,38.9
2023,SD,Kingsbury,46077,DEPRESSION,20.1
2022,OR,Benton,41003,SLEEP,25.2
2022,OK,Woods,40151,SLEEP,36.6
2023,SC,Bamberg,45009,MHLTH,17.7
2023,TN,Cumberland,47035,DEPRESSION,29.1
2023,SD,Miner,46097,MHLTH,14.6
2023,SD,Lawrence,46081,MHLTH,14.0
2022,TN,Campbell,47013,SLEEP,37.3
2022,OK,Garvin,40049,SLEEP,38.4
2022,SC,Pickens,45077,SLEEP,35.9
2023,RI,Newport,44005,MHLTH,13.9
2023,OK,Washington,40147,DEPRESSION,26.5
2023,OR,Harney,41025,DEPRESSION,27.1
2022,SC,Allendale,45005,SLEEP,44.7
2022,SD,Potter,46107,SLEEP,27.7
2022,SD,Clay,46027,SLEEP,31.4
2023,SD,Deuel,46039,MHLTH,14.4
2023,OK,Cimarron,40025,MHLTH,14.4
2023,OK,Custer,40039,MHLTH,18.4
2023,SD,Buffalo,46017,MHLTH,23.1
2022,PA,Cambria,42021,SLEEP,38.4
2023,OK,Latimer,40077,MHLTH,19.9
2022,OK,Ottawa,40115,SLEEP,39.9
2023,SD,Hanson,46061,DEPRESSION,21.8
2022,SD,Marshall,46091,SLEEP,29.2
2023,OK,Hughes,40063,DEPRESSION,25.3
2022,OK,Nowata,40105,SLEEP,39.0
2023,SD,Clay,46027,DEPRESSION,24.3
2023,OK,Rogers,40131,DEPRESSION,24.6
2023,OR,Curry,41015,DEPRESSION,25.3
2022,OR,Morrow,41049,SLEEP,34.8
2022,OK,Hughes,40063,SLEEP,38.3
2022,PA,Fayette,42051,SLEEP,38.2
2022,SC,Jasper,45053,SLEEP,35.8
2022,PA,Clinton,42035,SLEEP,41.0
2022,OR,Wallowa,41063,SLEEP,29.6
2023,SD,Hughes,46065,MHLTH,14.4
2023,OK,Pawnee,40117,MHLTH,18.2
2023,SD,Douglas,46043,DEPRESSION,20.5
2022,PA,Indiana,42063,SLEEP,36.7
2023,OK,Le Flore,40079,DEPRESSION,25.9
2022,OK,Seminole,40133,SLEEP,39.6
2023,SC,Orangeburg,45075,DEPRESSION,21.4
2022,OR,Harney,41025,SLEEP,33.7
2023,SD,Haakon,46055,MHLTH,14.4
2023,SC,Lancaster,45057,DEPRESSION,22.1
2023,OK,Delaware,40041,MHLTH,18.5
2023,OK,Kay,40071,MHLTH,18.6
2023,OK,Tillman,40141,DEPRESSION,23.4
2023,SD,Beadle,46005,MHLTH,15.4
2023,SC,Horry,45051,MHLTH,16.6
2023,OK,Harmon,40057,MHLTH,17.2
2023,SC,Marion,45067,MHLTH,19.1
2023,SC,Beaufort,45013,MHLTH,13.1
2022,SD,Perkins,46105,SLEEP,26.0
2023,RI,Newport,44005,DEPRESSION,22.4
2022,OR,Josephine,41033,SLEEP,31.4
2023,OK,Marshall,40095,DEPRESSION,24.6
2022,OK,Jefferson,40067,SLEEP,36.9
2023,OK,Greer,40055,MHLTH,17.6
2022,OK,Muskogee,40101,SLEEP,39.6
2022,PA,Lebanon,42075,SLEEP,35.1
2023,SC,Edgefield,45037,DEPRESSION,20.6
2023,SD,McCook,46087,MHLTH,14.2
2022,SC,Chester,45023,SLEEP,38.1
2022,SC,Lee,45061,SLEEP,42.5
2023,RI,Washington,44009,MHLTH,14.4
2023,OK,Wagoner,40145,DEPRESSION,24.5
2023,SD,Roberts,46109,DEPRESSION,20.5
2022,OR,Tillamook,41057,SLEEP,29.2
2023,SC,Chester,45023,DEPRESSION,23.0
2022,SD,Pennington,46103,SLEEP,31.7
2023,OK,Grant,40053,DEPRESSION,24.2
2023,SD,Perkins,46105,DEPRESSION,20.2
2023,TN,Blount,47009,DEPRESSION,29.3
2023,SD,Potter,46107,MHLTH,13.5
2023,OR,Lake,41037,DEPRESSION,26.2
2022,OK,Pittsburg,40121,SLEEP,42.1
2023,SD,Jerauld,46073,DEPRESSION,18.7
2023,OK,Murray,40099,DEPRESSION,24.5
2023,OK,Woods,40151,DEPRESSION,26.0
2023,SD,Corson,46031,MHLTH,21.2
2023,OR,Hood River,41027,MHLTH,16.1
2022,OR,Malheur,41045,SLEEP,35.1
2023,SD,Brown,46013,DEPRESSION,20.2
2023,TN,Bledsoe,47007,DEPRESSION,29.0
2023,OR,Deschutes,41017,MHLTH,15.7
2022,OK,Custer,40039,SLEEP,37.8
2022,OK,Johnston,40069,SLEEP,36.8
2022,SD,Haakon,46055,SLEEP,27.3
2023,SD,Walworth,46129,DEPRESSION,19.8
2023,OR,Coos,41011,MHLTH,17.4
2023,SD,Ziebach,46137,DEPRESSION,23.1
2022,PA,Snyder,42109,SLEEP,34.9
2023,OR,Jackson,41029,DEPRESSION,26.3
2022,SC,Anderson,45007,SLEEP,34.2
2023,SD,Marshall,46091,DEPRESSION,19.1
2022,SC,Berkeley,45015,SLEEP,36.8
2023,TN,Campbell,47013,DEPRESSION,31.0
2022,SD,Brown,46013,SLEEP,29.6
2022,PA,Butler,42019,SLEEP,36.1
2023,SC,Lee,45061,MHLTH,18.6
2022,SC,Lancaster,45057,SLEEP,37.7
2022,SC,Oconee,45073,SLEEP,35.3
2023,SD,Hamlin,46057,DEPRESSION,20.1
2022,PA,Northumberland,42097,SLEEP,39.2
2023,OR,Gilliam,41021,DEPRESSION,26.2
2022,OK,Sequoyah,40135,SLEEP,37.0
2022,SC,Charleston,45019,SLEEP,30.0
2023,TN,Anderson,47001,DEPRESSION,30.2
2023,OK,Pushmataha,40127,DEPRESSION,27.0
2022,PA,Cameron,42023,SLEEP,38.9
2023,SD,Meade,46093,MHLTH,15.8
2022,SD,McPherson,46089,SLEEP,27.8
2023,OR,Multnomah,41051,MHLTH,18.1
2022,OK,Love,40085,SLEEP,36.1
2023,OK,Jefferson,40067,DEPRESSION,25.4
2022,PA,Somerset,42111,SLEEP,35.7
2023,SD,Turner,46125,MHLTH,14.6
2023,SC,Saluda,45081,MHLTH,16.5
2023,TN,Benton,47005,DEPRESSION,29.4
2023,SC,Allendale,45005,DEPRESSION,19.6
2023,SC,Aiken,45003,MHLTH,15.6
2023,SC,Georgetown,45043,DEPRESSION,19.8
2022,OK,Grant,40053,SLEEP,36.3
2023,SD,Spink,46115,MHLTH,14.2
2022,OK,Choctaw,40023,SLEEP,37.0
2023,SD,Deuel,46039,DEPRESSION,20.1
2022,SC,Marion,45067,SLEEP,38.8
2023,OK,Cotton,40033,DEPRESSION,25.6
2022,SD,Douglas,46043,SLEEP,28.7
2023,SC,Charleston,45019,MHLTH,14.4
2023,SC,Williamsburg,45089,DEPRESSION,20.0
2023,SD,Charles Mix,46023,DEPRESSION,20.9
2023,TN,Carroll,47017,DEPRESSION,29.7
2022,OK,Logan,40083,SLEEP,34.9
2023,SC,Lexington,45063,MHLTH,16.2
2023,SD,Minnehaha,46099,MHLTH,15.7
2023,OK,Love,40085,DEPRESSION,24.8
2023,OK,Noble,40103,MHLTH,17.3
2023,SD,Kingsbury,46077,MHLTH,14.3
2023,SD,Grant,46051,MHLTH,13.8
2022,PA,Lehigh,42077,SLEEP,35.9
2022,PA,Dauphin,42043,SLEEP,42.0
2023,TN,Cheatham,47021,DEPRESSION,28.7
2023,OR,Tillamook,41057,MHLTH,16.6
2023,TN,Claiborne,47025,DEPRESSION,30.9
2023,TN,Cocke,47029,DEPRESSION,31.1
2022,SD,Dewey,46041,SLEEP,36.3
2023,OK,Stephens,40137,MHLTH,17.9
2022,OR,Jackson,41029,SLEEP,34.2
2023,SC,Newberry,45071,MHLTH,17.0
2023,OR,Josephine,41033,MHLTH,18.1
2023,SC,Greenwood,45047,MHLTH,17.1
2023,OK,Haskell,40061,MHLTH,18.8
2023,SC,Clarendon,45027,DEPRESSION,22.0
2022,SD,Jackson,46071,SLEEP,34.8
2022,TN,Crockett,47033,SLEEP,41.1
2022,SC,Union,45087,SLEEP,39.4
2023,OK,Sequoyah,40135,MHLTH,20.3
2023,OR,Morrow,41049,DEPRESSION,25.9
2022,OK,Murray,40099,SLEEP,36.1
2022,OR,Wheeler,41069,SLEEP,30.6
2022,PA,Clarion,42031,SLEEP,36.6
2023,SD,Todd,46121,DEPRESSION,24.2
2022,SC,Abbeville,45001,SLEEP,36.9
2023,OR,Lincoln,41041,MHLTH,16.5
2022,OK,Stephens,40137,SLEEP,33.7
2022,TN,Claiborne,47025,SLEEP,38.6
2022,PA,Potter,42105,SLEEP,37.3
2022,OR,Gilliam,41021,SLEEP,29.2
2022,OR,Clackamas,41005,SLEEP,31.7
2022,OR,Coos,41011,SLEEP,30.7
2023,SC,Laurens,45059,DEPRESSION,23.4
2022,TN,Anderson,47001,SLEEP,36.5
2023,OR,Curry,41015,MHLTH,16.1
2022,OK,Creek,40037,SLEEP,39.2
2023,OR,Clatsop,41007,MHLTH,17.0
2022,SD,Lyman,46085,SLEEP,33.1
2022,OK,Cotton,40033,SLEEP,38.2
2023,SD,Jones,46075,MHLTH,14.0
2023,SC,Oconee,45073,DEPRESSION,25.0
2023,SC,Richland,45079,MHLTH,16.6
2023,OK,Nowata,40105,DEPRESSION,25.7
2023,SC,Dillon,45033,MHLTH,20.2
2022,SD,Hyde,46069,SLEEP,29.6
2022,SD,Union,46127,SLEEP,31.2
2022,PA,Wayne,42127,SLEEP,38.8
2023,SD,Hyde,46069,DEPRESSION,20.6
2023,SD,Todd,46121,MHLTH,24.8
2023,OR,Grant,41023,MHLTH,16.9
2023,OK,Osage,40113,MHLTH,17.4
2022,PA,Philadelphia,42101,SLEEP,42.4
2022,SD,Gregory,46053,SLEEP,29.9
2022,PA,Beaver,42007,SLEEP,35.5
2022,SD,Charles Mix,46023,SLEEP,31.9
2022,SD,Bon Homme,46009,SLEEP,29.7
2022,PA,Sullivan,42113,SLEEP,38.3
2023,RI,Bristol,44001,DEPRESSION,23.4
2023,OK,Woodward,40153,MHLTH,17.4
2022,SC,Horry,45051,SLEEP,34.6
2023,SD,Haakon,46055,DEPRESSION,19.9
2022,PA,Washington,42125,SLEEP,36.7
2023,SD,Dewey,46041,MHLTH,21.1
2023,OR,Jefferson,41031,MHLTH,18.1
2022,PA,Warren,42123,SLEEP,39.3
2023,SD,Clay,46027,MHLTH,17.8
2023,SC,Spartanburg,45083,MHLTH,17.3
2023,SD,Hamlin,46057,MHLTH,15.2
2022,PA,Montgomery,42091,SLEEP,36.6
2023,TN,Chester,47023,DEPRESSION,30.8
2023,SD,Walworth,46129,MHLTH,14.5
2023,OK,Tulsa,40143,MHLTH,17.9
2022,RI,Kent,44003,SLEEP,34.6
2022,SC,Dorchester,45035,SLEEP,37.4
2023,SC,Fairfield,45039,MHLTH,17.2
2023,SD,Harding,46063,MHLTH,13.7
2022,OK,Greer,40055,SLEEP,38.5
2022,OK,McCurtain,40089,SLEEP,38.6
2023,TN,Coffee,47031,DEPRESSION,29.8
2022,SD,Deuel,46039,SLEEP,29.4
2023,OK,Nowata,40105,MHLTH,18.7
2023,OK,Coal,40029,MHLTH,20.0
2023,TN,Bledsoe,47007,MHLTH,21.0
2023,SC,Florence,45041,MHLTH,17.6
2022,SD,Minnehaha,46099,SLEEP,28.1
2023,SD,Davison,46035,DEPRESSION,20.4
2022,SC,Kershaw,45055,SLEEP,38.8
2022,OK,Major,40093,SLEEP,33.4
2023,SC,Jasper,45053,DEPRESSION,20.6
2022,PA,Bedford,42009,SLEEP,37.8
2022,OK,Grady,40051,SLEEP,35.5
2023,SD,Fall River,46047,MHLTH,14.3
2023,SD,Butte,46019,DEPRESSION,21.3
2023,OR,Wheeler,41069,MHLTH,16.2
2023,SD,Brule,46015,MHLTH,15.2
2023,SC,Anderson,45007,DEPRESSION,25.9
2023,SC,Marlboro,45069,DEPRESSION,21.8
2023,OR,Union,41061,MHLTH,18.6
2023,OK,Noble,40103,DEPRESSION,25.3
2023,RI,Providence,44007,MHLTH,17.9
2022,SD,Spink,46115,SLEEP,30.2
2023,SD,Pennington,46103,MHLTH,14.8
2022,SC,Williamsburg,45089,SLEEP,39.1
2022,OK,Woodward,40153,SLEEP,36.7
2022,PA,Venango,42121,SLEEP,37.3
2023,OK,Grady,40051,DEPRESSION,23.9
2022,OK,Wagoner,40145,SLEEP,38.8
2022,OR,Curry,41015,SLEEP,30.4
2023,SD,Gregory,46053,DEPRESSION,20.1
2022,OR,Grant,41023,SLEEP,31.0
2023,SD,Mellette,46095,MHLTH,20.7
2023,OR,Malheur,41045,MHLTH,18.9
2023,OK,Payne,40119,DEPRESSION,26.0
2023,OR,Polk,41053,MHLTH,17.6
2022,PA,Huntingdon,42061,SLEEP,37.5
2023,SD,Lake,46079,MHLTH,13.6
2023,OK,Creek,40037,DEPRESSION,24.9
2023,SC,Clarendon,45027,MHLTH,17.5
2022,OR,Clatsop,41007,SLEEP,29.2
2022,PA,Monroe,42089,SLEEP,41.3
2023,SD,Stanley,46117,DEPRESSION,20.0
2022,SC,Cherokee,45021,SLEEP,39.1
2023,OR,Lake,41037,MHLTH,17.5
2023,OR,Polk,41053,DEPRESSION,27.0
2023,OK,McIntosh,40091,MHLTH,18.9
2023,OK,Okmulgee,40111,DEPRESSION,25.7
2022,SD,Miner,46097,SLEEP,29.4
2022,PA,Montour,42093,SLEEP,36.6
2022,SD,Beadle,46005,SLEEP,31.3
2022,OK,Mayes,40097,SLEEP,37.4
2023,SD,Beadle,46005,DEPRESSION,20.4
2023,OR,Clackamas,41005,DEPRESSION,27.5
2023,OK,McClain,40087,MHLTH,17.1
2023,OK,Muskogee,40101,MHLTH,20.1
2023,SD,Hughes,46065,DEPRESSION,20.3
2023,SD,Spink,46115,DEPRESSION,20.2
2023,SC,Dorchester,45035,MHLTH,16.2
2022,OK,Washita,40149,SLEEP,36.4
2023,SC,Darlington,45031,MHLTH,17.8
2023,OK,Garvin,40049,DEPRESSION,25.9
2022,PA,Forest,42053,SLEEP,41.0
2023,SD,Faulk,46049,DEPRESSION,21.1
2023,OK,Logan,40083,MHLTH,16.9
2023,SD,Jackson,46071,MHLTH,20.9
2023,SD,Minnehaha,46099,DEPRESSION,22.3
2023,TN,Cocke,47029,MHLTH,21.2
2023,OR,Umatilla,41059,MHLTH,18.4
2023,OR,Umatilla,41059,DEPRESSION,23.5
2022,OK,Okmulgee,40111,SLEEP,38.2
2022,SD,Butte,46019,SLEEP,31.2
2022,OK,Delaware,40041,SLEEP,36.0
2023,OR,Multnomah,41051,DEPRESSION,29.9
2023,SC,Barnwell,45011,DEPRESSION,22.4
2023,TN,Bradley,47011,MHLTH,19.7
2022,OR,Yamhill,41071,SLEEP,33.4
2022,OK,Cleveland,40027,SLEEP,35.1
2023,SD,Campbell,46021,MHLTH,12.6
2023,OK,Delaware,40041,DEPRESSION,25.4
2022,SC,Greenville,45045,SLEEP,32.1
2022,SD,Sanborn,46111,SLEEP,28.0
2023,SD,Ziebach,46137,MHLTH,21.5
2023,SC,Chesterfield,45025,DEPRESSION,23.1
2022,TN,Bradley,47011,SLEEP,37.1
2023,SC,Union,45087,MHLTH,18.8
2023,SD,Lincoln,46083,DEPRESSION,19.7
2023,TN,Bedford,47003,MHLTH,20.4
2022,PA,Lycoming,42081,SLEEP,36.7
2023,OK,Kingfisher,40073,MHLTH,17.0
2023,TN,Carroll,47017,MHLTH,20.2
2023,TN,Cheatham,47021,MHLTH,18.9
2022,TN,Bledsoe,47007,SLEEP,39.8
2023,SC,Berkeley,45015,MHLTH,16.7
2023,SD,Lyman,46085,MHLTH,17.1
2022,OK,Tillman,40141,SLEEP,38.7
2022,PA,Luzerne,42079,SLEEP,38.8
2023,OR,Klamath,41035,DEPRESSION,27.3
2023,SD,Lawrence,46081,DEPRESSION,20.4
2022,TN,Carter,47019,SLEEP,42.9
2022,TN,Cannon,47015,SLEEP,39.2
2023,TN,Claiborne,47025,MHLTH,20.8
2023,OR,Coos,41011,DEPRESSION,26.4
2022,SD,Davison,46035,SLEEP,29.8
2023,OK,Ottawa,40115,DEPRESSION,27.0
2022,SD,Harding,46063,SLEEP,28.4
2022,PA,Lancaster,42071,SLEEP,37.7
2023,OK,Seminole,40133,DEPRESSION,27.6
2022,SC,Sumter,45085,SLEEP,41.9
2023,SC,Greenville,45045,MHLTH,16.0
2022,OK,Payne,40119,SLEEP,37.3
2023,TN,Crockett,47033,MHLTH,20.0
2023,OK,Cleveland,40027,MHLTH,17.5
2023,OK,Harper,40059,DEPRESSION,23.3
2023,SD,Hyde,46069,MHLTH,15.1
2023,SD,Brookings,46011,MHLTH,15.9
2023,OK,Washington,40147,MHLTH,17.2
2023,OK,Roger Mills,40129,DEPRESSION,24.6
2022,SD,Lake,46079,SLEEP,30.5
2023,OK,Texas,40139,MHLTH,16.9
2023,OK,Comanche,40031,MHLTH,18.9
2022,OK,Marshall,40095,SLEEP,37.9
2022,PA,Erie,42049,SLEEP,36.6
2022,PA,Bucks,42017,SLEEP,37.2
2023,OK,Muskogee,40101,DEPRESSION,26.1
2023,SC,Hampton,45049,MHLTH,18.4
2022,SD,Faulk,46049,SLEEP,30.4
2023,RI,Kent,44003,MHLTH,15.8
2022,SC,Florence,45041,SLEEP,37.4
2023,SD,Marshall,46091,MHLTH,14.1
2023,OR,Yamhill,41071,MHLTH,16.9
2022,SD,Custer,46033,SLEEP,27.8
2022,SC,Aiken,45003,SLEEP,37.1
2022,OK,Noble,40103,SLEEP,36.9
2023,SC,Lexington,45063,DEPRESSION,24.4
2023,OK,Ellis,40045,DEPRESSION,24.2
2022,SD,Grant,46051,SLEEP,27.9
2022,PA,Bradford,42015,SLEEP,37.1
2023,OK,Washita,40149,MHLTH,17.2
2023,OK,Johnston,40069,MHLTH,19.8
2023,OK,Craig,40035,MHLTH,19.7
2022,OK,Lincoln,40081,SLEEP,38.1
2023,TN,Coffee,47031,MHLTH,20.0
2023,SC,Kershaw,45055,DEPRESSION,21.9
2022,PA,Clearfield,42033,SLEEP,40.6
2022,SC,York,45091,SLEEP,33.9
2023,SC,Cherokee,45021,DEPRESSION,24.1
2022,OK,Tulsa,40143,SLEEP,35.0
2023,RI,Bristol,44001,MHLTH,14.5
2023,SD,Brookings,46011,DEPRESSION,23.5
2023,SC,Newberry,45071,DEPRESSION,22.1
2022,SD,Tripp,46123,SLEEP,31.6
2022,SD,Brule,46015,SLEEP,29.5
2023,OR,Baker,41001,DEPRESSION,25.7
2023,OR,Columbia,41009,DEPRESSION,27.3
2023,SC,Calhoun,45017,DEPRESSION,21.2
2023,OK,Custer,40039,DEPRESSION,25.9
2022,SC,Greenwood,45047,SLEEP,39.4
2022,PA,Armstrong,42005,SLEEP,36.6
2023,OK,Jackson,40065,MHLTH,17.5
2023,SC,Charleston,45019,DEPRESSION,21.3
2022,OK,McIntosh,40091,SLEEP,36.5
2023,SD,Custer,46033,MHLTH,12.4
2022,SD,Buffalo,46017,SLEEP,38.8
2023,SD,Sanborn,46111,MHLTH,14.7
2023,OK,Pushmataha,40127,MHLTH,19.2
2023,SD,Hutchinson,46067,MHLTH,14.4
2022,SD,Yankton,46135,SLEEP,28.7
2023,OK,Greer,40055,DEPRESSION,23.9
2022,OR,Wasco,41065,SLEEP,29.9
2023,OK,Major,40093,DEPRESSION,24.2
2023,OK,Oklahoma,40109,DEPRESSION,25.0
2023,SD,Sanborn,46111,DEPRESSION,20.2
2023,SD,Butte,46019,MHLTH,15.7
2022,SD,Hand,46059,SLEEP,30.0
2023,OR,Marion,41047,DEPRESSION,27.2
2023,SC,Dillon,45033,DEPRESSION,22.8
2023,SC,Greenwood,45047,DEPRESSION,23.6
2022,OK,Craig,40035,SLEEP,38.8
2023,OK,Marshall,40095,MHLTH,17.8
2023,OR,Grant,41023,DEPRESSION,25.7
2023,OK,Lincoln,40081,MHLTH,18.0
2022,OR,Klamath,41035,SLEEP,33.2
2022,SC,Dillon,45033,SLEEP,39.9
2023,SC,Jasper,45053,MHLTH,15.8
2023,SC,Edgefield,45037,MHLTH,17.1
2023,OK,Okfuskee,40107,DEPRESSION,25.7
2022,OR,Washington,41067,SLEEP,29.2
2023,OK,Rogers,40131,MHLTH,16.9
2023,OR,Baker,41001,MHLTH,16.7
2023,OK,Hughes,40063,MHLTH,19.3
2022,PA,Chester,42029,SLEEP,31.7
2023,OK,Tillman,40141,MHLTH,17.2
2023,SD,Sully,46119,MHLTH,13.4
2023,TN,Carter,47019,DEPRESSION,31.5
2023,SD,Edmunds,46045,DEPRESSION,19.8
2023,OR,Jefferson,41031,DEPRESSION,25.5
2022,PA,Fulton,42057,SLEEP,38.2
2023,SD,Codington,46029,DEPRESSION,21.3
2023,OK,Cimarron,40025,DEPRESSION,21.5
2023,SC,Aiken,45003,DEPRESSION,22.7
2023,SD,Faulk,46049,MHLTH,15.4
2023,TN,Clay,47027,DEPRESSION,30.2
2023,SD,Bennett,46007,MHLTH,20.4
2023,SD,Jones,46075,DEPRESSION,19.6
2023,OK,Cotton,40033,MHLTH,18.0
2023,RI,Washington,44009,DEPRESSION,22.1
2022,SC,Hampton,45049,SLEEP,43.2
2023,OR,Lane,41039,DEPRESSION,27.4
2022,SD,Corson,46031,SLEEP,35.5
2023,SD,Potter,46107,DEPRESSION,19.1
2023,SD,Meade,46093,DEPRESSION,22.6
2023,SC,Abbeville,45001,MHLTH,17.6
2022,SD,Todd,46121,SLEEP,40.3
2022,SD,Codington,46029,SLEEP,30.6
2022,SD,Jones,46075,SLEEP,27.3
2022,PA,Jefferson,42065,SLEEP,37.4
2022,SD,Edmunds,46045,SLEEP,29.0
2022,PA,Tioga,42117,SLEEP,39.5
2023,OK,Garvin,40049,MHLTH,18.7
2022,RI,Newport,44005,SLEEP,27.4
2022,TN,Clay,47027,SLEEP,37.8
2022,TN,Coffee,47031,SLEEP,39.7
2022,OR,Columbia,41009,SLEEP,33.1
2023,OK,Oklahoma,40109,MHLTH,17.4
2022,SD,Fall River,46047,SLEEP,31.7
2022,TN,Chester,47023,SLEEP,41.3
2022,OK,Latimer,40077,SLEEP,37.2
2023,OK,McIntosh,40091,DEPRESSION,26.1
2022,PA,Pike,42103,SLEEP,37.8
2023,OK,Latimer,40077,DEPRESSION,26.2
2022,TN,Cumberland,47035,SLEEP,35.2
2023,OK,Le Flore,40079,MHLTH,19.8
2022,OK,Harper,40059,SLEEP,36.9
2022,SC,Lexington,45063,SLEEP,34.4
2022,OK,Cimarron,40025,SLEEP,33.0
2023,TN,Cannon,47015,DEPRESSION,30.3
2023,SD,Yankton,46135,DEPRESSION,20.2
2023,OR,Douglas,41019,MHLTH,17.8
2023,SD,Codington,46029,MHLTH,15.2
2022,SD,Hamlin,46057,SLEEP,31.0
2023,SD,Bennett,46007,DEPRESSION,22.4
2023,SC,Beaufort,45013,DEPRESSION,18.0
2023,TN,Bradley,47011,DEPRESSION,28.7
2022,SD,Brookings,46011,SLEEP,30.0
2023,SC,Colleton,45029,DEPRESSION,22.6
2023,SD,Union,46127,DEPRESSION,19.9
2022,OR,Deschutes,41017,SLEEP,24.8
2022,PA,Susquehanna,42115,SLEEP,36.3
2022,OR,Marion,41047,SLEEP,34.2
2022,SC,Saluda,45081,SLEEP,39.9
2023,OK,Garfield,40047,MHLTH,16.9
2022,OR,Baker,41001,SLEEP,31.3
2023,SD,Turner,46125,DEPRESSION,20.4
2023,OR,Harney,41025,MHLTH,18.5
2022,PA,Carbon,42025,SLEEP,37.6
2022,OR,Lake,41037,SLEEP,32.1
2023,OR,Columbia,41009,MHLTH,18.0
2023,OK,Dewey,40043,MHLTH,17.5
2022,OR,Union,41061,SLEEP,31.5
2023,SC,Georgetown,45043,MHLTH,14.0
2023,OK,Haskell,40061,DEPRESSION,25.4
2023,SC,Chester,45023,MHLTH,18.5
2022,SC,Georgetown,45043,SLEEP,34.3
2023,SD,Tripp,46123,DEPRESSION,20.6
2022,PA,Columbia,42037,SLEEP,36.9
2022,OK,Coal,40029,SLEEP,40.0
2023,OK,Osage,40113,DEPRESSION,24.0
2022,SC,Edgefield,45037,SLEEP,38.0
2023,SC,Sumter,45085,MHLTH,17.4
2023,TN,Bedford,47003,DEPRESSION,29.6
2023,SD,Hand,46059,DEPRESSION,19.6
2023,OR,Linn,41043,MHLTH,18.8
2022,OR,Sherman,41055,SLEEP,30.1
2023,OK,Kiowa,40075,MHLTH,18.4
2023,SD,Edmunds,46045,MHLTH,13.9
2023,TN,Davidson,47037,DEPRESSION,28.2
2023,SC,Lancaster,45057,MHLTH,15.8
2022,OR,Jefferson,41031,SLEEP,33.6
2023,OR,Klamath,41035,MHLTH,18.7
2023,SC,Marion,45067,DEPRESSION,21.6
2022,PA,McKean,42083,SLEEP,36.0
2022,SD,Jerauld,46073,SLEEP,29.3
2023,OK,Murray,40099,MHLTH,17.5
2022,PA,Lackawanna,42069,SLEEP,40.0
2023,TN,Crockett,47033,DEPRESSION,27.9
2022,RI,Washington,44009,SLEEP,30.4
2023,OK,Kiowa,40075,DEPRESSION,25.4
2023,OK,Woods,40151,MHLTH,17.9
2023,SC,McCormick,45065,DEPRESSION,18.8
2023,OR,Benton,41003,MHLTH,18.0
2022,OR,Linn,41043,SLEEP,33.9
2023,SC,Saluda,45081,DEPRESSION,21.4
2022,OK,Okfuskee,40107,SLEEP,38.8
2023,OR,Wasco,41065,DEPRESSION,26.4
2022,RI,Bristol,44001,SLEEP,31.8
2023,SD,Aurora,46003,MHLTH,14.9
2022,OK,Roger Mills,40129,SLEEP,35.4
2023,OK,McCurtain,40089,DEPRESSION,25.5
2023,SD,McPherson,46089,DEPRESSION,19.3
2023,SD,Pennington,46103,DEPRESSION,21.0
2023,SD,Hanson,46061,MHLTH,15.8
2022,SD,Oglala Lakota,46102,SLEEP,40.6
2023,OR,Wasco,41065,MHLTH,17.9
2023,OR,Deschutes,41017,DEPRESSION,24.8
2023,SD,Jackson,46071,DEPRESSION,22.3
2023,OR,Tillamook,41057,DEPRESSION,25.4
2023,OK,Coal,40029,DEPRESSION,27.5
2023,OK,Kay,40071,DEPRESSION,26.5
2022,SC,Colleton,45029,SLEEP,38.1
2023,SD,Clark,46025,DEPRESSION,19.9
2023,SC,Allendale,45005,MHLTH,18.3
2022,OR,Hood River,41027,SLEEP,29.2
2023,SC,McCormick,45065,MHLTH,13.9
2023,SD,Dewey,46041,DEPRESSION,22.1
2023,OK,Pontotoc,40123,DEPRESSION,25.3
2022,OK,Comanche,40031,SLEEP,43.3
2023,OK,Harmon,40057,DEPRESSION,23.2
2023,OK,Stephens,40137,DEPRESSION,25.4
2023,SC,Lee,45061,DEPRESSION,21.1
2022,OK,Texas,40139,SLEEP,36.4
2023,SC,Bamberg,45009,DEPRESSION,20.1
2022,SD,McCook,46087,SLEEP,29.0
2023,OR,Morrow,41049,MHLTH,19.3
2022,SD,Sully,46119,SLEEP,28.1
2022,PA,Delaware,42045,SLEEP,40.4
2022,OR,Polk,41053,SLEEP,33.3
2023,SD,Lincoln,46083,MHLTH,13.6
2022,PA,Allegheny,42003,SLEEP,35.8
2022,SC,Laurens,45059,SLEEP,34.4
2023,SC,Horry,45051,DEPRESSION,21.5
2022,OR,Crook,41013,SLEEP,30.8
2023,OK,Love,40085,MHLTH,18.0
2022,PA,Westmoreland,42129,SLEEP,36.7
2023,SC,York,45091,MHLTH,15.9
2022,OK,Ellis,40045,SLEEP,34.8
2022,OK,Pontotoc,40123,SLEEP,36.5
2023,TX,Goliad,48175,MHLTH,16.2
2023,TX,Montgomery,48339,DEPRESSION,21.5
2023,TN,Hardeman,47069,DEPRESSION,25.8
2023,TX,Kleberg,48273,DEPRESSION,21.0
2023,TX,Lipscomb,48295,MHLTH,16.7
2022,TX,Jefferson,48245,SLEEP,40.6
2023,TN,Hawkins,47073,DEPRESSION,30.7
2023,TX,Refugio,48391,MHLTH,17.0
2023,TX,Aransas,48007,DEPRESSION,22.4
2023,TX,Callahan,48059,DEPRESSION,23.9
2023,TX,Burleson,48051,DEPRESSION,22.1
2023,TX,Robertson,48395,MHLTH,17.6
2023,TX,Roberts,48393,DEPRESSION,22.8
2023,TX,Jackson,48239,MHLTH,17.5
2023,TX,Brewster,48043,DEPRESSION,20.1
2023,TX,Menard,48327,MHLTH,15.3
2023,TX,Real,48385,DEPRESSION,22.7
2022,TX,Hudspeth,48229,SLEEP,41.9
2022,TX,Bexar,48029,SLEEP,41.0
2022,TX,Irion,48235,SLEEP,36.5
2022,TN,Sullivan,47163,SLEEP,36.5
2023,TX,Martin,48317,DEPRESSION,22.2
2022,TX,Milam,48331,SLEEP,37.3
2023,TX,Hall,48191,MHLTH,17.3
2022,TX,Goliad,48175,SLEEP,36.7
2023,TX,Burnet,48053,MHLTH,16.1
2023,TX,Karnes,48255,MHLTH,18.0
2023,TX,Hale,48189,DEPRESSION,21.3
2023,TX,Franklin,48159,MHLTH,16.3
2022,TX,Bowie,48037,SLEEP,41.9
2023,TX,Kenedy,48261,MHLTH,16.7
2023,TX,Concho,48095,MHLTH,16.9
2022,TX,Ellis,48139,SLEEP,40.8
2023,TN,Stewart,47161,MHLTH,19.2
2022,TX,Lamb,48279,SLEEP,38.3
2023,TN,Maury,47119,DEPRESSION,27.9
2022,TX,Kent,48263,SLEEP,34.7
2022,TN,Morgan,47129,SLEEP,41.0
2022,TX,Aransas,48007,SLEEP,37.6
2022,TX,Limestone,48293,SLEEP,39.5
2023,TX,Grayson,48181,MHLTH,17.8
2023,TX,Oldham,48359,MHLTH,17.9
2023,TX,Andrews,48003,MHLTH,18.2
2022,TX,McLennan,48309,SLEEP,38.9
2023,TX,Bandera,48019,MHLTH,15.5
2022,TN,Lauderdale,47097,SLEEP,45.7
2023,TN,Sequatchie,47153,MHLTH,20.7
2023,TX,Montague,48337,DEPRESSION,24.4
2022,TX,Morris,48343,SLEEP,38.5
2023,TN,Roane,47145,MHLTH,18.7
2023,TX,Nueces,48355,MHLTH,16.5
2022,TX,Menard,48327,SLEEP,34.7
2022,TX,Harrison,48203,SLEEP,37.8
2023,TX,Newton,48351,MHLTH,20.3
2023,TX,Nacogdoches,48347,MHLTH,19.8
2022,TX,Chambers,48071,SLEEP,39.6
2022,TN,Fentress,47049,SLEEP,39.1
2022,TX,Guadalupe,48187,SLEEP,37.0
2023,TX,Parker,48367,MHLTH,16.9
2022,TN,Hawkins,47073,SLEEP,37.1
2022,TN,Sequatchie,47153,SLEEP,37.5
2023,TX,Brewster,48043,MHLTH,14.3
2023,TX,Bastrop,48021,MHLTH,17.0
2023,TX,Pecos,48371,MHLTH,17.4
2023,TX,Jackson,48239,DEPRESSION,22.4
2023,TX,Bowie,48037,MHLTH,18.6
2022,TX,Atascosa,48013,SLEEP,37.6
2022,TN,Union,47173,SLEEP,36.8
2023,TX,Gaines,48165,DEPRESSION,23.8
2022,TX,Caldwell,48055,SLEEP,37.2
2023,TX,Crosby,48107,MHLTH,17.8
2022,TX,Camp,48063,SLEEP,38.9
2023,TN,Warren,47177,MHLTH,20.7
2023,TX,Atascosa,48013,MHLTH,17.0
2023,TX,Floyd,48153,DEPRESSION,21.0
2022,TN,Pickett,47137,SLEEP,38.1
2023,TX,Cass,48067,DEPRESSION,24.0
2023,TX,Bell,48027,MHLTH,18.9
2023,TX,Jones,48253,DEPRESSION,21.4
2022,TX,La Salle,48283,SLEEP,40.6
2023,TX,Limestone,48293,MHLTH,18.1
2023,TX,Hopkins,48223,DEPRESSION,24.1
2023,TX,Maverick,48323,DEPRESSION,19.7
2022,TN,Jefferson,47089,SLEEP,35.8
2023,TN,Henry,47079,DEPRESSION,30.4
2022,TN,Madison,47113,SLEEP,36.6
2022,TN,Wayne,47181,SLEEP,41.8
2023,TX,Palo Pinto,48363,MHLTH,18.3
2023,TX,Lamar,48277,MHLTH,19.0
2023,TN,Sullivan,47163,MHLTH,19.3
2022,TX,Brooks,48047,SLEEP,40.1
2022,TX,Bastrop,48021,SLEEP,33.8
2023,TX,Collingsworth,48087,MHLTH,18.0
2023,TN,Williamson,47187,MHLTH,15.1
2023,TX,Fayette,48149,DEPRESSION,21.3
2023,TX,McCulloch,48307,MHLTH,17.0
2022,TN,Wilson,47189,SLEEP,38.2
2023,TX,Chambers,48071,MHLTH,18.0
2022,TX,DeWitt,48123,SLEEP,37.9
2023,TN,Greene,47059,MHLTH,19.9
2022,TX,Hamilton,48193,SLEEP,38.0
2022,TX,Palo Pinto,48363,SLEEP,38.6
2023,TX,Dickens,48125,MHLTH,16.4
2022,TX,Parker,48367,SLEEP,37.8
2023,TX,Gregg,48183,DEPRESSION,23.7
2023,TX,Crockett,48105,DEPRESSION,20.3
2022,TX,Polk,48373,SLEEP,39.2
2023,TX,Hutchinson,48233,DEPRESSION,23.4
2022,TX,Parmer,48369,SLEEP,37.6
2023,TX,Hays,48209,MHLTH,17.0
2023,TN,Overton,47133,DEPRESSION,30.6
2023,TN,Hamblen,47063,DEPRESSION,30.1
2023,TX,Nacogdoches,48347,DEPRESSION,24.4
2023,TX,Guadalupe,48187,DEPRESSION,22.1
2022,TX,Crockett,48105,SLEEP,37.7
2022,TX,Culberson,48109,SLEEP,39.5
2023,TN,Pickett,47137,DEPRESSION,29.9
2023,TX,Hartley,48205,MHLTH,16.3
2023,TX,Garza,48169,DEPRESSION,20.9
2023,TN,Madison,47113,DEPRESSION,26.9
2023,TX,Maverick,48323,MHLTH,18.0
2023,TX,Hamilton,48193,MHLTH,17.0
2023,TN,Dickson,47043,MHLTH,19.6
2023,TX,King,48269,DEPRESSION,22.8
2023,TN,McNairy,47109,DEPRESSION,30.2
2023,TN,Franklin,47051,MHLTH,19.6
2023,TX,Live Oak,48297,DEPRESSION,21.4
2022,TN,Lake,47095,SLEEP,43.7
2022,TX,Collin,48085,SLEEP,34.9
2022,TX,Reeves,48389,SLEEP,40.9
2022,TN,Polk,47139,SLEEP,39.3
2022,TN,Robertson,47147,SLEEP,38.2
2023,TX,Lubbock,48303,DEPRESSION,22.7
2023,TX,Moore,48341,MHLTH,18.4
2022,TX,Nueces,48355,SLEEP,39.5
2023,TX,Cameron,48061,MHLTH,16.5
2023,TN,Decatur,47039,DEPRESSION,30.4
2023,TN,Tipton,47167,DEPRESSION,28.7
2022,TN,Sevier,47155,SLEEP,37.2
2023,TN,Lincoln,47103,DEPRESSION,28.3
2022,TX,Comanche,48093,SLEEP,37.9
2023,TX,Reeves,48389,MHLTH,17.9
2022,TX,Newton,48351,SLEEP,43.5
2023,TX,Randall,48381,MHLTH,17.2
2023,TX,Brazos,48041,DEPRESSION,24.2
2022,TX,Potter,48375,SLEEP,41.1
2023,TX,Clay,48077,MHLTH,16.8
2022,TX,Nacogdoches,48347,SLEEP,37.4
2023,TX,Cass,48067,MHLTH,18.6
2023,TN,Moore,47127,DEPRESSION,28.8
2023,TX,Donley,48129,MHLTH,17.7
2023,TX,Delta,48119,DEPRESSION,24.4
2022,TX,Cass,48067,SLEEP,39.8
2023,TX,Coleman,48083,MHLTH,17.0
2023,TN,Jefferson,47089,MHLTH,19.5
2022,TX,Maverick,48323,SLEEP,40.4
2023,TN,Stewart,47161,DEPRESSION,29.0
2023,TN,Hickman,47081,MHLTH,20.5
2023,TX,Kleberg,48273,MHLTH,18.0
2023,TX,DeWitt,48123,DEPRESSION,21.5
2023,TX,Falls,48145,MHLTH,19.1
2023,TN,Warren,47177,DEPRESSION,29.7
2023,TX,Hays,48209,DEPRESSION,21.9
2022,TX,Kaufman,48257,SLEEP,41.3
2023,TX,Mills,48333,DEPRESSION,21.9
2023,TX,Johnson,48251,DEPRESSION,23.2
2023,TX,Leon,48289,MHLTH,17.4
2022,TX,Knox,48275,SLEEP,38.3
2022,TX,Brazos,48041,SLEEP,33.9
2022,TX,Randall,48381,SLEEP,35.5
2023,TN,Knox,47093,DEPRESSION,30.7
2023,TN,Lauderdale,47097,MHLTH,21.8
2022,TX,Childress,48075,SLEEP,40.4
2022,TX,Andrews,48003,SLEEP,38.9
2023,TX,Hamilton,48193,DEPRESSION,23.2
2023,TN,Giles,47055,DEPRESSION,29.1
2022,TX,Kleberg,48273,SLEEP,38.6
2022,TX,Presidio,48377,SLEEP,39.2
2023,TN,Lauderdale,47097,DEPRESSION,27.9
2023,TN,Weakley,47183,DEPRESSION,30.1
2023,TX,Lee,48287,DEPRESSION,22.9
2022,TX,Kendall,48259,SLEEP,31.9
2022,TX,Roberts,48393,SLEEP,35.7
2022,TX,Montgomery,48339,SLEEP,38.5
2022,TX,Rockwall,48397,SLEEP,35.3
2023,TX,Houston,48225,MHLTH,18.2
2022,TN,Giles,47055,SLEEP,39.9
2023,TX,Comal,48091,MHLTH,14.7
2023,TX,Guadalupe,48187,MHLTH,16.4
2023,TX,Nueces,48355,DEPRESSION,20.0
2023,TX,Kent,48263,DEPRESSION,21.6
2023,TX,Ellis,48139,DEPRESSION,22.6
2023,TX,Parmer,48369,DEPRESSION,20.1
2022,TX,Burleson,48051,SLEEP,36.9
2022,TN,Greene,47059,SLEEP,40.2
2022,TX,Fort Bend,48157,SLEEP,37.3
2023,TX,Hunt,48231,MHLTH,18.5
2022,TX,Callahan,48059,SLEEP,35.7
2022,TN,Hamblen,47063,SLEEP,39.5
2023,TN,Sequatchie,47153,DEPRESSION,31.3
2022,TN,Trousdale,47169,SLEEP,39.7
2022,TN,Henry,47079,SLEEP,38.4
2023,TN,Wilson,47189,DEPRESSION,27.0
2022,TN,Houston,47083,SLEEP,37.9
2023,TX,Presidio,48377,DEPRESSION,18.7
2023,TN,Rutherford,47149,DEPRESSION,26.8
2023,TX,El Paso,48141,MHLTH,17.5
2022,TN,Hancock,47067,SLEEP,41.1
2023,TN,Loudon,47105,MHLTH,16.9
2023,TN,Hancock,47067,MHLTH,23.2
2022,TX,Floyd,48153,SLEEP,38.8
2023,TX,Harrison,48203,DEPRESSION,23.5
2022,TX,Hays,48209,SLEEP,35.1
2023,TX,Hardin,48199,DEPRESSION,24.8
2022,TN,White,47185,SLEEP,37.8
2023,TX,Cottle,48101,DEPRESSION,22.6
2022,TN,Warren,47177,SLEEP,38.7
2022,TN,Decatur,47039,SLEEP,41.4
2023,TN,Jefferson,47089,DEPRESSION,30.1
2023,TX,Rockwall,48397,MHLTH,15.5
2022,TN,Dickson,47043,SLEEP,38.7
2023,TN,Montgomery,47125,DEPRESSION,28.6
2023,TN,Humphreys,47085,DEPRESSION,30.1
2023,TX,Gillespie,48171,MHLTH,14.4
2023,TX,Lubbock,48303,MHLTH,18.2
2022,TX,Lavaca,48285,SLEEP,35.7
2023,TX,El Paso,48141,DEPRESSION,19.9
2023,TX,Hudspeth,48229,DEPRESSION,20.5
2023,TX,Gray,48179,MHLTH,18.4
2022,TX,Montague,48337,SLEEP,37.4
2023,TX,Milam,48331,DEPRESSION,22.7
2023,TX,Marion,48315,DEPRESSION,23.1
2022,TX,Hood,48221,SLEEP,32.6
2023,TX,Bowie,48037,DEPRESSION,23.6
2023,TX,Reeves,48389,DEPRESSION,19.6
2022,TX,Matagorda,48321,SLEEP,40.3
2023,TX,Limestone,48293,DEPRESSION,22.8
2023,TX,Dawson,48115,MHLTH,18.6
2022,TN,Stewart,47161,SLEEP,38.4
2022,TX,Martin,48317,SLEEP,38.9
2023,TX,Montague,48337,MHLTH,17.9
2022,TX,Coke,48081,SLEEP,38.2
2023,TX,Mason,48319,MHLTH,14.2
2023,TX,Cameron,48061,DEPRESSION,18.9
2022,TX,Colorado,48089,SLEEP,36.2
2022,TX,Jack,48237,SLEEP,37.8
2023,TX,Hill,48217,DEPRESSION,23.5
2023,TX,Collin,48085,DEPRESSION,20.0
2023,TX,Frio,48163,MHLTH,18.0
2023,TN,Robertson,47147,DEPRESSION,28.3
2022,TX,Karnes,48255,SLEEP,40.1
2023,TN,Scott,47151,DEPRESSION,32.7
2023,TN,Sumner,47165,DEPRESSION,29.3
2023,TX,Colorado,48089,MHLTH,16.2
2022,TX,Kinney,48271,SLEEP,38.5
2023,TX,Henderson,48213,DEPRESSION,24.2
2022,TX,Duval,48131,SLEEP,40.0
2023,TN,Overton,47133,MHLTH,21.0
2023,TN,Shelby,47157,MHLTH,19.2
2023,TX,Brown,48049,DEPRESSION,23.5
2022,TX,Garza,48169,SLEEP,41.1
2023,TX,Glasscock,48173,MHLTH,15.4
2023,TX,Midland,48329,DEPRESSION,21.4
2022,TX,Gaines,48165,SLEEP,38.8
2022,TX,Ector,48135,SLEEP,37.8
2023,TX,Hood,48221,MHLTH,15.5
2023,TX,Grimes,48185,MHLTH,17.8
2023,TX,King,48269,MHLTH,17.0
2022,TX,Dawson,48115,SLEEP,40.5
2022,TX,Hansford,48195,SLEEP,35.5
2023,TN,Unicoi,47171,DEPRESSION,29.9
2023,TX,Lavaca,48285,MHLTH,16.9
2023,TX,Jim Hogg,48247,DEPRESSION,19.7
2023,TX,Hale,48189,MHLTH,18.3
2022,TX,Hardin,48199,SLEEP,39.5
2022,TX,Hemphill,48211,SLEEP,36.4
2023,TN,Wayne,47181,DEPRESSION,29.0
2022,TN,Shelby,47157,SLEEP,41.6
2023,TX,Bee,48025,DEPRESSION,19.6
2023,TX,Falls,48145,DEPRESSION,23.1
2022,TN,Humphreys,47085,SLEEP,37.1
2023,TN,Haywood,47075,DEPRESSION,26.7
2023,TX,Crane,48103,MHLTH,17.6
2023,TX,Coryell,48099,MHLTH,19.6
2023,TN,Johnson,47091,DEPRESSION,30.1
2023,TX,Howard,48227,MHLTH,18.0
2022,TN,Henderson,47077,SLEEP,37.7
2023,TX,Kendall,48259,DEPRESSION,20.4
2023,TN,Union,47173,MHLTH,20.4
2023,TX,Lampasas,48281,DEPRESSION,23.6
2022,TX,Gregg,48183,SLEEP,39.4
2022,TN,Hardeman,47069,SLEEP,44.1
2022,TN,Knox,47093,SLEEP,34.1
2023,TN,Houston,47083,DEPRESSION,30.1
2022,TX,Delta,48119,SLEEP,36.2
2022,TN,Rutherford,47149,SLEEP,38.3
2023,TN,Williamson,47187,DEPRESSION,24.7
2023,TX,Motley,48345,DEPRESSION,22.4
2022,TX,Loving,48301,SLEEP,
2023,TX,Hidalgo,48215,MHLTH,18.2
2023,TN,Marshall,47117,MHLTH,20.0
2023,TX,Hardin,48199,MHLTH,18.5
2022,TN,Putnam,47141,SLEEP,36.0
2022,TN,Overton,47133,SLEEP,38.0
2023,TN,Fayette,47047,MHLTH,17.6
2023,TX,Caldwell,48055,MHLTH,17.5
2023,TX,Llano,48299,MHLTH,14.5
2023,TX,Haskell,48207,DEPRESSION,22.9
2023,TX,Leon,48289,DEPRESSION,23.2
2023,TX,Anderson,48001,MHLTH,18.4
2023,TX,Caldwell,48055,DEPRESSION,21.4
2023,TX,Morris,48343,DEPRESSION,23.4
2023,TX,Freestone,48161,DEPRESSION,22.7
2022,TX,Cooke,48097,SLEEP,37.7
2022,TX,Hutchinson,48233,SLEEP,37.1
2023,TX,Panola,48365,DEPRESSION,23.5
2023,TN,Wayne,47181,MHLTH,20.7
2023,TN,Gibson,47053,MHLTH,20.2
2023,TX,Gray,48179,DEPRESSION,23.2
2023,TX,Jeff Davis,48243,MHLTH,14.3
2023,TX,Roberts,48393,MHLTH,16.1
2023,TX,Houston,48225,DEPRESSION,22.7
2023,TX,Knox,48275,DEPRESSION,22.6
2022,TX,Cottle,48101,SLEEP,40.1
2023,TX,Mills,48333,MHLTH,15.5
2022,TN,Moore,47127,SLEEP,37.4
2023,TN,Hancock,47067,DEPRESSION,33.1
2023,TX,Cooke,48097,DEPRESSION,23.7
2023,TN,Greene,47059,DEPRESSION,29.3
2022,TN,Perry,47135,SLEEP,38.5
2023,TN,Moore,47127,MHLTH,18.9
2022,TX,Mason,48319,SLEEP,33.5
2022,TN,Macon,47111,SLEEP,37.7
2023,TN,Monroe,47123,MHLTH,20.4
2022,TX,Hill,48217,SLEEP,40.7
2023,TX,Marion,48315,MHLTH,17.9
2022,TX,Hall,48191,SLEEP,38.7
2022,TN,Scott,47151,SLEEP,41.7
2022,TX,Mitchell,48335,SLEEP,40.8
2022,TX,Haskell,48207,SLEEP,37.8
2022,TX,Kimble,48267,SLEEP,35.1
2023,TX,Kendall,48259,MHLTH,14.3
2023,TX,Coke,48081,DEPRESSION,22.9
2023,TN,Robertson,47147,MHLTH,19.5
2023,TN,Scott,47151,MHLTH,23.1
2022,TX,Johnson,48251,SLEEP,40.7
2023,TN,Polk,47139,MHLTH,20.1
2023,TX,Real,48385,MHLTH,16.6
2023,TX,Carson,48065,DEPRESSION,23.2
2023,TX,Briscoe,48045,DEPRESSION,22.8
2023,TN,Henderson,47077,MHLTH,20.4
2023,TN,Dyer,47045,DEPRESSION,30.8
2023,TN,Tipton,47167,MHLTH,20.0
2022,TX,Anderson,48001,SLEEP,41.8
2023,TX,Crockett,48105,MHLTH,16.5
2023,TX,Fayette,48149,MHLTH,15.4
2023,TN,Gibson,47053,DEPRESSION,28.5
2023,TX,Hutchinson,48233,MHLTH,17.9
2023,TX,Eastland,48133,MHLTH,18.0
2023,TX,Motley,48345,MHLTH,16.2
2023,TN,Knox,47093,MHLTH,19.0
2023,TN,Hardeman,47069,MHLTH,20.7
2023,TX,Blanco,48031,MHLTH,14.7
2023,TN,Macon,47111,MHLTH,21.8
2023,TX,Dawson,48115,DEPRESSION,21.1
2023,TX,Brazos,48041,MHLTH,19.5
2023,TX,Garza,48169,MHLTH,18.3
2023,TX,Bee,48025,MHLTH,17.5
2023,TX,Culberson,48109,DEPRESSION,19.9
2023,TX,Live Oak,48297,MHLTH,17.8
2023,TX,Karnes,48255,DEPRESSION,20.4
2023,TN,Jackson,47087,MHLTH,20.3
2023,TX,Ector,48135,DEPRESSION,21.2
2023,TX,Polk,48373,DEPRESSION,24.8
2023,TX,Runnels,48399,DEPRESSION,21.9
2023,TX,Concho,48095,DEPRESSION,20.0
2023,TX,Denton,48121,MHLTH,15.8
2023,TX,Refugio,48391,DEPRESSION,21.0
2023,TX,Bastrop,48021,DEPRESSION,21.9
2023,TX,Austin,48015,DEPRESSION,22.1
2023,TX,Jim Wells,48249,MHLTH,17.2
2023,TX,Duval,48131,DEPRESSION,19.4
2023,TN,Lincoln,47103,MHLTH,19.3
2023,TX,Kent,48263,MHLTH,14.9
2023,TN,Trousdale,47169,MHLTH,21.4
2023,TX,Jasper,48241,DEPRESSION,24.5
2023,TX,Ector,48135,MHLTH,18.0
2023,TX,Lamb,48279,MHLTH,17.6
2023,TX,Aransas,48007,MHLTH,15.7
2023,TX,Fisher,48151,MHLTH,16.1
2023,TX,Rusk,48401,MHLTH,18.4
2023,TX,Menard,48327,DEPRESSION,20.9
2023,TX,Hall,48191,DEPRESSION,22.1
2023,TN,Hamblen,47063,MHLTH,20.6
2023,TX,McLennan,48309,DEPRESSION,23.6
2022,TN,Van Buren,47175,SLEEP,38.8
2023,TN,Decatur,47039,MHLTH,20.6
2023,TX,Bailey,48017,MHLTH,17.7
2023,TX,Hansford,48195,DEPRESSION,22.0
2023,TX,Cochran,48079,DEPRESSION,22.9
2023,TX,Dickens,48125,DEPRESSION,21.9
2022,TX,Bee,48025,SLEEP,41.4
2023,TX,Blanco,48031,DEPRESSION,21.5
2023,TX,Oldham,48359,DEPRESSION,24.3
2022,TX,Fayette,48149,SLEEP,35.0
2023,TX,Chambers,48071,DEPRESSION,23.4
2023,TX,Newton,48351,DEPRESSION,25.0
2023,TX,Brooks,48047,MHLTH,17.5
2023,TX,Eastland,48133,DEPRESSION,24.1
2023,TN,Hamilton,47065,DEPRESSION,26.6
2023,TX,Robertson,48395,DEPRESSION,22.2
2023,TX,Midland,48329,MHLTH,17.2
2023,TX,Kinney,48271,DEPRESSION,19.4
2023,TX,Lavaca,48285,DEPRESSION,22.8
2023,TX,Red River,48387,DEPRESSION,23.7
2023,TN,Grundy,47061,DEPRESSION,31.2
2022,TX,McMullen,48311,SLEEP,39.6
2023,TX,Rusk,48401,DEPRESSION,22.7
2022,TX,Lipscomb,48295,SLEEP,36.7
2022,TX,Gillespie,48171,SLEEP,33.2
2022,TX,Brazoria,48039,SLEEP,42.1
2023,TX,Potter,48375,MHLTH,19.2
2023,TX,Hood,48221,DEPRESSION,22.6
2023,TX,Jefferson,48245,MHLTH,18.6
2023,TX,Red River,48387,MHLTH,18.2
2023,TX,Reagan,48383,MHLTH,16.4
2023,TN,McMinn,47107,MHLTH,20.1
2023,TX,Briscoe,48045,MHLTH,17.5
2023,TX,McCulloch,48307,DEPRESSION,22.7
2023,TX,Harris,48201,DEPRESSION,19.7
2022,TX,Erath,48143,SLEEP,39.3
2023,TX,Rains,48379,MHLTH,16.6
2023,TX,McLennan,48309,MHLTH,18.4
2022,TX,Red River,48387,SLEEP,40.1
2023,TX,Brazoria,48039,MHLTH,16.1
2022,TX,Dimmit,48127,SLEEP,43.0
2022,TX,Freestone,48161,SLEEP,38.9
2023,TX,Hudspeth,48229,MHLTH,19.6
2023,TX,Angelina,48005,MHLTH,19.6
2023,TX,Grayson,48181,DEPRESSION,24.3
2023,TN,Lake,47095,DEPRESSION,29.2
2023,TN,Macon,47111,DEPRESSION,30.7
2022,TX,Marion,48315,SLEEP,38.0
2023,TX,Medina,48325,MHLTH,16.0
2023,TX,Haskell,48207,MHLTH,17.7
2022,TX,Robertson,48395,SLEEP,39.5
2023,TX,Cherokee,48073,DEPRESSION,23.6
2022,TX,Gonzales,48177,SLEEP,37.8
2022,TX,Kenedy,48261,SLEEP,41.6
2023,TX,Grimes,48185,DEPRESSION,22.6
2022,TX,Angelina,48005,SLEEP,41.6
2022,TN,Williamson,47187,SLEEP,33.6
2023,TX,Gonzales,48177,MHLTH,17.9
2022,TX,Glasscock,48173,SLEEP,34.8
2023,TX,Bosque,48035,DEPRESSION,22.9
2022,TX,Lamar,48277,SLEEP,38.6
2023,TX,Liberty,48291,DEPRESSION,23.7
2022,TX,Austin,48015,SLEEP,36.3
2022,TN,Washington,47179,SLEEP,37.0
2023,TX,Childress,48075,DEPRESSION,21.9
2023,TX,Bexar,48029,MHLTH,16.7
2022,TX,Baylor,48023,SLEEP,36.2
2022,TN,Unicoi,47171,SLEEP,39.3
2023,TX,Coleman,48083,DEPRESSION,23.3
2022,TX,Concho,48095,SLEEP,39.3
2023,TX,Knox,48275,MHLTH,17.5
2023,TX,Bell,48027,DEPRESSION,24.7
2023,TN,Unicoi,47171,MHLTH,19.9
2023,TX,Jack,48237,DEPRESSION,24.0
2023,TN,White,47185,MHLTH,20.7
2022,TX,Hockley,48219,SLEEP,40.8
2023,TN,Jackson,47087,DEPRESSION,30.6
2022,TN,Meigs,47121,SLEEP,35.3
2022,TN,DeKalb,47041,SLEEP,38.5
2022,TN,Roane,47145,SLEEP,38.3
2022,TX,Cochran,48079,SLEEP,42.3
2023,TX,Harrison,48203,MHLTH,18.6
2022,TX,Collingsworth,48087,SLEEP,38.8
2023,TX,Delta,48119,MHLTH,18.1
2023,TN,Morgan,47129,MHLTH,20.8
2023,TX,Armstrong,48011,DEPRESSION,23.0
2023,TX,Cochran,48079,MHLTH,19.6
2023,TX,Bandera,48019,DEPRESSION,22.7
2022,TX,Blanco,48031,SLEEP,34.8
2023,TN,Pickett,47137,MHLTH,19.9
2022,TX,Midland,48329,SLEEP,39.3
2023,TX,Comal,48091,DEPRESSION,20.3
2022,TN,Hickman,47081,SLEEP,38.4
2022,TX,Foard,48155,SLEEP,38.2
2022,TN,Loudon,47105,SLEEP,35.9
2022,TN,Grainger,47057,SLEEP,39.5
2023,TX,Armstrong,48011,MHLTH,16.2
2023,TN,Washington,47179,MHLTH,19.7
2023,TX,Lynn,48305,DEPRESSION,22.9
2022,TN,Hamilton,47065,SLEEP,36.9
2023,TX,Hockley,48219,MHLTH,17.8
2023,TX,Morris,48343,MHLTH,18.5
2022,TX,Hunt,48231,SLEEP,37.6
2023,TN,Meigs,47121,MHLTH,20.4
2022,TX,Oldham,48359,SLEEP,37.2
2022,TX,Clay,48077,SLEEP,34.6
2023,TN,DeKalb,47041,MHLTH,20.8
2022,TX,Jasper,48241,SLEEP,40.5
2022,TN,Sumner,47165,SLEEP,36.9
2022,TX,McCulloch,48307,SLEEP,37.6
2022,TX,Moore,48341,SLEEP,39.0
2022,TX,Nolan,48353,SLEEP,39.6
2023,TX,Irion,48235,MHLTH,16.1
2023,TX,Jasper,48241,MHLTH,19.4
2022,TX,Crane,48103,SLEEP,39.1
2022,TX,Hardeman,48197,SLEEP,36.7
2022,TX,Crosby,48107,SLEEP,39.2
2023,TX,Dallas,48113,MHLTH,17.1
2022,TX,Medina,48325,SLEEP,37.2
2023,TN,Marshall,47117,DEPRESSION,30.1
2022,TN,Obion,47131,SLEEP,40.8
2022,TX,Henderson,48213,SLEEP,36.4
2022,TX,Orange,48361,SLEEP,41.3
2022,TX,Castro,48069,SLEEP,38.3
2023,TN,Fentress,47049,MHLTH,20.6
2022,TX,Liberty,48291,SLEEP,39.3
2023,TX,Castro,48069,MHLTH,16.6
2023,TN,Morgan,47129,DEPRESSION,30.0
2023,TX,DeWitt,48123,MHLTH,17.2
2022,TX,Panola,48365,SLEEP,40.0
2023,TN,Meigs,47121,DEPRESSION,30.2
2023,TX,Collin,48085,MHLTH,14.6
2022,TX,Houston,48225,SLEEP,40.3
2023,TN,Hardin,47071,DEPRESSION,30.2
2023,TX,Johnson,48251,MHLTH,18.0
2023,TX,Archer,48009,DEPRESSION,23.8
2022,TX,Jim Hogg,48247,SLEEP,39.5
2023,TX,Mitchell,48335,DEPRESSION,21.0
2022,TX,Bosque,48035,SLEEP,36.6
2023,TN,Hamilton,47065,MHLTH,17.9
2023,TX,Crosby,48107,DEPRESSION,21.6
2023,TX,Liberty,48291,MHLTH,20.1
2022,TX,Pecos,48371,SLEEP,40.3
2023,TX,Burleson,48051,MHLTH,16.7
2023,TX,Kimble,48267,DEPRESSION,22.5
2022,TX,Brewster,48043,SLEEP,34.3
2023,TX,Irion,48235,DEPRESSION,22.5
2023,TN,Grainger,47057,MHLTH,20.1
2023,TN,Madison,47113,MHLTH,19.5
2023,TX,Kaufman,48257,MHLTH,18.3
2022,TN,Lawrence,47099,SLEEP,39.6
2022,TX,Briscoe,48045,SLEEP,39.7
2022,TN,McMinn,47107,SLEEP,38.1
2022,TX,Navarro,48349,SLEEP,39.8
2023,TX,Lynn,48305,MHLTH,18.0
2022,TX,Motley,48345,SLEEP,35.0
2023,TX,Comanche,48093,MHLTH,16.8
2022,TX,Grayson,48181,SLEEP,40.7
2023,TN,DeKalb,47041,DEPRESSION,30.1
2022,TN,Monroe,47123,SLEEP,36.1
2022,TX,Burnet,48053,SLEEP,37.0
2022,TX,Ochiltree,48357,SLEEP,37.7
2023,TX,Brown,48049,MHLTH,17.7
2023,TN,Trousdale,47169,DEPRESSION,29.2
2022,TX,Real,48385,SLEEP,37.2
2022,TN,Marion,47115,SLEEP,38.0
2022,TX,Cameron,48061,SLEEP,39.8
2023,TX,Bosque,48035,MHLTH,16.5
2023,TX,Jim Wells,48249,DEPRESSION,20.0
2023,TX,Ochiltree,48357,MHLTH,18.0
2022,TX,Reagan,48383,SLEEP,39.7
2022,TX,Leon,48289,SLEEP,36.9
2023,TX,Gillespie,48171,DEPRESSION,21.0
2023,TX,Denton,48121,DEPRESSION,20.8
2022,TX,Rains,48379,SLEEP,37.2
2023,TN,Houston,47083,MHLTH,20.1
2023,TN,Grainger,47057,DEPRESSION,29.9
2023,TX,Galveston,48167,DEPRESSION,21.7
2023,TN,White,47185,DEPRESSION,31.4
2023,TN,Obion,47131,DEPRESSION,30.2
2023,TN,Perry,47135,DEPRESSION,30.2
2023,TX,Deaf Smith,48117,DEPRESSION,20.9
2023,TX,Navarro,48349,MHLTH,18.9
2022,TX,El Paso,48141,SLEEP,37.6
2023,TX,Dimmit,48127,MHLTH,19.2
2023,TN,Van Buren,47175,DEPRESSION,29.5
2023,TN,Haywood,47075,MHLTH,20.9
2022,TX,Rusk,48401,SLEEP,39.6
2022,TX,Lynn,48305,SLEEP,38.7
2023,TN,Johnson,47091,MHLTH,20.4
2023,TX,Erath,48143,MHLTH,19.3
2022,TX,Edwards,48137,SLEEP,38.2
2023,TX,Kinney,48271,MHLTH,15.4
2023,TX,Fort Bend,48157,MHLTH,14.3
2023,TN,Fayette,47047,DEPRESSION,25.8
2023,TX,Rains,48379,DEPRESSION,23.3
2022,TX,Borden,48033,SLEEP,32.7
2023,TX,Hockley,48219,DEPRESSION,22.0
2022,TX,Bandera,48019,SLEEP,35.9
2022,TX,Comal,48091,SLEEP,34.8
2023,TX,Polk,48373,MHLTH,18.8
2023,TN,Lewis,47101,DEPRESSION,30.2
2022,TN,Johnson,47091,SLEEP,38.2
2022,TX,Armstrong,48011,SLEEP,35.1
2023,TN,Shelby,47157,DEPRESSION,24.9
2023,TX,Ellis,48139,MHLTH,17.3
2023,TN,Loudon,47105,DEPRESSION,26.7
2023,TN,Hickman,47081,DEPRESSION,29.7
2023,TN,Henderson,47077,DEPRESSION,29.0
2023,TX,Freestone,48161,MHLTH,17.7
2023,TX,Foard,48155,MHLTH,18.4
2023,TN,Hawkins,47073,MHLTH,20.1
2023,TX,Hidalgo,48215,DEPRESSION,20.2
2023,TX,Crane,48103,DEPRESSION,20.4
2023,TX,Orange,48361,DEPRESSION,25.0
2022,TX,Denton,48121,SLEEP,35.8
2022,TX,Dickens,48125,SLEEP,35.9
2023,TX,Childress,48075,MHLTH,18.3
2023,TN,Sumner,47165,MHLTH,18.4
2023,TX,Mason,48319,DEPRESSION,20.9
2022,TX,Coleman,48083,SLEEP,36.8
2023,TX,Foard,48155,DEPRESSION,23.8
2023,TX,Edwards,48137,DEPRESSION,20.1
2022,TN,Haywood,47075,SLEEP,43.1
2023,TX,Nolan,48353,DEPRESSION,23.1
2022,TX,Bell,48027,SLEEP,42.4
2023,TX,Matagorda,48321,MHLTH,17.4
2023,TX,Montgomery,48339,MHLTH,16.4
2023,TX,Loving,48301,DEPRESSION,
2022,TN,Fayette,47047,SLEEP,36.5
2023,TX,Pecos,48371,DEPRESSION,19.6
2023,TN,Roane,47145,DEPRESSION,29.6
2023,TX,Panola,48365,MHLTH,18.1
2023,TX,Kerr,48265,DEPRESSION,21.4
2022,TN,Franklin,47051,SLEEP,39.5
2022,TN,Jackson,47087,SLEEP,39.0
2023,TX,Cooke,48097,MHLTH,17.5
2023,TX,Culberson,48109,MHLTH,17.2
2023,TN,Putnam,47141,DEPRESSION,28.9
2023,TX,Fisher,48151,DEPRESSION,21.6
2023,TN,Lawrence,47099,MHLTH,21.2
2023,TX,Callahan,48059,MHLTH,17.3
2022,TN,Hardin,47071,SLEEP,38.0
2023,TX,Dimmit,48127,DEPRESSION,20.9
2023,TX,Anderson,48001,DEPRESSION,22.0
2022,TX,Gray,48179,SLEEP,38.9
2022,TX,Hopkins,48223,SLEEP,36.8
2022,TX,Cherokee,48073,SLEEP,39.5
2023,TX,Cherokee,48073,MHLTH,18.5
2023,TX,Galveston,48167,MHLTH,16.6
2023,TX,Jack,48237,MHLTH,18.9
2022,TX,Howard,48227,SLEEP,39.1
2022,TX,Galveston,48167,SLEEP,36.8
2022,TX,Carson,48065,SLEEP,36.3
2023,TX,Hunt,48231,DEPRESSION,23.3
2023,TX,Carson,48065,MHLTH,16.6
2022,TX,Frio,48163,SLEEP,41.6
2023,TX,Reagan,48383,DEPRESSION,19.6
2022,TX,Jeff Davis,48243,SLEEP,35.6
2023,TX,Coke,48081,MHLTH,16.9
2023,TX,Lee,48287,MHLTH,17.8
2023,TX,Jones,48253,MHLTH,18.4
2023,TX,Calhoun,48057,MHLTH,16.1
2023,TN,Rhea,47143,DEPRESSION,30.2
2023,TX,Medina,48325,DEPRESSION,20.6
2022,TX,King,48269,SLEEP,39.1
2023,TN,Sullivan,47163,DEPRESSION,30.6
2022,TX,Lubbock,48303,SLEEP,34.5
2023,TX,Randall,48381,DEPRESSION,23.6
2022,TX,Jones,48253,SLEEP,41.5
2023,TN,Monroe,47123,DEPRESSION,30.8
2023,TX,Hardeman,48197,DEPRESSION,23.1
2023,TX,Castro,48069,DEPRESSION,20.1
2023,TN,Sevier,47155,DEPRESSION,29.4
2023,TX,Llano,48299,DEPRESSION,21.5
2022,TX,Calhoun,48057,SLEEP,37.0
2022,TX,Brown,48049,SLEEP,37.8
2023,TN,Polk,47139,DEPRESSION,30.5
2023,TN,Smith,47159,DEPRESSION,30.0
2023,TN,Lewis,47101,MHLTH,20.6
2023,TX,Clay,48077,DEPRESSION,23.6
2023,TX,Comanche,48093,DEPRESSION,22.5
2023,TX,Hemphill,48211,MHLTH,15.9
2023,TX,Jefferson,48245,DEPRESSION,21.1
2023,TX,Hansford,48195,MHLTH,17.2
2023,TN,McMinn,47107,DEPRESSION,29.2
2023,TX,Mitchell,48335,MHLTH,18.3
2023,TN,Washington,47179,DEPRESSION,30.9
2023,TN,Marion,47115,DEPRESSION,30.4
2023,TN,Union,47173,DEPRESSION,29.9
2022,TX,Runnels,48399,SLEEP,38.2
2023,TX,Madison,48313,DEPRESSION,22.0
2022,TX,Refugio,48391,SLEEP,38.6
2023,TN,Lawrence,47099,DEPRESSION,32.0
2023,TX,Calhoun,48057,DEPRESSION,20.1
2023,TX,Loving,48301,MHLTH,
2023,TX,La Salle,48283,DEPRESSION,19.5
2023,TX,Gonzales,48177,DEPRESSION,21.8
2023,TX,Kimble,48267,MHLTH,16.2
2022,TN,Davidson,47037,SLEEP,37.0
2023,TX,Fort Bend,48157,DEPRESSION,17.5
2022,TN,McNairy,47109,SLEEP,38.4
2023,TN,Rutherford,47149,MHLTH,19.6
2022,TX,Fisher,48151,SLEEP,36.7
2022,TN,Montgomery,47125,SLEEP,44.8
2022,TN,Marshall,47117,SLEEP,40.4
2023,TN,Putnam,47141,MHLTH,20.5
2023,TX,Borden,48033,DEPRESSION,21.7
2022,TX,Fannin,48147,SLEEP,38.7
2023,TX,Glasscock,48173,DEPRESSION,21.2
2023,TX,Jim Hogg,48247,MHLTH,17.9
2023,TX,Kenedy,48261,DEPRESSION,19.3
2022,TN,Dyer,47045,SLEEP,42.2
2022,TX,Hidalgo,48215,SLEEP,40.4
2023,TN,Montgomery,47125,MHLTH,20.0
2022,TN,Lewis,47101,SLEEP,38.3
2023,TX,Bailey,48017,DEPRESSION,21.2
2023,TX,Andrews,48003,DEPRESSION,22.1
2023,TX,Angelina,48005,DEPRESSION,24.3
2023,TX,Martin,48317,MHLTH,17.8
2022,TN,Gibson,47053,SLEEP,40.3
2023,TX,Dallam,48111,MHLTH,18.9
2022,TN,Grundy,47061,SLEEP,37.6
2023,TN,McNairy,47109,MHLTH,20.9
2023,TN,Weakley,47183,MHLTH,21.5
2022,TX,Harris,48201,SLEEP,41.0
2022,TX,Coryell,48099,SLEEP,42.0
2023,TX,Camp,48063,MHLTH,18.9
2023,TX,La Salle,48283,MHLTH,18.3
2023,TN,Perry,47135,MHLTH,21.0
2023,TX,Howard,48227,DEPRESSION,22.0
2023,TX,Lamar,48277,DEPRESSION,24.6
2023,TN,Dyer,47045,MHLTH,20.7
2023,TX,Parker,48367,DEPRESSION,24.0
2023,TX,Harris,48201,MHLTH,16.5
2023,TX,Coryell,48099,DEPRESSION,24.0
2023,TN,Sevier,47155,MHLTH,19.7
2023,TX,Deaf Smith,48117,MHLTH,18.4
2023,TX,Hill,48217,MHLTH,17.8
2023,TN,Obion,47131,MHLTH,20.4
2022,TX,Dallam,48111,SLEEP,39.8
2023,TN,Grundy,47061,MHLTH,21.4
2023,TN,Rhea,47143,MHLTH,20.6
2023,TN,Wilson,47189,MHLTH,17.7
2023,TX,Brooks,48047,DEPRESSION,19.3
2023,TX,Frio,48163,DEPRESSION,19.5
2023,TX,Matagorda,48321,DEPRESSION,22.0
2023,TX,McMullen,48311,DEPRESSION,21.3
2023,TX,Presidio,48377,MHLTH,16.2
2022,TN,Lincoln,47103,SLEEP,38.5
2022,TX,Llano,48299,SLEEP,33.7
2023,TX,Goliad,48175,DEPRESSION,21.5
2023,TX,Henderson,48213,MHLTH,17.9
2023,TN,Smith,47159,MHLTH,20.1
2023,TN,Marion,47115,MHLTH,20.2
2023,TX,Hardeman,48197,MHLTH,17.7
2023,TN,Maury,47119,MHLTH,18.9
2022,TX,Grimes,48185,SLEEP,39.3
2022,TN,Maury,47119,SLEEP,39.2
2022,TN,Smith,47159,SLEEP,37.4
2022,TX,Jackson,48239,SLEEP,38.7
2022,TN,Rhea,47143,SLEEP,40.7
2023,TX,Dallam,48111,DEPRESSION,22.3
2023,TX,Borden,48033,MHLTH,15.0
2023,TX,Hopkins,48223,MHLTH,18.2
2023,TX,Brazoria,48039,DEPRESSION,19.9
2023,TX,Nolan,48353,MHLTH,18.6
2023,TX,Milam,48331,MHLTH,17.3
2023,TX,Baylor,48023,MHLTH,17.7
2023,TN,Henry,47079,MHLTH,19.8
2023,TX,Hartley,48205,DEPRESSION,20.7
2023,TX,Lipscomb,48295,DEPRESSION,22.0
2023,TN,Humphreys,47085,MHLTH,20.3
2023,TX,Dallas,48113,DEPRESSION,19.3
2022,TX,Donley,48129,SLEEP,36.7
2022,TX,Eastland,48133,SLEEP,37.9
2023,TX,Fannin,48147,MHLTH,18.4
2022,TX,Lee,48287,SLEEP,39.6
2022,TX,Lampasas,48281,SLEEP,40.1
2022,TX,Archer,48009,SLEEP,35.5
2022,TX,Franklin,48159,SLEEP,34.2
2023,TX,Duval,48131,MHLTH,17.4
2023,TN,Dickson,47043,DEPRESSION,29.4
2023,TX,Burnet,48053,DEPRESSION,22.2
2022,TX,Falls,48145,SLEEP,40.5
2022,TX,Kerr,48265,SLEEP,36.1
2023,TN,Franklin,47051,DEPRESSION,30.1
2022,TX,Deaf Smith,48117,SLEEP,41.5
2023,TX,Madison,48313,MHLTH,18.9
2023,TN,Hardin,47071,MHLTH,20.6
2023,TX,Franklin,48159,DEPRESSION,22.9
2023,TX,Moore,48341,DEPRESSION,21.3
2023,TX,Archer,48009,MHLTH,17.2
2023,TX,Edwards,48137,MHLTH,15.5
2023,TX,Collingsworth,48087,DEPRESSION,23.4
2022,TX,Dallas,48113,SLEEP,35.6
2022,TN,Weakley,47183,SLEEP,38.6
2023,TX,Hemphill,48211,DEPRESSION,21.5
2023,TX,Kerr,48265,MHLTH,15.4
2022,TX,Live Oak,48297,SLEEP,39.4
2023,TX,McMullen,48311,MHLTH,17.0
2023,TX,Gaines,48165,MHLTH,20.1
2023,TX,Gregg,48183,MHLTH,18.8
2023,TX,Austin,48015,MHLTH,16.8
2023,TX,Rockwall,48397,DEPRESSION,21.8
2023,TX,Bexar,48029,DEPRESSION,22.2
2023,TX,Atascosa,48013,DEPRESSION,20.7
2023,TX,Runnels,48399,MHLTH,16.8
2022,TX,Bailey,48017,SLEEP,36.7
2023,TX,Navarro,48349,DEPRESSION,23.3
2022,TX,Jim Wells,48249,SLEEP,40.8
2023,TX,Ochiltree,48357,DEPRESSION,22.1
2023,TX,Baylor,48023,DEPRESSION,23.9
2023,TX,Kaufman,48257,DEPRESSION,22.2
2023,TX,Camp,48063,DEPRESSION,23.5
2022,TX,Hartley,48205,SLEEP,35.9
2023,TX,Fannin,48147,DEPRESSION,24.5
2023,TX,Potter,48375,DEPRESSION,23.0
2023,TX,Erath,48143,DEPRESSION,24.9
2023,TX,Cottle,48101,MHLTH,17.4
2023,TX,Donley,48129,DEPRESSION,23.6
2022,TX,Madison,48313,SLEEP,39.8
2023,TX,Jeff Davis,48243,DEPRESSION,21.0
2023,TX,Lampasas,48281,MHLTH,17.3
2023,TN,Giles,47055,MHLTH,19.8
2023,TX,Parmer,48369,MHLTH,16.7
2022,TX,Hale,48189,SLEEP,41.0
2023,TX,Lamb,48279,DEPRESSION,21.4
2022,TX,Mills,48333,SLEEP,34.1
2023,TN,Lake,47095,MHLTH,23.4
2023,TX,Orange,48361,MHLTH,19.0
2023,TN,Van Buren,47175,MHLTH,19.8
2022,TN,Tipton,47167,SLEEP,41.1
2023,TX,Floyd,48153,MHLTH,17.3
2023,VA,Lee,51105,DEPRESSION,25.8
2023,VA,Covington,51580,MHLTH,19.7
2022,VA,Rockingham,51165,SLEEP,31.6
2023,VA,Richmond,51760,DEPRESSION,22.8
2023,VA,Scott,51169,DEPRESSION,26.7
2023,VA,James City,51095,MHLTH,13.9
2023,VT,Washington,50023,DEPRESSION,27.6
2022,VA,Montgomery,51121,SLEEP,31.9
2023,VT,Caledonia,50005,DEPRESSION,26.7
2023,VA,Petersburg,51730,MHLTH,19.6
2022,VA,Dickenson,51051,SLEEP,37.2
2022,VA,Loudoun,51107,SLEEP,30.5
2023,VA,Smyth,51173,DEPRESSION,26.0
2023,TX,Sabine,48403,DEPRESSION,23.1
2023,VA,Covington,51580,DEPRESSION,25.6
2023,UT,Piute,49031,MHLTH,17.1
2023,VA,Danville,51590,MHLTH,19.3
2023,VA,Fluvanna,51065,DEPRESSION,23.5
2022,VA,Danville,51590,SLEEP,44.9
2022,VT,Orange,50017,SLEEP,27.3
2022,VA,Alleghany,51005,SLEEP,34.6
2022,UT,Kane,49025,SLEEP,33.6
2023,VA,Russell,51167,DEPRESSION,26.3
2022,TX,Zavala,48507,SLEEP,41.5
2023,VA,Greensville,51081,MHLTH,18.4
2023,VA,Chesapeake,51550,DEPRESSION,21.6
2023,VA,Highland,51091,DEPRESSION,21.6
2023,VA,Spotsylvania,51177,DEPRESSION,22.7
2022,VA,Southampton,51175,SLEEP,39.0
2022,VA,Virginia Beach,51810,SLEEP,37.0
2023,VA,Augusta,51015,MHLTH,16.9
2023,UT,Beaver,49001,DEPRESSION,25.3
2022,VA,Hampton,51650,SLEEP,43.1
2023,VA,Gloucester,51073,MHLTH,16.2
2023,VA,Franklin,51620,DEPRESSION,22.4
2023,UT,Juab,49023,MHLTH,18.3
2023,VT,Grand Isle,50013,DEPRESSION,25.1
2023,UT,Daggett,49009,MHLTH,15.7
2022,VA,Floyd,51063,SLEEP,34.0
2023,VA,Charles City,51036,DEPRESSION,21.0
2023,TX,Wise,48497,MHLTH,17.9
2023,VA,Suffolk,51800,DEPRESSION,21.2
2023,VA,Roanoke,51161,MHLTH,15.8
2023,VA,Lancaster,51103,MHLTH,14.3
2022,VA,New Kent,51127,SLEEP,35.9
2023,UT,Tooele,49045,MHLTH,17.3
2022,VA,Buchanan,51027,SLEEP,38.2
2022,VA,Lee,51105,SLEEP,38.2
2023,VA,Chesterfield,51041,DEPRESSION,21.2
2023,VA,Richmond,51159,DEPRESSION,21.9
2023,UT,Emery,49015,DEPRESSION,27.1
2022,VA,Roanoke,51770,SLEEP,40.2
2023,UT,Summit,49043,DEPRESSION,22.7
2022,UT,San Juan,49037,SLEEP,38.0
2023,WA,Ferry,53019,DEPRESSION,25.0
2023,VA,York,51199,MHLTH,14.5
2022,VA,Frederick,51069,SLEEP,35.2
2023,VA,King William,51101,DEPRESSION,23.9
2023,TX,Val Verde,48465,DEPRESSION,19.5
2023,TX,Upton,48461,DEPRESSION,21.9
2023,TX,Tyler,48457,DEPRESSION,24.3
2023,VA,Hanover,51085,DEPRESSION,21.7
2022,VA,Norton,51720,SLEEP,37.5
2023,VA,Nelson,51125,DEPRESSION,22.5
2023,VA,Middlesex,51119,DEPRESSION,21.8
2023,VA,Pittsylvania,51143,MHLTH,17.5
2023,UT,Morgan,49029,DEPRESSION,24.7
2023,TX,Travis,48453,DEPRESSION,22.1
2022,VA,Louisa,51109,SLEEP,36.2
2023,TX,Terry,48445,DEPRESSION,21.9
2023,UT,Davis,49011,DEPRESSION,28.9
2023,VA,Charlottesville,51540,MHLTH,17.4
2023,TX,Titus,48449,DEPRESSION,22.5
2022,VA,Charles City,51036,SLEEP,39.1
2023,TX,Taylor,48441,DEPRESSION,23.4
2023,UT,Cache,49005,MHLTH,17.8
2022,VA,Fairfax,51600,SLEEP,34.4
2023,VA,Lynchburg,51680,MHLTH,19.6
2022,VA,Surry,51181,SLEEP,37.9
2023,TX,Waller,48473,MHLTH,18.9
2023,VA,Floyd,51063,MHLTH,16.3
2022,VT,Grand Isle,50013,SLEEP,28.8
2023,VA,Sussex,51183,MHLTH,17.8
2023,VT,Chittenden,50007,MHLTH,15.9
2023,VA,New Kent,51127,MHLTH,15.8
2023,VA,Franklin,51067,MHLTH,16.6
2023,VA,Amherst,51009,MHLTH,17.5
2023,VA,Martinsville,51690,DEPRESSION,23.2
2023,WA,Chelan,53007,MHLTH,16.1
2023,VA,Botetourt,51023,MHLTH,15.7
2022,VT,Rutland,50021,SLEEP,29.6
2023,UT,Rich,49033,DEPRESSION,26.1
2023,VT,Windsor,50027,DEPRESSION,26.6
2023,VA,Northumberland,51133,MHLTH,13.8
2023,VA,Fairfax,51600,MHLTH,13.8
2023,UT,Millard,49027,MHLTH,17.1
2023,VA,Caroline,51033,DEPRESSION,22.8
2022,VA,Franklin,51620,SLEEP,41.3
2023,VT,Addison,50001,MHLTH,15.1
2023,VA,Buckingham,51029,DEPRESSION,22.8
2023,WA,Douglas,53017,MHLTH,16.6
2023,TX,Tyler,48457,MHLTH,19.3
2023,UT,Uintah,49047,DEPRESSION,27.2
2023,VA,Essex,51057,DEPRESSION,22.8
2022,VA,Mathews,51115,SLEEP,32.4
2023,VA,Roanoke,51770,MHLTH,18.1
2023,VA,Washington,51191,DEPRESSION,24.3
2023,WA,Asotin,53003,MHLTH,17.1
2023,VA,Poquoson,51735,MHLTH,15.1
2022,VA,Roanoke,51161,SLEEP,31.3
2022,VA,Chesterfield,51041,SLEEP,33.8
2023,VA,Hampton,51650,DEPRESSION,21.0
2022,VA,Lexington,51678,SLEEP,32.1
2022,VA,Lynchburg,51680,SLEEP,36.5
2023,VA,Highland,51091,MHLTH,13.9
2023,VA,Smyth,51173,MHLTH,18.7
2022,VA,Covington,51580,SLEEP,36.3
2023,UT,Duchesne,49013,MHLTH,18.6
2023,VT,Orange,50017,MHLTH,15.4
2023,VA,Winchester,51840,DEPRESSION,24.2
2023,TX,Victoria,48469,DEPRESSION,21.6
2023,TX,San Patricio,48409,MHLTH,17.5
2023,TX,Sterling,48431,DEPRESSION,21.4
2023,VA,Bedford,51019,MHLTH,15.9
2022,VA,Mecklenburg,51117,SLEEP,39.4
2022,VA,Staunton,51790,SLEEP,35.8
2023,VA,Southampton,51175,DEPRESSION,21.5
2022,VA,Sussex,51183,SLEEP,43.7
2022,UT,Rich,49033,SLEEP,33.0
2023,VA,Wise,51195,MHLTH,19.7
2022,VA,Amherst,51009,SLEEP,36.2
2023,VA,Buena Vista,51530,MHLTH,19.8
2022,WA,Adams,53001,SLEEP,29.5
2022,VT,Franklin,50011,SLEEP,32.8
2023,WA,Ferry,53019,MHLTH,17.4
2023,TX,Schleicher,48413,MHLTH,15.5
2023,TX,San Augustine,48405,MHLTH,19.5
2023,TX,Young,48503,DEPRESSION,23.4
2023,WA,Cowlitz,53015,MHLTH,18.7
2023,VA,Pulaski,51155,DEPRESSION,24.1
2023,VT,Washington,50023,MHLTH,15.5
2023,VA,Craig,51045,MHLTH,16.7
2023,TX,Shackelford,48417,MHLTH,16.2
2023,TX,Webb,48479,DEPRESSION,19.1
2023,UT,Weber,49057,DEPRESSION,28.2
2022,UT,Morgan,49029,SLEEP,35.6
2023,VA,Staunton,51790,DEPRESSION,24.5
2022,VA,Portsmouth,51740,SLEEP,42.9
2023,UT,Utah,49049,MHLTH,17.1
2022,UT,Summit,49043,SLEEP,25.5
2023,VA,Alexandria,51510,MHLTH,14.5
2022,VT,Essex,50009,SLEEP,30.6
2022,WA,Clallam,53009,SLEEP,28.2
2022,VA,Lunenburg,51111,SLEEP,40.2
2023,TX,Winkler,48495,DEPRESSION,20.5
2023,TX,San Jacinto,48407,DEPRESSION,23.9
2023,VA,Alleghany,51005,MHLTH,17.5
2023,TX,Wilbarger,48487,DEPRESSION,23.7
2023,TX,Scurry,48415,DEPRESSION,22.1
2022,VT,Addison,50001,SLEEP,27.6
2022,VA,Lancaster,51103,SLEEP,34.3
2023,TX,Smith,48423,DEPRESSION,23.3
2023,VA,Accomack,51001,MHLTH,16.9
2023,VA,James City,51095,DEPRESSION,21.4
2022,WA,Douglas,53017,SLEEP,29.0
2023,VA,Loudoun,51107,MHLTH,13.0
2022,VA,Fairfax,51059,SLEEP,34.1
2022,VA,Gloucester,51073,SLEEP,31.7
2023,VA,Dickenson,51051,DEPRESSION,26.4
2023,TX,Sutton,48435,MHLTH,16.3
2023,TX,Williamson,48491,MHLTH,15.5
2022,TX,San Saba,48411,SLEEP,37.9
2023,TX,Tarrant,48439,MHLTH,17.5
2023,TX,Zavala,48507,MHLTH,19.2
2023,TX,Sterling,48431,MHLTH,16.0
2023,VA,Buchanan,51027,DEPRESSION,26.6
2023,TX,Smith,48423,MHLTH,17.7
2023,VA,Lancaster,51103,DEPRESSION,20.7
2023,TX,Wharton,48481,DEPRESSION,21.5
2023,UT,Salt Lake,49035,MHLTH,17.5
2023,TX,Shelby,48419,MHLTH,19.4
2022,VA,Galax,51640,SLEEP,37.1
2023,TX,Wood,48499,MHLTH,16.7
2023,VT,Caledonia,50005,MHLTH,17.1
2023,TX,Starr,48427,MHLTH,19.5
2023,TX,Terrell,48443,MHLTH,12.8
2022,VA,Orange,51137,SLEEP,37.8
2022,VA,Russell,51167,SLEEP,37.6
2023,VA,Alexandria,51510,DEPRESSION,20.9
2023,TX,Young,48503,MHLTH,17.3
2023,TX,Throckmorton,48447,MHLTH,16.5
2023,VA,Fluvanna,51065,MHLTH,16.0
2023,TX,Winkler,48495,MHLTH,17.4
2023,VA,Patrick,51141,MHLTH,17.2
2023,VA,Norton,51720,MHLTH,20.2
2022,UT,Wasatch,49051,SLEEP,28.2
2022,UT,Emery,49015,SLEEP,36.9
2023,TX,Wilbarger,48487,MHLTH,19.2
2023,VA,Harrisonburg,51660,DEPRESSION,26.9
2022,VA,Middlesex,51119,SLEEP,37.4
2023,WA,Cowlitz,53015,DEPRESSION,27.5
2022,TX,Sterling,48431,SLEEP,37.1
2023,VA,Frederick,51069,MHLTH,16.1
2023,VA,Warren,51187,MHLTH,17.6
2023,VA,Manassas,51683,MHLTH,15.8
2023,VA,Stafford,51179,MHLTH,15.8
2022,TX,Sabine,48403,SLEEP,36.6
2022,TX,San Jacinto,48407,SLEEP,38.3
2023,VA,Culpeper,51047,DEPRESSION,22.5
2022,TX,Starr,48427,SLEEP,42.2
2023,VA,King George,51099,MHLTH,16.7
2022,TX,Scurry,48415,SLEEP,39.0
2023,VA,Colonial Heights,51570,MHLTH,16.6
2023,VA,Henrico,51087,DEPRESSION,20.8
2022,VA,Campbell,51031,SLEEP,34.6
2023,VT,Rutland,50021,MHLTH,16.3
2023,VT,Grand Isle,50013,MHLTH,15.0
2023,VA,Surry,51181,DEPRESSION,21.1
2022,VA,Westmoreland,51193,SLEEP,38.1
2022,VA,Fluvanna,51065,SLEEP,36.6
2023,VA,Albemarle,51003,MHLTH,14.3
2023,TX,Tom Green,48451,MHLTH,17.4
2023,VA,King and Queen,51097,DEPRESSION,22.7
2022,WA,Ferry,53019,SLEEP,35.2
2023,VA,Roanoke,51161,DEPRESSION,24.6
2023,UT,Box Elder,49003,DEPRESSION,26.5
2022,UT,Utah,49049,SLEEP,31.3
2023,VA,Dinwiddie,51053,MHLTH,17.4
2023,VA,Rappahannock,51157,MHLTH,15.1
2023,VA,Montgomery,51121,MHLTH,18.5
2022,VA,Richmond,51760,SLEEP,37.2
2023,VA,Bristol,51520,MHLTH,18.3
2022,UT,Piute,49031,SLEEP,34.8
2023,UT,Wayne,49055,DEPRESSION,25.6
2023,VA,Northampton,51131,DEPRESSION,20.8
2023,TX,Van Zandt,48467,DEPRESSION,24.7
2022,VA,Powhatan,51145,SLEEP,30.8
2023,VA,Falls Church,51610,DEPRESSION,20.4
2023,VA,Prince Edward,51147,MHLTH,20.5
2023,UT,Rich,49033,MHLTH,16.5
2023,VA,Lexington,51678,DEPRESSION,25.9
2022,VA,Manassas Park,51685,SLEEP,39.4
2023,VA,Prince George,51149,DEPRESSION,22.2
2023,VA,Fredericksburg,51630,DEPRESSION,24.8
2023,VA,Appomattox,51011,DEPRESSION,23.5
2023,UT,Sevier,49041,DEPRESSION,27.5
2023,VA,Shenandoah,51171,DEPRESSION,23.6
2023,UT,Grand,49019,MHLTH,16.4
2022,VA,Warren,51187,SLEEP,38.3
2023,VA,Waynesboro,51820,DEPRESSION,24.2
2022,VA,Williamsburg,51830,SLEEP,35.3
2023,TX,Wise,48497,DEPRESSION,23.5
2022,VA,Newport News,51700,SLEEP,40.8
2023,TX,Wichita,48485,MHLTH,18.6
2022,VT,Caledonia,50005,SLEEP,34.5
2023,VA,Arlington,51013,DEPRESSION,21.2
2022,VA,Spotsylvania,51177,SLEEP,40.7
2022,VA,Smyth,51173,SLEEP,38.0
2023,VA,Cumberland,51049,DEPRESSION,22.7
2022,VA,Greensville,51081,SLEEP,42.7
2023,VT,Franklin,50011,DEPRESSION,25.4
2023,VA,Hanover,51085,MHLTH,15.0
2022,VA,Craig,51045,SLEEP,36.2
2023,TX,Washington,48477,MHLTH,16.4
2023,VA,Tazewell,51185,DEPRESSION,26.9
2022,VA,Cumberland,51049,SLEEP,37.5
2023,VA,Northumberland,51133,DEPRESSION,20.1
2023,VT,Addison,50001,DEPRESSION,24.7
2022,TX,Upton,48461,SLEEP,39.6
2022,VA,Dinwiddie,51053,SLEEP,38.8
2023,VA,Wythe,51197,MHLTH,17.9
2022,UT,Washington,49053,SLEEP,33.1
2023,VA,Westmoreland,51193,MHLTH,16.9
2023,VA,Isle of Wight,51093,DEPRESSION,22.2
2023,UT,San Juan,49037,DEPRESSION,26.4
2022,TX,Terry,48445,SLEEP,41.2
2023,TX,Victoria,48469,MHLTH,17.4
2023,TX,Tom Green,48451,DEPRESSION,23.0
2023,VA,Carroll,51035,MHLTH,17.8
2022,TX,Tyler,48457,SLEEP,37.6
2023,UT,Morgan,49029,MHLTH,15.6
2022,VA,Scott,51169,SLEEP,36.6
2023,VA,Bland,51021,MHLTH,16.8
2022,TX,Tom Green,48451,SLEEP,38.2
2022,UT,Garfield,49017,SLEEP,34.8
2022,TX,Trinity,48455,SLEEP,37.2
2023,VA,Nottoway,51135,MHLTH,18.3
2022,TX,Sherman,48421,SLEEP,37.6
2022,VA,Harrisonburg,51660,SLEEP,37.7
2022,TX,Williamson,48491,SLEEP,33.1
2023,VA,Fairfax,51059,MHLTH,12.2
2022,TX,Swisher,48437,SLEEP,40.0
2022,VA,Hopewell,51670,SLEEP,45.4
2022,VA,Colonial Heights,51570,SLEEP,37.9
2022,TX,Webb,48479,SLEEP,37.5
2023,VA,Salem,51775,DEPRESSION,24.9
2023,VA,Madison,51113,DEPRESSION,23.4
2023,VA,Manassas Park,51685,MHLTH,16.7
2022,UT,Uintah,49047,SLEEP,37.3
2023,VA,Prince William,51153,MHLTH,14.9
2023,TX,Travis,48453,MHLTH,15.9
2023,UT,Wasatch,49051,DEPRESSION,22.4
2023,TX,Upton,48461,MHLTH,18.5
2022,UT,Beaver,49001,SLEEP,35.2
2023,VA,Newport News,51700,MHLTH,18.1
2022,VA,Madison,51113,SLEEP,34.2
2023,VT,Orange,50017,DEPRESSION,26.2
2023,VA,Brunswick,51025,DEPRESSION,20.8
2023,VA,Staunton,51790,MHLTH,17.1
2022,TX,Winkler,48495,SLEEP,38.2
2022,VA,Accomack,51001,SLEEP,35.6
2022,VA,Carroll,51035,SLEEP,38.1
2022,TX,Walker,48471,SLEEP,42.2
2022,TX,Van Zandt,48467,SLEEP,36.7
2022,VA,Radford,51750,SLEEP,35.8
2023,VA,Halifax,51083,DEPRESSION,22.4
2023,VA,Rockbridge,51163,DEPRESSION,23.3
2023,VA,Henry,51089,MHLTH,18.1
2023,TX,Starr,48427,DEPRESSION,21.2
2023,VA,Orange,51137,MHLTH,16.6
2023,VA,Greene,51079,DEPRESSION,23.8
2023,VA,Clarke,51043,DEPRESSION,23.3
2022,VA,Northumberland,51133,SLEEP,31.3
2022,VA,Fauquier,51061,SLEEP,31.7
2023,VA,Charlotte,51037,DEPRESSION,24.0
2023,VA,Amelia,51007,DEPRESSION,23.4
2023,VT,Windham,50025,DEPRESSION,26.1
2022,VA,Fredericksburg,51630,SLEEP,39.8
2022,VA,Grayson,51077,SLEEP,37.7
2023,VA,Campbell,51031,MHLTH,17.2
2023,WA,Adams,53001,DEPRESSION,22.3
2023,VA,Williamsburg,51830,DEPRESSION,24.8
2022,VA,King George,51099,SLEEP,34.8
2022,TX,Waller,48473,SLEEP,38.2
2023,WA,Benton,53005,DEPRESSION,24.0
2023,WA,Clallam,53009,DEPRESSION,24.5
2022,VA,Poquoson,51735,SLEEP,32.6
2022,TX,Wise,48497,SLEEP,42.8
2023,VA,Fairfax,51600,DEPRESSION,19.5
2022,VA,Shenandoah,51171,SLEEP,36.7
2022,WA,Columbia,53013,SLEEP,28.4
2023,TX,Williamson,48491,DEPRESSION,20.4
2023,VA,Rockingham,51165,DEPRESSION,23.9
2022,VA,Stafford,51179,SLEEP,37.8
2023,VA,Mecklenburg,51117,MHLTH,16.7
2023,TX,San Saba,48411,DEPRESSION,21.9
2023,VA,Emporia,51595,DEPRESSION,21.1
2023,UT,Sanpete,49039,MHLTH,18.6
2023,VA,Manassas,51683,DEPRESSION,20.0
2022,TX,Yoakum,48501,SLEEP,39.8
2022,WA,Benton,53005,SLEEP,31.3
2022,VA,Rappahannock,51157,SLEEP,35.0
2023,UT,Washington,49053,MHLTH,15.6
2022,TX,Wharton,48481,SLEEP,39.2
2023,UT,Carbon,49007,DEPRESSION,28.5
2022,UT,Iron,49021,SLEEP,31.9
2022,TX,Wichita,48485,SLEEP,38.6
2023,VA,Bath,51017,DEPRESSION,24.8
2023,VA,Page,51139,MHLTH,17.9
2023,VA,Goochland,51075,MHLTH,13.8
2023,TX,Ward,48475,DEPRESSION,21.3
2023,VA,Radford,51750,MHLTH,23.4
2023,VA,King George,51099,DEPRESSION,23.1
2023,TX,Wilson,48493,DEPRESSION,20.9
2023,UT,Carbon,49007,MHLTH,17.8
2023,VA,Fauquier,51061,DEPRESSION,22.1
2023,TX,Yoakum,48501,DEPRESSION,20.9
2022,VA,Manassas,51683,SLEEP,37.2
2023,VA,Floyd,51063,DEPRESSION,23.7
2023,VA,Washington,51191,MHLTH,16.5
2023,VA,Portsmouth,51740,MHLTH,19.4
2022,VA,Buena Vista,51530,SLEEP,36.4
2023,UT,Iron,49021,MHLTH,18.4
2023,VA,Spotsylvania,51177,MHLTH,16.4
2023,VA,Botetourt,51023,DEPRESSION,23.6
2022,VA,Caroline,51033,SLEEP,38.8
2022,VA,Halifax,51083,SLEEP,37.7
2022,VA,Alexandria,51510,SLEEP,34.3
2022,VA,Wise,51195,SLEEP,35.6
2023,UT,Grand,49019,DEPRESSION,25.3
2022,VA,Culpeper,51047,SLEEP,37.9
2023,TX,Washington,48477,DEPRESSION,21.7
2022,VT,Windham,50025,SLEEP,27.6
2022,UT,Cache,49005,SLEEP,32.3
2023,TX,Wichita,48485,DEPRESSION,23.9
2022,VA,Washington,51191,SLEEP,34.6
2023,VA,Charles City,51036,MHLTH,16.8
2023,VA,Amherst,51009,DEPRESSION,23.3
2023,VA,Galax,51640,DEPRESSION,26.5
2022,VA,Pulaski,51155,SLEEP,35.9
2023,UT,Washington,49053,DEPRESSION,25.4
2023,VT,Chittenden,50007,DEPRESSION,27.0
2023,VA,Buena Vista,51530,DEPRESSION,26.9
2023,VA,Winchester,51840,MHLTH,18.3
2023,VA,Mathews,51115,DEPRESSION,23.1
2023,WA,Asotin,53003,DEPRESSION,25.4
2023,VT,Rutland,50021,DEPRESSION,25.3
2022,VA,Franklin,51067,SLEEP,35.1
2023,VA,Accomack,51001,DEPRESSION,21.7
2023,VA,Clarke,51043,MHLTH,14.9
2023,VA,Hampton,51650,MHLTH,18.0
2022,VT,Washington,50023,SLEEP,25.2
2023,VA,King and Queen,51097,MHLTH,17.2
2022,VT,Lamoille,50015,SLEEP,29.9
2022,TX,Taylor,48441,SLEEP,36.9
2023,VA,Norfolk,51710,DEPRESSION,21.8
2023,WA,Clark,53011,DEPRESSION,26.9
2023,VA,Lunenburg,51111,MHLTH,18.0
2023,TX,Stonewall,48433,DEPRESSION,22.1
2023,VA,Pittsylvania,51143,DEPRESSION,22.9
2023,VA,Grayson,51077,DEPRESSION,24.9
2023,TX,Willacy,48489,MHLTH,18.4
2022,VA,Salem,51775,SLEEP,36.1
2023,VA,Craig,51045,DEPRESSION,24.2
2023,TX,Swisher,48437,DEPRESSION,21.9
2023,TX,Zapata,48505,MHLTH,18.8
2022,VA,Page,51139,SLEEP,35.7
2022,VA,Prince George,51149,SLEEP,41.4
2023,VA,Franklin,51067,DEPRESSION,24.0
2022,VA,Bedford,51019,SLEEP,34.4
2023,VA,Essex,51057,MHLTH,17.7
2023,VA,Poquoson,51735,DEPRESSION,23.1
2023,VA,York,51199,DEPRESSION,21.2
2022,UT,Juab,49023,SLEEP,34.9
2023,TX,Stephens,48429,DEPRESSION,22.8
2023,VA,Southampton,51175,MHLTH,16.7
2023,TX,Sherman,48421,DEPRESSION,21.0
2023,VA,Augusta,51015,DEPRESSION,24.7
2023,VA,Buckingham,51029,MHLTH,18.1
2023,TX,Somervell,48425,DEPRESSION,23.1
2022,VA,Botetourt,51023,SLEEP,33.8
2023,TX,San Augustine,48405,DEPRESSION,24.3
2023,VA,Chesterfield,51041,MHLTH,16.1
2023,VA,Greensville,51081,DEPRESSION,19.4
2022,VT,Chittenden,50007,SLEEP,25.6
2023,TX,San Patricio,48409,DEPRESSION,20.7
2023,TX,Schleicher,48413,DEPRESSION,20.2
2023,TX,Shackelford,48417,DEPRESSION,23.2
2022,UT,Weber,49057,SLEEP,33.5
2023,VA,Caroline,51033,MHLTH,17.4
2023,VA,Roanoke,51770,DEPRESSION,23.5
2023,VA,Lynchburg,51680,DEPRESSION,24.9
2023,VA,Lee,51105,MHLTH,19.4
2023,VT,Windham,50025,MHLTH,15.7
2022,VA,King and Queen,51097,SLEEP,38.9
2023,VA,Giles,51071,MHLTH,17.5
2023,TX,Val Verde,48465,MHLTH,17.2
2023,VA,Sussex,51183,DEPRESSION,20.2
2022,VT,Windsor,50027,SLEEP,30.1
2023,TX,Wharton,48481,MHLTH,17.3
2023,TX,Walker,48471,DEPRESSION,22.8
2023,VT,Essex,50009,MHLTH,16.8
2022,TX,San Patricio,48409,SLEEP,41.1
2022,VA,Pittsylvania,51143,SLEEP,35.3
2022,VA,Richmond,51159,SLEEP,38.6
2023,VA,King William,51101,MHLTH,17.1
2023,WA,Clallam,53009,MHLTH,15.1
2023,VA,Appomattox,51011,MHLTH,17.5
2023,UT,Wayne,49055,MHLTH,16.7
2022,TX,Shackelford,48417,SLEEP,35.3
2023,VA,Martinsville,51690,MHLTH,19.5
2023,UT,Wasatch,49051,MHLTH,14.5
2023,UT,Kane,49025,DEPRESSION,25.0
2023,VA,Lunenburg,51111,DEPRESSION,22.8
2022,UT,Grand,49019,SLEEP,35.9
2022,UT,Millard,49027,SLEEP,30.9
2023,VA,Louisa,51109,MHLTH,16.6
2023,VA,Petersburg,51730,DEPRESSION,20.9
2022,VA,Isle of Wight,51093,SLEEP,36.2
2023,VA,Henrico,51087,MHLTH,15.5
2023,WA,Adams,53001,MHLTH,18.3
2022,TX,Stonewall,48433,SLEEP,36.9
2022,TX,Somervell,48425,SLEEP,33.9
2023,VA,Franklin,51620,MHLTH,18.6
2022,VT,Orleans,50019,SLEEP,34.4
2023,UT,Garfield,49017,MHLTH,15.4
2022,VA,Winchester,51840,SLEEP,35.4
2023,WA,Benton,53005,MHLTH,16.2
2022,VA,York,51199,SLEEP,33.0
2023,VA,Dickenson,51051,MHLTH,19.3
2023,VA,Prince William,51153,DEPRESSION,20.0
2023,VA,Campbell,51031,DEPRESSION,23.1
2023,TX,Sabine,48403,MHLTH,16.8
2022,VA,Martinsville,51690,SLEEP,42.8
2023,WA,Columbia,53013,MHLTH,15.8
2023,TX,San Saba,48411,MHLTH,17.3
2023,TX,San Jacinto,48407,MHLTH,18.4
2023,VA,Suffolk,51800,MHLTH,16.9
2023,TX,Scurry,48415,MHLTH,17.5
2023,VA,Alleghany,51005,DEPRESSION,24.5
2022,VA,Charlottesville,51540,SLEEP,35.5
2022,VA,King William,51101,SLEEP,37.8
2023,VA,Richmond,51159,MHLTH,17.4
2023,VA,Bedford,51019,DEPRESSION,23.3
2023,VT,Lamoille,50015,DEPRESSION,27.5
2023,VA,Danville,51590,DEPRESSION,22.1
2023,VA,Mathews,51115,MHLTH,15.0
2023,UT,Box Elder,49003,MHLTH,17.9
2023,UT,Sanpete,49039,DEPRESSION,26.8
2023,VA,Culpeper,51047,MHLTH,16.7
2023,VA,Giles,51071,DEPRESSION,24.9
2023,TX,Trinity,48455,DEPRESSION,23.7
2022,UT,Davis,49011,SLEEP,33.6
2022,VA,Arlington,51013,SLEEP,28.3
2023,UT,Utah,49049,DEPRESSION,26.4
2023,UT,Daggett,49009,DEPRESSION,24.2
2023,TX,Throckmorton,48447,DEPRESSION,22.9
2023,VA,Chesapeake,51550,MHLTH,16.5
2023,TX,Tarrant,48439,DEPRESSION,22.7
2022,UT,Duchesne,49013,SLEEP,31.8
2022,VT,Bennington,50003,SLEEP,31.6
2022,VA,Petersburg,51730,SLEEP,47.7
2022,VA,Henrico,51087,SLEEP,36.4
2023,VA,Rockbridge,51163,MHLTH,15.9
2023,VA,Pulaski,51155,MHLTH,17.4
2023,VT,Lamoille,50015,MHLTH,15.7
2023,TX,Uvalde,48463,DEPRESSION,20.6
2023,VA,New Kent,51127,DEPRESSION,22.5
2023,VA,Virginia Beach,51810,MHLTH,16.3
2023,WA,Clark,53011,MHLTH,18.2
2022,VA,Falls Church,51610,SLEEP,31.9
2023,VA,Scott,51169,MHLTH,18.4
2022,VA,Clarke,51043,SLEEP,34.7
2023,TX,Terry,48445,MHLTH,18.6
2023,UT,Summit,49043,MHLTH,13.6
2023,TX,Somervell,48425,MHLTH,16.5
2023,VT,Bennington,50003,MHLTH,16.1
2023,TX,Willacy,48489,DEPRESSION,19.5
2023,VA,Westmoreland,51193,DEPRESSION,23.0
2023,VA,Powhatan,51145,DEPRESSION,22.4
2023,TX,Titus,48449,MHLTH,18.7
2023,VA,Fredericksburg,51630,MHLTH,18.4
2023,VA,Richmond,51760,MHLTH,18.2
2023,VA,Radford,51750,DEPRESSION,30.0
2023,UT,Kane,49025,MHLTH,15.5
2023,UT,Millard,49027,DEPRESSION,25.4
2023,TX,Swisher,48437,MHLTH,18.7
2023,VA,Goochland,51075,DEPRESSION,21.0
2023,VA,Norton,51720,DEPRESSION,27.1
2023,TX,Stonewall,48433,MHLTH,16.6
2023,TX,Taylor,48441,MHLTH,18.4
2023,TX,Sherman,48421,MHLTH,16.2
2023,TX,Zapata,48505,DEPRESSION,20.4
2023,VA,Salem,51775,MHLTH,17.2
2023,VA,Grayson,51077,MHLTH,18.3
2023,TX,Stephens,48429,MHLTH,17.7
2023,VA,Fairfax,51059,DEPRESSION,18.4
2023,VA,Portsmouth,51740,DEPRESSION,22.7
2023,VA,Mecklenburg,51117,DEPRESSION,22.7
2023,TX,Wood,48499,DEPRESSION,23.2
2022,VA,Bristol,51520,SLEEP,35.8
2023,VA,Rockingham,51165,MHLTH,17.0
2023,VA,Nottoway,51135,DEPRESSION,22.1
2022,UT,Box Elder,49003,SLEEP,37.6
2023,UT,Garfield,49017,DEPRESSION,24.7
2023,UT,Piute,49031,DEPRESSION,26.0
2022,TX,Sutton,48435,SLEEP,38.3
2022,VA,Amelia,51007,SLEEP,36.2
2022,VA,Essex,51057,SLEEP,40.6
2023,VA,Tazewell,51185,MHLTH,18.7
2022,VA,Goochland,51075,SLEEP,34.9
2022,VA,James City,51095,SLEEP,29.2
2022,TX,Shelby,48419,SLEEP,39.5
2023,VA,Fauquier,51061,MHLTH,15.3
2022,VA,Buckingham,51029,SLEEP,40.6
2023,VA,Wythe,51197,DEPRESSION,25.1
2023,VA,Bath,51017,MHLTH,17.7
2023,TX,Waller,48473,DEPRESSION,21.6
2022,TX,Smith,48423,SLEEP,39.1
2023,UT,Davis,49011,MHLTH,17.2
2022,TX,Tarrant,48439,SLEEP,39.5
2023,UT,Tooele,49045,DEPRESSION,27.8
2023,TX,Upshur,48459,MHLTH,18.9
2023,TX,Wheeler,48483,MHLTH,17.8
2023,VA,Nelson,51125,MHLTH,15.2
2023,TX,Trinity,48455,MHLTH,17.7
2023,VA,Orange,51137,DEPRESSION,23.4
2023,VA,Middlesex,51119,MHLTH,14.6
2023,TX,Uvalde,48463,MHLTH,17.0
2023,VA,Prince George,51149,MHLTH,18.4
2023,VA,Brunswick,51025,MHLTH,18.2
2022,VA,Prince William,51153,SLEEP,38.4
2023,VA,Norfolk,51710,MHLTH,18.8
2023,TX,Wilson,48493,MHLTH,16.0
2023,VA,Northampton,51131,MHLTH,15.5
2022,VA,Nelson,51125,SLEEP,33.8
2023,VA,Newport News,51700,DEPRESSION,22.2
2022,VA,Augusta,51015,SLEEP,35.4
2023,VA,Rappahannock,51157,DEPRESSION,22.9
2023,VA,Charlotte,51037,MHLTH,18.6
2023,WA,Chelan,53007,DEPRESSION,24.5
2023,VA,Amelia,51007,MHLTH,18.0
2022,VA,Wythe,51197,SLEEP,33.0
2023,VA,Colonial Heights,51570,DEPRESSION,22.9
2023,UT,Uintah,49047,MHLTH,18.7
2023,VA,Henry,51089,DEPRESSION,23.7
2022,VA,Greene,51079,SLEEP,34.9
2023,TX,Van Zandt,48467,MHLTH,18.1
2023,TX,Yoakum,48501,MHLTH,17.3
2023,VT,Windsor,50027,MHLTH,14.8
2023,TX,Webb,48479,MHLTH,17.2
2022,UT,Carbon,49007,SLEEP,34.6
2023,VA,Shenandoah,51171,MHLTH,17.4
2022,UT,Salt Lake,49035,SLEEP,35.2
2023,TX,Walker,48471,MHLTH,19.5
2023,TX,Ward,48475,MHLTH,17.9
2023,UT,Duchesne,49013,DEPRESSION,25.6
2022,WA,Chelan,53007,SLEEP,27.7
2023,VA,Halifax,51083,MHLTH,17.9
2022,WA,Clark,53011,SLEEP,30.0
2023,VT,Orleans,50019,MHLTH,17.0
2022,WA,Asotin,53003,SLEEP,30.2
2022,VA,Charlotte,51037,SLEEP,40.5
2023,VA,Charlottesville,51540,DEPRESSION,24.4
2023,VT,Orleans,50019,DEPRESSION,24.8
2023,VA,Madison,51113,MHLTH,16.4
2023,VA,Carroll,51035,DEPRESSION,25.8
2023,VT,Franklin,50011,MHLTH,17.0
2022,WA,Cowlitz,53015,SLEEP,35.6
2023,UT,Sevier,49041,MHLTH,17.6
2022,VA,Nottoway,51135,SLEEP,39.1
2023,VA,Hopewell,51670,MHLTH,20.7
2023,VA,Gloucester,51073,DEPRESSION,24.1
2022,VA,Waynesboro,51820,SLEEP,36.6
2022,VA,Northampton,51131,SLEEP,34.3
2023,UT,Cache,49005,DEPRESSION,27.7
2023,VA,Greene,51079,MHLTH,16.7
2023,VA,Harrisonburg,51660,MHLTH,21.1
2022,TX,Terrell,48443,SLEEP,34.3
2023,VA,Bland,51021,DEPRESSION,23.6
2022,UT,Daggett,49009,SLEEP,33.3
2022,TX,Travis,48453,SLEEP,32.3
2023,UT,Juab,49023,DEPRESSION,26.4
2023,VA,Albemarle,51003,DEPRESSION,20.9
2022,VA,Suffolk,51800,SLEEP,40.1
2023,VA,Stafford,51179,DEPRESSION,22.1
2022,VA,Brunswick,51025,SLEEP,44.5
2022,TX,Titus,48449,SLEEP,40.9
2022,TX,Upshur,48459,SLEEP,38.5
2023,VA,Powhatan,51145,MHLTH,15.8
2022,TX,Uvalde,48463,SLEEP,38.3
2023,VT,Bennington,50003,DEPRESSION,29.2
2023,VA,Warren,51187,DEPRESSION,24.4
2022,TX,Throckmorton,48447,SLEEP,35.6
2023,VA,Surry,51181,MHLTH,16.0
2022,UT,Wayne,49055,SLEEP,32.8
2023,VA,Hopewell,51670,DEPRESSION,24.1
2022,TX,Wilbarger,48487,SLEEP,39.5
2023,VA,Falls Church,51610,MHLTH,12.4
2022,VA,Hanover,51085,SLEEP,33.9
2022,TX,Young,48503,SLEEP,37.8
2022,UT,Tooele,49045,SLEEP,39.6
2023,VA,Prince Edward,51147,DEPRESSION,25.6
2022,VA,Appomattox,51011,SLEEP,37.3
2022,TX,Schleicher,48413,SLEEP,38.1
2023,UT,San Juan,49037,MHLTH,20.5
2023,VA,Bristol,51520,DEPRESSION,25.6
2023,WA,Douglas,53017,DEPRESSION,22.6
2023,TX,Sutton,48435,DEPRESSION,20.1
2023,VA,Williamsburg,51830,MHLTH,19.0
2022,TX,Ward,48475,SLEEP,39.8
2022,VA,Chesapeake,51550,SLEEP,39.4
2022,TX,Wood,48499,SLEEP,34.5
2023,WA,Columbia,53013,DEPRESSION,25.5
2022,VA,Rockbridge,51163,SLEEP,33.4
2022,TX,Wheeler,48483,SLEEP,38.0
2023,VA,Page,51139,DEPRESSION,25.1
2023,VA,Dinwiddie,51053,DEPRESSION,22.7
2023,VA,Emporia,51595,MHLTH,19.1
2022,TX,San Augustine,48405,SLEEP,39.5
2023,VA,Frederick,51069,DEPRESSION,22.3
2022,VA,Henry,51089,SLEEP,38.9
2022,TX,Stephens,48429,SLEEP,38.8
2023,VA,Patrick,51141,DEPRESSION,23.7
2023,VA,Cumberland,51049,MHLTH,17.2
2023,VA,Waynesboro,51820,MHLTH,17.7
2022,VA,Prince Edward,51147,SLEEP,39.2
2022,VA,Bland,51021,SLEEP,34.9
2022,UT,Sevier,49041,SLEEP,35.8
2023,VA,Lexington,51678,MHLTH,19.6
2023,TX,Shelby,48419,DEPRESSION,23.9
2022,VA,Giles,51071,SLEEP,35.0
2022,UT,Sanpete,49039,SLEEP,36.6
2023,VT,Essex,50009,DEPRESSION,26.2
2023,VA,Virginia Beach,51810,DEPRESSION,23.3
2023,UT,Weber,49057,MHLTH,18.6
2023,VA,Montgomery,51121,DEPRESSION,25.3
2022,VA,Highland,51091,SLEEP,30.3
2022,TX,Zapata,48505,SLEEP,41.9
2023,VA,Russell,51167,MHLTH,18.6
2023,VA,Arlington,51013,MHLTH,13.4
2023,UT,Emery,49015,MHLTH,17.3
2022,VA,Tazewell,51185,SLEEP,39.4
2022,VA,Patrick,51141,SLEEP,36.2
2022,VA,Albemarle,51003,SLEEP,31.6
2023,UT,Beaver,49001,MHLTH,16.9
2022,VA,Norfolk,51710,SLEEP,41.1
2023,TX,Wheeler,48483,DEPRESSION,23.4
2023,VA,Isle of Wight,51093,MHLTH,16.0
2023,TX,Terrell,48443,DEPRESSION,17.9
2022,TX,Victoria,48469,SLEEP,38.5
2023,VA,Galax,51640,MHLTH,19.8
2023,VA,Buchanan,51027,MHLTH,19.6
2022,TX,Val Verde,48465,SLEEP,38.5
2023,VA,Manassas Park,51685,DEPRESSION,20.4
2022,TX,Wilson,48493,SLEEP,37.7
2022,TX,Willacy,48489,SLEEP,41.0
2022,VA,Emporia,51595,SLEEP,44.4
2023,TX,Upshur,48459,DEPRESSION,24.9
2023,VA,Loudoun,51107,DEPRESSION,18.4
2023,TX,Zavala,48507,DEPRESSION,20.8
2023,UT,Salt Lake,49035,DEPRESSION,27.8
2022,VA,Bath,51017,SLEEP,36.5
2022,TX,Washington,48477,SLEEP,36.8
2023,VA,Wise,51195,DEPRESSION,26.3
2023,UT,Iron,49021,DEPRESSION,27.5
2023,WV,Roane,54087,DEPRESSION,31.5
2023,WA,Stevens,53065,MHLTH,16.0
2023,WA,Yakima,53077,DEPRESSION,22.6
2022,WY,Sweetwater,56037,SLEEP,38.6
2022,WI,Dodge,55027,SLEEP,36.0
2022,WI,Adams,55001,SLEEP,32.1
2023,WI,Wood,55141,MHLTH,15.7
2023,WA,Snohomish,53061,MHLTH,15.8
2023,WV,Brooke,54009,MHLTH,19.5
2023,WA,Wahkiakum,53069,MHLTH,16.0
2023,WI,Waushara,55137,MHLTH,15.3
2023,WA,Pierce,53053,MHLTH,18.1
2023,WY,Big Horn,56003,MHLTH,15.9
2023,WA,Skagit,53057,MHLTH,15.8
2023,WI,Burnett,55013,MHLTH,14.5
2022,WV,Gilmer,54021,SLEEP,41.9
2022,WI,Outagamie,55087,SLEEP,32.1
2023,WI,Vilas,55125,DEPRESSION,22.4
2023,WI,Marinette,55075,DEPRESSION,23.2
2023,WY,Johnson,56019,DEPRESSION,19.6
2023,WA,Thurston,53067,DEPRESSION,27.2
2023,WI,Taylor,55119,MHLTH,16.1
2022,WI,Price,55099,SLEEP,35.5
2023,WI,La Crosse,55063,MHLTH,16.3
2023,WA,Garfield,53023,MHLTH,15.4
2023,WV,Randolph,54083,DEPRESSION,30.7
2022,WI,Sheboygan,55117,SLEEP,31.8
2023,WI,Brown,55009,MHLTH,15.5
2022,WY,Sublette,56035,SLEEP,31.6
2022,WV,Greenbrier,54025,SLEEP,37.8
2023,WI,Kenosha,55059,MHLTH,16.0
2023,WV,Tucker,54093,DEPRESSION,29.3
2023,WA,Grays Harbor,53027,MHLTH,18.4
2023,WA,Jefferson,53031,MHLTH,13.4
2023,WY,Sublette,56035,DEPRESSION,20.2
2023,WA,Kitsap,53035,MHLTH,16.0
2023,WV,Mineral,54057,MHLTH,19.7
2023,WV,Wyoming,54109,MHLTH,22.4
2023,WV,Mercer,54055,DEPRESSION,31.1
2023,WI,St. Croix,55109,MHLTH,14.6
2023,WI,Winnebago,55139,DEPRESSION,23.4
2023,WI,Barron,55005,DEPRESSION,23.7
2023,WI,Brown,55009,DEPRESSION,23.2
2023,WY,Platte,56031,DEPRESSION,19.8
2023,WV,Hardy,54031,MHLTH,21.0
2022,WV,Doddridge,54017,SLEEP,43.5
2022,WI,Lafayette,55065,SLEEP,33.4
2023,WY,Platte,56031,MHLTH,15.2
2023,WY,Weston,56045,DEPRESSION,19.5
2023,WY,Goshen,56015,MHLTH,15.0
2023,WV,Marion,54049,MHLTH,21.4
2023,WY,Park,56029,DEPRESSION,20.9
2023,WI,Monroe,55081,DEPRESSION,25.2
2023,WV,Jackson,54035,MHLTH,20.6
2023,WV,Lewis,54041,DEPRESSION,31.0
2023,WI,Vernon,55123,MHLTH,15.9
2023,WV,Hampshire,54027,DEPRESSION,29.6
2022,WV,Braxton,54007,SLEEP,42.0
2023,WY,Sheridan,56033,MHLTH,14.8
2022,WI,Waushara,55137,SLEEP,31.3
2023,WA,Lewis,53041,MHLTH,17.8
2023,WA,Mason,53045,MHLTH,16.9
2023,WI,Oconto,55083,MHLTH,15.8
2023,WA,Pacific,53049,MHLTH,16.0
2022,WI,Langlade,55067,SLEEP,32.4
2023,WY,Carbon,56007,DEPRESSION,19.8
2023,WI,Menominee,55078,DEPRESSION,23.3
2023,WI,Grant,55043,DEPRESSION,24.4
2022,WV,Berkeley,54003,SLEEP,36.2
2023,WV,Grant,54023,DEPRESSION,28.8
2023,WV,Ohio,54069,DEPRESSION,29.5
2022,WV,Monroe,54063,SLEEP,40.3
2022,WY,Hot Springs,56017,SLEEP,30.2
2023,WV,Pendleton,54071,MHLTH,19.3
2022,WA,Grays Harbor,53027,SLEEP,39.1
2022,WI,Brown,55009,SLEEP,30.7
2022,WA,Jefferson,53031,SLEEP,26.5
2022,WA,Walla Walla,53071,SLEEP,29.0
2023,WI,Sawyer,55113,MHLTH,15.0
2022,WI,Washington,55131,SLEEP,32.5
2022,WA,Lewis,53041,SLEEP,36.0
2022,WI,Barron,55005,SLEEP,32.3
2022,WA,Lincoln,53043,SLEEP,31.5
2023,WV,Kanawha,54039,MHLTH,20.9
2022,WA,Yakima,53077,SLEEP,30.7
2023,WI,Forest,55041,DEPRESSION,25.4
2022,WA,Kittitas,53037,SLEEP,29.7
2022,WA,Stevens,53065,SLEEP,30.7
2022,WA,Okanogan,53047,SLEEP,34.2
2022,WI,Kewaunee,55061,SLEEP,34.7
2022,WA,Garfield,53023,SLEEP,31.2
2022,WA,Skamania,53059,SLEEP,32.0
2023,WV,Braxton,54007,DEPRESSION,30.2
2022,WA,Thurston,53067,SLEEP,34.3
2023,WV,Gilmer,54021,DEPRESSION,28.4
2023,WA,Kittitas,53037,DEPRESSION,26.4
2022,WA,Snohomish,53061,SLEEP,34.5
2023,WV,Jefferson,54037,DEPRESSION,27.8
2023,WI,Ashland,55003,MHLTH,16.6
2023,WA,Pierce,53053,DEPRESSION,26.5
2023,WI,Calumet,55015,DEPRESSION,23.4
2022,WA,Skagit,53057,SLEEP,30.5
2022,WA,Pierce,53053,SLEEP,37.0
2023,WI,Juneau,55057,MHLTH,16.4
2022,WI,Waupaca,55135,SLEEP,33.0
2022,WY,Platte,56031,SLEEP,32.3
2023,WI,Rusk,55107,DEPRESSION,22.7
2023,WV,Mingo,54059,DEPRESSION,34.0
2023,WV,Wetzel,54103,DEPRESSION,30.7
2023,WI,Walworth,55127,MHLTH,15.2
2023,WY,Weston,56045,MHLTH,15.5
2023,WI,Pepin,55091,DEPRESSION,22.6
2022,WI,Clark,55019,SLEEP,31.8
2022,WV,Wood,54107,SLEEP,41.3
2023,WV,Boone,54005,DEPRESSION,31.0
2023,WY,Uinta,56041,DEPRESSION,20.8
2023,WI,Columbia,55021,MHLTH,15.4
2022,WV,Preston,54077,SLEEP,38.7
2023,WY,Crook,56011,MHLTH,14.8
2022,WI,Juneau,55057,SLEEP,32.7
2023,WI,Marathon,55073,DEPRESSION,24.0
2023,WV,Wirt,54105,MHLTH,20.9
2023,WI,Buffalo,55011,DEPRESSION,23.4
2022,WV,Mercer,54055,SLEEP,42.1
2023,WY,Natrona,56025,DEPRESSION,23.2
2023,WY,Albany,56001,DEPRESSION,23.7
2023,WY,Campbell,56005,DEPRESSION,22.8
2023,WI,Chippewa,55017,MHLTH,15.8
2023,WI,Marquette,55077,MHLTH,15.3
2023,WY,Niobrara,56027,MHLTH,16.4
2023,WV,Mason,54053,MHLTH,21.6
2023,WV,Pocahontas,54075,MHLTH,20.6
2023,WI,Marathon,55073,MHLTH,14.8
2023,WI,Outagamie,55087,DEPRESSION,23.7
2022,WI,Calumet,55015,SLEEP,32.7
2022,WV,Mingo,54059,SLEEP,47.6
2023,WA,Snohomish,53061,DEPRESSION,25.0
2023,WV,Pleasants,54073,DEPRESSION,30.7
2022,WI,Manitowoc,55071,SLEEP,34.9
2022,WI,Marinette,55075,SLEEP,31.9
2022,WY,Albany,56001,SLEEP,30.6
2022,WV,Ohio,54069,SLEEP,39.2
2022,WI,Buffalo,55011,SLEEP,32.8
2023,WV,Barbour,54001,MHLTH,22.6
2023,WI,Dane,55025,DEPRESSION,24.3
2022,WI,La Crosse,55063,SLEEP,31.6
2023,WI,Trempealeau,55121,MHLTH,15.9
2023,WI,Iron,55051,MHLTH,14.1
2023,WA,San Juan,53055,DEPRESSION,22.5
2023,WV,Taylor,54091,DEPRESSION,30.2
2022,WI,Sawyer,55113,SLEEP,33.8
2022,WV,Wyoming,54109,SLEEP,44.4
2022,WY,Washakie,56043,SLEEP,31.4
2022,WV,Brooke,54009,SLEEP,43.5
2023,WI,Oneida,55085,DEPRESSION,23.5
2023,WV,Greenbrier,54025,DEPRESSION,29.4
2023,WI,Manitowoc,55071,MHLTH,14.9
2023,WI,Sauk,55111,MHLTH,15.7
2023,WI,Price,55099,DEPRESSION,22.0
2023,WI,Eau Claire,55035,MHLTH,16.8
2023,WI,Washburn,55129,DEPRESSION,21.6
2023,WV,Logan,54045,MHLTH,23.1
2023,WI,Oconto,55083,DEPRESSION,23.2
2023,WI,Shawano,55115,MHLTH,16.0
2023,WI,Iowa,55049,DEPRESSION,23.5
2022,WV,McDowell,54047,SLEEP,46.0
2023,WA,Pend Oreille,53051,DEPRESSION,24.6
2022,WI,Florence,55037,SLEEP,33.0
2023,WV,Monongalia,54061,MHLTH,20.9
2022,WV,Boone,54005,SLEEP,42.5
2022,WI,Washburn,55129,SLEEP,32.4
2023,WI,Waushara,55137,DEPRESSION,22.1
2023,WV,Upshur,54097,MHLTH,21.6
2023,WY,Uinta,56041,MHLTH,16.2
2022,WV,Summers,54089,SLEEP,41.5
2023,WV,Mingo,54059,MHLTH,24.1
2023,WA,Grays Harbor,53027,DEPRESSION,26.9
2023,WV,Tucker,54093,MHLTH,19.1
2023,WA,Jefferson,53031,DEPRESSION,23.7
2023,WV,Summers,54089,DEPRESSION,30.5
2023,WA,Klickitat,53039,DEPRESSION,24.0
2023,WV,Nicholas,54067,DEPRESSION,30.8
2023,WY,Carbon,56007,MHLTH,15.8
2022,WV,Pocahontas,54075,SLEEP,40.6
2023,WV,Hancock,54029,DEPRESSION,29.5
2023,WA,Garfield,53023,DEPRESSION,23.4
2023,WI,Dunn,55033,DEPRESSION,25.0
2023,WI,Wood,55141,DEPRESSION,22.7
2023,WI,Jefferson,55055,MHLTH,15.5
2023,WI,Douglas,55031,DEPRESSION,23.9
2023,WY,Teton,56039,DEPRESSION,18.0
2023,WA,Okanogan,53047,DEPRESSION,24.6
2022,WI,Pepin,55091,SLEEP,31.6
2023,WA,Kitsap,53035,DEPRESSION,25.1
2023,WY,Lincoln,56023,MHLTH,15.0
2023,WA,Lincoln,53043,DEPRESSION,23.0
2023,WV,Cabell,54011,DEPRESSION,32.4
2022,WV,Clay,54015,SLEEP,42.4
2023,WI,Rock,55105,MHLTH,16.0
2022,WV,Lincoln,54043,SLEEP,43.5
2022,WY,Niobrara,56027,SLEEP,31.4
2023,WI,Clark,55019,MHLTH,17.0
2023,WI,Lincoln,55069,MHLTH,15.7
2023,WV,Wood,54107,MHLTH,20.8
2023,WI,Manitowoc,55071,DEPRESSION,21.6
2023,WV,Raleigh,54081,DEPRESSION,30.6
2022,WY,Converse,56009,SLEEP,33.1
2023,WI,Portage,55097,MHLTH,16.2
2023,WI,Clark,55019,DEPRESSION,22.6
2023,WI,Adams,55001,MHLTH,14.9
2023,WI,Ozaukee,55089,DEPRESSION,21.8
2022,WV,Mineral,54057,SLEEP,37.0
2023,WA,Thurston,53067,MHLTH,16.9
2023,WI,Green,55045,DEPRESSION,23.0
2023,WI,Polk,55095,DEPRESSION,22.6
2023,WI,Langlade,55067,DEPRESSION,21.8
2022,WI,Monroe,55081,SLEEP,31.1
2023,WV,Tyler,54095,DEPRESSION,29.8
2023,WI,Washington,55131,DEPRESSION,22.3
2022,WV,Putnam,54079,SLEEP,40.3
2023,WV,Monroe,54063,DEPRESSION,30.3
2023,WV,Calhoun,54013,MHLTH,22.2
2023,WV,Wayne,54099,DEPRESSION,31.3
2022,WV,Pleasants,54073,SLEEP,42.6
2023,WI,Fond du Lac,55039,MHLTH,15.6
2023,WI,Calumet,55015,MHLTH,15.1
2023,WA,Pend Oreille,53051,MHLTH,16.8
2022,WI,Jackson,55053,SLEEP,35.5
2022,WY,Teton,56039,SLEEP,27.1
2022,WY,Lincoln,56023,SLEEP,31.1
2022,WI,St. Croix,55109,SLEEP,31.0
2022,WV,Cabell,54011,SLEEP,40.9
2023,WA,Whitman,53075,MHLTH,20.9
2022,WI,Douglas,55031,SLEEP,32.9
2023,WV,Clay,54015,DEPRESSION,31.5
2023,WI,Door,55029,MHLTH,13.0
2023,WI,Racine,55101,MHLTH,15.3
2022,WI,Chippewa,55017,SLEEP,32.7
2023,WI,Dodge,55027,DEPRESSION,22.8
2022,WI,Vernon,55123,SLEEP,30.6
2023,WV,Ritchie,54085,DEPRESSION,30.5
2023,WI,Jackson,55053,MHLTH,16.6
2023,WI,Kewaunee,55061,MHLTH,15.0
2023,WV,Mercer,54055,MHLTH,21.3
2023,WI,Jackson,55053,DEPRESSION,23.5
2022,WI,Iowa,55049,SLEEP,31.3
2023,WY,Lincoln,56023,DEPRESSION,19.9
2023,WI,Lafayette,55065,MHLTH,16.4
2023,WV,Morgan,54065,MHLTH,19.8
2022,WV,Tyler,54095,SLEEP,40.7
2023,WV,Harrison,54033,DEPRESSION,29.6
2023,WY,Laramie,56021,MHLTH,16.0
2022,WV,Lewis,54041,SLEEP,43.2
2022,WI,Winnebago,55139,SLEEP,31.1
2023,WV,Roane,54087,MHLTH,21.8
2023,WY,Campbell,56005,MHLTH,16.6
2023,WI,Sheboygan,55117,DEPRESSION,22.0
2023,WY,Fremont,56013,DEPRESSION,20.6
2023,WY,Albany,56001,MHLTH,17.1
2023,WI,Washington,55131,MHLTH,14.6
2023,WI,Milwaukee,55079,DEPRESSION,23.6
2023,WI,Green Lake,55047,MHLTH,15.8
2022,WI,Lincoln,55069,SLEEP,33.0
2022,WI,Waukesha,55133,SLEEP,30.8
2023,WI,Waukesha,55133,DEPRESSION,20.2
2023,WI,Bayfield,55007,MHLTH,13.9
2022,WI,Polk,55095,SLEEP,28.9
2023,WV,Doddridge,54017,DEPRESSION,29.2
2023,WA,Skagit,53057,DEPRESSION,25.5
2023,WI,Crawford,55023,DEPRESSION,23.2
2023,WA,Stevens,53065,DEPRESSION,24.3
2023,WA,Whatcom,53073,DEPRESSION,29.5
2023,WY,Sublette,56035,MHLTH,14.1
2022,WI,Vilas,55125,SLEEP,28.4
2022,WY,Campbell,56005,SLEEP,34.3
2023,WV,Putnam,54079,MHLTH,19.6
2023,WI,Florence,55037,DEPRESSION,22.4
2023,WI,Racine,55101,DEPRESSION,22.4
2022,WV,Hardy,54031,SLEEP,42.0
2022,WA,Grant,53025,SLEEP,32.4
2023,WA,Wahkiakum,53069,DEPRESSION,25.4
2023,WV,Harrison,54033,MHLTH,20.3
2022,WI,Richland,55103,SLEEP,32.7
2023,WV,Putnam,54079,DEPRESSION,30.1
2023,WV,Marshall,54051,DEPRESSION,29.9
2023,WA,Kittitas,53037,MHLTH,18.0
2022,WA,Franklin,53021,SLEEP,35.9
2023,WV,Fayette,54019,MHLTH,21.8
2023,WI,Florence,55037,MHLTH,14.0
2023,WV,Morgan,54065,DEPRESSION,29.1
2022,WY,Big Horn,56003,SLEEP,30.2
2022,WV,Roane,54087,SLEEP,42.8
2023,WA,King,53033,MHLTH,14.7
2022,WI,Milwaukee,55079,SLEEP,35.8
2023,WA,Island,53029,MHLTH,14.8
2022,WI,Wood,55141,SLEEP,31.5
2022,WI,Green Lake,55047,SLEEP,33.6
2023,WI,Kenosha,55059,DEPRESSION,24.1
2023,WV,Greenbrier,54025,MHLTH,20.8
2023,WI,Kewaunee,55061,DEPRESSION,22.6
2023,WI,Polk,55095,MHLTH,15.0
2023,WA,Franklin,53021,MHLTH,17.8
2023,WV,Berkeley,54003,MHLTH,21.6
2022,WI,Dane,55025,SLEEP,28.6
2023,WI,Door,55029,DEPRESSION,20.7
2023,WI,Columbia,55021,DEPRESSION,23.3
2023,WA,Whatcom,53073,MHLTH,17.9
2023,WA,Yakima,53077,MHLTH,17.8
2023,WA,Grant,53025,MHLTH,17.8
2023,WV,Tyler,54095,MHLTH,20.4
2023,WV,Calhoun,54013,DEPRESSION,30.9
2022,WI,Iron,55051,SLEEP,28.3
2023,WI,Fond du Lac,55039,DEPRESSION,24.4
2023,WI,Richland,55103,DEPRESSION,22.5
2023,WI,Bayfield,55007,DEPRESSION,23.0
2023,WI,Dodge,55027,MHLTH,16.0
2023,WI,Milwaukee,55079,MHLTH,17.0
2023,WY,Hot Springs,56017,MHLTH,14.7
2023,WV,McDowell,54047,MHLTH,23.8
2023,WI,Green,55045,MHLTH,15.0
2022,WI,Fond du Lac,55039,SLEEP,30.8
2022,WV,Wirt,54105,SLEEP,42.5
2022,WV,Upshur,54097,SLEEP,39.4
2023,WI,Waukesha,55133,MHLTH,12.9
2023,WI,Crawford,55023,MHLTH,15.8
2023,WI,Langlade,55067,MHLTH,15.8
2023,WY,Converse,56009,DEPRESSION,21.0
2022,WV,Randolph,54083,SLEEP,43.3
2023,WI,Portage,55097,DEPRESSION,24.6
2022,WV,Logan,54045,SLEEP,44.5
2023,WV,Berkeley,54003,DEPRESSION,29.5
2022,WV,Hampshire,54027,SLEEP,39.4
2023,WI,Price,55099,MHLTH,14.9
2023,WI,Monroe,55081,MHLTH,16.7
2023,WV,Raleigh,54081,MHLTH,22.3
2022,WA,Island,53029,SLEEP,29.0
2023,WV,Ritchie,54085,MHLTH,21.5
2023,WV,Preston,54077,DEPRESSION,30.5
2023,WI,Douglas,55031,MHLTH,16.0
2022,WY,Johnson,56019,SLEEP,29.9
2023,WI,Sauk,55111,DEPRESSION,24.2
2023,WI,Shawano,55115,DEPRESSION,22.0
2023,WI,Sheboygan,55117,MHLTH,15.4
2022,WI,Racine,55101,SLEEP,36.0
2022,WV,Webster,54101,SLEEP,39.4
2022,WA,Kitsap,53035,SLEEP,31.8
2023,WA,San Juan,53055,MHLTH,13.0
2022,WA,Pacific,53049,SLEEP,34.5
2022,WI,Pierce,55093,SLEEP,33.6
2023,WI,Adams,55001,DEPRESSION,22.6
2022,WA,Whitman,53075,SLEEP,29.0
2023,WA,Walla Walla,53071,MHLTH,16.8
2022,WA,Spokane,53063,SLEEP,32.6
2022,WA,Wahkiakum,53069,SLEEP,31.1
2023,WI,Ozaukee,55089,MHLTH,13.5
2022,WA,King,53033,SLEEP,29.0
2023,WV,Taylor,54091,MHLTH,21.0
2022,WA,Whatcom,53073,SLEEP,29.1
2023,WA,Spokane,53063,MHLTH,17.5
2023,WY,Laramie,56021,DEPRESSION,21.1
2023,WV,Clay,54015,MHLTH,22.3
2022,WI,Rusk,55107,SLEEP,31.6
2022,WV,Tucker,54093,SLEEP,37.2
2022,WA,Mason,53045,SLEEP,32.5
2023,WV,Summers,54089,MHLTH,21.5
2022,WV,Mason,54053,SLEEP,41.4
2022,WI,Walworth,55127,SLEEP,31.4
2022,WI,Door,55029,SLEEP,30.9
2022,WA,Klickitat,53039,SLEEP,32.1
2022,WV,Grant,54023,SLEEP,45.4
2022,WV,Taylor,54091,SLEEP,42.4
2022,WV,Jefferson,54037,SLEEP,36.7
2023,WV,Fayette,54019,DEPRESSION,31.2
2023,WV,Wood,54107,DEPRESSION,32.0
2023,WI,Forest,55041,MHLTH,17.5
2023,WV,Upshur,54097,DEPRESSION,30.3
2022,WI,Sauk,55111,SLEEP,34.2
2023,WY,Sweetwater,56037,DEPRESSION,23.6
2023,WI,Jefferson,55055,DEPRESSION,22.8
2023,WV,Marshall,54051,MHLTH,20.5
2022,WI,Grant,55043,SLEEP,34.3
2022,WI,Menominee,55078,SLEEP,38.2
2022,WA,San Juan,53055,SLEEP,26.6
2023,WA,Mason,53045,DEPRESSION,25.4
2022,WY,Sheridan,56033,SLEEP,29.3
2022,WA,Pend Oreille,53051,SLEEP,30.7
2023,WI,Lafayette,55065,DEPRESSION,24.0
2023,WI,Eau Claire,55035,DEPRESSION,26.0
2022,WV,Kanawha,54039,SLEEP,39.2
2023,WA,Island,53029,DEPRESSION,23.2
2023,WI,Iron,55051,DEPRESSION,21.3
2023,WI,Washburn,55129,MHLTH,14.7
2023,WY,Washakie,56043,DEPRESSION,20.3
2023,WV,Cabell,54011,MHLTH,21.9
2022,WI,Kenosha,55059,SLEEP,35.8
2023,WY,Park,56029,MHLTH,14.2
2023,WY,Niobrara,56027,DEPRESSION,22.3
2023,WY,Fremont,56013,MHLTH,16.3
2023,WI,Iowa,55049,MHLTH,15.1
2023,WI,Trempealeau,55121,DEPRESSION,23.2
2022,WI,Portage,55097,SLEEP,33.5
2023,WV,Pocahontas,54075,DEPRESSION,29.4
2022,WV,Barbour,54001,SLEEP,42.5
2023,WI,Dunn,55033,MHLTH,16.7
2023,WV,Jackson,54035,DEPRESSION,30.5
2023,WA,Whitman,53075,DEPRESSION,28.5
2022,WI,Shawano,55115,SLEEP,34.4
2023,WI,Lincoln,55069,DEPRESSION,23.9
2023,WI,Rock,55105,DEPRESSION,23.3
2023,WV,Preston,54077,MHLTH,21.2
2023,WI,Pepin,55091,MHLTH,14.8
2022,WY,Goshen,56015,SLEEP,30.5
2022,WI,Dunn,55033,SLEEP,33.9
2023,WV,Lincoln,54043,MHLTH,22.5
2023,WI,Oneida,55085,MHLTH,14.5
2022,WY,Fremont,56013,SLEEP,31.3
2023,WA,Skamania,53059,DEPRESSION,25.2
2023,WV,Hancock,54029,MHLTH,20.2
2023,WA,Klickitat,53039,MHLTH,16.1
2023,WA,Okanogan,53047,MHLTH,17.2
2023,WA,Franklin,53021,DEPRESSION,21.2
2022,WV,Hancock,54029,SLEEP,38.4
2023,WI,Menominee,55078,MHLTH,19.3
2023,WI,Burnett,55013,DEPRESSION,22.1
2023,WV,Jefferson,54037,MHLTH,18.6
2022,WY,Weston,56045,SLEEP,30.5
2022,WI,Jefferson,55055,SLEEP,31.0
2022,WV,Ritchie,54085,SLEEP,43.3
2023,WI,Buffalo,55011,MHLTH,15.3
2023,WI,Green Lake,55047,DEPRESSION,23.6
2023,WV,Ohio,54069,MHLTH,20.1
2022,WI,Ashland,55003,SLEEP,32.8
2022,WI,Oconto,55083,SLEEP,32.0
2023,WV,Wirt,54105,DEPRESSION,30.3
2023,WV,Wayne,54099,MHLTH,21.8
2023,WI,Walworth,55127,DEPRESSION,21.9
2022,WY,Park,56029,SLEEP,29.8
2023,WY,Washakie,56043,MHLTH,15.2
2023,WI,Ashland,55003,DEPRESSION,25.2
2023,WI,Chippewa,55017,DEPRESSION,24.1
2022,WY,Natrona,56025,SLEEP,34.5
2023,WY,Hot Springs,56017,DEPRESSION,20.7
2023,WV,Braxton,54007,MHLTH,22.0
2023,WI,La Crosse,55063,DEPRESSION,25.1
2023,WV,Mineral,54057,DEPRESSION,30.4
2023,WV,Lincoln,54043,DEPRESSION,32.5
2022,WV,Wayne,54099,SLEEP,44.3
2022,WI,Burnett,55013,SLEEP,30.8
2023,WI,Sawyer,55113,DEPRESSION,22.7
2023,WV,Gilmer,54021,MHLTH,21.4
2023,WV,Kanawha,54039,DEPRESSION,30.2
2023,WI,Pierce,55093,MHLTH,15.8
2022,WV,Fayette,54019,SLEEP,46.6
2022,WI,Trempealeau,55121,SLEEP,34.3
2023,WY,Natrona,56025,MHLTH,16.3
2023,WV,Grant,54023,MHLTH,20.0
2023,WV,Nicholas,54067,MHLTH,20.7
2023,WV,Boone,54005,MHLTH,21.6
2023,WY,Converse,56009,MHLTH,16.0
2022,WI,Taylor,55119,SLEEP,33.2
2022,WI,Rock,55105,SLEEP,37.2
2023,WI,Taylor,55119,DEPRESSION,21.6
2023,WV,Pendleton,54071,DEPRESSION,28.7
2023,WV,Pleasants,54073,MHLTH,20.9
2022,WI,Columbia,55021,SLEEP,32.0
2022,WV,Harrison,54033,SLEEP,39.0
2023,WI,Waupaca,55135,DEPRESSION,22.9
2023,WI,Vernon,55123,DEPRESSION,22.9
2022,WI,Eau Claire,55035,SLEEP,35.9
2023,WI,Waupaca,55135,MHLTH,15.7
2023,WI,Rusk,55107,MHLTH,15.9
2022,WY,Crook,56011,SLEEP,30.0
2022,WV,Monongalia,54061,SLEEP,39.0
2023,WY,Goshen,56015,DEPRESSION,20.9
2023,WV,Mason,54053,DEPRESSION,31.7
2023,WY,Big Horn,56003,DEPRESSION,21.6
2022,WI,Marquette,55077,SLEEP,33.6
2022,WV,Raleigh,54081,SLEEP,43.1
2023,WV,Wetzel,54103,MHLTH,21.3
2023,WV,Logan,54045,DEPRESSION,34.3
2022,WY,Uinta,56041,SLEEP,34.9
2023,WV,McDowell,54047,DEPRESSION,31.1
2022,WV,Marion,54049,SLEEP,40.2
2023,WV,Marion,54049,DEPRESSION,30.3
2022,WV,Marshall,54051,SLEEP,43.2
2023,WI,Winnebago,55139,MHLTH,16.1
2022,WV,Pendleton,54071,SLEEP,39.1
2023,WA,Skamania,53059,MHLTH,16.1
2023,WV,Monroe,54063,MHLTH,20.4
2023,WV,Hardy,54031,DEPRESSION,29.8
2023,WV,Hampshire,54027,MHLTH,20.1
2023,WI,Barron,55005,MHLTH,15.6
2023,WI,Pierce,55093,DEPRESSION,23.5
2022,WI,Bayfield,55007,SLEEP,31.5
2022,WV,Jackson,54035,SLEEP,43.1
2023,WI,Vilas,55125,MHLTH,13.6
2022,WI,Oneida,55085,SLEEP,31.6
2023,WA,Pacific,53049,DEPRESSION,25.2
2022,WI,Ozaukee,55089,SLEEP,28.6
2023,WY,Teton,56039,MHLTH,12.7
2023,WV,Webster,54101,DEPRESSION,31.4
2023,WY,Crook,56011,DEPRESSION,20.1
2022,WI,Forest,55041,SLEEP,34.5
2022,WY,Laramie,56021,SLEEP,33.5
2023,WA,King,53033,DEPRESSION,23.5
2023,WV,Brooke,54009,DEPRESSION,28.8
2022,WV,Calhoun,54013,SLEEP,41.2
2023,WV,Webster,54101,MHLTH,21.7
2023,WI,Outagamie,55087,MHLTH,15.5
2023,WI,Richland,55103,MHLTH,15.6
2023,WI,Juneau,55057,DEPRESSION,24.2
2023,WA,Grant,53025,DEPRESSION,23.7
2022,WI,Green,55045,SLEEP,32.0
2023,WY,Sheridan,56033,DEPRESSION,23.1
2023,WI,Marinette,55075,MHLTH,15.3
2023,WA,Lewis,53041,DEPRESSION,26.5
2023,WV,Monongalia,54061,DEPRESSION,29.4
2023,WI,Dane,55025,MHLTH,14.8
2023,WY,Johnson,56019,MHLTH,14.6
2022,WV,Nicholas,54067,SLEEP,41.2
2023,WV,Barbour,54001,DEPRESSION,31.9
2023,WA,Walla Walla,53071,DEPRESSION,24.8
2022,WI,Marathon,55073,SLEEP,30.1
2022,WV,Morgan,54065,SLEEP,40.1
2022,WY,Carbon,56007,SLEEP,32.1
2023,WI,Marquette,55077,DEPRESSION,23.3
2023,WA,Lincoln,53043,MHLTH,15.8
2023,WV,Randolph,54083,MHLTH,20.8
2023,WI,Grant,55043,MHLTH,17.3
2023,WV,Doddridge,54017,MHLTH,21.2
2022,WI,Crawford,55023,SLEEP,35.3
2023,WI,St. Croix,55109,DEPRESSION,22.6
2023,WV,Wyoming,54109,DEPRESSION,31.6
2023,WY,Sweetwater,56037,MHLTH,17.1
2023,WV,Lewis,54041,MHLTH,21.6
2023,WA,Spokane,53063,DEPRESSION,26.5
2022,WV,Wetzel,54103,SLEEP,44.6
