total_population,median_age,under_18_pct,over_64_pct,single_mother_pct,bachelors_pct,disability_pct,unemployment_pct,median_income,uninsured_pct,vacant_housing_pct,renter_pct,no_vehicle_pct,median_rent,depression_pct,mental_distress_pct,short_sleep_pct,low_birthweight_pct,child_poverty_pct,smoking_pct,obesity_pct,inactivity_pct,excessive_drinking_pct,food_insecurity_pct,some_college_pct,teen_birth_rate,mental_health_provider_rate,primary_care_rate,income_ratio,pm25,poor_mental_health_days,black_pct,hispanic_pct,asian_pct,native_american_pct,white_pct
58761,39.0,23.4,15.6,20.6,16.7,16.4,2.8,68315.0,7.4,8.8,24.5,4.0,1199.0,25.1,17.0,37.3,9.99582638,17.0,15.4,38.4,25.7,17.42627661,15.1,61.378732189999994,19.846153846,0.0003645885,0.0004399695,4.2737120382,9.3,5.832900762,20.99035498,3.8530376900000003,1.3092042,0.49550892999999996,71.36322959
233420,43.7,21.2,21.2,15.8,20.0,13.9,3.4,71039.0,9.3,27.4,22.1,2.3,1160.0,22.5,15.1,34.8,8.133285560000001,14.099999999999998,14.7,36.8,23.799999999999997,20.59871257,14.899999999999999,64.84787528,18.970019847,0.0012070673,0.000626844,4.3595257111,7.8,6.020777623,8.22146923,5.78208886,1.15144749,0.8488917500000001,82.26794525999999
24877,40.6,20.7,19.8,58.1,6.6,18.1,5.8,39712.0,10.7,22.8,35.0,11.7,627.0,22.1,18.5,43.0,12.45421245,34.8,21.9,43.8,34.9,14.0686442,19.0,44.07743125,35.930645498,0.0002847265,0.0004005768,5.6143391098,8.8,6.3399860323,46.48362823,6.21110433,0.58165548,0.82977425,44.76306691
22251,40.3,21.2,16.8,74.9,6.6,19.6,8.7,50669.0,8.4,20.2,24.3,7.5,765.0,24.4,18.9,40.6,10.01747234,21.4,21.8,41.4,32.2,16.501431059999998,19.1,43.533225279999996,29.232333503,0.0003658314,0.0006673488,5.3467271211,8.6,6.5659451695,20.36766051,3.6125846000000004,0.29723797,0.59447595,73.70587159
59077,40.8,23.0,18.3,31.6,9.4,17.0,6.0,57440.0,10.2,12.4,20.7,4.8,734.0,24.8,17.5,36.5,7.646305000000001,16.6,19.5,37.3,29.7,18.11242915,17.4,52.627112649999994,23.082358483,0.0002842049,0.0002032486,4.6197221786,8.8,6.4487020436,1.8255985,10.51558112,0.44302528,0.6419687000000001,85.44870938
10328,39.2,21.1,16.6,49.4,6.9,11.2,3.7,36136.0,12.2,24.0,35.3,10.4,619.0,21.1,20.1,49.8,14.1025641,39.800000000000004,24.9,49.4,39.900000000000006,12.769409060000001,16.900000000000002,36.31386861,35.938391329,0.0002020814,0.0001937984,6.8069917504,8.4,6.5114628472,69.92017783,6.17358796,0.34353845,0.78811761,22.299686769999997
18981,41.6,22.3,21.2,33.1,7.8,16.2,6.8,44429.0,11.0,27.5,29.2,5.0,720.0,22.5,18.3,41.8,12.99133911,37.4,20.4,45.5,34.300000000000004,14.351838240000001,17.1,41.57664905,34.91807682,0.0008704167,0.0002647744,5.2137173366,8.4,6.2540225973,44.67413774,1.75171363,1.4851485100000001,0.51680992,50.33184637
116162,39.2,21.2,17.9,59.2,11.5,20.2,6.9,54339.0,10.8,15.9,29.1,5.6,806.0,24.6,18.4,41.6,9.438692099999999,28.499999999999996,18.0,38.3,28.499999999999996,16.48615977,18.2,54.149051400000005,24.507465972,0.0016318958,0.0005863484,4.8695115258,8.9,6.5870060371,22.02887597,4.75826469,0.9009782799999999,0.52821891,69.69311769
34612,42.2,20.8,19.7,61.9,9.2,20.8,3.6,48805.0,10.8,20.0,27.8,7.0,842.0,22.7,18.3,41.4,13.075506449999999,26.0,20.9,45.4,33.7,15.6645978,16.900000000000002,52.51649157,28.806584362,0.0001467179,0.0004053154,5.0998743403,8.9,6.3401671944,39.12380058,4.13157663,0.8920449500000001,0.45189119000000005,54.36485812
25069,46.8,18.9,23.2,14.7,8.3,20.3,4.0,46621.0,10.2,31.9,20.3,3.2,700.0,25.0,17.4,35.4,7.63975155,20.5,17.599999999999998,40.2,26.900000000000002,17.79719779,17.9,50.10112153,26.613704071,0.0006623549,0.0004400704,4.5494250824,8.4,6.138263801,4.22348632,1.91693291,0.43247877,0.82209928,90.85171043
45140,39.9,23.7,16.8,31.0,8.2,19.4,5.3,62471.0,11.5,13.4,25.0,3.3,814.0,24.5,18.2,33.6,9.27991886,21.5,15.5,36.3,27.700000000000003,17.072533579999998,17.5,46.12614195,37.97983912,0.0008399561,0.0002208773,4.012359927,8.9,6.012328266,9.78656501,10.09024143,0.4501303,0.7107320500000001,77.94576898999999
12669,46.7,19.9,23.3,50.0,9.6,23.6,5.2,43299.0,8.2,26.8,18.0,5.7,616.0,23.3,17.8,41.5,10.79958463,35.8,20.8,45.800000000000004,33.5,14.91459521,18.0,47.62100082,28.350515464,0.0001632387,0.0003989468,5.5445040072,8.7,6.4015435682,40.46686255,1.25693764,0.33463924,0.25301992,56.85602351
23058,42.7,22.0,20.4,70.4,8.4,19.6,12.5,47549.0,9.5,30.2,27.7,10.6,723.0,22.6,18.0,42.4,13.228585909999998,28.7,20.5,44.4,32.9,15.2899742,18.9,41.39002136,26.820673453,0.0010296817,0.0003954306,5.6037895181,8.8,6.6390272976,45.22988763,1.2803868,0.44321082,0.64914715,51.39454716
14209,43.9,20.5,20.8,26.7,9.2,19.6,5.7,48074.0,8.1,22.1,21.7,6.4,576.0,24.4,18.0,39.3,8.84543762,25.0,21.5,39.6,32.1,16.81551957,18.0,51.806509410000004,32.180209171,0.0002126001,0.0002818887,4.8560251103,6.8,6.417060024,13.47175962,3.42994827,0.34724683,0.6378003,80.02976401000001
15144,42.2,22.8,19.6,67.0,11.0,21.4,2.6,51553.0,10.1,15.5,22.0,6.8,782.0,25.5,18.1,37.4,8.44155844,21.7,20.8,39.4,30.7,17.871318050000003,17.8,50.549450549999996,29.835390947,0.000447599,0.000264848,4.6473267495,8.3,6.2490935629,2.94775881,2.07813799,0.24937656,0.45399322000000003,92.75529125999999
53559,39.2,23.7,17.1,36.2,13.1,18.3,4.8,62199.0,10.9,15.7,30.5,4.0,921.0,24.3,17.7,40.5,8.18993683,21.0,14.6,34.1,26.900000000000002,17.27077888,17.8,61.43234937,26.30444157,0.0010962745,0.0005168531,5.2417204662,8.9,5.7011169945,16.36324425,9.94374854,1.73606743,1.45391154,67.95643657
57270,42.0,20.9,20.0,33.6,11.2,17.3,3.4,56149.0,7.9,16.0,29.0,4.7,810.0,24.5,17.3,40.2,10.13513514,20.5,18.8,40.9,29.2,17.14394499,17.599999999999998,58.02328073,25.978811608,0.0005997156,0.0006611685,4.6638112921,7.5,5.9668215216,15.49493669,3.65141105,0.79676496,0.72137215,77.25364541
11576,46.2,20.5,23.4,60.7,7.7,20.9,4.4,39888.0,8.6,31.0,25.3,7.0,718.0,22.3,18.3,41.8,14.620535709999999,43.1,19.8,44.7,33.2,14.35248623,17.1,38.04582793,31.513537506,0.0008054412,0.0004413842,5.3343410267,8.5,6.3399105524,44.361911580000005,3.08752461,0.54591015,0.68015035,49.75836764
37542,42.9,21.9,21.7,43.0,9.8,20.8,5.5,48772.0,10.3,23.9,25.0,6.4,701.0,24.3,18.0,34.5,9.61667787,22.400000000000002,18.9,44.6,27.900000000000002,16.42874528,19.2,50.71758985,35.142469471,0.0007904722,0.000479693,5.6305395739,8.6,6.614619881,12.31292159,2.07894182,0.5796796,0.7931070800000001,82.50421585
13205,42.3,22.9,19.8,49.2,11.9,16.9,6.1,48557.0,8.5,26.2,25.4,7.3,595.0,23.8,18.0,39.1,9.96309963,27.1,20.0,40.300000000000004,30.5,16.04956987,16.400000000000002,47.7896852,23.205997858,0.0006869705,0.0002293052,5.7584695098,8.5,6.3292273809,23.02877643,2.32806656,1.3739409200000001,0.7404014999999999,69.91832685
88284,41.4,22.3,18.8,26.8,12.1,18.2,4.3,58119.0,10.6,14.1,23.8,2.9,848.0,25.4,17.6,36.7,8.565679789999999,21.3,18.6,39.7,30.5,18.89960423,17.4,59.27217659,28.932050026,0.001641019,0.0004804684,4.5749921556,8.7,6.2115058788,1.23674144,5.11650148,0.67488263,0.67705616,91.06025039
49455,37.7,23.1,17.5,32.0,12.9,20.8,7.8,52813.0,10.0,15.0,39.9,5.2,829.0,24.8,18.5,38.9,8.88793474,22.0,18.5,44.3,29.299999999999997,16.37502767,19.0,58.69128554,34.207292093,0.0014036213,0.0002837339,4.8111002468,9.0,5.9443880491,21.18265124,7.2286499200000005,1.46177137,0.94243147,66.58779652
38326,40.4,23.6,19.4,48.4,10.1,19.8,9.1,37180.0,9.5,22.3,38.6,14.6,726.0,20.3,18.4,46.0,14.09395973,46.5,19.7,50.5,34.5,12.74228768,19.1,57.383665719999996,33.449477352,0.0007742292,0.0007177224,5.5928829504,8.7,6.471008746,70.59311489,1.13092769,0.61108807,0.29863127,26.49523019
71680,39.6,23.9,17.3,43.1,8.3,15.4,3.9,47920.0,14.6,16.4,26.1,4.2,684.0,26.3,18.9,40.3,8.3942877,28.799999999999997,22.5,38.9,34.1,16.199706329999998,19.400000000000002,50.092603309999994,30.157557853,0.0005511995,0.0004038266,4.7927204539,7.2,6.4124099684,1.49237278,17.29939781,0.54982155,2.1813722099999997,77.34432058
87694,38.9,21.7,15.8,46.4,15.8,15.2,4.2,73258.0,8.2,12.5,22.9,4.3,982.0,23.0,17.5,41.5,9.25382357,17.0,15.8,36.4,25.6,18.143360920000003,14.099999999999998,53.256385679999994,19.923672691,0.0003648788,0.0002239541,4.0420000595,9.4,5.9164665832,21.74124567,3.47740516,0.72865183,0.49756195000000003,71.95962008
36755,40.5,22.7,18.6,33.6,8.5,20.3,9.2,41153.0,12.3,22.1,32.9,6.1,659.0,24.0,19.6,45.0,9.49074074,28.999999999999996,21.7,43.5,32.7,14.59341843,19.3,36.83420855,38.204893366,0.0010120904,0.0002997357,5.3975738018,8.9,6.8351666864,30.77028284,2.37978008,0.33371629,3.6271130800000004,60.514798400000004
103348,41.9,21.4,19.4,52.2,10.8,17.4,6.0,52177.0,11.7,18.2,26.6,4.2,779.0,24.9,18.1,45.0,8.8615236,25.5,18.8,41.3,29.9,16.45143439,17.5,52.98256966,35.983384853,0.0015400858,0.0007367054,4.8791989664,7.9,5.9219199882,14.981451170000001,5.37577125,0.83590821,0.7816662,76.59360138
16297,43.7,21.1,21.2,9.0,8.3,23.5,9.6,45650.0,10.1,21.4,24.2,10.7,600.0,25.7,18.2,39.0,10.12048193,22.0,21.8,39.2,32.2,16.45710769,20.5,50.388026610000004,35.431825372,0.0001878875,0.0009908348,5.5408065546,8.3,6.5675612269,11.1730444,2.23586146,0.5448738,0.50103338,83.87298804
32011,39.3,24.7,17.1,46.0,10.3,17.0,3.8,47359.0,12.5,19.4,26.8,9.2,596.0,25.1,18.6,38.3,9.82292015,34.4,20.3,39.6,33.300000000000004,16.419637849999997,18.3,42.43792325,43.800931315,0.0001572228,0.000406085,4.5518775825,7.5,6.1730940488,3.66329162,20.60876674,0.39934595,1.84265141,73.33815483000001
26647,43.6,21.9,20.3,28.7,9.7,23.9,3.9,47608.0,12.1,16.8,24.3,6.8,696.0,25.7,18.3,40.2,8.55295873,27.0,18.0,38.2,30.2,16.632363559999998,20.599999999999998,48.30424761,28.828828829,0.0003705351,0.0002996142,4.3964702736,8.9,6.8754379536,8.740921890000001,5.53208834,0.50022232,1.26352453,81.89936268
7706,41.1,22.0,23.7,27.6,10.6,28.2,4.5,32796.0,13.9,32.8,26.5,13.2,682.0,20.4,19.0,48.9,16.875,46.800000000000004,23.9,51.0,39.900000000000006,11.6043825,21.099999999999998,35.31331593,52.825552826,0.0001362212,0.0003932363,5.2469433962,8.5,6.8579781145,79.45783953,0.7900830899999999,0.35417518,0.47677428000000005,17.89946874
14742,40.5,23.4,19.7,54.5,10.8,25.0,7.6,35851.0,7.0,27.6,22.5,11.5,668.0,21.2,18.4,43.9,12.149532709999999,32.2,18.6,44.4,32.0,13.461060450000002,19.1,51.167602720000005,32.427120865,0.0004701773,0.0002033347,6.0155182323,8.7,6.3393103025,57.65717356,1.30977969,0.39629232000000003,0.30897367,39.37399248
17282,44.6,20.4,22.9,47.7,14.0,20.6,5.3,58395.0,9.6,26.6,18.4,7.6,678.0,23.0,17.0,41.0,11.88694929,22.7,21.5,38.3,32.800000000000004,16.65613383,16.6,44.725632669999996,27.506654836,0.0007262976,0.0003436623,5.8215134206,9.0,6.1903098496,23.93429801,2.25152243,0.57545114,0.56986424,70.91457623000001
107040,40.4,22.9,18.2,45.2,14.3,16.8,5.0,55064.0,11.7,15.8,34.5,6.2,858.0,24.9,18.2,39.0,10.98064797,24.6,18.8,37.5,29.5,15.36726188,17.4,57.67757147,32.233098111,0.0019177223,0.0008189246,5.1652568239,9.3,6.121567757,27.20584168,4.75927053,1.26034925,0.6112739899999999,64.21696078
52618,43.0,20.6,20.6,36.1,10.2,21.7,6.0,46748.0,11.0,16.3,23.9,4.6,702.0,26.7,18.5,41.0,8.843710289999999,19.2,20.7,38.6,31.1,17.41202617,20.0,50.45908832,27.362701339,0.0005610938,0.0005116253,4.6348426085,7.9,6.4130811018,3.29736099,3.6676828699999997,0.60785157,1.5766734599999999,88.28810294
672265,37.9,22.7,16.3,32.7,21.2,14.9,5.4,63595.0,9.0,13.8,35.9,6.9,1086.0,22.7,16.8,37.6,11.47629876,21.5,15.0,39.7,26.5,16.022838710000002,15.2,69.14318106,20.455731196,0.0027078195,0.0011110778,5.4671421294,10.2,5.4820348912,42.976489490000006,5.47251073,1.8849139000000001,0.32433492,48.08966729
94329,40.8,19.4,20.1,31.1,16.1,15.3,3.6,56081.0,9.5,14.5,32.5,6.1,773.0,24.2,17.5,39.6,9.08808933,16.8,16.3,36.5,25.5,17.29068913,16.400000000000002,58.38279609,16.023816821,0.0019625261,0.0005423051,4.7957901743,7.3,6.0028806517,9.95310596,3.5149874999999997,1.11347532,0.5071580600000001,83.20077675
33116,42.7,21.7,18.6,31.3,10.1,21.4,3.0,54786.0,9.1,16.0,20.6,5.1,692.0,24.9,18.3,39.0,8.94988067,19.2,20.5,40.699999999999996,30.099999999999998,17.72483828,18.0,52.29002709,31.716705158,0.0012238075,0.0001813237,4.3071152268,7.9,6.4154725921,9.9307504,3.2595069,0.31639902,5.701152169999999,76.11187392
175126,33.0,20.9,12.7,28.6,22.1,13.2,3.8,59288.0,8.6,13.7,34.8,4.8,953.0,23.6,17.6,36.8,9.84050557,14.899999999999999,15.9,35.199999999999996,26.5,17.813291680000003,15.5,76.32713787,12.739504734,0.001353601,0.0004965636,6.401174743,9.3,5.8040378023,22.37535136,5.38274705,4.23600688,0.39570995999999997,66.03116557
104199,40.2,22.1,15.4,12.7,18.9,14.3,4.1,80146.0,8.2,9.5,22.3,3.1,861.0,23.7,16.4,39.4,8.66726411,11.3,15.5,35.8,24.4,17.24426356,14.799999999999999,66.37945656000001,19.748404403,0.000654142,0.0003441316,4.4251247691,7.8,5.5256578405,14.10330211,7.69009367,2.1953006399999997,0.87131718,73.19849286
10153,41.7,22.0,19.4,83.2,10.5,22.4,7.5,33125.0,8.9,17.0,22.5,11.1,760.0,20.9,19.1,48.1,15.140845070000001,42.1,21.9,49.6,36.199999999999996,12.616038490000001,18.0,45.48259145,29.984218832,0.0001029124,0.0001003512,6.3511284722,8.7,6.2636695937,71.8019965,1.7083462,0.48368838000000003,0.36019348,24.95626222
19198,37.8,16.6,20.2,91.4,10.7,18.4,12.5,41206.0,11.1,26.2,37.0,10.8,688.0,20.7,18.8,43.5,13.28320802,40.6,19.2,47.699999999999996,35.099999999999994,12.75262287,16.5,52.15698023,16.616072855,0.0047904192,0.0003175443,5.4340294257,8.9,6.3119901511,78.34512793,2.3244420299999997,0.5988024,0.33206315,17.29450191
389781,38.5,21.5,15.4,27.8,26.8,13.5,4.2,78058.0,7.8,6.9,32.0,4.1,1043.0,21.6,15.5,37.5,10.208497249999999,13.5,13.8,35.699999999999996,21.7,17.817074350000002,13.900000000000002,77.13874641000001,15.673399306,0.0020019389,0.0008552394,4.9246695904,7.1,5.4941697582,24.568347069999998,6.8225884599999995,2.70358701,0.7910809499999999,62.50339312
19180,41.7,22.7,19.9,28.4,12.7,22.6,2.8,42975.0,9.3,25.0,31.7,8.6,702.0,22.3,17.8,42.8,12.222222219999999,33.1,19.900000000000002,46.1,32.7,14.567990859999998,17.7,54.02635432,26.089159068,0.0004281738,0.0004211413,6.6424484365,8.7,6.1254510791,51.220295439999994,2.83665168,0.35859558999999996,0.26760865,44.294583599999996
29203,44.0,21.1,20.9,17.2,7.1,25.7,6.5,49743.0,11.0,22.1,27.1,5.0,581.0,25.7,18.2,37.6,10.707885300000001,24.3,18.8,39.5,29.799999999999997,17.298975210000002,20.0,58.68696187,35.5276907,0.0003077554,0.000239349,4.9441931385,7.8,6.2816112473,4.02817672,3.3100807000000003,0.37272603000000004,0.52660375,90.45958145
97923,38.8,25.2,17.2,35.7,14.5,14.1,3.8,58272.0,11.1,13.1,24.6,4.8,746.0,25.4,17.8,39.1,8.06277587,21.5,17.1,38.6,27.900000000000002,17.76697145,17.599999999999998,50.584102259999995,42.146810634,0.0028782405,0.0005497414,4.7301922082,8.7,6.0608387042,2.71745603,17.51756719,0.79598237,1.33788558,76.77855413
413878,38.2,23.2,16.7,48.7,15.7,13.8,5.9,55352.0,11.3,13.7,36.5,6.7,973.0,22.1,17.2,40.7,12.12318017,24.8,19.1,42.199999999999996,28.7,16.79938004,16.3,58.80152933,27.510135024,0.0013798465,0.0007117386,5.0727057531,8.0,5.9054366518,36.364055969999995,3.5455738,2.16597027,0.95811874,55.25119036
19816,43.7,21.1,21.0,79.1,7.8,16.4,12.2,39965.0,11.0,28.5,27.6,6.3,692.0,22.7,18.6,44.0,11.14023591,27.900000000000002,20.8,42.699999999999996,32.9,14.699517140000001,18.6,38.20224719,31.32977489,0.00119611,0.0004580619,5.6142645607,8.6,6.5175597287,41.692235690000004,1.44053253,0.5824535900000001,1.4197306200000002,53.01887774
228132,36.9,23.6,15.6,56.2,19.5,16.4,6.8,56707.0,10.6,14.9,42.8,6.9,1028.0,21.0,17.0,42.9,13.273550980000001,26.0,18.099999999999998,44.6,29.599999999999998,13.81942545,16.0,64.37651835,31.628918999,0.0022802027,0.0009673136,5.1317574962,7.9,5.7961044872,60.33069606,4.99111032,3.4811983300000002,0.34936439,29.546626370000002
123102,40.6,22.9,17.9,31.4,15.9,16.7,4.2,61588.0,11.0,10.0,27.3,5.1,791.0,24.0,16.8,38.7,9.03098869,16.8,17.5,38.7,29.599999999999998,17.09724888,16.400000000000002,57.25092918,30.301843949,0.0017261634,0.0005094285,4.8227272727,8.1,6.2283239006,12.904669429999998,10.63028937,0.71523899,1.16995517,72.72342228000001
8479,41.8,21.1,20.5,0.0,10.1,25.2,15.7,32332.0,6.6,22.8,29.9,10.4,560.0,22.1,19.8,45.1,15.49925484,50.3,23.5,50.0,38.800000000000004,12.21315262,21.4,34.589800440000005,20.66772655,0.0006461618,0.0003590664,3.3381129597,8.5,6.707255014,69.28146808,1.3827862499999999,0.56862238,0.37477384,27.50064616
18925,42.9,19.3,19.4,64.7,9.0,24.1,5.3,45339.0,8.5,18.7,25.8,7.8,578.0,22.3,18.2,41.2,12.168141590000001,30.3,19.6,43.8,32.6,14.96964556,19.3,43.26746792,33.189033189,0.0005351027,0.0003723206,5.2594753641,8.6,5.9946066314,38.725385270000004,6.72624144,0.37992295,0.3317637,52.74507705
32997,31.1,18.9,15.3,55.5,15.7,15.1,4.9,42616.0,8.9,25.3,37.0,6.7,750.0,24.7,19.5,38.7,11.6765286,32.5,16.400000000000002,40.6,29.7,15.2987689,17.0,61.9406049,14.658562746,0.0009656879,0.0004243582,6.018294368,8.6,6.3312687783,38.03301446,2.8246371100000003,2.03699792,0.7303014800000001,54.75450402999999
22179,44.1,20.9,20.9,42.6,12.1,19.0,3.2,49879.0,8.4,29.7,20.8,5.3,704.0,24.4,17.6,38.3,10.04439512,25.0,20.4,40.9,31.4,17.32653809,18.4,49.96944388,29.6206127,0.0003072062,0.0002728637,5.554450316,8.4,6.4101441782,17.89256561,2.87018345,0.64952164,0.57930308,76.3890108
58849,37.2,24.1,14.9,52.2,10.3,21.0,6.5,47420.0,11.7,14.3,38.8,8.8,908.0,23.9,18.8,42.8,11.45889548,26.700000000000003,20.3,46.9,33.0,15.937484800000002,18.8,60.813837729999996,29.46703109,0.0005617595,0.0001702939,4.88064076,8.7,6.1863666067,45.56720686,6.13169004,0.77965409,0.6707068,44.40283263
91719,41.0,22.3,17.4,36.5,13.3,16.3,4.3,73218.0,8.2,11.3,18.3,3.3,1044.0,25.0,17.4,35.1,9.10120311,14.299999999999999,15.2,33.0,24.8,18.97721781,15.2,58.721363000000004,22.311918376,0.0002930342,0.0001832924,3.8269602609,9.4,6.1660191764,11.26402378,3.0297639000000003,0.84142666,0.41862023,82.87529303
223916,40.0,22.8,16.2,19.2,29.8,12.0,3.1,90618.0,6.4,6.5,19.1,2.6,1272.0,21.6,14.6,34.2,8.70486999,9.4,11.200000000000001,32.1,20.8,17.88037444,12.5,76.26787702,9.3058204728,0.0013218884,0.0007712581,3.9271514099,10.0,5.5102492601,14.43004292,7.56094421,2.40686695,0.5210300400000001,73.80729614
12196,35.8,18.9,18.6,50.8,12.3,20.3,8.2,31726.0,9.7,24.2,30.7,7.7,770.0,21.5,19.4,46.0,14.08450704,45.4,20.7,45.2,35.8,12.53529791,18.7,52.94888598000001,18.878400888,0.0001705466,0.0005754686,4.4223984847,8.7,6.2204734491,69.10548306999999,1.44111879,1.68841136,0.20465592,26.51146926
81105,42.1,20.7,18.6,51.5,9.8,21.5,8.4,52457.0,9.4,15.0,28.1,7.7,750.0,22.7,17.7,43.5,11.09649844,22.8,18.5,42.6,31.4,15.529467550000001,18.099999999999998,51.28604832,25.57269222,0.0004190702,0.0002575929,5.4513799585,9.1,6.0200776465,32.3472859,2.44786274,0.67174481,0.40058177,62.32066262
41251,45.2,20.4,22.3,55.6,11.4,20.8,10.4,53282.0,9.5,27.8,24.5,6.9,701.0,23.5,16.9,40.8,13.10170105,22.6,17.599999999999998,41.9,29.299999999999997,16.66383272,17.599999999999998,51.88252181000001,28.575208361,0.0003933427,0.0004631548,4.9328691061,8.6,6.2517670193,26.40066868,2.92794454,0.5654300999999999,0.40563463000000005,68.54487794
231558,32.8,20.4,13.6,42.7,18.2,12.5,5.5,61645.0,6.7,16.4,37.7,5.7,974.0,25.0,18.4,41.0,11.55373964,23.799999999999997,17.599999999999998,41.4,28.000000000000004,16.25331217,15.2,65.53000876,15.309974553,0.0016893244,0.0006299365,5.3326788563,7.5,6.5292131425,32.28631731,5.4757701999999995,1.74282669,0.39600123000000004,59.05894942
64978,41.8,22.2,19.6,39.2,9.4,24.3,5.7,52987.0,12.1,18.0,22.5,4.7,698.0,26.6,18.5,42.6,10.96345515,23.3,21.8,42.9,34.0,16.26644103,19.5,56.26496409,37.194730077,0.0011895934,0.0004628344,5.3806643625,9.0,6.4541609527,6.12099864,3.8885799,0.50673588,0.61797058,87.45828699
15434,43.7,20.6,19.8,15.0,6.7,15.6,6.3,51184.0,9.2,29.2,11.6,4.1,698.0,24.1,17.7,42.9,11.26198083,26.200000000000003,21.2,41.5,31.900000000000002,16.085101530000003,16.2,51.962616819999994,30.792682927,0.0003328452,6.60197e-05,8.2778819705,9.0,6.3814539338,22.71335375,1.11835974,0.86539742,7.602183460000001,65.89668486
10441,41.1,23.0,20.8,27.1,7.8,21.2,10.7,38208.0,9.4,32.6,20.5,13.6,787.0,21.4,19.3,45.4,15.488215490000002,48.5,25.0,48.5,40.699999999999996,12.35842902,19.8,39.08629442,43.318348999,0.0003016895,9.57304e-05,6.8199073382,8.5,6.7226339066,68.845535,1.307321,0.2614642,0.25140788000000003,27.91633146
23655,45.4,20.2,21.7,36.1,8.1,22.5,4.4,49494.0,11.3,30.5,21.8,5.3,680.0,26.2,18.3,36.5,9.33254578,24.0,17.8,36.3,28.1,18.133498579999998,20.0,40.82470197,37.259100642,0.0002117657,0.0003805175,4.6426765312,8.1,6.4932545076,1.1308288499999999,3.83719453,0.41506078,0.9529456599999999,92.34678751
290674,34.5,23.9,12.0,33.1,23.0,11.2,5.2,95731.0,10.5,9.9,36.2,5.7,1405.0,21.3,16.1,34.6,6.89369397,9.9,13.600000000000001,29.599999999999998,19.900000000000002,20.9284073,11.200000000000001,70.09739169,15.008642377,0.0078161321,0.0011627059,4.0473686526,5.8,4.8801930787,5.11753911,9.601677879999999,10.379445950000001,9.686620640000001,55.191470769999995
96299,32.1,23.8,11.8,11.3,19.6,12.6,5.5,81655.0,8.6,16.2,40.0,4.8,1360.0,20.5,15.8,37.0,6.20193748,7.9,13.900000000000002,32.1,20.3,22.72623756,11.1,71.61736097,18.249756309,0.0085090679,0.0008578034,3.8908895333,11.9,5.184242118,4.72796288,8.821172500000001,3.4426402400000002,8.21910586,68.14740616
32108,39.0,20.6,14.8,16.3,25.8,11.5,4.5,95711.0,6.9,7.5,35.7,9.6,1464.0,21.0,14.8,32.6,5.49092601,9.5,14.799999999999999,32.800000000000004,20.3,24.09107558,10.4,71.00862712,6.0078101532,0.0107431469,0.001282332,3.9086982942,4.8,5.2163767018,1.25812074,7.41562351,7.34273491,12.457613689999999,63.20709872
108661,36.3,26.1,12.9,23.5,15.3,13.9,7.0,86435.0,13.3,22.2,23.5,3.7,1242.0,21.9,16.2,34.2,5.851510070000001,10.5,19.5,31.4,26.0,19.76236521,12.3,58.000897900000005,12.060913706,0.0036966652,0.0004878666,4.253557966,4.7,5.3541177236,1.25218025,5.50855179,1.75201104,6.972465919999999,77.31583925999999
66054,35.6,26.5,15.8,47.3,8.2,14.0,9.5,37483.0,23.6,31.8,20.0,12.7,635.0,20.4,21.2,41.8,8.39100346,35.699999999999996,27.1,39.1,31.6,17.58618857,21.5,56.35800557,24.015623351,0.0011993358,0.0004114411,8.0695606695,3.3,7.5754826296,0.63657051,6.62863645,0.58121656,73.18715788,19.3692724
125504,41.4,21.1,23.2,14.8,16.6,17.9,6.8,58421.0,7.7,15.9,29.8,6.0,893.0,19.9,15.2,33.9,8.05249694,19.6,15.299999999999999,32.9,24.0,20.5029187,14.799999999999999,62.28655775000001,23.582695611,0.0014441592,0.0005791353,5.0482321855,6.5,5.9292248021,3.68741977,34.791399229999996,2.22721438,1.78835045,55.7228819
144705,31.7,19.9,13.4,48.1,23.3,12.7,7.0,67266.0,11.2,24.9,40.9,5.4,1353.0,22.5,18.4,31.6,7.961286289999999,20.9,13.8,27.0,18.0,21.186707039999998,14.399999999999999,73.30045503,10.114942529,0.0025748934,0.0008203954,5.1058045026,5.3,6.1352985015,1.23484135,15.629326099999998,2.22465253,27.02807464,53.44703472
53419,50.6,19.4,29.6,54.5,11.8,21.2,6.9,55242.0,9.8,30.2,24.4,6.9,966.0,20.7,15.8,34.1,10.00300391,28.000000000000004,18.5,34.4,24.5,21.09248742,16.8,48.82884634,32.271944923,0.0009258745,0.0004478531,4.0172336783,6.0,6.638142438,0.6388534,18.28231765,0.8851360100000001,18.06566302,62.38727478
38453,34.1,26.3,14.0,29.4,9.0,12.9,6.0,64089.0,8.5,12.6,26.6,4.9,856.0,20.3,17.5,37.0,8.050970170000001,20.4,15.7,40.400000000000006,25.6,19.01367518,14.6,48.60770975,28.733306354,0.0005819102,0.0004097311,4.7326333409,5.4,5.9283869986,1.50031626,30.97533207,0.84503479,13.1486401,53.44718533
16681,57.3,16.2,40.5,54.3,8.4,23.2,10.7,46634.0,15.2,34.9,31.6,4.8,691.0,17.9,14.0,34.8,7.2319202,29.299999999999997,18.6,35.9,29.2,19.777080690000002,18.6,43.87096774,36.66921314,0.0008976661,0.0003656753,4.2223587783,4.2,6.157131773,0.98743268,25.2962298,1.3764213,17.103530820000003,58.56971873
4430871,37.1,23.1,15.6,33.9,21.9,11.7,4.8,80675.0,11.0,8.6,35.7,5.2,1437.0,18.6,14.9,34.4,7.6101821,13.900000000000002,11.799999999999999,32.7,22.0,19.6758292,12.0,68.45629216,16.111419833,0.0021378709,0.0006991968,4.1575128205,12.6,5.4517249661,6.0804370599999995,31.40589868,5.1415314599999995,2.93305241,53.21333723
214229,52.9,16.5,31.3,44.6,8.9,22.3,7.5,53592.0,9.1,19.4,27.4,4.4,976.0,19.2,15.1,39.0,7.28509383,22.7,17.599999999999998,36.6,27.3,21.76548363,16.400000000000002,53.082547170000005,23.239978684,0.0008047138,0.0005328629,4.4104706894,6.1,6.4955744996,1.28933039,17.63038599,1.4489319699999998,3.03287703,75.53267585
107110,38.7,25.9,19.0,50.6,10.1,17.9,9.7,50335.0,14.5,33.6,27.7,8.5,800.0,22.2,18.8,36.3,8.7197307,28.999999999999996,22.400000000000002,38.5,25.900000000000002,18.819904870000002,19.0,51.116465860000005,28.549530561,0.0010625143,0.0006287738,5.2009290374,5.3,6.7727710037,0.86649874,11.097778799999999,0.80512938,43.72429586,43.50629723
1042393,39.0,20.2,20.4,44.0,20.0,15.0,5.9,64323.0,9.1,10.2,35.9,7.2,1071.0,22.8,16.3,37.0,8.17908537,17.9,14.000000000000002,32.800000000000004,24.6,19.10174761,14.000000000000002,68.33127778,15.337423313,0.0024050897,0.0008706976,4.6958224087,6.2,5.8723951701,3.7843715299999996,36.62743778,3.5654020699999998,4.33602781,51.43571723
433338,39.8,22.0,20.8,32.3,14.4,16.1,6.4,73313.0,9.6,13.7,20.4,3.5,1317.0,19.8,16.2,39.7,6.98510683,12.4,15.1,38.9,25.2,19.51700792,12.3,56.39645559,20.267417312,0.0008962516,0.000177953,3.7087754439,16.1,6.1037866421,5.78474679,30.169606329999997,2.20696805,6.09657628,55.37059179
47838,37.3,26.3,18.5,54.3,14.0,12.9,9.8,51885.0,14.0,11.5,32.8,6.0,741.0,16.0,14.7,34.8,6.853281849999999,28.799999999999997,13.600000000000001,32.4,27.800000000000004,18.86213188,17.599999999999998,59.777138750000006,24.903459689,0.0005695919,0.0003759163,4.3294339169,10.4,5.0945073638,0.5695919300000001,82.10667643000001,0.9296554,1.5806176,15.812278769999999
237830,54.5,15.8,32.7,44.0,17.0,18.1,4.9,62430.0,10.9,12.5,26.9,3.9,1128.0,19.3,13.8,31.6,7.363555269999999,17.0,15.2,27.700000000000003,21.8,22.551564499999998,13.600000000000001,61.36379212000001,19.382000159,0.0022241761,0.0005531407,4.3416700834,5.7,5.7025655059,0.82061659,15.6920841,1.45896315,2.2394321500000003,78.74988458
204374,35.3,25.1,19.7,38.8,10.7,12.9,8.3,56439.0,13.5,19.5,30.9,5.3,950.0,17.9,15.3,34.0,6.4384361000000006,23.0,14.399999999999999,42.3,30.599999999999998,19.62214417,18.8,55.88768289,29.323964827,0.0008723343,0.0004251413,4.259008922,9.1,5.5814135288,1.8914647199999999,65.22762767,1.68182308,2.53211457,29.33951159
17024,41.4,22.9,19.9,18.1,10.4,20.9,6.5,58695.0,6.3,24.8,33.8,9.7,749.0,23.4,19.1,42.2,11.48459384,23.1,22.8,40.9,36.1,17.196020049999998,18.0,52.13609619,39.256198347,0.0014104372,0.0004784117,4.8072912322,7.2,6.6705969874,24.9708714,4.31103207,0.86465935,0.47832219,67.67032563
19018,43.1,22.6,21.1,26.9,8.2,22.9,6.0,44804.0,8.4,23.7,25.7,8.9,610.0,25.6,19.7,42.1,10.16371078,25.2,21.2,42.1,36.199999999999996,16.1251836,21.4,50.66176471,34.020362553,0.0008761362,0.0004284031,5.1716337725,7.4,6.5379921206,23.568064829999997,6.587449350000001,0.3614062,0.9363706100000001,67.66509692
41801,52.1,17.6,31.1,32.7,12.5,26.1,5.1,47403.0,6.5,16.4,25.7,4.4,810.0,25.7,17.2,35.2,6.58333333,20.599999999999998,21.0,41.3,29.099999999999998,18.64489206,19.7,60.04390778999999,24.67385139,0.0030553936,0.0008542141,3.9424048215,7.6,6.221456321,0.54577259,3.03906706,0.68338192,0.94693878,93.35976676
286528,35.7,25.7,13.6,27.2,22.9,10.0,2.9,85269.0,9.4,9.0,32.2,2.8,1113.0,23.7,16.5,33.9,7.41716293,9.0,13.8,34.2,23.1,19.46584837,14.000000000000002,67.04617257999999,19.267123391,0.0025272256,0.0005958623,3.9734624905,9.3,5.572248663,2.0037747599999998,18.71015038,4.87021443,1.94364866,69.87810799
37662,41.9,22.7,20.8,23.7,11.0,20.0,4.4,52275.0,7.4,12.6,29.9,5.5,687.0,25.4,18.4,37.6,6.976744190000001,18.7,20.0,39.4,29.5,20.15730636,18.099999999999998,59.292035399999996,25.062327779,0.0015053205,0.0006079831,4.1362731152,7.7,6.4717988903,0.54762523,3.35842201,0.7033480400000001,0.9654814399999999,92.53828186
10461,40.2,24.5,18.5,52.4,8.7,20.0,5.6,43688.0,12.5,29.8,35.1,8.6,636.0,23.2,19.1,42.6,12.51448436,28.7,22.3,41.5,35.6,16.23837762,18.2,45.93186373,34.15061296,0.0008907363,0.0005764796,7.0568940086,8.1,6.5140910167,27.54354711,16.45882819,0.62351544,1.73198733,53.55304829999999
28362,44.6,22.0,23.1,42.3,14.5,13.9,3.1,56826.0,12.4,18.0,23.6,5.0,751.0,24.2,17.5,35.8,7.857142860000001,19.400000000000002,18.099999999999998,35.6,29.5,19.3328198,17.4,41.310267499999995,35.416666667,0.0009023391,0.0006681906,4.9209257912,7.9,6.2341039492,0.67328382,15.964461720000001,2.7243701,1.40903727,76.14354132999999
10234,43.2,21.9,21.3,51.8,12.6,24.4,10.9,36593.0,9.8,21.9,32.1,11.4,536.0,21.5,18.7,46.1,13.34231806,37.2,23.400000000000002,44.6,38.5,14.165056000000002,21.2,50.37071362,38.914490527,0.0057664081,0.0005988622,5.7106595365,8.6,6.6672351359,52.39043825,6.668064579999999,0.80729713,0.63954707,38.67687146
21469,31.7,19.4,16.2,27.8,17.4,21.1,4.1,48071.0,9.3,20.8,37.6,6.3,690.0,26.0,20.5,41.1,8.86850153,20.4,21.5,40.400000000000006,33.4,16.53505452,19.0,54.243041410000004,16.994842944,0.0032904014,0.0004690212,4.7929515419,8.4,6.3880578882,22.55805208,5.89451913,0.83670208,0.75209176,68.12071073
14537,42.7,20.9,22.1,55.6,8.7,20.4,5.6,44685.0,8.0,19.3,26.5,5.9,639.0,26.8,19.2,37.1,8.34088849,22.3,23.599999999999998,38.1,33.6,19.1491894,20.7,49.43113772,38.797623209,0.0009858461,6.96864e-05,4.6947567358,8.1,6.4207026732,0.90134498,2.54911626,0.25350327,0.69009225,94.07788184
24948,49.5,18.9,27.4,11.6,11.4,22.0,6.0,52780.0,7.2,32.0,21.3,3.1,844.0,24.8,17.8,35.3,8.50793651,20.599999999999998,21.2,36.6,30.4,19.73534317,18.9,42.70080125,32.441911442,0.0012576145,0.0006795922,4.2061668182,8.1,6.4026850613,0.6445274099999999,3.05757516,0.54627628,0.84102967,93.26783258
22707,35.1,21.0,17.2,19.1,13.3,18.8,3.2,47441.0,7.4,29.2,27.7,4.2,690.0,23.7,20.0,39.9,10.99674973,27.800000000000004,19.8,41.099999999999994,31.3,17.416771410000003,19.1,52.4897481,19.242942145,0.0020316027,0.0006175018,6.2971982504,8.5,6.2209780707,34.91196388,3.55756208,1.0744920999999998,0.64108352,58.496614
20782,42.2,22.5,19.5,24.8,14.1,24.4,7.1,50282.0,7.3,12.8,31.8,7.5,698.0,24.9,19.1,39.5,8.72354073,23.0,24.099999999999998,41.3,35.199999999999996,17.9083267,21.099999999999998,49.64990452,29.702970297,0.0023722541,0.0005749054,5.1053636097,8.5,6.4132522648,11.41528681,5.02917873,0.6357640999999999,0.9489016499999999,79.79313944
111038,34.4,24.9,13.6,40.3,17.3,18.4,5.9,55169.0,8.6,10.1,40.3,6.8,870.0,26.5,19.5,40.8,10.49365034,23.1,19.8,37.5,33.0,17.10074204,18.7,62.27043487,25.465508069,0.0041318327,0.0012297492,5.114689313,8.5,6.420873373,18.086198279999998,6.471449999999999,1.32025651,0.57459669,71.78686411000001
60593,39.2,24.0,17.2,48.3,14.5,19.1,5.3,56702.0,8.9,10.7,24.5,4.8,789.0,26.1,19.0,37.1,8.75694996,18.3,18.9,39.5,30.0,18.1572988,19.3,51.58376963,29.413839317,0.0006786124,0.0003478088,4.0065654343,8.7,6.3313812175,1.7336931100000001,8.96414664,1.9130406700000002,2.7920053,81.89559064000001
47945,35.8,27.1,14.6,66.5,12.5,17.5,10.4,51860.0,8.6,12.9,43.8,9.6,831.0,23.9,20.2,42.1,14.54545455,29.299999999999997,22.6,41.5,35.699999999999996,15.0568848,17.0,52.70657673,47.680634592,0.0024183797,0.0002735402,5.2932675709,7.5,6.442830519,55.66940325,3.4493731299999997,0.73399945,0.51549672,38.36950296
16827,40.7,24.0,18.5,64.4,10.7,19.1,8.1,48129.0,7.4,13.8,33.8,9.3,815.0,25.3,19.8,41.3,9.5065312,25.4,21.8,38.5,32.9,17.06746498,19.5,47.56783183,31.085043988,0.0010353228,0.0004196391,5.6934072968,8.4,6.7260716419,22.80146163,2.2898903799999997,0.93788063,0.46285018000000006,72.11327649
6472,45.8,20.3,24.5,75.0,8.7,28.2,6.0,40085.0,5.4,34.8,28.4,7.7,563.0,21.7,17.6,43.6,10.50228311,26.900000000000002,22.1,44.0,35.099999999999994,16.97825636,16.6,60.25017373,28.201219512,0.0035569927,0.0001585289,5.1487765765,8.2,6.1671832892,39.62813258,4.17138238,0.53354891,0.9054163299999999,52.48181083
11285,40.7,25.3,19.2,59.6,8.3,20.4,5.2,38067.0,8.9,21.0,37.5,14.6,628.0,23.2,20.7,43.0,14.399999999999999,35.6,26.400000000000002,45.2,41.0,15.228117999999998,20.599999999999998,48.16494845,35.087719298,0.0006680027,0.0004508566,5.3077028603,8.5,6.9153880088,47.07510259,7.48162993,1.13560454,0.48668766,42.62811337
17309,37.5,23.0,17.8,38.4,17.0,19.0,3.2,44968.0,4.7,16.6,32.9,7.6,708.0,24.1,19.8,40.5,9.82620321,27.800000000000004,20.8,41.6,33.900000000000006,17.89363266,18.6,55.84656085,28.933897173,0.0066686338,0.0009351257,5.7182072149,8.3,6.4345745109,26.73945117,4.945411630000001,0.90292122,0.67276483,65.52375332
124611,33.8,22.6,13.3,31.2,20.2,14.1,3.3,61273.0,7.8,9.0,37.7,4.8,931.0,26.4,18.8,37.0,8.49472675,15.4,16.1,37.8,25.5,17.7738887,16.6,67.48223682,16.233668266,0.0019468877,0.0005914984,4.2268840378,9.1,6.6108090353,12.4339174,5.75216812,1.30125971,0.7495132800000001,77.61540888
17160,42.5,22.6,19.9,59.0,8.7,24.2,5.1,47695.0,6.7,13.5,26.3,5.6,684.0,27.0,19.8,40.6,7.680722889999999,23.7,24.4,40.1,35.5,18.2015037,21.3,52.6142132,29.200955668,0.0002289902,0.0003493857,4.6953458275,7.5,6.739481895,0.9445843799999999,3.56652164,1.37966567,1.8319212299999998,90.43966109
100021,45.4,19.8,24.0,64.8,15.8,22.1,5.7,54229.0,9.2,17.5,31.7,6.2,913.0,24.1,17.4,36.3,9.43794901,29.4,17.1,37.8,28.000000000000004,19.87653526,19.6,62.02002225,33.359683794,0.0029964724,0.00082727,4.7811629449,8.1,6.3364061806,8.37108154,7.58839092,0.924998,0.8057404,80.05191213
18022,40.2,21.7,18.2,47.7,13.7,19.6,3.3,68598.0,6.1,12.9,19.7,2.4,802.0,24.9,17.9,38.1,10.31866464,13.600000000000001,20.4,35.5,30.0,20.57563146,17.5,54.44714191,23.505365355,0.001305554,0.0001105583,4.5566429628,8.3,6.1388800288,3.2040472200000005,3.0027743,0.5711798899999999,0.5766197,91.26366752
45954,37.8,24.1,16.2,25.3,10.6,20.0,7.5,54879.0,9.1,7.8,35.6,4.9,808.0,27.8,20.0,40.6,8.73786408,19.1,22.5,37.6,33.1,18.57658047,19.900000000000002,49.33550754,40.486637415,0.0023960807,0.0004965779,4.3239213726,8.3,6.6090013579,2.48379436,3.8829343400000003,0.52842137,0.59688082,90.62747363
20037,40.4,25.2,18.3,28.6,9.6,20.1,4.4,45049.0,11.3,23.9,32.3,7.8,764.0,22.1,18.9,39.8,9.89637306,25.8,20.8,41.199999999999996,32.9,16.12453438,19.3,54.812956199999995,48.130736512,0.0011373624,0.0002538844,5.444047619,8.9,6.5288329625,29.281910770000003,15.649072019999998,0.64105878,0.9615881700000001,51.31055162
33129,42.6,19.6,19.2,35.2,10.1,24.7,4.6,50260.0,7.7,16.5,21.3,5.9,713.0,23.9,18.8,39.2,9.11867365,21.7,21.8,38.6,32.0,18.30210744,20.4,49.42285041,32.01725282,0.0024655722,0.0002413419,4.772009948,8.4,6.1981566373,11.15220398,4.28769018,0.54422996,0.7156173,81.22556979
12779,39.7,25.9,18.1,48.1,9.9,18.4,6.4,44824.0,12.4,15.3,27.4,4.4,732.0,24.3,18.9,40.4,10.44520548,22.5,19.3,39.7,31.0,17.62400054,18.0,48.83574575,35.3602115,0.0015957871,0.0004725154,4.2273992865,8.9,6.1036411478,20.537780259999998,12.56682359,0.92555653,1.6356818,63.033591320000006
37910,39.1,23.8,17.4,20.1,11.6,19.6,5.2,52361.0,10.1,13.6,30.6,6.1,774.0,26.1,19.3,39.5,9.3267449,18.099999999999998,24.099999999999998,39.6,34.1,18.597338930000003,20.200000000000003,56.86361126,32.856032856,0.0018528184,0.0007687618,4.6535020729,8.2,6.6205426688,2.37995825,9.01617954,0.9003131500000001,1.06993737,85.1539666
13748,47.7,17.3,25.4,18.6,13.3,26.2,7.5,46159.0,6.8,28.3,22.7,7.2,616.0,25.6,18.8,35.4,8.57142857,23.9,22.1,36.9,31.3,18.38196601,22.2,55.249138200000004,27.59810263,0.0008469193,0.0002875422,4.904991858,7.6,6.4214046702,2.7383725,3.07008257,0.47992095,0.77634272,91.58726798
16784,40.2,19.5,17.8,34.9,7.8,23.2,10.9,41929.0,8.4,14.1,33.4,8.0,650.0,26.3,21.0,42.5,10.24793388,32.0,24.6,40.6,36.8,17.54061549,21.6,45.8099397,50.333333333,0.00107245,0.0003569092,4.7424880807,7.1,6.5999666955,17.76692088,3.50333651,0.61367969,0.94137274,75.35748332
66934,39.5,21.5,17.7,65.1,14.0,19.1,7.8,46855.0,6.2,21.1,36.7,7.7,820.0,21.5,19.0,45.0,13.95953221,32.0,24.2,44.5,35.4,16.40284437,17.0,46.84399537,36.582294421,0.0024033553,0.0007288076,5.2166954085,8.7,6.4308613946,57.294104710000006,2.80862695,0.9707670300000001,0.50266254,37.04151678
25925,39.0,24.7,16.7,28.4,10.3,20.6,4.8,42470.0,8.2,13.9,29.6,5.2,710.0,25.4,19.5,40.9,7.6007326,19.6,23.599999999999998,39.1,37.0,17.914821,21.2,44.43903231,28.18572912,0.0024876574,0.0005416908,4.4560802545,7.9,6.5589110776,1.78728616,14.061005009999999,3.8845726999999997,1.35098932,76.87244058
6277,48.3,19.0,24.2,51.9,7.2,21.7,8.7,40262.0,9.3,35.5,23.0,7.4,659.0,23.9,19.5,41.8,8.03382664,30.599999999999998,26.1,42.9,39.0,16.17454549,19.400000000000002,52.90697674,45.534150613,0.0006562756,0.0003245173,5.7486263736,8.5,6.5639345556,33.60131255,4.216570959999999,0.75471698,0.8859721100000001,59.081214110000005
16258,39.8,22.5,18.8,52.9,8.7,23.4,6.7,43606.0,8.8,15.8,32.8,5.5,690.0,27.3,20.4,39.0,9.00900901,24.5,24.2,41.5,35.199999999999996,18.63626729,20.8,55.498652289999995,36.762761174,0.0022674347,0.0003068991,4.8957884721,8.2,6.9044557077,1.36046084,2.30420395,0.42897414,0.74764064,93.31413162999999
8666,41.6,18.6,19.7,82.0,6.4,24.8,14.3,33801.0,7.6,30.8,38.1,21.7,641.0,21.3,20.1,45.3,14.262295080000001,46.1,26.700000000000003,44.9,39.5,15.43980862,20.9,32.550644569999996,45.393858478,0.000365809,0.0001160227,7.4075720024,8.5,6.490972118,53.615412750000004,3.40202414,0.62187538,0.74381173,40.3975125
13016,40.6,14.7,15.0,34.8,5.5,17.8,4.0,50526.0,8.2,23.2,21.4,4.8,595.0,22.0,19.4,42.6,8.97959184,24.8,23.799999999999997,39.800000000000004,36.4,18.22588842,17.1,35.35169588,24.449877751,0.0014730966,7.67048e-05,4.5681390297,8.4,6.0802931527,30.45433401,5.21786323,0.6590169,0.63575748,61.978601330000004
12024,42.3,22.1,21.1,37.0,11.6,18.3,8.0,58627.0,4.9,22.1,16.1,4.9,683.0,24.5,18.7,38.7,10.66666667,25.3,20.8,38.9,32.1,18.2959898,15.7,55.63598759,40.702656384,8.47099e-05,0.0001674481,5.2632904176,9.3,6.1959839168,19.1613723,4.15925455,0.55061415,1.9144430300000002,72.02880136
21247,43.5,21.1,20.0,26.5,9.1,22.1,5.5,51131.0,6.7,14.1,25.9,5.2,693.0,25.8,18.7,39.0,9.78196818,22.5,21.099999999999998,37.7,32.4,19.02949886,19.2,50.73111292,38.902743142,0.0002336449,0.0001885458,4.045358355,8.1,6.536905905,1.3785046699999999,3.8084112099999996,2.02336449,1.28971963,89.86915888
74292,37.0,25.0,14.0,25.6,13.3,16.2,4.5,68078.0,7.5,8.8,27.6,4.9,944.0,25.8,18.8,38.4,8.34430546,11.799999999999999,18.0,38.0,26.1,18.40236964,16.2,55.434522959999995,21.75066313,0.0011060782,0.0001472123,4.042733182,9.0,5.7600405984,6.5245444,5.68576846,1.08501001,0.8664278900000001,83.78937112
16737,41.1,23.4,19.5,39.4,8.3,19.8,4.8,51514.0,10.4,18.5,20.2,3.2,718.0,25.6,19.3,37.6,7.44186047,20.5,23.1,36.0,34.300000000000004,18.33652828,18.4,36.67080745,32.883642496,0.001350211,0.0002948113,3.9533405255,7.7,6.4104175311,0.55133615,7.066104080000001,1.1983122400000001,1.7440225,86.97046414
16905,51.7,18.4,28.8,31.9,9.0,25.0,7.0,42891.0,7.3,25.0,17.8,4.2,749.0,24.8,17.7,37.1,8.21205821,26.0,20.5,36.8,29.099999999999998,19.93833183,20.599999999999998,56.022235949999995,25.371511417,0.0001141944,0.0002944988,3.8051708218,7.5,6.3886196786,0.64519813,2.92337559,0.70229531,1.15336302,92.81717483
42682,39.9,23.6,16.6,48.8,9.0,19.3,7.7,47613.0,10.2,19.8,33.7,8.9,831.0,24.6,20.1,40.9,10.14532492,27.3,23.9,43.7,35.0,17.04386281,19.2,48.9299433,38.195664909,0.0026641518,0.000679969,5.4960430686,9.3,6.2734570904,25.84227278,4.2697159,0.59648709,0.95249322,66.40339503
40361,37.0,26.0,15.0,64.1,9.2,20.8,9.8,50012.0,8.3,21.8,39.8,10.4,750.0,24.8,20.1,45.6,11.55804481,31.1,24.4,43.2,37.5,16.5951653,20.1,46.88459633,49.689440994,0.0014484132,0.0003529916,6.1228649569,8.3,6.7399036272,35.64907017,5.0668597900000005,0.58712464,0.57419238,56.92263922000001
6787,45.8,21.6,23.5,70.5,9.8,24.6,11.0,41786.0,8.7,26.9,36.4,15.6,543.0,22.9,18.9,40.9,9.27835052,38.1,24.2,43.4,38.1,15.878516340000001,20.3,47.81341108,60.50955414,0.0003071253,0.0004489002,5.9229268293,8.3,6.7407631004,39.72665848,3.28624079,0.8138820600000001,0.93673219,53.19410319
8555,50.5,18.0,27.0,11.4,11.8,26.9,7.3,47103.0,11.7,34.4,19.6,4.6,637.0,25.2,18.0,39.1,8.305084749999999,28.4,21.2,39.800000000000004,31.3,18.46119622,21.6,45.11545293,27.36318408,0.0002320186,0.0002322611,5.6243360434,7.8,6.4876232379,0.6612529,5.03480278,1.4037123,1.62412993,89.37354988
8292,44.7,22.5,21.0,86.9,8.4,22.4,7.8,43421.0,4.9,27.0,33.3,4.6,773.0,24.1,19.6,42.7,12.436115840000001,31.0,23.0,41.5,35.199999999999996,16.305623869999998,21.5,46.94477086,36.813518407,0.000862069,0.0002442897,4.5425161611,8.6,6.4863304982,29.815270939999998,4.98768473,0.48029557,0.45566502,62.487684730000005
22606,43.9,22.4,20.6,83.7,10.0,26.9,6.5,47348.0,6.5,29.1,26.2,12.4,723.0,23.2,19.1,41.0,11.31447587,25.3,20.9,42.5,33.4,16.04320589,18.5,55.17241378999999,35.96187175,0.0017895655,0.0005828028,4.8991259839,8.4,6.7160314448,39.65493507,2.748589,0.53686964,0.49557197,54.416555769999995
16373,39.7,26.4,19.6,84.7,9.6,22.5,13.3,37458.0,7.6,26.7,46.3,13.9,719.0,22.6,20.2,48.4,13.94784718,45.2,24.9,51.300000000000004,41.6,13.716838710000001,22.2,51.05435105,62.146892655,0.000735245,0.0006286936,6.2998591862,8.5,6.7988218786,61.95441481,2.19236682,0.78871733,0.5146714800000001,33.40017379
10205,43.3,21.7,20.5,6.9,12.1,24.0,3.1,49248.0,10.2,24.7,24.6,4.9,657.0,25.7,18.6,39.3,8.530183730000001,27.200000000000003,21.2,37.1,31.900000000000002,19.03416106,20.1,57.74526678,33.958891868,0.0004898119,0.0003973773,5.8609917547,8.4,6.3802968584,3.53644201,8.170062699999999,0.89145768,1.35188088,84.92358934
22997,39.9,23.9,18.3,5.3,8.3,23.6,5.1,43440.0,9.3,12.8,36.4,8.7,642.0,26.8,20.5,40.8,10.97087379,27.1,26.900000000000002,40.8,36.7,16.91892451,21.6,45.91112771,41.544763019,0.0027235791,8.82613e-05,4.9066213922,8.5,7.0117749484,8.474349239999999,3.8174755499999997,0.39290975999999994,0.48667232,84.60061615
19384,44.4,22.7,22.7,8.6,11.2,21.9,9.0,48449.0,9.5,20.0,20.1,5.3,730.0,25.0,18.8,37.3,6.47773279,26.200000000000003,21.8,37.0,32.2,18.81466533,19.7,58.25825826,32.317212927,0.0010804692,0.0007750736,4.6522869747,7.2,6.5735550129,0.64828154,7.12080675,1.01872813,2.5056596,86.69479317
63475,36.7,22.9,15.9,46.5,15.7,18.9,4.8,51678.0,8.5,12.1,28.0,4.5,810.0,24.6,19.3,36.5,7.693825210000001,16.0,19.2,36.1,28.499999999999996,17.68738065,19.2,54.218838479999995,21.926525889,0.002461567,0.000642744,4.4960265975,8.3,6.3660140121,3.0839255,11.46254238,1.2571021599999999,1.15956837,81.45000232000001
8217,46.5,20.0,23.6,48.2,9.9,23.3,4.1,47045.0,7.2,19.3,22.7,4.6,645.0,23.8,18.0,39.0,8.58143608,22.400000000000002,24.3,38.3,34.300000000000004,19.16396276,16.7,62.354988399999996,29.645697758,0.00024888,0.0001229256,4.1812525583,8.4,6.2306286863,10.340965650000001,2.5136884000000004,0.22399204,0.46042807,84.9800896
398322,37.7,23.0,16.2,36.2,21.8,15.6,5.2,58326.0,8.8,12.1,41.9,7.4,985.0,23.1,17.5,38.3,11.702338769999999,23.7,16.7,38.4,26.700000000000003,19.60491862,16.3,69.10325069999999,26.503580395,0.0052748813,0.0011789222,4.9778144914,9.6,6.3754230841,37.905647120000005,8.335562450000001,2.3694466899999997,0.49723881,48.92764913
18619,39.1,23.8,19.7,55.8,9.8,22.3,7.5,45993.0,7.5,16.3,26.6,6.0,674.0,26.8,20.3,37.0,8.24622532,23.599999999999998,23.200000000000003,37.4,33.800000000000004,19.11491316,20.5,51.045373670000004,36.199095023,0.0011635902,0.0005300822,4.7620124364,7.9,6.739352566,1.25879304,2.7820384,0.5130375,0.78277886,89.73396097
23138,38.8,21.3,17.4,71.2,7.4,20.9,6.6,39822.0,8.7,16.1,45.8,12.9,748.0,21.7,19.9,46.3,12.90018832,45.6,26.5,44.5,40.699999999999996,14.37351684,20.9,43.866171,62.598513848,0.0037102394,0.000571705,5.8045454545,8.5,6.5468891302,53.32790371,3.9545721899999995,0.6198814500000001,0.73752319,39.6497896
123988,40.3,23.0,18.3,28.4,19.6,15.8,3.8,73236.0,5.8,6.7,21.8,3.7,948.0,24.7,17.1,36.3,8.32539934,12.1,15.0,37.2,25.0,19.84900552,14.899999999999999,67.3800378,17.745342808,0.0016206955,0.0003912707,4.0522177063,8.9,5.7761068713,9.87543797,7.425100710000001,1.45322364,0.72082362,79.10769136
9871,42.8,23.2,20.8,4.2,9.2,20.3,5.7,45340.0,10.5,20.1,25.7,9.3,702.0,25.1,18.9,37.4,8.752997599999999,26.6,22.400000000000002,38.4,32.4,18.311948450000003,19.5,51.98902606,54.753608761,0.0004060501,0.0002036245,3.9930302025,7.7,6.3608523624,1.08618414,8.09054918,2.82204852,2.80174602,83.28088518999999
7880,46.9,20.2,25.3,23.1,11.1,26.5,5.2,42063.0,5.7,37.6,26.7,7.7,611.0,26.0,19.0,40.2,7.35849057,28.1,25.1,40.8,35.6,17.85322308,24.5,47.83477682,32.190342897,0.0021778119,0.0002538071,5.5917806382,7.3,6.8887432019,0.69177556,2.25467589,0.40994107,1.4732257199999998,92.80040994
128184,38.0,23.8,16.5,47.9,15.1,20.9,5.2,54047.0,11.2,8.9,39.9,6.3,805.0,24.9,18.9,37.7,8.53445261,17.7,19.1,35.9,33.300000000000004,16.7986197,19.6,59.47734139000001,29.587235519,0.003919503,0.0013084112,4.3285154616,9.0,6.6273341961,6.609707350000001,16.36121396,4.64608282,2.73590606,66.88484717
15913,34.9,28.3,13.7,32.3,7.8,14.0,4.6,53567.0,18.4,18.1,35.0,4.7,700.0,24.1,19.5,39.7,7.15158924,24.3,19.400000000000002,41.5,34.4,18.32138019,19.900000000000002,36.3022942,35.562233909,0.0006397134,0.0004435152,5.6901101359,9.0,6.2660147281,3.83828045,35.77917093,0.67809621,3.9406346,53.9406346
17422,47.4,20.7,25.3,61.5,7.5,24.3,6.2,43332.0,5.8,27.6,19.8,4.8,610.0,26.1,18.9,36.1,9.46791862,25.4,25.0,38.0,35.8,18.630068020000003,19.900000000000002,47.85116816,35.883748517,0.0020035619,0.000226989,4.6272634463,7.6,6.5569772854,1.22439893,2.6046304499999997,0.5454140700000001,1.10195904,92.52003562
12393,49.5,19.8,27.3,0.0,9.3,27.9,5.4,37664.0,8.6,30.4,27.7,7.6,669.0,25.3,18.3,39.7,7.86650775,26.3,23.599999999999998,37.2,33.5,17.61622404,23.0,51.666666670000005,35.178035178,0.0017362481,0.0004807307,4.7788832963,7.5,6.6571282541,0.63136295,2.31236682,0.49719832999999997,1.15223739,93.68637045
38815,41.3,23.9,18.4,40.8,12.3,16.3,3.7,49745.0,6.2,20.2,27.3,5.2,775.0,23.6,18.5,39.1,9.672386900000001,24.0,18.2,41.199999999999996,31.3,17.01744532,17.4,52.25877193,39.27680798,0.0019787684,0.0006259781,5.6275220126,8.5,6.3105835532,32.35821055,4.88274461,0.9385779599999999,0.5080621399999999,59.82030644
15900,49.7,19.4,26.8,22.5,10.4,26.4,4.7,45768.0,9.4,29.7,20.9,6.4,716.0,24.8,18.3,39.4,8.61889927,23.799999999999997,24.3,37.0,34.9,18.62659733,21.2,38.75994695,29.28734136,0.0009292529,0.0002548745,4.7786668026,7.9,6.9064845289,0.76198736,3.50018585,0.56994177,0.9478379400000001,92.32437121
247331,32.3,23.7,12.0,25.9,20.1,11.0,4.3,61985.0,12.2,7.1,45.4,4.6,935.0,24.6,18.8,34.7,7.83475783,13.5,17.2,33.5,28.4,21.31316798,16.6,64.26525977,20.730375819,0.0042936505,0.0007998176,4.5288659088,6.9,5.8729019911,3.70561539,18.708922610000002,2.6729217100000002,1.7002550200000002,68.15357734
77118,38.3,23.2,16.5,36.0,12.0,18.7,5.2,51144.0,9.6,13.8,33.6,6.3,793.0,26.3,19.6,37.5,8.06399483,19.6,21.6,40.400000000000006,34.2,19.16524635,18.7,50.224767209999996,25.261655566,0.0023708765,0.0006605619,4.488654644,8.5,6.3123229222,4.5747718399999995,5.07571509,0.8374547499999999,0.73165757,86.73201448
6259,45.2,21.5,24.0,58.0,8.5,18.1,6.7,49608.0,6.9,20.2,30.9,10.9,582.0,24.4,19.3,39.3,10.794297349999999,34.8,24.4,41.3,35.9,16.73669207,17.599999999999998,40.293890180000005,49.019607843,0.0006706908,0.0003270111,5.8788981615,8.2,6.527607746,24.76525822,2.12944333,0.33534541,0.60362173,69.90274983
20342,40.0,23.8,17.5,52.5,9.4,18.2,3.9,55879.0,8.2,16.6,31.5,5.8,647.0,25.1,18.8,38.8,8.69318182,23.0,21.2,38.7,35.199999999999996,18.40903174,18.0,42.95273944,34.865983874,0.0005986829,0.0005953858,4.0273057016,8.2,6.6213958284,1.80103772,21.09858312,1.78607064,1.35202554,73.21392936
40577,49.6,15.4,26.9,1.4,14.4,18.1,6.0,74853.0,4.8,16.3,21.0,5.4,1257.0,21.7,16.0,32.8,5.98607889,13.900000000000002,13.3,27.3,18.9,23.38239345,11.1,62.89908634,9.2116917626,0.0030374782,0.0004605056,4.0840688028,14.2,5.7026042145,2.74568893,16.459783310000002,2.00904068,2.20755304,74.69087082
213605,36.5,20.1,18.2,37.3,20.2,16.4,7.1,66085.0,6.6,10.5,41.9,6.1,1280.0,25.6,19.1,32.5,6.46451183,20.8,14.2,31.5,22.5,22.45329849,14.6,71.16797421999999,11.226642556,0.0088815091,0.0005856684,5.3638683529,16.1,6.1778189174,1.75989033,20.56455506,5.66968509,2.75471589,66.39652077
45674,52.1,16.8,28.8,23.6,14.5,21.3,6.2,77526.0,5.8,37.5,17.9,2.1,1621.0,23.2,16.7,33.3,6.6318927,15.5,14.799999999999999,29.4,20.1,22.41044497,13.100000000000001,59.72707424,11.429339788,0.0023193386,0.0003894334,4.6724392819,12.7,6.0115033085,0.8933748499999999,15.217437989999999,2.27853538,2.0852571699999998,77.09223666
21811,36.0,26.6,15.1,24.9,10.9,13.1,7.4,69619.0,9.1,8.3,36.9,4.6,1061.0,21.6,18.1,34.1,6.02597403,14.2,14.7,32.2,27.200000000000003,21.62408706,15.6,51.299394799999995,16.371847949,0.0024504243,0.0002737601,4.925413083,12.8,5.9830893069,1.08453964,63.43422426000001,1.76067523,2.9359713199999997,30.866270359999998
1162648,40.1,22.2,16.4,27.6,27.2,11.2,5.8,120020.0,4.7,3.7,32.8,5.1,2234.0,19.1,15.3,35.1,7.27197629,10.100000000000001,10.5,28.4,18.6,21.314643,9.2,71.83348385000001,7.1850689988,0.0041115993,0.0010142817,4.6891812029,11.1,5.1478808915,8.45678665,27.812644749999997,20.65842731,1.11997576,38.683578280000006
27462,40.0,21.1,19.2,32.7,11.1,19.3,6.3,61149.0,6.1,14.2,31.9,7.3,1146.0,23.5,18.3,38.1,6.56431975,21.0,19.2,33.800000000000004,26.5,21.88632416,14.6,57.08523797,23.622047244,0.0050396781,0.0006049822,5.0230864059,10.3,6.1820699065,2.57249238,19.79013878,3.38109745,10.03798563,62.649968030000004
191713,46.2,19.7,22.2,27.0,25.2,12.3,4.6,99246.0,4.2,19.7,23.9,3.8,1597.0,22.3,15.5,32.1,6.61615228,7.8,10.6,24.8,15.2,24.6873955,9.9,72.70033109,5.6281675113,0.0043753089,0.0007556115,4.7706186737,14.6,5.2220606917,0.9317691100000001,14.731940800000002,5.66657129,1.35941524,74.4582889
1008280,32.8,28.1,12.5,36.5,15.5,12.9,8.6,67756.0,7.2,6.2,45.8,7.4,1207.0,21.4,18.4,35.9,7.618346970000001,23.3,14.2,39.0,26.1,17.09540091,16.2,58.16164652,19.889342787,0.0048881103,0.0006758217,5.1282005372,20.3,5.9953952187,4.6912881099999995,54.930286419999995,12.153619579999999,3.18366199,26.37790244
28657,35.8,26.5,16.9,26.4,11.5,12.7,7.7,64033.0,10.9,10.7,39.4,3.6,978.0,22.6,18.4,36.2,5.9771922900000005,15.1,15.6,34.1,26.5,21.02629788,14.099999999999998,50.8897779,16.520467836,0.001990828,0.000173581,3.9278257469,17.0,6.1463182226,0.76433574,45.53663479,2.94002631,3.4910590499999996,47.534572860000004
136132,39.5,18.8,18.9,34.6,20.3,17.9,9.2,57881.0,6.1,12.5,43.2,7.0,1191.0,26.1,19.7,34.9,6.196962930000001,18.5,17.299999999999997,33.1,21.7,22.10208654,15.8,69.10044259,10.201126307,0.0062395044,0.0006089062,5.1819366398,8.8,6.3216521423,1.25088629,14.44116879,3.09512259,6.4186289499999996,70.9728701
179578,32.6,28.4,13.2,59.4,11.8,14.2,13.2,53847.0,6.8,17.4,42.3,6.3,961.0,19.9,18.0,41.0,6.24217594,22.1,14.000000000000002,38.5,32.300000000000004,19.07668111,21.0,56.17903571,21.019409138,0.0020552115,0.0002502071,5.4730735852,11.9,5.8926336354,2.21605411,86.30324422,2.13172342,2.71366101,8.95133952
18829,44.6,20.4,23.8,26.7,17.4,16.7,4.9,63417.0,6.7,17.1,34.0,5.2,1131.0,22.2,16.3,31.8,8.408903539999999,14.2,13.8,29.9,19.7,23.34208722,12.9,68.34285714,20.694046482,0.0054515032,0.0006852926,4.7998126902,12.2,5.7494464163,0.96075997,24.55875209,1.90532736,13.97959734,58.96799266
906883,32.2,28.8,11.3,42.4,12.1,11.4,8.4,63883.0,7.8,8.0,40.4,6.4,1161.0,22.8,20.0,38.5,7.58587139,24.8,16.6,35.9,30.8,18.676260929999998,15.9,51.90024074,23.184762229,0.0025431704,0.0004783839,4.8703088915,21.1,5.7283201794,5.05132302,57.137948390000005,5.8706309800000005,2.77406929,30.01050535
152515,32.1,26.9,10.5,34.5,10.0,12.4,9.2,68540.0,7.4,6.2,45.1,4.8,1201.0,21.1,19.5,36.2,6.67499671,20.3,16.3,31.900000000000002,29.799999999999997,20.50981569,15.1,49.4649573,23.791969147,0.0025019321,0.0003714734,4.0896263137,20.0,5.9941440804,6.02297586,58.76855163,4.36331722,3.25513158,28.05831729
68024,44.5,21.3,23.2,48.0,12.1,19.8,10.4,56259.0,6.5,22.8,30.5,5.6,1206.0,24.0,18.1,33.4,7.292727640000001,21.6,14.099999999999998,30.7,22.3,21.56804971,15.4,56.06414751,23.745819398,0.0039040632,0.00042172,5.3694309752,9.6,6.1170745601,1.78702967,25.420607560000004,1.62055452,4.78358231,64.94298595
31873,37.2,17.1,15.2,33.1,9.0,17.9,7.9,59515.0,7.4,27.2,31.3,5.1,1038.0,22.9,19.2,39.3,8.20825516,17.2,16.900000000000002,32.800000000000004,23.7,22.54141653,13.700000000000001,42.63474144,25.088028169,0.0031530439,0.0002714195,4.4094633793,12.4,6.1640001677,6.267974079999999,21.814905930000002,1.7359065900000001,4.4419805299999995,63.473199130000005
9936690,37.4,21.1,14.2,35.4,22.3,10.6,7.0,83411.0,9.0,6.6,53.8,8.7,1805.0,19.0,16.2,35.5,7.4894370200000004,17.599999999999998,10.6,26.200000000000003,22.6,19.42838403,13.200000000000001,67.10153048000001,10.780656697,0.004778987,0.0007539516,5.3428062361,15.6,5.5694706835,7.95774134,48.5949948,16.03906308,1.5355655799999999,25.271921889999998
157243,34.4,27.3,14.2,35.1,11.6,13.9,11.1,73543.0,7.6,12.1,34.5,4.3,1185.0,21.8,19.8,37.1,6.3304063699999995,24.2,15.2,35.199999999999996,28.599999999999998,20.07249475,15.8,50.8365599,21.308027443,0.0019956035,0.0004704849,4.6663753197,17.1,6.2436376222,3.01919464,61.312308879999996,3.16779034,4.5898881199999995,30.318436920000003
17130,51.6,17.1,29.3,2.8,19.5,18.9,6.2,60021.0,7.2,22.7,26.2,5.2,1134.0,22.6,16.2,33.1,7.36629667,21.9,16.900000000000002,32.300000000000004,22.1,22.436134499999998,14.299999999999999,75.77931034,18.839487566,0.0033689934,0.000233277,5.0625473161,21.3,5.9768592698,1.27076068,15.396891069999999,1.9741119500000002,3.57586146,75.59548437
91145,43.7,21.1,23.3,24.1,14.4,18.7,9.1,61335.0,9.2,16.5,39.1,8.0,1240.0,23.0,17.8,33.6,6.70535139,18.8,14.499999999999998,29.4,21.6,22.39072208,15.1,56.55215371,18.407409565,0.0065987341,0.0007776135,5.0800759734,12.4,6.2375346228,0.77770795,28.1175652,2.44085828,6.48538852,61.989944789999996
282290,31.5,29.2,11.4,44.7,10.2,12.8,10.7,64772.0,9.0,5.8,46.6,7.2,1200.0,21.5,19.0,38.7,6.543095459999999,22.7,18.0,34.5,31.1,18.8170736,16.6,47.85999182,18.600355406,0.0025143875,0.0004189052,4.6268842383,15.3,5.9190111447,2.92443135,63.87332146,8.071046860000001,2.65243902,23.338243350000003
8651,47.5,18.9,29.7,30.9,16.3,17.4,7.6,54962.0,8.7,28.9,24.9,5.7,796.0,23.9,17.4,32.1,9.35960591,28.199999999999996,14.099999999999998,30.0,21.5,21.88355512,15.1,55.46311703,19.97146933,0.0041176471,0.0004618404,3.8941339127,10.4,6.1582357202,0.95294118,15.82352941,1.36470588,5.71764706,75.11764706000001
13219,40.5,19.0,15.7,23.7,19.7,8.0,1.9,82038.0,14.7,59.8,31.6,2.4,1259.0,22.8,16.9,32.5,8.55188141,10.7,12.6,29.099999999999998,19.1,23.40131415,10.299999999999999,78.36100696,10.258514567,0.0022960355,0.0008303767,3.6315687509,39.1,5.6681806171,0.83422624,27.3687433,2.26542171,3.00015307,65.13852748
437609,35.1,25.8,14.3,26.5,16.3,9.2,5.3,91043.0,9.9,8.9,47.8,4.8,1873.0,19.2,16.7,33.9,6.53563398,20.4,13.900000000000002,32.800000000000004,25.5,18.69985871,13.0,51.30711137,20.507741513,0.0045992436,0.000647116,4.2510855745,8.8,5.8128527499,2.17796589,62.01201236,6.7173102,2.6102622799999997,27.20518756
137384,42.5,20.0,20.2,29.9,24.5,12.2,5.2,105809.0,6.1,11.5,34.8,4.9,2037.0,20.8,15.5,31.7,6.27766131,9.3,12.9,28.7,22.8,22.275416279999998,10.0,67.18204489,7.2644952021,0.0068235047,0.0009837967,4.5617484458,10.3,5.3078431818,1.9982584700000001,36.70730243,9.43730483,1.29263752,49.18553327
102322,50.2,17.0,28.4,30.3,25.1,13.7,4.4,79395.0,5.6,22.9,25.1,4.1,1487.0,23.0,15.6,31.9,5.53053504,12.8,15.8,29.9,21.3,24.44421552,11.1,72.02980357,7.81009778,0.0114272274,0.0007247287,5.342655419,12.4,5.7061673508,0.62820349,10.91760832,1.74740535,1.33382989,82.96108274000001
3175227,38.7,21.4,15.4,20.8,26.9,9.1,5.4,109361.0,6.9,5.7,43.5,4.6,2248.0,19.0,16.0,35.4,6.607580120000001,11.0,10.9,25.7,20.3,19.15725163,10.4,73.92047196,7.6762553521,0.0039977613,0.0009962722,4.7070357555,12.7,4.8861825085,1.74898868,34.21998849,23.68628927,1.0593621,37.402156739999995
406608,42.3,21.9,20.0,18.0,27.7,11.2,4.3,109375.0,3.3,11.9,26.2,3.8,1874.0,21.3,15.3,32.1,5.80214007,6.1,11.5,25.8,16.5,23.22787913,8.9,79.91699765,4.70704527,0.0039285959,0.0012199854,4.5451014783,13.1,5.5327164011,1.99569838,15.9622817,10.26062362,1.07328106,67.13861758
19650,52.3,17.4,29.6,51.1,14.6,18.2,8.0,67885.0,5.0,47.5,25.7,4.5,1102.0,23.4,16.6,31.2,8.743169400000001,18.2,13.3,29.099999999999998,19.3,23.65502309,13.3,71.27209359999999,11.716276124,0.0028749151,0.0007532011,3.9644608624,21.1,5.9971818689,0.90429146,10.55877895,1.10292196,3.1310438599999997,81.91939784
2429487,36.3,24.6,14.8,33.8,15.4,11.6,6.7,84505.0,8.1,11.9,31.5,4.0,1711.0,21.7,17.1,38.0,7.09547883,14.099999999999998,11.5,34.0,23.9,20.51356694,11.1,58.46075509999999,12.337520356,0.0028345695,0.0004620901,4.4249777032,14.8,5.1861482777,6.404161060000001,51.884416970000004,8.06249453,1.9850812999999998,31.02988956
1579211,36.8,23.1,14.6,29.7,21.1,12.3,6.3,84010.0,5.2,4.3,41.7,6.2,1599.0,22.5,17.4,38.0,7.2161282600000005,13.700000000000001,13.0,33.900000000000006,22.7,18.18418633,11.799999999999999,68.22563646,11.488009315,0.0046311024,0.0008905414,4.5264244537,14.9,5.7506778647,9.61599154,24.48317478,18.74381426,1.5789427200000001,40.90241168
64753,35.7,25.4,13.2,25.2,15.8,10.7,6.2,104451.0,6.2,3.1,34.1,3.2,1830.0,20.2,16.6,34.6,6.86486486,10.8,11.3,29.099999999999998,22.8,21.29388119,10.6,58.11896673,11.494252874,0.0013788045,0.0002699582,3.7425170004,8.9,5.4984397518,1.20278695,62.533186650000005,5.83791713,3.1301796799999995,28.88302164
2180563,33.9,25.9,11.9,38.4,14.5,11.4,7.2,77423.0,8.6,10.0,38.9,4.5,1584.0,19.6,17.7,37.8,7.96995542,17.4,12.6,35.099999999999994,26.900000000000002,19.20005051,12.2,57.14517804,15.480894684,0.0031075632,0.0005886883,4.3906817151,17.4,5.344298245,8.07337912,55.851195860000004,9.28361171,2.1605830900000003,24.53690567
3289701,36.7,21.2,14.7,24.8,25.0,10.4,6.3,96974.0,7.3,6.6,45.8,5.4,2011.0,21.1,16.3,34.1,6.859597119999999,11.600000000000001,10.2,25.4,18.3,23.02881894,10.9,74.70204727999999,9.4002409875,0.005263652,0.0008438654,4.6329455364,20.6,5.1757758592,4.68606316,34.88508927,13.4119456,1.36147913,43.144607
779445,34.8,26.6,13.0,35.9,13.8,12.2,7.2,82837.0,6.5,5.9,40.0,5.2,1542.0,19.6,17.2,38.1,7.6595621000000005,16.2,12.5,33.800000000000004,24.0,18.37351659,12.7,54.010579680000006,15.370068705,0.0029052455,0.0005852472,4.4763417891,15.1,5.3343957372,7.01179203,42.72596181,20.44109293,2.06900426,26.680566570000003
281712,40.0,17.4,21.1,31.0,23.9,13.0,5.0,90158.0,5.9,12.8,38.0,3.8,1800.0,22.8,16.7,30.7,6.27815809,11.799999999999999,11.200000000000001,28.199999999999996,17.4,22.67444029,10.7,71.51727904,6.9057247652,0.0073320811,0.0008299224,4.6538930408,10.0,5.6141617993,1.5296177,25.22839522,4.32255476,1.48807516,66.01997593
445213,34.3,22.1,15.9,32.6,21.3,10.9,6.0,92332.0,9.6,6.8,47.2,6.3,1964.0,21.7,17.2,31.3,6.85096154,17.0,9.5,31.6,20.5,21.4779861,11.799999999999999,65.00058728,17.935298259,0.0066854463,0.0007660003,4.8112923463,9.3,5.7093387333,1.63487491,48.54699189,6.0436435,2.21503568,41.32353708
268571,39.2,18.7,17.7,28.4,24.6,11.7,5.9,104409.0,5.4,9.3,40.0,5.2,2094.0,22.8,16.7,32.4,6.173140139999999,14.000000000000002,11.5,29.4,20.599999999999998,24.53035036,11.600000000000001,73.87897462000001,7.0172299197,0.0097649753,0.0010231822,5.1913468248,11.1,5.6473201937,1.0021143399999999,35.23152626,5.4005589800000005,1.93961315,55.18931588
181852,41.7,21.6,21.1,43.1,15.3,18.1,6.6,68347.0,6.6,10.7,34.9,6.1,1232.0,24.3,18.6,37.0,6.82025547,16.0,13.700000000000001,28.7,19.2,22.1329112,13.900000000000002,66.07533414,16.055371174,0.0053890423,0.0007796244,4.9199110895,9.8,6.0982117995,1.12160829,12.19963851,3.66865152,3.25726578,76.69460984999999
44049,47.2,20.1,26.4,33.9,14.9,18.0,7.4,53898.0,7.1,18.4,32.1,5.6,984.0,24.0,17.6,33.4,8.66991643,21.6,15.9,32.9,21.6,21.80490829,15.5,63.66432337,17.60120694,0.0055005244,0.000747994,5.0817451915,10.9,6.3536196316,1.27957115,13.700034959999998,1.89255332,5.26745135,74.05197529
450995,38.8,22.0,16.5,35.6,19.3,12.4,5.9,97037.0,4.9,4.6,37.0,4.6,1981.0,19.4,16.6,37.3,7.38014835,11.799999999999999,13.200000000000001,32.800000000000004,21.8,19.42168552,10.0,63.44605088,11.84397478,0.0046347208,0.0008390227,4.1029438002,12.4,5.4126439916,13.00059214,30.12946943,17.619062460000002,1.37015881,33.42297058
488436,42.7,19.3,20.6,26.7,23.3,11.8,5.2,99266.0,5.6,7.7,38.4,4.8,2029.0,22.9,15.8,32.8,5.87576766,9.5,10.5,28.299999999999997,17.4,22.31756117,10.5,66.97412805,7.9380654277,0.0058570563,0.0010166973,4.2787129581,8.3,5.8335424596,1.66434211,30.32614381,5.05072518,2.3307846199999998,59.131154890000005
552063,34.5,26.8,13.3,33.8,12.6,12.7,8.2,74872.0,6.1,4.1,39.5,5.4,1433.0,20.9,18.8,35.1,6.5704143,15.9,12.8,34.699999999999996,25.5,21.12338643,13.600000000000001,55.1128092,16.6723474,0.0028253813,0.0006546124,4.2492099063,15.6,5.8547883225,2.77696172,50.89512721,6.710008520000001,2.12338828,36.19661607
99101,36.0,25.5,15.7,26.9,14.0,13.8,7.6,72654.0,6.2,4.4,40.4,5.4,1289.0,21.5,17.9,35.9,7.04810243,19.2,16.400000000000002,32.0,27.0,19.45144107,14.299999999999999,56.8648442,14.076552114,0.0037468861,0.000757094,4.3518113086,16.7,5.7998645816,2.09294728,33.466737450000004,18.53840813,2.3777923,41.65679748
65484,40.3,23.8,19.9,46.0,13.2,18.7,7.4,59029.0,6.6,10.3,32.9,6.2,1119.0,24.1,18.8,34.9,6.4380149499999995,20.7,16.7,32.5,24.9,21.18403214,15.2,58.273930750000005,22.722323049,0.0023267998,0.0005343675,4.5260597637,13.3,6.3028740639,0.88141026,29.75221893,1.5917776099999998,3.39466223,63.12561637
15889,53.2,16.4,27.7,77.8,11.7,15.7,7.4,47317.0,13.2,33.1,29.2,4.4,928.0,24.8,18.1,33.0,6.8027210899999995,29.5,17.1,32.4,22.900000000000002,21.17996813,16.1,52.315978460000004,22.520364159,0.0033184429,0.0001867995,4.7592284086,10.2,6.4608637209,0.54243778,6.3816209299999995,2.55264837,5.04148054,81.28270581
473446,31.5,30.2,11.5,42.2,10.1,11.8,9.0,64474.0,7.9,7.0,41.7,4.7,1137.0,22.3,19.0,34.9,7.24659034,23.200000000000003,15.4,38.0,30.9,19.6355456,16.6,51.66498877,22.844209732,0.0031806085,0.0004632599,4.2552237843,20.8,5.6209162632,1.37298005,67.02011396,4.23156498,2.85983632,25.86846255
54993,48.7,17.0,27.3,29.0,16.5,21.3,8.3,70432.0,6.0,27.4,25.6,5.5,1129.0,23.6,16.8,34.1,6.5342729,13.600000000000001,13.4,31.0,19.2,24.5029157,13.4,65.62426522,10.112751366,0.0025274887,0.0006271278,4.262946497,16.2,5.7618402392,1.73972401,14.07091728,1.6991366,2.33193122,78.07910855
842009,39.0,22.3,16.3,27.0,21.8,11.3,5.3,102141.0,8.2,6.1,35.9,4.2,2140.0,20.6,16.2,33.5,6.34595533,12.8,10.7,28.9,21.0,21.20912301,10.5,66.05138496000001,11.165936339,0.0048674647,0.0008133044,4.381475431,7.9,5.5854982812,1.8049880099999998,44.76488386,8.33640714,1.90334985,42.52546439
217141,32.0,20.5,13.0,32.0,22.4,10.4,5.3,85097.0,4.7,5.5,47.8,7.8,1655.0,23.6,17.9,30.4,6.01027518,11.600000000000001,12.8,28.499999999999996,24.5,19.47092845,12.3,74.17003181,5.099136417,0.004579585,0.0012351027,5.9051435989,15.9,5.7711604079,2.7223592599999997,33.39061593,16.066181800000003,1.84271619,42.91161854
81705,33.5,27.1,12.9,46.7,11.5,16.0,7.4,66693.0,6.9,6.9,38.6,6.4,1137.0,23.7,19.4,35.5,7.05722408,20.0,15.6,32.6,25.0,21.09158045,14.499999999999998,62.23304149,18.947724581,0.0026014325,0.0002037856,4.7412987375,16.3,6.3491799927,4.42476844,31.456335600000003,8.94286181,2.93973542,48.99325727
520149,34.4,25.6,10.8,27.2,18.5,11.1,4.6,86297.0,10.8,3.5,31.7,4.6,1632.0,20.7,17.1,34.2,9.25318761,12.8,14.799999999999999,34.0,23.3,18.86329459,11.600000000000001,60.64770865,17.390307605,0.0041922511,0.0005190179,3.8908164474,9.2,5.4110465947,3.63859646,43.17793631,4.80458973,2.4319181,45.702473919999996
16460,32.2,23.9,14.5,46.5,15.8,15.8,3.4,52271.0,8.4,8.7,42.8,6.2,815.0,22.6,18.1,32.9,10.593538689999999,26.0,16.6,31.900000000000002,23.799999999999997,20.407854359999998,14.899999999999999,64.06354888999999,16.864343958,0.0151305914,0.000725207,5.2266727587,5.3,5.6997383533,1.2548784099999999,48.72410687,1.62113479,5.95616932,45.58991294
654453,37.1,22.9,13.7,22.8,27.8,10.5,4.6,92292.0,8.7,4.5,35.1,5.0,1708.0,21.7,15.9,32.6,9.94406818,13.200000000000001,12.6,25.7,17.599999999999998,21.46153649,10.299999999999999,73.72937723,12.05248428,0.0050330686,0.0008291342,4.0718540581,5.9,5.1336798291,11.02016428,21.99521081,6.9156679,1.27305235,56.168862350000005
13509,50.8,17.7,27.0,60.2,24.4,15.6,4.8,66813.0,11.0,40.2,24.2,2.5,1184.0,21.2,14.3,27.8,8.19022457,18.0,11.1,24.9,16.400000000000002,21.3645064,12.0,56.850649350000005,18.0696342,0.0023257453,0.0008701958,3.664073786,5.0,5.4922425543,0.62019875,16.815843259999998,1.09944323,3.3617591099999995,78.03932624
3496,42.0,22.2,23.9,7.7,17.7,17.4,1.7,42115.0,6.6,20.1,26.3,5.1,474.0,24.2,17.7,33.8,10.03717472,29.099999999999998,20.5,31.0,24.4,20.7194597,17.2,66.95226438,16.417910448,0.0002990431,0.000569152,5.8344527137,5.5,6.4248668099,0.98684211,10.88516746,0.41866029,2.5717703299999997,83.25358852
328658,37.0,18.1,15.3,18.5,34.6,8.5,4.4,99770.0,4.4,5.4,37.7,5.2,1828.0,23.3,15.2,24.1,8.02706267,7.8,10.299999999999999,18.6,12.5,23.16134637,10.5,84.83606081,4.9561652341,0.0094330097,0.0011986296,5.273905631,10.2,5.085330904,1.0718077499999998,14.74156368,5.19259189,0.89587585,76.17178297
73946,38.6,21.5,14.7,14.7,35.4,7.9,3.2,117541.0,5.2,3.9,36.1,3.6,1923.0,21.4,14.4,30.3,8.48578356,5.1,8.9,24.6,12.7,23.08520207,9.3,86.39003784,5.3081305023,0.0028363258,0.0011682708,3.6869563779,9.6,5.0310341065,1.41816289,14.53161593,7.64376789,0.9497788199999999,73.59744991
19564,47.8,15.0,26.3,25.5,24.1,13.0,6.0,65703.0,8.2,18.1,30.4,4.0,1330.0,21.6,14.9,29.6,9.48536831,11.5,14.6,25.3,18.0,22.35151609,12.6,64.90066225,5.0706265846,0.003298249,0.000946498,4.4545850261,4.7,5.3622167019,1.7946354899999999,10.20517049,0.98947471,1.7364311000000001,84.46427705
7553,39.1,25.6,19.5,13.3,16.4,18.5,7.2,44093.0,14.4,23.6,21.0,6.5,686.0,20.5,16.0,32.3,10.42296073,22.7,14.399999999999999,30.5,23.9,19.36331904,14.7,53.555045869999994,14.728288471,0.0006648052,0.0001313715,4.5102569639,4.9,5.6242264609,0.71798963,49.60776492,1.10357665,4.72011701,46.66932589
31173,47.8,19.6,26.9,15.9,16.2,19.4,4.4,56349.0,11.0,17.4,23.9,4.2,933.0,23.6,16.2,32.3,10.59125964,17.9,17.8,28.999999999999996,20.5,20.859560809999998,15.1,50.75829384,21.554650373,0.0022680023,0.000631692,4.7015858924,5.8,5.9444257427,0.42840043,14.56561457,0.9891009900000001,1.4994014999999998,81.83708184
710800,34.9,18.7,12.0,28.2,33.2,9.9,4.7,85853.0,9.1,6.3,50.6,9.9,1665.0,22.7,15.2,29.2,9.94763582,14.099999999999998,14.299999999999999,23.799999999999997,21.2,26.33680664,12.5,81.82654031,20.056153947,0.007920991,0.0013043545,4.8141375617,10.5,5.5042981892,9.10369716,27.89204789,4.35501,1.7304490700000001,55.43493581
360206,39.3,24.5,12.9,11.7,38.7,7.5,3.4,139010.0,3.6,3.4,22.0,2.1,1953.0,21.1,14.2,26.6,8.83393631,3.1,8.1,20.9,11.799999999999999,22.44985066,7.6,87.64710063,2.692472343,0.0019666272,0.0006992059,3.3870398731,7.0,4.5209395821,1.7723088500000002,10.41687288,6.603699859999999,0.57253599,78.31995332
55650,38.3,20.7,13.6,6.3,35.1,6.2,4.4,98887.0,10.4,39.2,31.4,4.0,1868.0,20.4,14.7,28.7,8.926645090000001,7.3,11.600000000000001,22.6,15.7,24.5522333,9.9,71.8583864,10.497981157,0.0029605929,0.0007895634,4.8279592703,5.4,4.7313450901,0.94334418,30.45181221,1.47845755,1.31663633,65.60195657
26457,45.6,21.0,17.5,32.9,25.5,8.1,2.3,124360.0,5.0,3.9,6.7,1.1,1436.0,21.7,15.2,30.3,8.83261272,7.000000000000001,13.200000000000001,25.0,16.2,23.645368480000002,7.199999999999999,72.03807022999999,6.6742633892,0.0012150246,0.0001105868,3.7143611674,7.2,5.3599251821,1.27751163,9.6438242,1.2809831299999999,0.98590571,85.13156981
730323,34.7,23.5,13.3,21.3,24.5,12.5,5.7,82748.0,7.5,4.6,33.7,3.6,1507.0,25.4,17.8,34.6,9.781234190000001,8.799999999999999,13.4,28.1,18.5,17.829332580000003,11.5,76.04751028,15.406740449,0.0046760681,0.0006315501,3.9442592056,6.0,5.513320921,5.99504176,19.0869574,3.4199794399999996,1.42835068,66.69403331
49107,44.9,16.1,21.9,33.1,14.0,18.9,4.8,56165.0,6.9,12.9,24.6,5.2,959.0,23.2,16.9,33.9,9.3374661,20.3,15.8,29.2,19.900000000000002,22.423245050000002,15.299999999999999,41.66727128,24.585710405,0.0039349736,0.0004631401,4.5988045145,5.3,5.4807513233,4.14165905,13.60745658,0.95592035,1.8542072400000003,78.43316507
61683,37.2,24.6,13.6,6.0,21.7,9.1,3.2,82772.0,17.5,7.9,30.1,4.5,1444.0,21.1,16.2,26.6,8.890158,10.5,12.8,26.700000000000003,18.7,23.65585665,10.6,62.839127669999996,17.148347993,0.0029023873,0.0007561011,3.897676508,5.4,5.5142421786,0.76387006,32.78262395,0.9807517499999999,1.85465737,63.60214968
15724,44.6,17.1,19.3,4.2,22.0,6.7,4.6,79367.0,12.3,62.7,27.3,2.5,1243.0,22.6,15.6,29.6,13.038277509999999,9.3,11.700000000000001,24.9,15.1,24.49931231,10.100000000000001,64.65127351,7.7071290944,0.0018198933,0.0005674653,4.1817629821,5.4,5.3098738937,1.14213994,10.12864763,1.02918105,1.01663006,85.57263885
17018,36.4,15.8,14.0,0.0,41.3,7.4,3.6,76538.0,7.2,36.2,36.9,2.1,1168.0,23.3,16.1,27.4,10.295728369999999,9.1,9.3,23.7,13.200000000000001,23.93526564,10.4,78.92962495,6.5581184984,0.0030021361,0.0008680053,5.4250202922,4.8,5.0891965442,0.62352058,10.20726286,1.01610762,2.9617227600000002,85.78604007
6896,55.4,15.8,33.1,100.0,16.4,20.6,6.4,49631.0,6.1,39.3,22.5,5.3,735.0,20.6,14.7,30.4,8.94039735,30.599999999999998,15.5,28.7,22.2,20.93771372,18.4,54.18410042,19.736842105,0.0017009213,0.0007225434,4.9205791012,4.7,5.6034656939,0.9780297699999999,30.07795889,1.03472714,5.38625089,64.8476258
580519,40.2,19.0,17.1,14.1,31.2,10.5,3.9,103167.0,5.2,4.2,29.4,3.9,1696.0,23.1,14.8,30.2,8.997918219999999,7.5,10.6,24.9,13.8,23.82515161,10.100000000000001,79.48151505999999,7.4461810675,0.0049725348,0.0008833968,3.9311942244,9.3,5.3545253785,1.36840133,16.23811953,3.37146882,1.24400121,76.49167369
7039,39.2,25.7,20.0,13.2,12.0,15.9,2.6,58992.0,12.1,13.1,32.7,5.7,931.0,23.3,17.3,31.5,7.28476821,16.3,13.100000000000001,30.2,18.7,21.19329664,12.5,62.64302059,22.967101179,0.0017157564,0.0004316547,4.4523791986,5.9,5.8954150839,0.7863883300000001,20.60337432,0.71489848,1.62996854,75.29310837999999
7403,36.8,16.7,14.2,0.0,23.6,11.0,2.4,78942.0,16.4,29.3,22.6,3.5,1554.0,21.6,15.1,29.5,15.532286209999999,16.3,9.1,26.200000000000003,14.799999999999999,22.48107768,10.6,61.33900929,26.893135173,0.0012219959,0.0004050223,3.6088989123,4.5,5.0888752491,0.81466395,34.88119484,1.0454854,2.8649015600000003,60.760353020000004
55983,41.8,18.2,19.0,12.9,30.5,10.1,3.2,81936.0,9.5,19.6,29.3,2.0,1344.0,21.9,15.6,27.5,8.90169709,13.0,11.5,24.8,14.2,23.53116021,11.899999999999999,75.41197473,7.1746660069,0.005566685,0.0013155556,4.7439871248,5.6,5.7873793103,0.52830322,12.79273849,0.86868651,7.63557714,78.52571489
359363,36.3,18.8,16.4,17.8,30.6,10.0,4.6,87199.0,5.9,6.4,35.5,3.8,1584.0,24.8,16.6,26.6,9.16055194,7.7,9.1,21.099999999999998,12.7,24.25811844,11.1,81.71119688,6.0772268539,0.0054588951,0.0008302692,4.4146809654,8.2,5.4812077979,1.14626009,13.117261059999999,2.57031969,1.16837617,80.31237610000001
14422,46.8,18.3,25.1,36.1,10.1,23.3,7.4,48965.0,8.9,18.3,29.3,8.4,806.0,21.7,16.0,33.9,11.79361179,23.9,16.8,31.6,24.8,20.68032384,17.9,54.70838395999999,24.590163934,0.0018817954,0.0005467095,5.2971047677,5.0,5.9120466971,1.7702815699999999,38.44438249,1.6169501,4.07722331,55.40841929
5583,40.4,17.2,17.3,18.6,18.2,15.0,2.3,59167.0,8.1,19.0,28.8,5.3,820.0,21.6,17.2,31.6,10.05291005,17.2,16.2,30.3,21.2,21.08928924,12.9,35.265172230000005,14.447884417,0.0020072993,0.0010548523,5.8953379517,6.0,5.633171537,4.6350365,15.182481749999999,1.29562044,1.9525547399999998,75.62043796
21302,38.9,19.3,18.4,9.5,11.9,14.9,3.2,54864.0,7.2,8.1,28.5,5.8,854.0,23.6,18.1,33.7,8.3449235,15.7,18.0,30.0,22.2,21.95571679,13.0,53.849863369999994,14.87804878,0.0035404239,0.0006515568,4.1708518519,6.3,5.8532033473,3.2930792,17.54207285,1.023328,1.8963092300000002,75.88631844
156131,40.6,21.0,20.0,27.1,20.2,15.3,5.3,68077.0,9.9,6.8,28.2,5.3,1089.0,23.4,16.6,29.4,8.63678805,13.4,15.8,30.3,18.6,22.059398129999998,12.9,64.59496862,18.389419629,0.003970416,0.0011694791,4.3527994792,6.1,6.0052693081,0.7552557900000001,15.648073349999999,1.16795361,1.52115781,79.92810666
13232,37.1,25.3,15.2,34.9,14.8,15.0,5.4,63983.0,10.1,14.9,33.2,6.2,974.0,24.1,17.9,33.0,9.32692308,13.900000000000002,18.5,29.599999999999998,23.0,20.87170867,14.2,53.07756003,20.936834634,0.0020259623,0.0002275313,4.5344980248,5.9,5.7611521926,0.8779170100000001,17.29571546,0.72034216,1.6883019400000001,78.52479928
26070,43.7,21.1,23.6,57.1,17.8,15.0,4.4,61377.0,11.2,14.3,26.5,4.5,893.0,23.6,16.6,29.8,9.34633028,21.5,16.6,30.2,21.099999999999998,21.76174467,13.600000000000001,57.14519294,19.805825243,0.0023745807,0.0010315186,4.2730714102,5.2,5.9184575032,0.73875843,12.67950699,0.8970638100000001,13.5765708,71.90456447
42823,45.9,20.6,24.9,55.2,18.6,13.3,4.3,62817.0,13.3,10.9,23.9,2.8,1061.0,22.4,15.7,29.8,9.325326740000001,14.299999999999999,15.7,33.6,19.6,21.40562891,12.8,54.896462469999996,21.26388723,0.0029894012,0.0008571164,4.4138203215,5.5,5.7176607289,0.55485098,21.59162968,0.87190869,1.8366699899999999,74.70558926999999
29045,36.9,25.9,15.7,31.1,11.6,10.1,3.7,70471.0,11.6,6.0,35.4,5.4,1038.0,21.7,17.4,32.2,7.85787496,14.899999999999999,14.299999999999999,31.3,21.0,19.80864104,12.7,54.642293529999996,29.12010074,0.0019983742,0.000551572,3.8339253144,7.6,5.849333487,3.5530415900000003,38.98861943,0.96192928,2.69611164,54.85367836
18580,40.5,23.4,21.1,8.2,11.1,20.4,5.9,47500.0,8.0,13.1,30.4,8.6,802.0,22.5,17.6,34.5,8.94479385,27.0,20.3,31.6,28.1,18.41425543,19.0,63.24101625,24.961343053,0.004411116,0.0006991503,4.6048239896,5.9,6.4413486863,0.9925010999999999,42.31363035,0.95390384,3.8872959899999997,53.59505955
17597,51.3,14.9,22.0,0.0,23.3,11.3,3.9,85019.0,8.8,45.9,10.7,1.4,1788.0,21.1,14.4,28.0,11.87165775,11.0,13.8,25.3,15.8,23.87455062,9.5,79.94107537000001,5.6904400607,0.0010487388,0.0001693002,3.9311765273,5.1,5.0769456063,0.9438648799999999,8.01457195,0.97146327,1.4792736100000001,86.90180493
4493,40.6,25.4,18.3,7.2,19.3,13.3,1.4,58474.0,8.0,13.9,25.1,5.3,848.0,22.7,16.8,32.8,5.61797753,16.2,17.7,30.599999999999998,23.3,20.71330416,13.3,55.448997379999994,21.32196162,0.0011170688,0.0008865248,5.607881389,5.9,5.8430366296,0.7372654200000001,27.14477212,0.55853441,1.65326184,69.79445934
17325,46.7,15.8,20.3,0.0,37.4,8.9,2.1,96123.0,4.4,39.0,34.9,2.4,1772.0,20.4,13.3,24.8,11.74496644,5.3,9.1,21.099999999999998,12.6,24.97926083,10.8,83.75028172,5.3825451749,0.0045673077,0.000864653,5.3093242422,4.7,4.6448101398,0.98557692,11.70673077,2.19951923,0.58293269,83.47956731000001
11968,37.8,26.1,18.0,17.2,10.3,17.5,4.4,49422.0,10.5,17.7,29.0,6.6,764.0,22.4,17.6,33.0,10.11342155,24.8,17.599999999999998,31.6,24.7,19.87622207,15.6,56.336939720000004,23.464032109,0.0028933708,0.0003334445,4.7601492019,6.1,5.8128145347,0.91907072,40.80503787,0.67228321,2.178538,55.30593141
168135,39.8,22.2,18.9,38.0,15.6,18.5,5.9,59436.0,6.3,7.3,33.1,7.9,967.0,22.6,17.3,36.7,11.14497529,17.299999999999997,14.6,31.4,22.8,20.745550939999998,16.1,59.867552739999994,21.984823207,0.0058906163,0.0006661872,4.8785061645,5.6,6.0246370694,2.03338409,42.44194969,1.25308402,3.31657046,51.830340809999996
6511,39.2,24.0,16.0,0.0,16.4,16.5,6.1,69882.0,9.3,23.2,21.4,2.1,893.0,23.6,16.9,32.3,8.6746988,11.4,16.900000000000002,27.900000000000002,19.7,21.60251996,13.5,61.53846154,10.895883777,0.0024356828,0.0012353305,3.2903646942,8.3,5.7940729968,1.4461866300000001,10.9757954,0.62414371,1.72020094,83.52869539
11442,41.3,21.0,20.9,42.7,20.9,17.0,6.0,57591.0,14.2,29.0,27.5,6.9,649.0,21.0,15.6,30.1,13.730255159999999,24.5,12.3,26.400000000000002,19.3,21.45489427,13.200000000000001,64.37206179,20.100502513,0.0005362889,0.0009642356,4.9555161545,5.0,5.4492708435,0.75974258,40.87415088,0.61673221,3.99535216,55.27350733
24944,41.9,17.6,16.9,5.9,31.6,6.8,2.9,95144.0,8.5,38.2,23.5,2.0,1721.0,21.8,14.8,26.6,10.1910828,5.8999999999999995,11.600000000000001,24.4,14.2,24.28737219,9.6,76.84749516,6.2291434928,0.0035110118,0.0013152126,4.1652779179,6.7,5.1396926793,1.04931376,9.06080434,1.02936483,0.7181615100000001,87.40424513
6454,49.9,19.1,25.6,33.7,12.8,15.3,10.0,51946.0,11.1,18.6,27.2,1.5,720.0,21.0,15.7,32.1,13.64705882,30.3,17.4,30.3,24.5,19.47430331,15.1,50.142653349999996,23.668639053,0.0011961722,0.0003090712,5.0781072095,4.6,6.1023259627,1.06160287,36.30382775,1.07655502,3.75299043,58.29844498
24758,51.1,16.7,23.7,18.1,23.0,13.8,3.8,69655.0,7.0,17.4,20.0,1.1,1609.0,22.0,14.4,31.2,13.733552630000002,12.0,12.1,26.900000000000002,16.2,23.59351219,10.7,66.60323500999999,9.0157776108,0.0025185847,0.0003610688,3.5895169323,5.2,5.3773155141,1.03180729,7.884795059999999,1.18617216,1.42990616,86.61087866
4817,40.2,22.1,21.3,11.3,16.6,11.9,3.5,59087.0,4.6,11.5,29.8,3.8,908.0,22.6,16.4,30.0,6.906906910000001,17.9,14.299999999999999,26.8,17.8,22.56612843,11.4,68.61063465000001,10.12145749,0.0006179197,0.000617157,3.9362108731,6.4,5.6753408784,1.33882595,12.21421215,0.72090628,0.47373841000000005,83.41915551
331466,35.0,25.7,12.5,22.8,19.8,11.2,4.9,89182.0,8.5,4.0,24.8,3.5,1351.0,22.1,17.2,33.6,8.590933739999999,9.9,12.5,31.2,19.3,20.792419170000002,11.200000000000001,65.27288126,17.056145675,0.0029406691,0.0005764096,3.969499123,9.9,5.3098781446,1.43528024,31.28293299,2.18560992,1.73296387,62.83656334
9938,39.6,26.6,18.1,8.9,15.3,8.3,5.7,60118.0,15.4,8.3,29.2,2.7,866.0,22.3,16.9,32.3,6.18221258,16.2,15.299999999999999,27.900000000000002,21.7,20.50444782,12.5,63.450292399999995,17.966695881,0.0011153924,0.000804748,4.0569514238,6.1,5.6460435031,0.53741635,30.886229970000002,0.60839586,1.41959035,66.74102616
182400,38.5,22.9,17.6,35.1,15.9,16.6,6.0,69278.0,6.9,6.7,29.6,6.8,1224.0,22.5,17.7,39.9,9.34333198,16.2,15.2,39.300000000000004,25.1,17.3474103,13.700000000000001,62.760383389999994,14.681559689,0.0024132062,0.0005050258,3.8952164009,7.3,5.4096751928,28.51377056,8.316604230000001,2.41742145,0.76927535,56.57967532
570567,39.0,21.3,16.2,34.4,21.9,12.4,5.4,85309.0,5.3,5.7,31.8,7.0,1327.0,21.0,15.5,35.9,9.29659915,14.6,14.2,37.6,22.400000000000002,17.978995649999998,12.0,69.08374002,11.934199813,0.004175654,0.0008658266,4.4643873893,8.3,4.9382648041,26.16420552,11.89197224,6.418512530000001,0.52161108,52.889082460000004
240668,51.3,18.1,29.2,41.3,18.2,14.5,5.0,75406.0,6.9,30.8,18.6,3.6,1162.0,20.4,13.8,32.5,8.29286285,17.1,15.5,38.6,22.7,19.738176430000003,13.3,55.844074320000004,26.609133405,0.0023111165,0.0006140744,4.1895605169,7.2,4.8970324197,10.78445138,11.39695418,1.48154332,1.17149699,73.91398396
670587,34.8,18.5,12.6,43.4,25.8,11.0,7.1,101722.0,3.4,9.9,58.6,35.7,1817.0,21.6,14.1,32.8,10.01450906,20.7,11.4,25.1,15.2,25.221330400000003,11.0,85.22750365,15.912507127,0.007228575,0.0012879636,6.3612833648,7.8,4.8894711386,42.67731217,11.99725467,4.91301556,0.67867305,37.65088987
279729,31.7,17.7,14.7,36.2,23.7,11.5,5.1,57566.0,7.9,12.2,45.5,7.1,1191.0,20.1,18.2,36.0,10.566788559999999,17.5,15.6,33.0,24.4,18.58731809,13.600000000000001,77.234916,8.6539143594,0.0069476982,0.0015542297,5.8302165141,7.8,5.6158156612,19.479079979999998,12.62509004,6.38964454,0.42203683000000003,58.75542844
27969,37.7,23.5,14.9,21.6,8.5,15.4,4.9,67872.0,11.3,9.0,20.2,4.0,959.0,19.6,19.0,39.5,9.4300943,19.3,19.2,37.6,29.799999999999997,20.09611703,12.7,46.48198725,38.015989558,0.0013395375,0.000383075,3.8293683117,7.9,5.911497233,12.676254940000002,4.28299492,0.9165256599999999,0.5463903,79.607304
181055,41.2,20.8,18.1,30.4,17.2,19.5,4.0,65999.0,13.7,28.5,31.4,4.0,1311.0,20.8,17.7,38.9,8.35365854,15.6,16.3,35.3,24.4,19.73716841,14.000000000000002,64.30357748,25.856380107,0.0027991969,0.0005748794,3.8489820006,8.3,6.0948783008,11.19206999,9.32017256,2.42754326,0.8429042499999999,73.34891937
27816,39.9,19.7,17.8,35.4,8.0,18.1,5.8,54759.0,10.9,15.8,32.0,7.0,902.0,20.3,19.8,41.9,11.75903614,22.0,21.4,38.800000000000004,29.2,16.87609119,15.299999999999999,39.99492772,31.262687779,0.0011845789,0.0001401542,5.670229963,8.0,6.3682249908,17.402541460000002,5.161892450000001,0.67844066,0.6963888300000001,74.25874076
610723,47.0,18.1,24.0,37.6,20.1,16.3,4.9,71308.0,10.0,15.0,23.3,4.7,1327.0,18.6,15.9,33.4,8.50029016,15.0,13.600000000000001,32.9,22.400000000000002,21.48700013,12.1,70.21014214,13.205993133,0.0019954067,0.0007232886,4.3994262419,7.9,5.5658276383,10.24474401,12.51842063,2.82866367,0.50281143,71.59301778
1940907,41.0,20.9,17.3,35.1,21.6,11.1,5.8,70331.0,13.9,13.7,37.2,6.9,1683.0,15.6,15.7,39.7,9.58508866,15.9,13.4,31.8,26.0,19.234323789999998,11.3,68.38511918,9.9848595594,0.0026007232,0.0007571273,4.814024685,9.3,5.250410775,28.571472250000003,33.04640793,4.05960466,0.45798003,32.49039123
13753,41.9,19.5,18.3,50.4,7.7,24.1,3.7,41526.0,19.6,21.7,23.4,6.8,610.0,19.9,19.6,40.1,8.57142857,26.700000000000003,19.8,43.6,29.5,17.33517547,17.1,36.34641407,26.243634939,0.0011135857,0.0002932336,5.0781544256,8.0,6.1441896268,12.46473645,5.5159614,0.95768374,1.55902004,77.69116555
189900,59.9,11.8,40.3,49.1,15.7,21.7,5.7,62164.0,10.2,23.9,17.6,4.5,1206.0,16.2,14.3,33.2,8.71717311,13.5,16.1,34.4,23.0,23.84297944,13.8,58.67524453,14.332532226,0.0012564642,0.0006210128,4.0747663551,7.9,6.0947134399,5.49254369,8.310613479999999,1.5941086899999999,0.41235313,82.78741013000001
155173,56.9,14.8,36.4,30.5,12.2,21.7,7.2,52569.0,10.8,17.8,14.6,4.7,1000.0,18.4,15.9,36.4,7.999453030000001,21.3,15.2,34.5,22.900000000000002,21.52675508,15.7,48.437095400000004,20.367816092,0.0011038057,0.0004617827,4.4823519676,8.2,5.7754811439,3.05706196,7.24972405,1.63291261,0.50391131,85.92647694
219650,39.9,22.9,16.5,26.7,18.5,13.4,4.3,82242.0,8.7,6.9,23.4,3.6,1372.0,18.9,17.6,39.6,8.7321037,10.5,13.700000000000001,35.6,21.099999999999998,18.986538550000002,11.1,68.24478957,13.178278977,0.0014498428,0.0005351658,3.6254877724,8.8,5.777870578,13.11957116,11.73254058,3.33291745,0.55928652,68.49495997
380221,52.2,16.7,32.8,36.8,22.8,11.4,4.3,82011.0,11.8,31.8,25.1,4.6,1599.0,15.1,13.3,29.9,7.30007015,15.7,13.700000000000001,27.400000000000002,23.599999999999998,20.10403457,11.700000000000001,56.33491007,17.086600508,0.0012342015,0.0008212861,4.8386932655,7.6,5.0590939023,6.58331478,28.0143949,1.73085009,0.48650788000000006,62.52553734000001
69832,40.7,22.1,19.6,44.4,10.9,20.2,6.9,53501.0,13.2,11.5,28.6,4.5,905.0,20.1,18.2,38.0,10.41080473,21.8,20.200000000000003,38.3,27.800000000000004,20.15104692,14.799999999999999,48.92750631,27.78812486,0.0027921109,0.0005114726,4.8153010606,8.0,6.1147182531,17.098942010000002,7.96572821,1.15243009,0.69118432,71.15503059
34258,41.7,18.3,22.3,60.6,7.8,19.0,9.7,45000.0,19.6,20.7,28.8,6.2,861.0,18.6,18.9,39.3,8.09013668,26.200000000000003,20.4,44.2,32.800000000000004,17.97371762,18.6,36.01932155,35.070306038,0.0027516051,0.0002615671,4.0996866607,7.7,5.9481769165,11.906945720000001,30.10089219,0.67817338,1.02281887,55.846465990000006
16737,45.8,17.8,23.7,14.9,5.3,25.7,5.1,45057.0,16.0,33.7,17.0,5.1,805.0,20.0,19.2,40.2,10.96774194,32.7,24.0,43.6,34.1,19.59442126,16.2,31.78495638,43.462513582,0.0001717721,0.0002338908,4.4360187375,7.4,6.4469064522,8.92642428,4.98711709,0.5382193000000001,0.7328943600000001,82.78270827
995708,36.6,22.4,14.7,38.5,21.4,13.0,4.7,65579.0,11.7,9.4,42.4,7.1,1293.0,19.6,18.2,42.4,10.364089329999999,18.5,15.2,33.1,27.3,17.62712621,12.7,66.46840953,22.039135975,0.002649342,0.0008100527,4.4869769501,8.3,5.7476494303,29.45474582,12.616145170000001,5.2045843000000005,0.52424182,49.71808906
321296,38.1,20.8,17.5,41.4,17.6,16.8,6.2,61642.0,11.6,13.4,36.9,6.9,1170.0,20.5,18.1,37.1,10.89860352,21.0,16.2,32.6,24.3,20.36505979,13.8,65.33762969,25.470395932,0.0025234914,0.000763051,4.4237783656,9.7,6.1566395749,22.0819263,7.01622376,3.46773602,0.92528018,63.168037
117515,52.4,16.4,30.9,34.7,18.5,15.4,3.8,69251.0,11.3,15.6,20.8,3.6,1561.0,18.3,14.8,35.6,8.215150470000001,14.6,13.5,33.4,21.0,21.99572078,12.1,62.22193029,12.407563651,0.0008977549,0.000529223,4.0381008035,8.1,5.7555905448,9.54891623,11.91807607,2.62935658,0.49604760000000003,73.6767626
12276,48.7,15.7,25.3,58.9,11.5,23.3,8.9,58107.0,17.7,43.4,19.3,6.6,1045.0,18.3,16.8,34.5,9.28462709,27.400000000000002,19.7,37.6,26.8,23.14699285,17.0,35.58088003,48.780487805,0.0010322376,0.0003181674,4.70194931,7.5,6.0045369872,9.77449579,5.61378434,0.57170081,0.9290138200000001,81.55470859
43746,41.9,22.1,19.2,50.1,12.6,19.9,4.3,45721.0,14.2,16.2,26.2,9.8,781.0,16.6,18.8,38.4,13.10483871,30.2,18.3,44.3,31.900000000000002,16.511201789999998,15.4,45.15477793,31.260319207,0.0015057149,0.0002287597,5.0178178743,8.7,6.3472609129,53.65363995,12.46321265,0.69126001,0.72319942,31.84130678
18070,42.7,19.9,20.1,39.2,10.0,20.2,3.1,56823.0,13.5,9.3,17.3,7.5,801.0,20.6,18.3,38.3,7.9767947800000005,19.2,18.8,36.9,26.900000000000002,21.50831676,14.299999999999999,45.448291680000004,27.871621622,0.001327411,0.0004357298,4.4667849994,7.7,6.2997466743,3.56358809,7.841935980000001,0.6177566800000001,0.8526063199999999,85.88859958
15002,46.5,14.9,23.3,76.7,12.8,23.0,4.3,56250.0,9.3,37.1,21.4,4.0,1143.0,19.5,16.8,36.4,8.38471023,22.1,17.5,38.4,27.3,22.48431493,13.5,42.82454361,25.884383089,0.0014018989,0.0004873634,4.0284596118,7.4,6.1097177206,13.560186069999999,5.21251513,0.66271586,0.8029057500000001,77.58236156
13492,41.8,20.1,19.0,47.4,6.7,19.4,9.2,47668.0,15.1,23.6,24.8,6.0,778.0,19.1,19.8,42.7,12.54448399,32.2,22.5,39.5,34.300000000000004,17.56942832,17.2,28.00650054,50.644158152,0.0002227006,7.14643e-05,4.3260490895,7.5,6.4327110405,28.81003637,11.6027021,0.8685324,1.22485339,55.87558459
25528,35.2,25.4,15.7,50.4,7.1,14.3,8.7,44665.0,14.5,17.4,33.4,4.9,904.0,18.0,19.0,37.9,8.42581176,23.5,21.0,40.300000000000004,36.3,17.4530745,19.6,34.76479514,37.75411423,0.0001940994,0.0001573255,5.7637920945,7.9,5.9130641192,7.59704969,42.47670807,1.34704969,1.25388199,46.85170807
39902,35.1,25.4,13.4,41.1,7.6,12.2,5.8,49259.0,21.7,12.7,30.3,7.3,892.0,16.6,18.5,42.9,8.54806739,25.8,18.8,38.6,35.8,17.1812954,16.900000000000002,39.16865043,30.473463544,0.0004384649,0.0002728648,4.342122343,7.5,6.1244954354,10.12623174,57.72736713,1.20231694,2.16463204,29.0425311
196621,48.5,18.4,26.8,39.9,13.5,19.0,5.9,59202.0,12.6,11.7,19.9,5.1,1155.0,19.7,16.7,36.3,8.6944985,15.7,16.3,33.4,26.400000000000002,20.53195891,14.2,62.13974893,15.795432579,0.0010244024,0.0005582193,3.9740969582,8.3,5.9848089401,5.75310023,17.76492315,1.58124498,0.5662407700000001,72.69027805
102339,54.1,16.8,35.7,44.3,11.9,20.3,6.8,53679.0,13.1,22.4,21.6,5.2,919.0,16.9,15.7,34.8,10.0118785,27.400000000000002,17.599999999999998,36.199999999999996,29.5,19.15409454,15.6,52.27668957,22.821830641,0.0009013697,0.000580855,4.544046253,7.8,6.2638075786,9.81749586,22.70057799,1.64383816,0.80286952,63.96844277
1468560,37.6,21.8,14.6,37.2,22.9,11.8,4.8,70612.0,11.9,7.6,39.5,5.9,1413.0,16.6,16.4,38.4,9.04800161,14.7,12.7,31.4,23.5,21.36060545,12.7,68.28846732,15.754344156,0.0023821866,0.000835479,4.643411332,8.3,5.5508647714,16.43096608,30.39228583,4.90985723,0.61013413,45.83351785
19529,41.0,20.5,20.2,46.7,7.7,18.8,4.7,46063.0,16.3,18.1,23.5,5.1,792.0,20.8,19.5,43.8,8.39857651,27.3,22.400000000000002,36.3,29.099999999999998,19.07523209,15.5,39.86744326,30.494821634,0.0007019655,0.0003538213,4.3838082451,8.4,6.708862482,6.543321300000001,3.9410348999999996,0.7521059,1.1983554,85.20357
160986,54.8,15.3,33.9,39.3,19.9,16.2,5.9,67543.0,11.1,21.6,19.8,4.3,1183.0,16.6,14.1,34.4,8.54691076,17.2,15.6,33.0,23.400000000000002,22.04274003,12.8,62.96132522,16.43017177,0.0017079419,0.0006293458,4.49547165,7.8,5.3142272949,8.57504638,14.064018380000002,1.83220943,0.45113224999999996,73.79958185
47704,42.9,18.7,21.1,62.7,8.3,20.1,4.7,46144.0,9.8,15.7,26.0,5.2,756.0,19.3,19.0,40.4,9.61882073,26.700000000000003,22.7,42.699999999999996,30.4,18.02924939,15.4,40.35902685,30.448530273,0.0015836453,0.000314505,4.3480817565,8.8,6.4616868491,25.22109333,5.63530912,0.70132862,0.88848669,65.50532681
14458,47.8,17.2,24.1,22.5,13.2,20.2,6.7,51573.0,10.0,18.1,25.1,7.0,727.0,17.5,17.2,37.5,11.26126126,43.3,18.5,37.9,25.900000000000002,19.069359050000003,14.2,47.68315592,20.814479638,0.000776699,0.0002748196,5.8782582791,7.9,5.7357890212,30.2394822,5.37864078,0.78317152,0.56957929,61.57928803
8107,40.6,18.2,19.2,0.0,5.7,21.0,8.6,57852.0,15.1,24.9,19.5,1.8,853.0,19.3,19.8,39.6,8.38574423,25.900000000000002,22.5,40.400000000000006,31.5,18.2933214,15.8,27.539882449999997,18.675721562,0.000247586,0.0001193033,5.0748446088,7.4,6.3946721373,10.79475118,11.76033672,0.39613766,0.77989601,74.69670711
386829,46.9,19.0,26.7,38.9,16.3,16.3,5.5,66239.0,10.4,13.6,23.6,4.1,1323.0,17.1,15.7,36.6,8.50933453,12.9,15.8,34.8,24.3,19.389672790000002,12.0,61.22020184,16.556585611,0.0012674868,0.0005861487,4.0301947252,8.9,5.5656808634,11.31550056,19.34378107,2.6023530999999998,0.6330366399999999,64.59824437
772902,49.1,17.2,28.9,38.7,18.5,13.8,4.5,69368.0,12.8,25.9,26.7,5.1,1466.0,16.9,14.8,33.8,8.47215228,17.299999999999997,12.7,31.1,20.8,22.21843248,12.7,57.341188620000004,17.237960236,0.0014678165,0.0006649949,4.2243525059,7.3,5.433986414,8.17400036,25.08216777,1.88120152,0.52997161,63.24791241
294128,31.4,18.4,14.1,33.8,26.6,11.9,5.7,61317.0,8.2,11.4,47.9,6.9,1157.0,18.2,18.2,39.5,10.88745662,18.8,14.099999999999998,33.1,22.7,19.192878229999998,12.9,77.0452229,9.0540024519,0.0029671991,0.0008845115,5.1968041678,7.5,5.8429796314,31.303108990000002,8.27245691,3.79168309,0.3684581,54.10844254
43268,47.3,19.5,24.7,50.2,11.2,19.9,4.4,49933.0,15.6,14.9,20.4,4.7,798.0,19.0,18.5,39.8,9.319119670000001,24.8,18.099999999999998,38.5,28.7,20.447795669999998,15.0,42.67706442,23.77071448,0.0005371146,0.0001132298,4.7758257203,8.0,6.0665266313,8.950478030000001,10.53389193,0.94961865,0.7476635500000001,77.23708239
17986,44.5,18.0,22.4,62.4,8.8,15.7,2.7,43386.0,12.8,20.0,29.1,9.5,832.0,18.6,18.7,42.6,13.05970149,27.500000000000004,23.200000000000003,36.5,37.0,16.701357620000003,14.899999999999999,42.46279922,25.755494505,0.0007559803,0.0001093613,4.3609271523,8.1,6.1107283428,35.15848588,6.404233489999999,0.50218694,0.8693774,55.72115125
405069,49.4,17.6,28.2,46.3,20.0,14.6,5.2,71385.0,12.1,22.4,25.1,4.0,1418.0,17.4,15.1,37.8,8.15822986,13.100000000000001,15.9,33.900000000000006,24.8,19.02319308,12.2,62.545795930000004,20.392749245,0.0013058411,0.0006203008,4.3716391389,8.5,5.6790673306,8.16037362,18.21467031,2.63752706,0.6227683399999999,69.10892211000001
378225,48.5,18.6,28.9,40.1,13.9,16.4,5.9,55265.0,12.4,13.4,23.5,4.9,1092.0,19.0,16.6,38.9,8.84747823,24.6,17.299999999999997,39.1,28.799999999999997,19.36671851,13.8,53.5392769,24.57207242,0.0012318305,0.0005804387,4.2315244691,8.5,6.0144179063,12.39343447,17.595174150000002,1.9209238,0.57493554,65.98635473
159399,53.2,16.0,31.8,18.8,22.4,14.2,4.4,77894.0,9.6,18.2,19.6,4.9,1374.0,17.1,14.3,30.7,6.83526999,17.0,14.899999999999999,27.6,21.099999999999998,21.58706231,12.1,63.669864880000006,13.974790574,0.0025349784,0.0006940016,4.6729368207,7.9,5.5092115859,5.0252579399999995,15.79769158,1.64712366,1.1927869500000001,75.97036402
2688237,40.6,20.1,16.6,42.6,20.2,10.2,4.6,64215.0,15.0,11.4,48.1,9.7,1623.0,13.5,14.4,38.4,8.15010571,17.1,13.0,30.3,30.2,19.957129260000002,13.700000000000001,63.65259172,11.126875279,0.002323524,0.0008280829,5.3304169004,7.8,5.0432062036,14.470757209999999,69.13933589,1.75617178,0.37255287,13.880180889999998
82044,48.3,15.7,23.5,34.3,22.0,10.8,3.4,80111.0,15.4,36.4,37.8,6.7,1919.0,16.1,14.4,34.0,6.34404229,14.299999999999999,13.8,29.7,22.5,23.34651235,12.3,62.67834149,10.874795496,0.0025926018,0.0006571742,4.5891091769,7.5,5.3866365078,6.81023147,24.78849828,1.49601806,0.51355844,65.01600218
91538,46.3,19.5,23.0,46.0,20.4,17.4,4.1,84085.0,7.9,13.7,17.4,3.0,1171.0,18.3,15.7,33.1,8.38687859,13.100000000000001,13.100000000000001,32.5,18.5,23.0198608,11.799999999999999,65.16812529,16.730460551,0.0014384095,0.0003822102,3.9165342395,8.4,5.2740131907,6.290578419999999,6.017674700000001,1.25811568,0.5034433199999999,84.35778958
212021,37.1,22.3,16.3,28.3,20.6,15.6,3.3,73988.0,11.4,17.8,32.8,3.7,1382.0,19.1,17.4,36.7,8.53751084,13.600000000000001,15.1,33.6,20.7,21.98139492,12.3,71.54748330000001,18.989835316,0.0023115937,0.0006986941,3.8159833646,8.9,5.4584105258,9.67161638,11.40645598,3.36485645,0.75847737,70.8913139
39870,40.8,21.4,19.3,39.0,11.3,17.9,6.1,50476.0,17.9,19.3,25.6,3.2,963.0,19.4,18.7,40.7,7.2824631900000005,24.4,21.2,40.1,33.300000000000004,20.63726406,15.8,47.62042111,41.514536849,0.0009172762,0.0004221924,4.2080321285,7.7,6.1883153756,7.66891158,26.39824269,0.9269317100000001,1.5159195699999999,62.785140129999995
1427403,35.9,21.6,12.4,33.7,24.0,11.2,5.5,72629.0,12.6,13.0,43.0,5.2,1553.0,16.6,16.3,41.2,9.006418889999999,15.2,12.5,32.800000000000004,23.200000000000003,20.0190305,12.4,70.56589339,12.88288651,0.0030596378,0.0009256747,4.4688763377,6.8,5.658153924,19.9218304,33.780725509999996,5.990284190000001,0.65365607,38.205442919999996
393745,36.6,24.1,13.2,40.3,18.0,13.9,5.3,64312.0,11.8,23.7,34.3,4.5,1537.0,17.2,16.7,38.8,8.45196554,14.2,13.200000000000001,31.0,28.4,18.03129342,13.700000000000001,64.18114815,14.277815722,0.0018799225,0.0004116226,3.9360512853,8.9,5.243975789,10.73817225,56.06029457,3.44050947,0.8970177100000001,28.15749319
1494805,45.2,18.8,24.4,35.4,23.5,12.4,5.8,76066.0,13.5,16.8,30.5,6.0,1700.0,15.3,14.4,35.5,8.76159354,14.6,12.9,30.5,23.5,18.82679096,11.600000000000001,65.6177302,13.500420783,0.0029195443,0.0008037453,4.8938361217,7.3,5.1421912612,18.91053663,24.51211076,3.18352902,0.64858479,51.79420277
569211,43.9,20.2,22.2,39.1,17.6,16.4,5.3,63187.0,11.2,13.8,25.4,4.8,1282.0,19.1,16.4,35.9,8.21386224,12.3,14.399999999999999,34.699999999999996,22.3,20.22202266,13.3,63.80369829,14.189802214,0.0011342884,0.0005136397,4.6386192383,8.7,5.9275405392,6.8573892999999995,19.187641,3.9279869100000004,0.5404457500000001,67.594266
959918,48.8,15.7,25.6,36.4,22.5,15.5,4.6,66406.0,10.8,18.9,31.0,6.9,1389.0,19.3,15.5,36.0,8.41503726,15.299999999999999,15.8,32.2,23.5,20.71522265,12.8,71.04698349,14.103461269,0.0028608688,0.0009136382,4.6462361708,7.9,5.7413414404,10.17974284,11.35071277,3.78443754,0.42523055000000004,72.32039234999999
736229,39.8,21.9,19.9,42.2,14.4,14.1,4.6,60901.0,13.0,17.5,30.2,5.2,1192.0,19.2,17.8,42.4,9.03032266,18.099999999999998,17.299999999999997,41.6,29.5,18.35213593,13.700000000000001,56.445540429999994,20.456167572,0.0012305549,0.0004605054,4.1041235692,8.4,6.0603052749,15.005315699999999,30.27947161,2.09768675,0.8369484199999999,50.56493102
73604,45.1,21.3,23.5,67.6,9.3,18.4,8.9,44852.0,16.6,17.7,27.0,7.5,844.0,19.6,19.4,40.2,10.92628261,28.000000000000004,22.400000000000002,39.800000000000004,32.0,18.029535669999998,17.299999999999997,40.41113061,33.352626248,0.0007899414,0.0003775264,4.8161444283,8.3,6.4260078089,15.10894609,11.40017115,0.76361003,0.85182016,70.39562899
278722,44.0,21.5,20.7,25.6,29.3,10.5,4.4,100020.0,7.2,15.6,17.6,2.4,1601.0,17.4,14.4,30.0,7.020261479999999,5.800000000000001,9.3,26.5,16.1,22.300668,9.700000000000001,76.29447041,5.6088413926,0.0014682453,0.0009505378,4.18916458,8.7,5.1122509129,5.17072256,9.30273968,4.42004311,0.3595639,78.76792352999999
334682,45.3,19.6,24.4,46.2,16.4,15.2,6.0,66154.0,12.6,15.7,22.9,4.5,1363.0,17.0,16.4,36.6,9.14877035,12.2,15.4,34.699999999999996,26.700000000000003,21.4108489,12.3,59.84691819,15.752982909,0.0018764086,0.0003376225,4.1328587607,7.9,5.5989463623,21.96682959,22.311596259999998,2.05682226,0.62395272,51.57286408
188994,40.0,21.8,16.3,28.1,19.4,15.0,4.7,84715.0,10.9,9.2,21.6,3.5,1386.0,19.3,17.2,39.6,8.227663609999999,8.6,14.499999999999998,31.1,23.0,21.9230257,11.600000000000001,68.21724537,15.311944378,0.0011321015,0.0005773255,3.7209353307,9.7,5.4407441693,6.10153474,7.061852120000001,2.40448509,0.88057806,80.21431172999999
439392,57.1,14.0,37.3,30.8,21.9,15.1,3.4,77213.0,10.2,21.7,24.0,4.4,1590.0,17.9,13.4,31.6,7.476496050000001,13.4,13.100000000000001,28.799999999999997,19.1,21.87597555,11.799999999999999,66.79920477,11.411868966,0.00211508,0.0007896085,4.1858513847,7.9,5.3610520913,4.23804884,10.66729494,2.17072874,0.35116296999999996,81.29369548
471321,39.6,20.7,16.0,20.0,27.2,11.3,4.3,79490.0,10.1,5.8,34.3,3.9,1545.0,16.4,15.1,36.1,7.91008013,10.6,12.4,31.4,20.4,20.32849444,11.200000000000001,76.93124327000001,8.5400990817,0.0022652606,0.00079346,4.1285030405,7.3,5.2431254145,12.09364178,24.260589630000002,5.7290236299999995,0.53812844,55.50528526
131832,68.3,7.1,57.9,28.9,20.2,18.5,5.1,70105.0,6.0,16.4,12.8,3.5,1185.0,14.1,11.5,29.2,9.17957544,25.2,13.900000000000002,35.099999999999994,20.9,22.843039830000002,12.7,42.00186509,31.844888367,0.0006267938,0.0004349813,3.5641177968,8.6,5.0692490027,6.52195428,6.58001518,1.25556692,0.43479694999999996,84.34137169
43881,42.8,21.2,21.2,66.6,9.1,20.6,5.5,49729.0,13.0,18.4,24.8,5.9,760.0,19.3,18.2,42.3,9.06727332,24.7,19.8,44.800000000000004,26.8,19.41377894,14.899999999999999,42.64036419,31.05151729,0.0008020811,0.0001348769,4.3034893042,7.8,5.9663790432,11.6128333,12.09624973,0.73054411,0.81075222,73.32755257
21421,44.3,19.6,20.4,68.7,9.7,20.8,5.8,46239.0,8.2,32.8,22.6,5.5,909.0,19.3,19.0,40.5,10.48812665,25.3,19.7,42.8,28.7,18.20931302,14.099999999999998,28.38301716,35.724253419,0.000509684,0.0004584002,4.2899727768,7.6,6.314795749,18.12621629,4.30914651,0.8571958100000001,1.0240014800000001,73.6030025
15524,39.7,21.5,17.0,55.4,6.1,17.9,3.6,64043.0,11.4,13.2,30.3,3.7,785.0,20.2,19.5,40.0,9.310986960000001,20.5,21.4,42.5,31.3,20.94302264,14.299999999999999,31.099931400000003,26.641651032,0.0005794489,0.0003060912,4.1789450976,7.8,6.2104595645,19.63044038,5.28586145,0.72753026,0.5858872,71.93535926
558520,46.5,17.5,24.8,43.4,17.2,17.3,4.2,63075.0,11.6,15.0,27.9,5.6,1271.0,19.1,16.7,33.4,8.80237603,19.3,15.2,33.900000000000006,23.3,23.21929892,13.4,63.80659368,16.62815281,0.0017548704,0.0006750388,4.1863829787,8.1,6.0375738712,10.6982724,16.776458990000002,2.11075671,0.5218876,68.19602376
33732,42.3,20.6,15.7,16.9,12.0,13.2,3.6,72035.0,7.0,13.8,18.8,3.4,1041.0,18.0,17.6,39.7,8.10692375,14.2,17.2,37.3,23.200000000000003,22.284746929999997,9.6,50.56058646,19.686250384,0.0008505034,0.0003170943,3.7847742162,7.4,5.7802587526,13.503799829999998,4.94389421,0.6776592,0.7517353,77.90611539
76618,44.4,20.3,20.0,27.5,22.6,16.1,5.3,74832.0,13.5,44.5,22.3,3.9,1463.0,18.7,16.4,35.2,7.8899687,13.900000000000002,16.1,31.1,21.4,22.06781401,12.6,57.29982704,25.032238489,0.0007990365,0.0004496122,4.3394715111,8.6,5.4335697647,4.77800681,8.54737476,1.37110035,0.87662413,82.24517683
25014,41.6,20.0,17.4,38.5,7.1,20.4,4.8,47536.0,14.4,16.4,21.6,2.9,853.0,20.4,19.7,42.1,9.18086861,24.7,21.6,41.099999999999994,30.2,18.040001880000002,17.1,43.68888889,31.787502722,0.000351535,0.0003145149,4.2531640229,8.4,6.1429810025,12.956019060000001,4.11295993,0.77337708,1.53894227,77.90797594
18441,39.6,24.7,17.5,16.0,5.5,13.5,3.3,43268.0,14.3,19.2,27.6,7.4,683.0,22.0,19.6,37.3,10.59782609,33.5,18.7,40.699999999999996,30.7,15.89332229,18.0,47.45412844,38.928210313,0.0010294197,0.0004327131,5.0221136539,8.7,6.1325997663,18.49162919,11.052717130000001,0.94814975,0.71517581,67.75207238
11138,38.1,25.6,16.9,31.9,5.1,22.3,4.3,43938.0,15.4,18.7,28.0,7.4,685.0,22.1,19.5,39.6,9.15422886,31.1,21.8,41.3,31.8,16.48189258,18.7,52.38853503000001,39.468542399,8.98957e-05,0.0004513043,5.2900791363,8.5,6.2356142574,16.855447679999997,8.42322905,1.04279036,0.49442647,71.79072276000001
43778,36.1,18.8,16.5,49.4,13.5,15.6,7.0,54699.0,12.3,21.1,37.1,6.8,832.0,20.4,19.0,41.2,11.56635243,29.2,18.0,39.800000000000004,29.599999999999998,15.658190320000001,15.1,56.90102814,14.689122452,0.0021430547,0.0004339782,5.4792181968,8.6,5.6591223538,41.752696099999994,3.0509724400000002,1.67757397,0.34565398,51.852705320000005
84399,36.2,25.5,12.6,26.7,13.9,13.1,4.0,75053.0,16.1,5.2,21.2,3.4,1137.0,19.7,17.7,37.8,8.48431838,15.5,14.299999999999999,39.900000000000006,25.0,17.06948422,12.1,56.91771601,16.574872701,0.0004310716,0.0002192527,3.5568315103,9.5,5.5995527854,14.938787829999999,16.28480904,4.36136736,0.7015691000000001,62.14221054
109410,38.2,23.6,14.2,27.2,14.4,11.9,5.5,74812.0,13.9,10.1,27.2,3.1,1090.0,21.2,17.9,36.6,7.38829729,13.4,15.4,37.8,25.900000000000002,18.465605099999998,13.0,57.50892099,21.739130435,0.0013473457,0.0003698926,4.008535594,9.1,5.4110925973,11.27945689,10.890899769999999,1.31779105,0.66845733,74.14747786
17169,38.7,24.6,17.7,45.3,8.7,12.0,5.0,38255.0,18.6,12.3,42.1,10.0,668.0,20.9,19.8,43.1,13.88140162,35.199999999999996,23.400000000000002,41.9,36.199999999999996,15.3194517,17.8,41.357107479999996,43.987506507,0.0004086875,0.0004662548,5.728807947,9.0,6.1127894141,37.05628211,6.81924334,0.83489024,0.7940214900000001,53.49719757
18187,39.8,24.0,17.7,14.6,9.7,17.3,4.6,48670.0,21.8,16.0,30.9,3.8,718.0,22.9,19.9,36.1,10.84191399,27.900000000000002,20.3,38.7,30.5,16.44239681,18.9,50.13026487,31.551683541,0.0004846527,0.0002204221,5.8679733303,9.0,5.9019893861,11.38395261,6.37587507,1.13624125,0.6246634400000001,78.94453419
156554,36.5,24.2,16.2,58.0,13.3,15.9,7.5,48897.0,13.9,17.2,47.4,11.5,967.0,19.5,19.1,42.5,13.79475594,32.0,18.099999999999998,48.5,32.1,14.14198092,16.6,58.905589940000006,30.777766036,0.0022426395,0.0013970222,6.4798163597,8.2,5.9471788373,56.58735432,4.80474341,2.22858311,0.3724954,34.60884788
12413,37.7,19.1,17.2,30.6,11.0,19.9,6.1,56021.0,9.2,19.0,25.1,4.0,757.0,21.8,19.0,38.7,11.43473571,26.8,16.5,42.0,26.6,16.99721182,16.2,62.91857596,17.260455853,0.0002406739,0.000237963,6.0012772647,8.9,5.8276805897,24.532691540000002,3.7304452500000003,1.21941436,0.22462896000000002,68.86482149999999
18105,40.2,22.6,16.5,80.9,4.7,16.2,3.3,40166.0,15.9,18.6,24.4,6.5,728.0,24.0,19.7,37.0,10.806916430000001,25.8,20.9,39.2,30.8,17.57707355,16.7,46.10492846,33.479960899,0.0002717244,0.0001657367,5.9878264845,7.8,6.2445995556,4.075865439999999,2.5107331100000003,0.37497962,0.6249660300000001,90.72333025
16275,42.6,21.5,19.7,79.1,9.7,17.0,4.9,42263.0,18.5,18.7,31.7,7.2,738.0,20.2,18.8,41.7,12.56085686,35.5,21.099999999999998,42.1,34.599999999999994,14.14727727,17.9,46.79194631,30.128639133,0.0004309018,0.0001843884,5.3532951797,9.0,6.188033206,34.31209603,7.251461989999999,1.3050169299999999,0.5601723599999999,55.26623576
44995,34.4,29.2,10.5,24.9,21.2,12.6,5.5,90627.0,8.6,8.9,24.0,3.0,1390.0,20.5,16.7,35.0,7.819225250000001,9.4,13.5,37.1,21.7,19.19926203,11.200000000000001,73.63381093,14.709938402,0.0011057721,0.0005539222,3.4154377601,9.0,5.1942626659,15.21140353,8.45212007,2.6196747,0.54685458,70.45175818
79829,29.7,19.9,11.8,54.3,17.9,14.5,8.3,53675.0,11.9,10.4,48.2,5.4,931.0,21.4,20.1,37.1,10.327164569999999,22.7,16.2,39.1,25.4,16.50401179,15.5,65.63472153,12.237081278,0.0013163044,0.000557968,5.0054013701,9.0,5.4034634459,28.87212874,5.196437680000001,1.38034082,0.54549551,62.09280539
24337,38.8,25.0,16.3,45.8,10.7,14.8,5.2,50321.0,10.4,19.7,27.4,10.2,747.0,20.4,19.4,41.5,11.61780673,31.0,19.1,44.800000000000004,30.2,15.12357845,14.299999999999999,54.72356935,27.306967985,0.0004501187,0.0003290827,6.3038001708,9.5,5.8603282772,45.21646616,3.60504133,0.65471806,0.58924626,48.19543334
25522,38.7,20.5,16.0,45.2,8.4,14.6,4.0,60076.0,11.2,10.8,25.9,3.5,961.0,20.4,18.7,39.1,11.28404669,20.4,18.9,40.2,29.099999999999998,17.91106749,13.700000000000001,41.25913435,27.63496144,0.0007438539,0.0002715178,4.4596345636,8.5,5.7238215687,28.232975040000003,4.143266260000001,0.72153829,0.43143527000000004,64.64834307000001
5594,39.2,16.8,15.9,100.0,7.0,16.9,11.4,48663.0,15.7,26.8,34.5,7.7,676.0,17.3,19.1,44.0,11.97916667,40.300000000000004,24.0,46.6,36.6,14.799720899999999,16.0,33.09680689,35.171102662,0.0003665017,0.0001815211,5.6306940138,9.0,5.7343526665,62.506871909999994,2.36393623,1.09950522,0.29320139,32.5270295
55105,34.0,24.0,14.2,17.6,13.7,15.7,4.7,68104.0,9.2,10.7,35.0,5.9,1136.0,20.9,18.2,37.4,8.94593543,14.299999999999999,18.0,38.1,27.3,18.57788413,15.2,62.43413443,20.151841785,0.0014109226,0.000269474,4.2262822343,8.1,5.4725457528,17.88258371,8.014728660000001,1.7584913500000001,0.71234385,68.84441997
10946,41.6,24.5,18.5,46.9,8.1,18.3,3.9,45519.0,20.4,11.6,39.1,6.0,682.0,21.2,18.9,38.6,10.57692308,31.4,21.7,44.0,34.5,16.02898913,16.6,50.28546333,32.4,0.0009042409,0.0001812087,5.1801422703,8.9,6.1300141909,24.658649060000002,13.13862013,1.20264038,0.56062935,59.770322809999996
120060,35.2,23.6,13.9,44.1,13.4,15.2,5.9,66895.0,12.2,7.6,31.8,4.3,1055.0,21.3,18.7,33.9,8.46167622,18.0,14.899999999999999,36.9,25.2,17.934774100000002,14.799999999999999,55.86730691,21.185711828,0.0019197784,0.0005083301,4.5993844848,8.8,5.6955420803,20.18757179,8.78062597,1.16838975,0.61763364,67.22135675000001
68052,40.8,22.5,18.1,55.2,14.6,17.3,3.7,68896.0,10.8,8.0,25.1,4.2,921.0,21.3,17.2,35.3,8.67924528,14.799999999999999,14.399999999999999,36.6,23.5,20.41347797,13.900000000000002,62.269867160000004,20.074503311,0.0015092149,0.0005702004,3.9414751966,8.5,5.567743112,3.3347845,4.30126252,1.61369903,0.52967639,88.33115658
12547,39.4,18.3,16.4,87.5,9.7,18.6,8.3,45770.0,18.0,13.5,26.1,5.6,704.0,20.1,19.2,42.2,7.5255102,29.4,21.4,42.199999999999996,31.8,16.55403392,15.9,39.72445465,33.383915023,0.0002319468,0.0002349992,5.2025661588,7.5,5.7491815504,25.01159734,15.26209989,0.86593475,1.8323797700000002,55.04870883
296266,36.7,20.8,16.2,42.1,21.3,15.1,6.3,66171.0,13.6,12.5,43.1,7.3,1284.0,18.9,16.6,41.7,10.982933000000001,21.8,13.600000000000001,36.1,22.7,17.5466237,13.0,68.81133879,17.737393677,0.0021504668,0.0009280226,4.5449077516,8.9,4.982073873,39.779684180000004,8.231051690000001,3.23096936,0.42186033,46.35820257
9402,23.9,22.0,2.9,0.5,19.5,7.8,8.4,52943.0,5.0,31.6,68.8,0.7,1260.0,21.0,20.6,40.2,6.54664484,16.7,18.0,43.1,30.3,16.34185476,17.1,73.16528398,40.262172285,0.0001154601,0.0016578249,3.6361086707,8.8,5.5695575068,18.34661125,18.32351922,3.4868952799999997,1.51252742,55.062925760000006
24902,40.2,22.3,18.0,38.1,5.5,18.1,4.7,43556.0,13.0,14.5,32.4,5.6,753.0,23.1,20.0,36.9,8.860103630000001,29.299999999999997,21.0,39.0,32.2,16.8152888,18.2,44.29886133,45.949214027,0.0003964793,8.02182e-05,4.1034289974,8.4,6.3802562549,9.62255174,5.681547859999999,0.61850765,0.6462612000000001,81.71834113
268567,39.7,23.5,15.0,12.0,27.8,10.5,3.7,100824.0,11.1,4.1,22.5,2.2,1580.0,20.2,16.0,35.8,7.03773783,7.3999999999999995,13.0,35.099999999999994,21.6,18.43000151,10.8,72.18116704,8.8981141791,0.0012874997,0.0004114852,3.689241834,9.3,4.9965148216,7.661844650000001,12.511427,2.84052449,0.6741055499999999,74.83304373
128864,28.9,16.9,11.5,32.9,24.4,12.4,5.3,48692.0,12.4,4.6,58.8,6.6,1045.0,22.2,19.4,33.7,10.20320856,24.8,15.0,37.0,26.6,16.04437355,16.8,76.250959,8.8380295803,0.0035710712,0.0008157811,5.7358916479,8.4,6.0556638399,26.752249239999998,11.82686461,4.12520299,0.46793347,55.113019789999996
296312,33.0,27.4,10.0,58.1,13.8,11.4,6.8,56207.0,18.1,7.9,47.1,7.4,1216.0,17.0,19.2,45.3,13.387109589999998,26.6,17.9,45.4,34.300000000000004,12.81976611,11.899999999999999,54.331652909999995,21.566506622,0.0008146162,0.0002524403,3.9963069948,8.2,5.9456184548,70.58397586000001,14.45859873,5.1153201500000005,0.60341938,7.80858196
6713,38.4,25.1,15.5,35.1,9.1,16.5,2.6,53350.0,21.1,21.1,27.3,10.7,547.0,21.8,20.1,40.9,12.788906010000002,28.4,23.0,44.9,36.199999999999996,14.683429379999998,19.900000000000002,39.55375254,47.169811321,0.000148236,0.0001486989,6.15024934,8.0,6.4494132153,27.24577527,4.61013934,0.5484731700000001,1.02282834,64.45300919
765813,37.2,22.9,13.0,21.7,31.5,9.1,4.6,94244.0,12.4,5.8,33.5,3.5,1535.0,18.2,15.0,35.8,8.8341596,12.1,9.700000000000001,28.9,16.7,19.61575922,10.100000000000001,77.18851372,10.559260068,0.0025800039,0.0007798623,4.2625473223,8.2,4.9750165961,28.15860587,15.13280454,5.87311376,0.57805477,48.302720459999996
43056,36.4,24.3,14.7,38.8,7.9,16.9,4.3,48398.0,17.8,14.3,33.9,6.4,702.0,21.7,20.4,36.2,10.96612296,30.3,20.599999999999998,41.4,33.5,16.16088396,16.400000000000002,41.67346939,40.464826728,0.0003462844,0.0005301249,5.2390665967,6.8,5.8100698643,27.790474869999997,13.60435857,0.87032805,0.63023755,55.943394049999995
45813,37.1,25.8,15.3,55.5,7.7,16.6,6.1,47235.0,22.1,13.6,35.2,6.9,747.0,21.7,19.6,38.7,11.34954697,35.4,21.9,40.400000000000006,36.0,15.97114815,17.9,44.12209889,38.97782639,0.0009097407,0.0003710818,5.7714003226,9.5,5.8664710525,23.254705740000002,20.86338727,1.1523382500000001,1.50973639,53.35629346
156921,37.4,25.0,14.6,33.9,21.6,13.0,5.1,92571.0,8.7,15.4,21.1,2.7,1295.0,19.4,16.1,35.3,7.748488920000001,8.1,15.0,36.0,23.7,17.27810628,10.9,74.85555605,8.1322999673,0.0014167908,0.0010523744,3.8571397456,9.7,5.0617359473,20.315205680000002,8.1398869,4.7946864300000005,0.5079861,63.25183759
17242,37.3,25.2,16.2,41.5,9.7,16.2,5.5,46706.0,19.0,16.4,36.5,7.5,887.0,22.2,19.9,39.7,13.16319678,28.999999999999996,19.8,40.699999999999996,32.4,15.875261909999999,17.0,57.936507940000006,29.779058598,0.0005645252,0.0005224964,5.2902851375,9.0,5.900923675,27.73512476,7.92028904,0.79598058,1.37744157,61.30179519
147449,39.1,23.6,14.4,11.0,21.9,12.3,2.8,90031.0,8.9,5.1,23.8,3.5,1326.0,19.3,16.1,36.4,9.393807240000001,12.3,13.8,44.1,21.8,18.42895078,11.200000000000001,71.1301167,14.036288942,0.0010904986,0.0004534664,3.9397028972,8.8,5.3755013191,19.68863059,8.41608293,2.5196931200000003,0.49200729,67.01113591
12156,45.8,20.4,18.7,31.5,5.9,22.8,8.1,56948.0,15.0,16.5,19.2,6.2,677.0,20.6,17.7,36.9,11.78637201,24.7,19.3,41.099999999999994,28.9,18.26656933,16.2,56.04301075,10.260795212,8.14531e-05,0.0001645684,4.7603935259,8.8,5.6939578261,20.51804187,4.16225462,0.76565936,0.7819499900000001,72.17561293
20255,40.4,23.5,19.3,43.1,8.5,21.3,8.2,47463.0,16.5,19.9,46.0,13.0,735.0,20.5,19.4,39.8,14.979757090000001,39.7,19.0,44.800000000000004,30.9,15.22807687,18.3,53.755257359999995,38.298772747,0.0007640976,0.0007042608,5.9651496259,9.3,6.1278668015,44.91875096,3.7593601999999997,1.03917274,0.40242474,48.49472773
16239,42.5,19.4,19.9,25.6,13.1,16.2,5.5,59531.0,11.9,17.8,23.6,2.5,861.0,22.6,17.6,34.4,7.810993250000001,16.400000000000002,16.1,36.0,23.599999999999998,19.78488359,13.0,53.4522293,18.195413759,0.0006186205,0.00030626,4.1337344788,7.8,5.769333521,1.6269718499999999,3.2106402700000003,1.0083513800000001,0.72997216,91.75997526
29063,38.3,24.3,16.7,61.3,9.8,16.1,6.4,47383.0,15.6,20.9,39.4,8.2,796.0,20.3,19.5,41.2,13.347022589999998,30.5,18.4,39.800000000000004,30.8,15.40892107,17.1,53.87716705,34.671827125,0.0007907313,0.0003443763,5.9626626218,9.3,6.1034439943,42.060026820000004,7.02375632,0.7013442400000001,0.76322756,48.7881184
761209,36.3,22.7,13.1,35.3,26.2,11.5,6.4,76044.0,13.2,12.7,42.1,7.7,1464.0,16.9,15.8,37.0,10.61710806,18.2,13.0,33.5,21.3,16.86755976,11.200000000000001,73.19103504,20.50879821,0.0039961101,0.0010610808,5.0359794748,9.0,5.2532567833,52.28455868,10.39342483,6.47451087,0.61127771,28.667797299999997
19977,42.0,19.3,19.0,47.8,9.7,21.7,2.9,46091.0,14.7,23.3,30.7,6.9,695.0,20.6,18.8,38.2,10.66176471,29.799999999999997,17.7,44.6,29.2,15.4567001,18.099999999999998,49.04093336,26.824343813,0.0004550971,0.0003036591,5.5421030582,9.2,5.7847004402,29.85942557,3.7773058300000004,0.65230583,0.65736246,63.77427184
85038,36.2,23.9,16.5,65.4,12.9,17.7,10.0,45640.0,15.3,16.1,53.4,10.9,898.0,18.6,19.2,46.3,14.261377459999999,36.9,18.8,44.4,31.5,12.69571479,16.6,59.44908341,29.256383575,0.0018754916,0.0007778983,5.4550273797,10.3,5.9175376085,71.28198923,3.44848448,0.8772460500000001,0.45132797,22.74910763
144735,36.7,25.5,11.9,39.3,18.5,11.8,6.6,76930.0,12.3,7.0,34.1,3.8,1326.0,18.2,17.2,42.6,11.095137419999999,17.9,14.799999999999999,42.8,26.700000000000003,14.91065046,10.5,66.34560167,14.494666807,0.0015017431,0.0004320573,3.7922625839,9.3,5.3556530582,52.61531242,12.67095736,1.6840976099999998,0.55577903,30.2775543
10753,40.4,24.4,19.2,67.1,9.1,14.3,6.0,48355.0,15.6,18.4,32.4,11.2,803.0,19.8,19.0,42.5,17.48826291,38.3,21.0,45.1,33.300000000000004,14.609824430000002,14.899999999999999,40.88167053,34.938219003,0.0009467007,0.0004708541,5.1833012963,9.3,5.9333844293,52.01173909,2.25314778,0.7289595799999999,0.5017514,43.00861498
65314,36.4,26.4,11.9,21.4,17.9,11.0,5.3,79474.0,9.5,7.1,23.0,2.4,1098.0,20.5,17.3,38.0,8.79754822,10.4,14.899999999999999,38.6,23.3,17.5782546,10.7,65.3433757,16.556938922,0.0006290099,0.0002247494,3.4812614046,9.1,5.4188091603,15.800729650000001,7.125983700000001,1.29995387,0.50740135,73.27266881999999
19570,42.8,21.8,20.8,38.9,8.5,19.4,7.5,48190.0,12.0,15.5,29.7,8.7,828.0,20.4,18.1,39.1,11.02257636,26.5,20.1,42.4,31.2,16.16142511,16.1,51.09793588,21.508162736,0.0004497077,0.0004086011,5.207981846,8.4,5.8394046493,27.612052170000002,6.2659271500000004,1.40408734,0.44970769,63.133962919999995
22907,37.4,25.0,16.0,53.0,7.7,21.3,8.9,47905.0,16.7,16.6,43.5,8.7,724.0,20.8,19.8,40.8,10.92269327,34.300000000000004,22.0,42.699999999999996,33.2,16.71014568,18.2,42.76055409,35.930408472,0.0009083438,0.0003961965,4.6970872754,9.1,6.2463404951,34.40460228,4.88342921,0.73532592,0.48445002,58.39352913
10759,36.6,26.1,16.9,80.2,10.5,16.3,6.8,55222.0,16.4,16.1,37.8,4.1,715.0,20.8,19.4,40.8,12.098501070000001,34.599999999999994,22.2,44.800000000000004,35.099999999999994,15.91385542,16.400000000000002,40.36349867,36.937283571,0.0001859773,0.0003748126,4.6236321995,8.8,6.1935688546,29.88655384,12.63715827,1.30184118,0.67881718,54.61223731
25436,53.8,15.8,29.8,30.7,13.1,20.8,5.4,54857.0,16.0,36.4,22.2,3.8,813.0,20.7,15.9,34.9,7.764876630000001,23.200000000000003,19.900000000000002,38.9,28.000000000000004,18.58978423,15.6,54.55330168,28.108623154,0.0008861491,0.0006197467,4.0060898249,6.9,5.890121571,0.9554999,3.58697746,0.7320362199999999,0.48930841999999997,92.87227894
119259,43.2,22.8,19.1,35.4,29.3,11.7,3.9,105910.0,8.0,5.3,18.3,3.0,1693.0,17.6,13.9,33.3,10.50272174,8.1,10.7,31.3,19.900000000000002,17.22516429,9.0,78.72661556,5.4261813249,0.0028050036,0.0011196444,3.8856318795,9.0,4.8872841446,27.059367169999998,8.87710679,5.39517312,0.4734457,56.27842498
98541,38.0,22.6,16.5,45.8,13.0,16.3,4.1,57868.0,14.5,11.3,36.9,8.4,890.0,22.3,18.6,34.5,9.34002316,26.400000000000002,18.6,40.1,29.9,16.514306870000002,16.5,56.06664252,22.552214487,0.0016581263,0.0013465491,4.9755827736,8.8,5.8508905653,14.4207046,12.731613280000001,1.6611229299999999,0.9559198099999999,69.02500175
253225,39.2,26.4,12.3,11.7,35.0,8.1,3.7,131660.0,7.8,4.0,15.2,1.8,1779.0,17.4,13.2,31.9,7.07272841,5.3,9.8,31.3,18.5,19.14274438,9.3,83.35785712,3.9531206399,0.0009234592,0.0003958402,3.631376574,9.5,4.3156511213,4.56012928,10.044817089999999,21.80389685,0.49580961999999995,61.61524734
23480,40.9,21.7,18.4,24.0,9.9,17.8,6.2,52597.0,17.3,19.9,26.1,4.2,751.0,22.6,19.0,36.4,7.91746641,23.799999999999997,19.1,36.7,29.2,17.6644827,16.900000000000002,61.073950200000006,30.766430002,0.0007263336,0.0003363464,5.7974323955,8.6,5.9824605739,9.04688887,5.74610604,2.1144379,0.52457429,80.97005890999999
1061944,36.1,21.1,12.2,33.3,33.2,10.3,5.4,86267.0,10.2,8.7,46.3,10.7,1529.0,16.9,15.4,39.8,11.2391272,17.0,10.7,30.0,20.0,18.859600800000003,11.700000000000001,81.24232513,13.497282221,0.0035195834,0.0011226526,5.8664369441,9.5,4.7772250063,44.00572697,8.1623197,8.17232799,0.29274259999999996,37.455761949999996
31519,49.6,18.8,25.8,12.2,14.1,18.6,2.4,70334.0,16.3,27.9,23.9,3.7,907.0,20.7,16.0,33.1,7.4004683799999995,21.3,14.799999999999999,36.7,24.4,18.167280990000002,16.400000000000002,53.142672479999995,27.758257203,0.0008520998,0.0004371448,4.6878580042,7.2,5.3919246486,0.99513086,12.671941570000001,0.84297018,0.7151552,83.94096166
84566,43.3,21.0,21.8,69.2,18.2,12.9,4.3,65970.0,14.2,19.9,33.1,5.7,1031.0,19.3,16.4,38.5,11.53908139,22.0,13.900000000000002,35.9,24.4,17.492570660000002,14.2,52.66781411,25.480579514,0.001613053,0.0005192414,4.8455848684,7.7,5.7979146688,25.475792600000002,7.81692429,1.8671958400000002,0.6254932000000001,62.76864875
57785,39.1,23.4,15.0,41.9,9.4,13.8,3.0,57555.0,16.5,10.1,28.5,4.6,830.0,22.5,18.7,38.2,8.25883355,16.5,20.1,40.0,30.5,18.0725382,15.299999999999999,48.3167409,29.527413013,0.0008367221,0.0004636228,4.5522600416,8.6,5.7654864729,4.3877704699999995,16.5353013,1.6667503399999999,0.60076644,75.52085948
26075,39.8,24.5,18.8,43.8,9.4,18.4,4.4,51929.0,20.5,14.9,34.5,5.0,806.0,20.3,18.5,38.8,9.44527736,28.199999999999996,19.400000000000002,41.8,33.800000000000004,15.880326550000001,16.1,52.095808379999994,32.297063903,0.0003452774,0.0004629987,4.7577762773,9.4,6.0247294422,28.178470039999997,13.73436661,0.9284124899999999,1.32356326,55.574311359999996
19020,51.2,17.9,29.6,53.1,21.4,13.5,5.4,77527.0,17.9,24.9,20.8,3.7,825.0,17.5,14.1,34.9,12.60426321,26.0,14.499999999999998,39.2,25.5,16.96004775,12.1,57.309582309999996,26.023594726,0.000434321,0.0005630631,5.3674713788,8.5,5.282376316,28.906476209999997,7.204903,1.2740083,0.8734678100000001,61.06070843
957977,35.7,26.3,10.6,28.6,25.2,7.9,4.1,82296.0,14.9,4.0,33.4,3.3,1594.0,15.7,15.5,37.0,9.10992995,15.299999999999999,11.799999999999999,33.300000000000004,23.1,16.161015810000002,10.7,65.73232841,11.575115711,0.0015922304,0.0006593776,4.0951784116,8.3,4.9131096376,29.33516755,23.75971759,14.086765370000002,0.8869109700000001,30.32843057
46326,39.0,22.1,18.7,38.1,12.9,16.3,2.3,61292.0,15.3,15.6,24.7,3.9,861.0,21.5,17.6,35.3,7.992202730000001,16.900000000000002,18.0,36.8,29.7,17.2480932,15.4,48.5203506,23.609226594,0.0005947864,0.0004703468,4.7009107749,7.8,5.7058530163,3.8517546200000004,16.33611584,2.29710606,0.98652501,75.66503271
204953,37.8,24.5,15.5,23.1,15.9,11.8,3.9,74153.0,17.4,10.4,30.0,6.2,1179.0,20.2,16.7,40.0,6.9266907,14.2,17.1,35.0,28.299999999999997,18.54453875,14.000000000000002,50.644623089999996,24.604032044,0.0011322474,0.0005979679,4.297857929,8.7,5.5328142508,7.9211293000000005,29.38412184,2.79701934,0.88922846,58.388526559999995
30178,39.2,23.8,15.9,29.0,11.0,16.9,4.4,65940.0,11.5,8.3,27.5,3.4,837.0,23.8,19.0,37.2,8.982983780000001,23.200000000000003,19.1,33.800000000000004,27.500000000000004,18.4152008,15.1,55.91741428,30.191997655,0.0005618328,0.0004252257,5.4087873179,8.4,5.9665586436,5.193832319999999,2.28478682,0.83338535,0.3839191,89.39072352000001
34914,43.2,21.3,18.5,12.6,17.9,16.0,5.8,85936.0,6.7,14.7,10.8,1.8,869.0,18.8,15.3,38.1,7.91015625,10.7,15.299999999999999,32.7,23.1,19.568986199999998,11.1,69.26167755,9.7442143727,0.000354668,0.0002806939,3.6965021032,8.7,5.2163043243,16.15921864,5.21089104,1.35592296,0.57019698,74.66579364
26110,45.1,20.7,22.4,14.6,13.0,19.3,4.8,61765.0,11.4,20.1,24.7,6.6,782.0,20.4,17.2,33.5,9.96398559,21.099999999999998,16.6,36.1,26.5,18.16144775,13.8,56.884584339999996,21.447183804,0.0002177384,0.0004165247,4.6699961583,8.6,5.6144178857,17.78560023,4.49266947,1.4915082,0.30483379,74.30686602
11489,40.7,22.8,16.9,55.3,7.7,23.9,5.4,62965.0,14.1,8.0,28.6,4.9,815.0,22.6,19.1,36.8,9.39086294,24.099999999999998,19.900000000000002,41.0,28.299999999999997,18.47239955,18.0,46.2647929,25.475131419,0.0003323916,0.0001729356,4.9365204086,8.3,5.7874808641,9.639355160000001,3.12448064,0.6149243799999999,0.58999501,83.95379757
240853,36.9,25.2,12.0,33.1,17.9,10.0,5.3,79663.0,10.3,5.6,27.8,2.1,1411.0,17.6,16.9,40.0,11.822351959999999,16.0,13.0,39.300000000000004,23.799999999999997,15.278856020000001,8.799999999999999,65.68522484,12.677095178,0.0018420112,0.0004852488,3.3881114004,9.1,5.221456344,54.719122750000004,8.51331236,3.4189141999999997,0.46855424,30.72349016
164117,36.1,25.4,13.2,26.5,18.3,12.6,4.8,76968.0,10.4,9.4,33.1,4.2,1094.0,20.5,17.1,44.2,9.61818712,17.8,14.2,39.300000000000004,26.5,16.701853110000002,11.5,71.28869904,21.723369405,0.0018956354,0.0005274862,4.1516718473,9.5,5.4204161021,34.390663700000005,7.67616035,3.27433217,0.44832358,51.40777094
9487,39.8,22.0,18.3,86.0,8.4,9.1,6.2,46383.0,20.9,14.4,27.9,6.8,772.0,21.5,18.8,38.2,11.37370753,29.9,19.400000000000002,40.300000000000004,30.3,16.22856097,15.7,54.269054559999994,26.617954071,0.0001096491,0.0003119152,4.0458382539,8.9,5.9886065195,24.01315789,7.44517544,0.89912281,0.5372807,66.0745614
77033,37.9,25.2,14.4,38.7,18.3,14.0,3.6,82056.0,11.7,8.8,20.1,2.9,1007.0,20.5,17.0,37.6,7.5981489799999995,9.6,17.0,41.5,26.8,17.94078321,11.899999999999999,59.4283392,14.011714712,0.000643232,0.0005604962,3.8300446854,9.2,5.566196285,8.5177453,11.54432094,2.8606895,0.5382835899999999,75.16898945
14882,42.2,23.2,17.3,6.7,10.1,15.9,6.1,57374.0,12.4,12.7,17.5,3.1,1009.0,21.7,18.2,36.7,9.28308824,21.2,18.8,39.5,28.799999999999997,18.18831547,13.600000000000001,43.94923259,17.650834403,0.0004254026,0.000327268,4.4067686064,8.5,5.728642323,16.463081130000003,5.12914008,0.50440596,0.55910058,75.80674567
14791,39.1,26.0,15.0,0.0,8.4,20.6,4.1,41780.0,22.4,15.8,32.5,7.7,626.0,22.2,20.1,36.6,9.84615385,27.6,22.5,41.3,33.300000000000004,16.192809699999998,19.0,50.074118,33.207343413,0.0003354354,6.72405e-05,5.8962619167,8.5,6.0015179748,14.9402925,13.98765598,0.8050449499999999,0.9123842700000001,68.24097678999999
15591,40.7,23.3,18.4,78.1,7.5,15.3,4.5,46865.0,16.5,18.7,33.0,9.1,701.0,19.9,19.4,43.6,12.61044177,32.7,23.3,44.2,36.4,14.88540782,14.299999999999999,39.12585571,27.921092564,6.58631e-05,0.0001288328,4.8355091384,9.4,5.87874369,50.75413291,3.80030297,0.77718501,0.32272936999999996,43.18645854
8704,44.0,18.6,21.3,0.0,4.9,21.9,4.9,31463.0,18.0,25.9,17.2,6.6,665.0,20.5,20.4,42.8,13.755795979999998,36.199999999999996,23.200000000000003,44.5,36.7,14.174834319999999,18.8,48.8372093,32.23880597,0.0001159152,0.0003472624,6.1244792638,9.0,6.1010019716,41.1614698,4.34681813,1.24029211,0.49843515000000005,51.6633824
9225,42.7,18.0,19.6,91.3,4.2,19.9,8.3,47796.0,12.1,8.3,27.0,5.3,590.0,20.2,19.2,38.5,9.57142857,31.5,23.400000000000002,42.8,34.699999999999996,16.79165619,16.8,33.307148469999994,32.691185055,0.0002154708,0.0005458515,4.8297379827,9.0,5.8222323416,34.60461108,1.46520147,0.48480931,0.31243267,61.872441280000004
28382,41.3,22.5,17.9,35.5,11.6,14.4,4.3,66288.0,8.6,9.3,17.2,4.7,850.0,20.8,17.9,37.0,8.78746594,17.8,17.7,39.900000000000006,27.800000000000004,17.06559357,13.0,57.35067842,10.43219076,0.0004832752,0.0002464789,4.2815593847,8.6,5.738277019,25.799993100000002,2.37150057,0.6903931799999999,0.36245642,69.29821533
18676,37.6,20.7,17.5,26.5,9.1,16.2,5.4,64966.0,10.7,9.4,23.9,3.0,888.0,20.9,18.5,38.8,11.44578313,19.900000000000002,18.099999999999998,41.5,27.800000000000004,17.340141749999997,12.8,61.838681699999995,14.120667522,0.0005391893,0.0002620545,4.1265433976,8.5,5.8557112256,26.65065438,3.7155041399999997,0.82348904,0.36762904,66.61438165
49407,39.2,24.6,18.0,46.0,8.8,16.2,5.5,46776.0,13.5,18.8,36.4,6.4,722.0,20.3,18.8,40.4,11.9642016,29.299999999999997,19.5,41.5,30.9,14.08630475,17.4,52.544329899999994,34.926135327,0.00226267,0.00084768,6.641044949,9.3,5.3767077311,37.35407781,3.4821088899999997,1.07326645,0.39646782999999997,56.268396710000005
32968,37.0,26.2,13.0,6.4,19.8,11.9,4.4,83632.0,7.2,7.0,25.2,3.0,1144.0,20.2,16.7,36.1,10.216290840000001,13.8,15.299999999999999,36.7,24.9,19.0625821,11.0,70.54438671999999,13.916239989,0.0004428436,0.0005088145,3.6302182456,9.4,5.3225790575,25.79121398,3.49551252,2.69248937,0.39855927999999996,66.14903165
65550,28.6,27.5,9.5,43.8,13.9,15.5,8.7,55149.0,11.4,14.5,51.9,5.5,1178.0,19.7,19.4,38.8,9.49766118,21.7,17.1,45.9,28.7,16.159331230000003,14.000000000000002,64.58832551,43.544021653,0.0040167606,0.000395672,3.5743562268,8.8,5.3801522317,42.73948851,13.15850311,2.2511197800000002,0.7556711500000001,37.01632712
7726,47.1,19.3,24.8,50.0,10.3,18.8,3.6,50754.0,13.7,32.2,24.1,7.3,724.0,20.3,17.5,37.1,8.348794060000001,23.200000000000003,16.900000000000002,37.5,26.700000000000003,16.97491455,15.7,43.32061069,14.032496307,0.0005076786,0.0002580978,4.4991666667,8.5,5.7777970155,26.01853027,1.6118796800000001,0.5203706100000001,0.54575454,69.42505394
16804,34.4,27.5,9.2,11.9,7.9,21.7,4.5,56819.0,13.0,13.1,39.2,7.9,846.0,21.3,19.8,41.3,9.26136364,20.9,18.2,41.3,29.599999999999998,17.57415265,16.400000000000002,42.38067855,20.223152022,0.0003572522,5.83022e-05,4.1351633704,8.5,5.695298053,27.88098397,13.228539349999998,1.16362152,1.0360314400000001,52.837603349999995
118257,30.9,24.2,12.7,36.9,15.7,11.5,5.1,52821.0,15.2,11.2,45.6,7.5,951.0,20.5,19.3,39.8,11.73199153,23.1,18.099999999999998,39.5,28.9,15.96313838,15.2,61.842604300000005,24.075717243,0.0023030022,0.0005617224,5.1619150841,8.3,5.5213541797,37.21005368,7.3422692,2.02713898,0.54427066,50.89054941
21715,38.5,24.9,17.9,45.7,10.1,12.3,3.8,54752.0,11.1,12.9,34.1,4.8,834.0,20.4,18.5,39.1,12.43154436,29.9,16.7,43.7,29.9,15.898716630000001,13.600000000000001,39.610017209999995,33.73015873,0.0007339786,0.0005084824,4.7961415363,9.2,5.9002225907,40.235790630000004,3.6010826199999997,0.6422313,0.48167347000000005,53.32813432
12099,40.1,19.0,17.9,67.6,6.0,19.6,9.2,33960.0,23.9,22.9,37.7,13.6,627.0,18.1,19.6,46.8,12.14203895,41.9,26.200000000000003,48.3,41.199999999999996,13.852994220000001,17.0,31.28816516,37.505648441,0.0001692477,8.33056e-05,6.2495559503,9.0,5.9718246233,58.92358467,4.7558602,1.70093932,0.6431412400000001,33.36718287
30378,40.2,23.2,17.7,51.3,9.6,18.1,5.8,53626.0,17.4,11.2,27.8,4.0,884.0,22.3,18.8,38.2,9.43613349,17.0,18.8,39.0,29.299999999999997,16.82856588,17.7,46.71044324,24.277456647,0.0002795812,0.0001942691,4.0170759295,8.8,5.8080182382,10.13947998,7.60460998,2.30499208,0.47218167,77.96278463
20679,43.6,21.1,20.8,83.9,8.0,20.9,7.1,52392.0,15.0,14.9,33.1,7.3,864.0,20.4,18.5,41.6,12.8802589,27.900000000000002,19.5,40.699999999999996,31.0,15.97495882,17.4,37.22384327,27.27925341,0.0009077445,0.0002885586,4.7001570606,8.2,5.787601337,35.8463523,3.19621614,0.75008361,0.70708518,57.86154508
5923,43.2,22.5,21.4,74.4,11.3,16.6,5.0,52132.0,16.5,11.2,33.3,11.4,698.0,21.1,18.2,38.0,11.03286385,30.9,21.8,41.699999999999996,33.4,16.12663208,17.5,55.73893473,28.215767635,0.0001740038,0.0005068424,6.4796702056,9.3,6.1136520896,27.75361058,3.51487733,0.6612145500000001,0.48721072,65.96485123
21634,39.5,22.8,17.7,20.3,6.4,21.1,9.5,45966.0,19.4,12.4,36.4,13.3,725.0,20.0,19.3,43.4,12.66055046,33.5,21.6,46.800000000000004,34.599999999999994,15.04155476,19.2,50.42935207,34.956886507,0.0043099365,0.0004646624,5.9495236835,9.6,5.8392064398,45.80373212,5.53187459,0.89040447,0.7104291,46.045278010000004
28287,42.6,20.7,18.7,24.0,15.8,15.4,3.8,74867.0,12.4,8.3,16.8,2.0,872.0,20.0,16.8,35.8,10.94497608,15.6,16.8,37.7,25.4,17.952684650000002,13.3,60.73251276,13.404333456,0.0004244898,0.0005224296,3.9970183606,8.7,5.4097765363,21.93306122,3.0563265299999998,1.12326531,0.3722449,72.14367347
20171,43.1,22.5,20.2,7.6,17.5,13.3,2.9,81524.0,8.6,10.5,25.7,4.0,1003.0,19.6,16.0,36.4,6.67565745,16.3,13.600000000000001,36.1,22.3,18.988088249999997,11.5,56.71127332,14.719626168,0.0003261883,0.0003876908,4.1876563581,8.8,5.122906847,19.48741845,3.93755825,0.7409133299999999,0.60577819,73.98415657000001
40063,39.7,24.0,14.9,33.0,7.5,13.7,6.7,60617.0,14.2,7.6,26.3,4.6,800.0,22.4,18.5,35.5,8.48387097,19.8,18.4,38.0,30.599999999999998,18.40712206,15.5,54.04892661,32.322384301,0.0003899111,0.000150184,3.8538577406,8.1,6.0635648078,1.14536371,16.68331912,0.66772268,1.06494456,80.05604971
204572,34.9,24.8,14.1,42.2,16.5,17.2,7.3,54561.0,12.0,11.7,50.5,10.3,1038.0,19.6,18.7,43.9,12.37489575,25.7,17.0,41.699999999999996,30.7,16.08411322,15.7,64.95658637,29.185301305,0.0036457843,0.0010359066,4.8531169568,8.4,5.7203034941,47.89698678,8.70431005,2.99885574,0.53200711,37.16322315
113298,36.4,25.5,13.2,44.0,13.5,14.3,6.6,70732.0,13.6,5.1,27.4,4.2,1264.0,18.8,18.3,40.7,10.85617166,18.3,16.900000000000002,42.3,27.6,16.14547489,11.700000000000001,63.3965927,17.045089085,0.001065468,0.0002340601,4.1550500965,9.1,5.7783718157,50.69047322,7.353394100000001,1.4300578499999999,0.52191285,38.14209015
41978,41.2,26.2,15.5,1.9,26.3,9.4,2.9,116221.0,7.2,4.9,16.4,1.1,1391.0,19.5,13.9,28.9,5.94227504,6.5,11.700000000000001,32.9,18.7,20.96616812,9.6,85.13147928,3.0672079387,0.0030329093,0.0011389257,3.9633439689,8.8,4.7635890646,4.682902540000001,5.95491377,4.80059753,0.33045132,82.84142864
14974,42.2,21.1,18.7,17.0,13.4,13.6,4.5,66672.0,12.4,17.5,21.7,3.2,789.0,20.8,17.2,37.4,8.93223819,19.7,17.2,36.0,27.3,18.204586589999998,12.7,52.44272702,18.71032409,0.0001904278,6.60502e-05,4.8300291993,8.3,5.7547918252,15.73568617,7.1854767,1.39647074,0.5522407,73.08620033
169898,36.6,25.7,11.2,24.3,17.6,11.3,4.1,89237.0,10.9,5.3,19.7,2.2,1464.0,20.4,17.1,41.8,9.091640519999999,10.7,15.2,38.5,25.2,18.895816630000002,9.9,65.24972778,9.0702416387,0.0008189382,0.0001381057,3.1086480294,9.2,5.5470704475,25.713568170000002,9.15245354,1.62586534,0.48917910000000003,60.769583540000006
28054,38.1,21.0,16.4,83.8,11.4,17.0,6.6,60940.0,11.1,15.5,31.0,6.2,817.0,19.5,18.0,40.2,10.93148576,25.3,17.5,42.699999999999996,28.799999999999997,15.67482757,15.0,57.09677419,19.278748015,0.0013539316,0.0002111412,5.460790249,9.2,5.5204696005,44.006248920000004,9.41156049,1.08314529,0.52768617,43.318868249999994
33439,46.3,19.2,22.1,12.6,16.0,18.7,4.5,72558.0,12.4,12.9,21.1,3.1,990.0,21.8,17.1,33.0,9.13801225,16.3,14.000000000000002,36.7,23.200000000000003,18.68344683,15.299999999999999,57.20512821,23.423989939,0.0008618533,0.0004408653,4.3697782033,7.9,5.7115765288,1.38452556,4.20083961,0.77010759,0.46984904,91.84853624
19822,39.8,24.6,17.1,46.3,9.4,13.2,2.3,54861.0,14.0,11.1,23.1,3.3,764.0,22.5,18.8,35.3,10.1754386,21.6,16.6,39.6,26.700000000000003,17.700115829999998,14.6,56.08677338,36.526533425,0.0003427173,0.0002503004,4.7386185559,8.3,5.9807172763,9.160342720000001,5.40514076,0.66585067,0.8959608299999999,82.34026928
19145,40.2,23.5,15.7,10.1,11.4,11.6,4.5,83866.0,13.6,9.6,16.4,2.5,989.0,21.7,17.6,34.0,9.02097902,12.4,14.399999999999999,34.2,23.7,19.14643024,11.4,59.514422079999996,17.070008643,0.0006353551,0.0002053704,4.2550118257,8.4,5.5960592267,8.58218073,2.5316455700000002,0.57670691,0.31767753,86.27633058
43019,37.9,25.2,15.4,59.8,9.0,16.9,4.8,51956.0,14.2,10.0,34.9,5.8,814.0,22.5,19.0,37.6,9.0974212,23.1,18.8,41.699999999999996,30.599999999999998,16.91846829,16.7,42.24207961,36.229659196,0.0006557674,0.0002299062,5.0049929304,8.6,5.8778514788,12.07064197,13.98367365,0.78013703,0.9203355700000001,70.94272211
9887,42.2,18.9,22.5,66.9,8.2,19.5,3.9,42545.0,9.8,23.6,35.5,6.7,863.0,21.8,19.6,40.3,9.92907801,31.900000000000002,20.200000000000003,43.5,32.2,15.4236667,15.299999999999999,45.328971280000005,29.045643154,0.0002971768,0.0006050217,5.3669846577,9.0,6.2803676203,31.68895493,4.30906389,1.2184249600000001,0.61416543,60.45567112
22206,48.6,19.5,24.9,59.1,16.3,20.5,3.2,60825.0,12.3,25.2,20.4,3.2,934.0,19.8,16.7,36.7,9.80258679,25.4,16.8,42.1,28.299999999999997,17.23486616,15.299999999999999,62.48147364,27.209246328,0.0003891219,0.0003984946,4.7539270788,8.5,5.3985773569,25.366423110000003,7.00419387,0.67447793,0.45829911,65.31194604
16915,49.4,15.5,28.3,51.9,15.6,20.4,2.6,57261.0,13.6,41.9,23.3,4.3,945.0,20.5,15.6,31.6,7.488151660000001,22.3,15.9,36.7,24.0,18.44254797,16.400000000000002,55.157835399999996,22.667542707,0.0017773191,0.0007009755,4.5944047758,6.6,5.539919199,1.3415892699999998,8.73179681,1.00905859,0.61919505,86.89370484999999
6365,39.0,25.0,20.2,75.5,9.5,17.1,7.5,24638.0,11.0,26.9,51.9,18.7,557.0,19.6,19.2,42.2,11.0619469,40.8,26.3,48.6,42.0,12.22222939,18.0,64.01648999,35.663338088,0.0009871668,0.0003181167,5.5194837635,8.7,6.4047193887,59.77295163,2.5172754200000003,0.57584732,0.18098059,35.83415597
206153,34.8,22.9,14.5,60.8,14.2,18.3,8.3,50605.0,12.0,19.6,48.6,10.0,1024.0,20.4,19.4,42.6,12.58410167,32.0,18.5,44.4,30.2,15.29697159,15.7,60.57174234,30.616809053,0.0035878762,0.0008897619,5.1491685766,10.7,6.1749818806,57.96440359,5.877885640000001,1.72773034,0.41477212,31.49882676
93641,39.0,24.0,15.1,58.1,17.0,12.4,6.0,68999.0,14.8,6.1,34.4,3.6,1263.0,17.6,17.1,42.2,11.590574369999999,18.8,15.4,44.9,28.599999999999998,14.65168164,10.2,63.01194162,16.541353383,0.0020940336,0.0007015157,3.7270150083,9.3,5.5855510827,61.622928099999996,11.144217450000001,1.8210799400000002,0.64800442,22.958317270000002
14026,41.9,20.6,19.8,61.0,8.2,15.4,7.2,49941.0,11.3,27.6,25.8,5.4,632.0,20.0,18.5,41.6,12.068965519999999,32.300000000000004,20.7,42.3,30.4,15.8570158,14.499999999999998,44.313934859999996,45.010615711,0.0003527586,0.0001417937,5.0187799991,8.8,5.7310387823,38.73289121,2.72329618,0.6137999199999999,0.5432482,56.01806124000001
9117,45.0,19.9,23.8,27.8,11.1,20.7,5.8,46063.0,18.4,27.6,26.1,10.7,813.0,19.5,17.4,38.7,11.851851850000001,34.1,19.3,42.4,29.5,15.854992840000001,16.900000000000002,47.43770569,38.285714286,0.0002199736,0.0008698489,7.1468950237,9.0,5.8652704344,32.28112626,3.16761989,0.8139023299999999,0.28596568,62.06555213
67415,38.9,23.4,18.4,57.1,11.4,14.2,5.6,57367.0,13.0,5.9,35.3,7.3,1024.0,20.0,18.3,41.0,13.49426884,27.800000000000004,19.1,40.2,30.599999999999998,15.914546669999998,14.899999999999999,43.69945512,31.827443266,0.0016870157,0.0004123165,5.0137711409,8.7,5.6499359852,36.92705802,6.5093071799999995,1.0965601999999999,0.54899494,53.2510794
26732,41.9,21.4,20.9,14.8,9.7,17.9,5.8,52901.0,15.4,17.3,26.6,4.8,797.0,22.1,18.7,34.1,9.0617849,22.1,17.8,37.5,28.000000000000004,17.59758783,15.299999999999999,44.69041278,30.107526882,0.0010650801,0.0006700168,4.46956176,7.7,5.9533846867,10.33127663,4.2456295,0.94020861,0.60232114,81.33906273
29378,36.9,22.4,16.9,69.8,14.1,13.4,6.5,38899.0,11.8,21.2,43.3,10.6,812.0,19.2,19.1,41.7,13.654781199999999,44.7,19.0,44.0,31.900000000000002,15.26541659,16.1,54.65723946999999,27.380365072,0.0029075805,0.0005122426,4.4251771375,9.2,6.0028867409,52.19106957,6.362063,1.49878851,0.55036345,38.5081343
5793,49.9,16.3,25.9,92.2,9.9,23.3,4.3,48065.0,13.4,17.2,17.9,11.6,864.0,18.5,17.6,40.0,11.95335277,45.1,20.9,43.9,33.2,14.779757779999999,14.499999999999998,47.916666670000005,17.823639775,0.0001748863,0.0003483107,4.8071491387,8.4,5.985550362,52.46589717,3.58516964,0.38474991,0.78698846,41.11577475
24309,38.1,20.3,14.3,15.9,7.6,18.0,8.0,51868.0,15.2,19.4,29.9,6.2,609.0,20.2,19.5,42.1,9.34094447,31.2,20.3,46.1,32.5,15.836929620000001,16.400000000000002,39.31169558,43.018173453,0.0003292723,0.0001735207,4.8762761549,8.9,5.6318249767,28.30507079,10.89068159,0.75732631,0.642081,58.2235759
12619,40.1,23.8,17.6,60.0,3.7,23.4,2.1,41801.0,12.0,39.0,26.3,11.1,644.0,19.8,19.7,42.8,12.59338314,42.199999999999996,21.8,45.6,37.2,14.59426351,21.7,32.76190476,49.333333333,0.0001831502,0.0001611084,5.7327316034,8.8,5.8153298531,34.22161172,12.58241758,0.84249084,0.41208790999999995,50.97985348
45665,39.9,23.9,18.3,41.5,15.7,18.3,6.2,55958.0,12.6,12.6,37.7,4.4,974.0,19.7,17.4,39.2,11.10246433,24.9,16.8,38.7,26.200000000000003,15.98312569,15.8,65.28455285,28.283650422,0.0024973165,0.0009380045,5.077481738,9.6,5.7555022936,35.8759228,4.10523779,0.96606716,0.66814169,57.21483494
41247,36.5,25.0,15.3,34.7,9.6,10.8,2.9,52561.0,16.8,11.9,38.3,8.2,760.0,21.0,19.1,37.7,11.93036354,27.3,17.599999999999998,41.9,31.6,15.285369679999999,15.299999999999999,55.441647599999996,34.228730572,0.0011069933,0.000655149,4.4860353525,9.3,5.8255899527,30.41584444,13.298358760000001,1.5762622099999999,0.55349665,53.3113539
26946,37.5,26.3,17.0,43.3,8.7,17.8,6.2,47310.0,17.0,19.1,36.0,10.3,661.0,20.8,19.0,39.5,11.94475551,33.300000000000004,16.900000000000002,42.5,28.499999999999996,15.98330523,18.099999999999998,48.09501774,38.522260815,0.0006656805,0.00078035,5.4438609891,8.9,5.8192217639,26.638313609999997,12.23002959,0.88757396,0.8949704100000001,58.43195266
12546,56.3,12.4,35.5,43.9,18.4,18.6,5.5,55574.0,14.5,36.6,20.9,3.4,839.0,20.3,14.7,31.4,6.65634675,18.5,14.2,37.0,22.900000000000002,18.97584896,16.7,57.2851153,9.3227310118,0.0005370157,0.0005436893,4.6103123451,6.4,5.475174765,1.1200613700000002,3.34484081,0.90525508,0.3605677,93.16455696
69527,37.2,24.3,15.4,57.3,11.9,16.9,4.8,53599.0,10.2,11.6,40.5,9.2,956.0,20.7,18.8,39.0,11.8638727,27.900000000000002,16.400000000000002,41.5,28.000000000000004,15.38739634,15.4,51.660939289999995,31.584183039,0.0018800712,0.000502008,5.238959522,8.7,5.7093263029,36.47620932,4.80761075,2.42006163,0.45376156,54.09940347
7955,45.9,19.1,23.4,80.0,6.5,21.2,3.4,50446.0,10.4,28.3,11.0,7.8,727.0,19.1,18.1,39.0,11.28205128,30.9,18.5,42.0,30.4,16.31358063,14.099999999999998,50.54288817,24.246877296,0.0001300221,0.0001272912,7.2738309893,8.8,5.9670315429,39.44870628,2.17136913,0.44207515000000003,0.53309063,55.376413989999996
24880,55.9,15.2,33.7,41.8,15.6,19.2,2.7,59783.0,11.4,27.1,18.6,5.0,781.0,20.5,15.1,34.4,8.47161572,18.7,18.099999999999998,37.1,25.8,19.068043940000003,14.899999999999999,56.5654259,17.011253599,0.0009585607,0.0007444849,4.6154597764,6.7,5.5980278881,1.0875977000000001,3.96327975,0.5898835,0.63412476,92.68544462
27638,41.5,22.7,18.2,65.4,9.8,16.6,3.1,48740.0,12.3,15.6,35.4,11.9,778.0,21.2,19.0,38.6,11.6117046,26.400000000000002,19.8,41.699999999999996,30.7,17.16356238,17.4,47.85912611,35.855145213,0.0003892014,0.0005050505,5.711777541,8.5,5.8259600087,27.718218169999997,2.85532321,0.6474896499999999,0.42812157000000006,66.65959028
68065,42.0,21.4,18.8,40.8,12.5,19.6,5.5,52276.0,13.4,11.1,25.7,5.3,847.0,21.6,18.0,39.4,9.16602613,20.1,20.3,41.8,31.8,17.876765040000002,16.0,54.158083690000005,34.503140007,0.000676366,0.0001897533,4.1947674419,8.5,6.1598960885,4.6856336999999995,3.03645181,0.8461770900000001,0.450431,89.29758667
97752,39.4,24.1,15.9,31.8,15.1,13.1,5.2,79425.0,12.2,4.8,22.5,2.6,1192.0,20.4,17.3,36.3,9.18748541,13.900000000000002,17.8,35.8,27.0,17.72314449,13.0,61.38185316,17.118402282,0.0012370902,0.0002403533,3.9884365469,9.3,5.4266712119,21.55629698,7.15544226,1.94841709,0.50701955,67.18711927
35917,37.9,24.7,17.1,66.5,10.6,13.7,4.3,44138.0,17.5,19.9,37.7,10.9,760.0,21.9,19.8,37.9,11.476868329999999,29.5,21.2,39.5,31.5,15.137996000000001,17.0,47.4785009,47.593582888,0.0014899429,0.0006105514,5.2545740943,8.4,5.9004445011,29.834726709999998,5.21755925,1.1616036200000002,0.55734901,61.39392434
5197,45.3,20.3,22.7,23.7,7.0,18.2,9.0,45091.0,8.6,24.0,28.4,7.1,674.0,18.9,18.2,41.2,13.52040816,39.4,20.1,44.6,32.1,14.47511641,15.2,52.097902100000006,28.827037773,0.000391696,0.0005725191,5.5520240255,8.9,6.1105792721,55.26831179,1.8213865999999999,0.8617313,0.23501763,39.91382687
19975,40.8,21.4,18.2,47.6,12.5,17.1,4.5,43810.0,13.7,16.1,32.2,8.5,777.0,19.4,18.8,42.4,10.50390348,29.5,19.8,43.0,31.900000000000002,14.90710713,13.8,48.3009232,30.335003957,0.0003531786,0.0007076068,5.2222055288,8.7,6.0578718485,53.7184662,2.24016145,0.67103935,0.21190715999999998,41.851664979999995
30277,38.7,24.3,16.2,49.2,8.5,17.3,6.2,49847.0,19.2,13.9,35.6,6.8,805.0,21.6,19.7,39.3,10.08196721,27.1,20.9,41.3,31.4,16.12334961,16.5,44.25082676,42.760111145,0.00035062,0.0003620803,5.1645454084,8.5,5.7854573668,19.35103433,6.42272017,1.36423039,0.67892774,70.42042521
28165,45.3,19.4,22.9,37.1,13.3,16.3,3.5,66256.0,12.0,25.0,24.4,4.3,950.0,21.1,16.7,32.7,6.92913386,15.4,14.6,35.5,21.7,19.32715734,14.799999999999999,60.13490142,16.398330352,0.0009991043,0.0001406371,3.8846116677,7.0,5.6374011789,2.13946117,3.9171777,0.65803073,0.5994625499999999,91.00806174
103033,36.4,25.5,14.2,26.6,10.9,11.7,5.7,59659.0,18.0,8.7,32.1,5.1,849.0,20.2,17.7,38.4,7.42812395,22.2,18.4,36.9,30.5,16.33942608,15.299999999999999,46.00208457,27.175584256,0.0014370172,0.0005347698,4.1155872327,8.6,5.5710068581,3.6619827000000003,37.5456904,1.78710928,1.56239451,55.66271567
8839,41.4,18.0,19.2,58.9,7.0,12.9,5.3,46759.0,16.9,27.6,26.4,6.5,611.0,19.2,18.5,41.1,11.475409840000001,34.0,20.3,41.5,31.0,16.1173239,15.9,37.29508197,35.945363048,0.0002278164,0.0001144296,5.4713324974,9.1,5.6152167346,34.354710100000005,3.95261419,0.8770930600000001,0.33033375000000004,58.90192505
9610,45.5,20.6,23.4,70.5,12.0,15.4,2.9,51780.0,19.6,22.2,34.3,4.6,777.0,19.2,17.6,39.1,10.329341320000001,32.300000000000004,20.1,43.9,32.4,15.7057545,14.7,45.4674221,26.147015294,0.0002101282,0.0004204772,4.4978133753,8.4,5.80382804,39.251943690000004,5.05358269,1.19773062,0.27316662999999997,51.943685650000006
8852,42.2,22.5,19.9,69.6,8.1,15.4,5.8,40757.0,12.8,23.1,19.7,5.0,715.0,20.1,18.4,42.6,11.56914894,33.0,21.4,43.6,33.1,15.687125260000002,15.1,54.19387243,37.601626016,0.0005730659,0.0003397124,5.8133097042,8.8,6.0343916067,36.744985670000005,3.3008596,0.50429799,0.6532951300000001,57.27220629999999
20706,41.6,22.3,19.5,68.1,6.6,17.1,7.0,56496.0,16.8,14.7,27.4,7.8,875.0,21.7,19.0,36.8,11.79564237,31.3,18.9,39.1,30.3,16.60097463,16.1,43.70402423,28.921795465,0.0001479801,0.000291914,4.6365129446,9.5,5.8904218419,28.20500173,2.73269866,0.84841908,0.3502195,66.26547625
202163,43.3,21.3,22.2,44.1,19.2,15.3,6.5,74238.0,4.8,18.5,28.6,5.0,1352.0,20.0,15.6,38.1,8.97262131,20.599999999999998,13.8,26.0,19.3,23.7998492,14.399999999999999,60.381290359999994,18.726004858,0.0035402066,0.0007688289,5.3054721854,3.5,5.3643976691,0.8202682899999999,11.879681139999999,20.43253137,0.5635431,31.03388483
1010100,38.8,20.9,18.6,24.9,23.3,11.7,4.8,99816.0,3.5,9.8,41.1,9.6,1976.0,15.1,14.2,48.2,8.47451321,10.0,11.899999999999999,26.200000000000003,22.2,21.76752316,12.3,72.43369099,13.158265476,0.0032190967,0.0009311713,4.2915175337,3.9,4.4336234575,2.49361234,9.602813000000001,42.81236861,0.31988826,17.53230214
73511,42.3,21.5,21.2,44.7,21.3,11.1,4.1,88869.0,5.0,24.0,35.2,4.3,1686.0,16.4,14.6,42.5,8.31643002,11.899999999999999,13.600000000000001,22.8,19.6,21.65193317,12.1,62.39400947,15.366074119,0.00243734,0.0008168377,4.0671549836,3.3,4.5791354613,0.6892256,10.62274038,30.24332778,0.43872121000000003,29.15464923
164765,42.2,21.4,19.3,33.7,20.0,10.4,5.4,95379.0,4.7,23.8,34.7,4.4,1805.0,15.8,14.9,41.3,8.012820510000001,11.5,13.4,24.099999999999998,20.4,22.98436535,12.1,62.453970010000006,15.247735405,0.0023266721,0.0008342417,4.3052215489,3.9,4.8101242054,0.7796178699999999,10.703300590000001,28.88484191,0.59689493,30.08898607
497494,38.1,22.6,15.3,15.2,27.9,11.1,3.2,83881.0,7.0,4.0,28.7,3.5,1320.0,25.0,15.2,30.3,6.519917960000001,7.5,11.5,28.7,17.599999999999998,19.45688308,9.700000000000001,76.36260001000001,7.87995788,0.0041397213,0.0008868383,3.9246352175,7.8,5.1373617755,1.3221568499999998,10.08723529,3.0891622,0.8330903199999999,82.2087281
87434,34.7,25.6,14.7,7.9,19.6,15.1,5.1,60998.0,7.9,7.1,31.8,5.0,823.0,25.0,17.0,36.3,9.125375870000001,12.2,13.900000000000002,36.8,22.400000000000002,17.04157261,12.4,69.76306421000001,15.130002662,0.0047013274,0.0007364354,4.4463894168,6.7,5.700199926,0.87831858,10.13384956,1.8495575199999998,3.86172566,81.86836283
6436,40.0,26.7,21.2,22.8,14.2,15.6,4.3,63244.0,5.9,40.4,19.4,3.7,636.0,22.2,15.9,32.9,6.96798493,12.1,13.5,33.6,21.4,19.54202085,11.4,58.167613640000006,15.075376884,0.0005911913,0.0007639419,4.1342621703,5.5,5.5202738128,0.36949453,4.064439849999999,0.50251256,0.9902453400000001,92.95004434
9731,45.9,22.3,23.0,18.4,12.8,22.0,3.8,54191.0,13.9,18.0,26.3,2.1,812.0,22.4,16.6,33.8,6.74318508,17.299999999999997,17.2,34.0,24.7,18.67766069,15.1,51.16741182,23.193096009,0.0027967981,0.0003020844,4.0014829461,10.5,5.5943685251,0.58829202,3.95409393,0.51113897,7.4645578200000005,84.85871347
48253,34.3,29.9,14.5,32.8,14.2,16.6,6.1,69433.0,9.8,8.2,19.9,4.1,787.0,23.0,17.1,33.3,8.274926520000001,13.4,14.7,41.099999999999994,25.7,17.81251196,11.5,56.702809269999996,18.309752591,0.0014287132,0.0002864392,4.0245214455,6.7,5.208181421,0.41075503999999996,17.84303998,0.84333763,6.818136719999999,74.67804346
47976,48.3,19.5,25.7,32.2,18.1,17.3,3.5,61816.0,9.8,27.1,21.8,4.3,995.0,21.3,14.5,29.0,6.77631579,14.399999999999999,14.499999999999998,26.700000000000003,21.3,20.60182216,12.7,62.307176389999995,13.538748833,0.0024930063,0.0004849367,4.2915207213,12.7,5.1543870441,0.32161683999999996,4.13153938,0.91727406,0.9895902700000001,91.45526862
124490,33.2,30.2,13.4,23.2,21.6,14.2,4.6,73103.0,8.9,6.8,29.0,4.1,971.0,25.3,16.5,36.4,8.34191555,12.0,12.8,35.199999999999996,22.6,13.71280698,10.9,66.60517137000001,16.710281552,0.0034712178,0.000383022,3.9421933343,6.6,5.0835800798,0.5975671,14.66208913,1.33824582,1.33900705,81.02324802000001
12335,43.6,23.1,23.6,59.7,11.1,16.9,3.8,58810.0,12.0,13.7,22.5,1.7,802.0,21.8,15.8,31.0,4.7058823499999995,16.7,15.1,30.9,23.400000000000002,17.99931887,15.1,51.783060920000004,17.725258493,0.0018440658,0.0005572805,5.0719224247,9.5,5.2729131201,0.62698237,5.57645497,2.0653536900000002,1.91045216,87.98406727
235006,34.4,27.4,14.2,20.6,15.2,14.9,3.5,68473.0,12.0,3.2,25.2,3.3,1138.0,23.1,16.6,34.8,6.919933540000001,12.2,15.2,37.7,25.900000000000002,17.85663609,11.4,59.56623484,18.575699652,0.001889985,0.0003126093,3.383210292,10.5,5.125188223,0.75832253,26.011549480000003,1.30009236,1.7168980999999999,69.02326195
7058,37.9,27.8,17.0,0.0,10.1,12.2,2.8,65380.0,9.6,19.3,22.2,3.0,709.0,22.0,16.4,32.8,9.34579439,12.0,13.100000000000001,32.800000000000004,22.6,18.6961886,9.4,49.78749241,17.887087759,0.00041557,0.0005625088,4.370109198,5.7,5.2162790137,0.33245601999999996,5.8872420000000005,0.45712703000000005,0.72032137,91.41155284999999
24859,33.1,31.0,14.1,29.2,14.6,13.2,3.0,63525.0,11.2,8.1,30.7,4.0,874.0,22.1,16.6,34.1,7.018195319999999,13.3,13.900000000000002,38.6,26.8,17.67610811,11.4,59.9074665,25.163636364,0.001517746,0.0008742648,3.8172938351,7.2,5.1443623576,0.40473224999999996,30.07082814,0.81724782,2.07814446,66.87422167
8810,52.3,14.7,28.4,66.7,12.3,22.6,4.4,55885.0,13.3,23.2,20.0,5.4,838.0,20.8,14.9,33.7,7.407407409999999,19.1,15.2,32.800000000000004,24.0,20.37746234,14.2,53.45010616,14.681892333,0.0014108965,0.0013490725,4.0915914155,7.9,5.2692998326,0.61862383,4.927284569999999,0.85739093,2.65899718,88.72368135
28752,32.3,24.3,14.0,0.0,15.4,16.5,6.4,55000.0,12.4,11.2,37.5,4.8,1030.0,22.8,17.5,36.9,7.51879699,14.7,16.1,36.5,26.900000000000002,17.68526014,13.0,62.37706884000001,30.129124821,0.0018503566,0.0005550352,3.943365862,7.4,5.2155339738,2.50302786,18.31853048,3.29027049,1.91427802,71.514601
14376,32.6,31.2,14.2,0.7,11.8,13.6,1.1,61679.0,11.0,7.1,22.6,1.8,792.0,22.8,16.7,33.2,6.93877551,9.3,17.5,33.1,24.3,18.04729677,10.6,49.47222222,11.402231926,0.00058087,0.0003409246,3.664304208,6.4,5.0622004877,0.37433845,7.5835807399999995,0.29043501,0.9874790200000001,89.98967342
13519,39.0,24.3,17.8,15.8,16.8,18.0,4.5,67015.0,13.4,49.6,16.1,2.1,750.0,22.1,16.2,32.3,7.34237829,15.2,13.900000000000002,33.7,21.8,18.527501129999997,11.799999999999999,54.39954142,18.780788177,0.0008453085,0.0002942908,3.3530560982,4.9,4.9706891279,0.43674274,12.66553959,0.55649479,1.1341222899999999,84.40405748
19250,44.0,22.5,22.2,11.4,18.3,18.6,2.8,65204.0,12.1,5.8,24.6,4.8,827.0,21.8,15.3,31.5,7.14801444,13.0,13.600000000000001,31.4,21.6,19.08706785,12.7,49.09747292,19.701810437,0.0011864648,0.0006063056,3.7543482929,9.9,5.1652526306,0.39865218,9.904608230000001,1.16273551,1.2054482499999999,85.65801338
16787,49.5,19.4,28.3,7.4,16.5,18.0,4.3,54745.0,16.3,25.6,21.7,1.4,766.0,20.9,14.7,28.5,4.9165120600000005,16.900000000000002,17.7,32.6,27.6,20.60044818,12.6,54.42054958,15.089163237,0.0008384572,0.0008215962,4.1382435632,9.0,4.8274297951,0.55897149,4.01341532,0.69871437,2.81721632,89.91056456
31383,31.7,33.4,11.4,13.4,18.1,10.7,2.4,77491.0,9.6,6.0,17.6,1.2,971.0,22.5,16.3,33.5,8.08402292,8.9,15.5,37.2,25.2,18.05660944,9.3,70.31441906,13.081235572,0.0002924148,0.0002173778,3.2063807874,6.4,5.0607003381,0.28071817,11.19948535,0.54096731,1.1959763700000001,86.113223
24474,33.0,30.0,12.7,31.9,8.7,11.9,3.5,67347.0,14.4,6.2,27.0,3.4,834.0,21.6,17.2,34.2,7.05410822,14.2,15.8,40.1,28.999999999999996,17.41380498,12.3,43.53233831,33.224654557,0.0003139841,0.0002838375,3.5496798895,7.2,5.1870752311,0.38855528,39.58554103,0.55732172,2.28815888,57.796616820000004
173396,40.7,22.5,19.4,24.1,17.8,14.8,3.1,71949.0,10.0,11.5,27.7,4.3,1216.0,23.7,16.1,33.6,5.3189854,10.8,13.3,34.300000000000004,20.200000000000003,21.19694381,11.3,68.04751952,12.477307437,0.0024214907,0.0008009389,3.9366665723,13.0,4.9306883555,0.43132804,5.892113940000001,1.1183179300000001,1.288579,88.93627371000001
39872,30.3,18.5,14.4,1.2,27.2,12.3,5.3,62258.0,7.0,7.9,40.1,4.1,869.0,23.4,17.2,28.1,5.41708209,9.1,11.200000000000001,29.099999999999998,16.900000000000002,20.18568573,11.5,78.9296333,4.5365662886,0.0021064865,0.0007193709,4.1846939142,10.8,5.2982453352,0.77479964,5.09672889,2.44788262,0.89586209,87.90344059
8043,53.2,17.0,30.5,0.0,13.5,20.7,3.1,49216.0,6.9,27.8,16.4,5.0,725.0,21.9,14.8,31.4,5.67226891,17.0,15.2,32.9,22.6,19.456374970000002,12.7,61.92498231,16.152716593,0.0016585713,0.000612595,5.3180088946,10.8,5.2769966108,0.40279588,4.3004383399999995,0.42648975,1.42163251,92.47719465
3630,49.1,22.2,27.9,44.1,12.6,24.5,4.2,46484.0,10.5,13.5,26.6,4.6,662.0,21.9,15.8,34.0,9.053497940000002,16.2,18.0,36.199999999999996,27.3,17.86847806,16.400000000000002,54.27769986,14.634146341,0.001337256,0.000269179,4.8069173942,9.4,5.652911478,0.77560845,4.14549345,1.57796202,6.33859321,83.73896764
5203,37.3,26.6,14.4,24.4,6.4,13.3,5.6,62250.0,17.1,5.4,26.5,0.7,804.0,21.7,16.7,32.8,7.2494669499999995,15.7,15.9,36.5,28.599999999999998,17.59573864,11.799999999999999,47.00557103,22.494887526,0.0001834862,0.0003786445,3.436558123,6.2,5.1102797393,0.44036696999999997,32.18348624,0.69724771,2.2935779800000002,64.16513761
52487,21.6,20.4,5.5,2.3,27.6,6.6,8.1,53025.0,6.1,16.4,60.0,2.8,916.0,27.9,22.7,34.7,6.0417477,11.5,16.2,36.6,27.800000000000004,14.0140019,12.9,83.47187319,2.7622129272,0.0017232845,0.0004268666,4.4344566452,5.9,5.6075265656,1.0083047600000001,9.721891209999999,1.74895045,0.7974774,84.75259868
21626,34.9,29.0,15.8,31.3,9.0,12.3,3.3,63594.0,14.9,10.3,27.9,4.4,871.0,20.8,16.6,33.0,7.18363463,13.4,16.3,34.8,28.599999999999998,16.93260782,12.7,48.12999274,32.793285184,0.0004893238,0.0002732863,4.3676948886,7.1,5.1707901624,0.44928826000000005,37.17081851,0.77846975,2.24644128,59.86209964
42200,40.7,21.4,20.3,32.1,17.5,17.7,3.2,65023.0,10.1,6.8,28.4,6.9,888.0,23.9,16.3,34.3,6.09236816,13.0,13.700000000000001,35.5,22.0,20.35341977,13.0,62.14369387000001,14.710992702,0.0031172215,0.0006595374,4.7057829119,10.8,5.2443723452,0.54900319,4.61767511,0.9677344299999999,5.876195129999999,86.2632889
4572,39.7,27.7,19.8,0.0,17.9,15.2,0.7,67383.0,7.1,9.4,11.8,1.6,884.0,22.0,15.8,31.6,8.114558469999999,12.5,13.200000000000001,32.2,21.6,18.776002950000002,11.700000000000001,67.26726726999999,18.987341772,0.0016151827,0.0006506181,3.3592213753,6.2,5.124040135,0.5855037399999999,4.26004442,0.6258833,0.6258833,92.5701595
12043,38.9,25.2,18.4,43.4,10.6,17.4,2.2,58440.0,20.5,11.2,28.9,2.7,734.0,22.2,17.1,35.3,6.4484127,15.9,15.8,34.599999999999994,27.1,16.5645707,13.3,42.16179926,18.439249259,0.000157208,8.10636e-05,3.5437310328,9.0,5.21412989,0.50306556,24.909605409999998,0.72315674,3.9616412500000004,70.04401824
25571,40.0,25.6,19.1,29.7,14.5,16.9,4.4,62721.0,9.4,4.6,29.2,3.3,823.0,22.5,16.4,30.1,6.78197542,14.299999999999999,16.400000000000002,37.4,28.000000000000004,17.84474043,12.3,52.998717129999996,19.500088637,0.0014663294,0.0003795066,3.4805368364,10.2,5.0303791264,0.44723047,18.19714799,1.03376223,1.78525606,77.14725613
7918,35.3,31.2,15.4,46.9,9.8,12.0,7.5,56671.0,14.5,9.4,28.9,3.9,720.0,21.2,16.5,33.5,7.37704918,15.2,15.299999999999999,37.7,28.000000000000004,16.89005306,11.5,50.72681704000001,24.885728796,0.0004846722,0.0002515723,3.3360577953,6.4,5.3094404912,0.43620502,34.217860169999994,0.66642433,3.92584515,60.94753423
13399,46.1,20.6,23.0,49.0,7.0,25.4,5.0,44807.0,13.7,22.0,27.0,4.7,823.0,22.9,17.3,35.5,7.4540174200000004,19.7,20.200000000000003,34.8,30.099999999999998,18.21463361,16.5,47.33884298,22.509378908,0.0012120348,0.0004407875,4.2898013836,11.1,5.7047779574,0.70583203,4.33480679,0.7486097199999999,1.6968487099999998,90.18964779999999
90592,35.5,26.7,16.1,14.3,14.1,13.4,3.1,61183.0,10.6,4.7,30.6,3.5,951.0,23.7,16.6,33.4,7.59649772,12.7,13.4,36.5,24.099999999999998,16.989346320000003,12.0,62.64152496999999,19.541245987,0.0030055908,0.0006504559,3.8787440883,7.2,5.1957012296,0.85228467,18.33830762,1.6257514,1.36617765,76.78864181
11830,48.9,17.8,26.2,0.0,23.5,13.6,1.5,72878.0,12.3,69.2,15.3,3.9,962.0,21.2,14.4,32.7,5.77849117,10.100000000000001,14.6,33.5,23.0,18.76142238,12.5,74.77356592,8.4411930219,0.0023726669,0.0013070828,5.8873599881,7.0,5.0942699636,0.45080671,5.37013603,0.7987978499999999,1.11515343,91.07086365
10612,44.7,22.6,25.8,47.1,11.6,18.5,4.5,50046.0,12.4,9.0,28.2,5.9,881.0,21.8,16.1,31.7,5.92383639,17.0,15.2,38.5,25.8,18.06488746,15.5,55.87315766,20.047169811,0.0004376368,0.0004587998,4.4280196927,9.4,5.5025125914,0.66520788,16.28884026,1.02407002,1.6892779,78.95842451
65583,41.3,22.5,20.1,36.1,17.9,17.0,3.9,63767.0,4.8,9.1,27.8,7.2,782.0,22.4,16.7,36.3,8.72573515,14.099999999999998,17.8,39.5,22.5,21.88795583,12.8,64.35560706,18.752790594,0.0031656864,0.0010468947,4.2219893825,8.1,5.5525318657,4.03780202,2.10890582,0.9093589500000001,0.32743129,90.47655995
5261,44.9,22.0,23.5,65.8,5.9,23.9,9.3,40365.0,11.0,42.4,22.1,10.6,652.0,21.2,18.2,40.3,10.89918256,38.800000000000004,22.900000000000002,43.0,30.9,17.97464765,16.6,42.21105528,34.259259259,0.0059637913,0.0001988072,5.996,8.8,6.0218123037,31.139510120000004,2.32161874,0.25559105,0.61767838,62.68370607
16750,40.0,18.2,18.1,15.8,12.2,17.9,4.3,58617.0,4.4,9.8,28.0,8.4,698.0,22.8,17.9,37.9,6.13861386,14.799999999999999,21.6,37.6,27.3,20.883074960000002,14.399999999999999,61.17392350000001,13.540197461,0.0017629179,0.0005422993,3.9229126152,8.6,5.5045752145,6.54103343,3.9088145900000004,0.74164134,0.74772036,86.5775076
53459,39.0,24.1,16.3,60.8,15.1,13.2,7.7,80502.0,5.7,5.7,16.1,4.4,938.0,21.5,16.7,36.8,6.9174118899999995,15.8,17.4,39.5,25.0,20.88172519,12.2,60.2887501,11.340132658,0.0004511109,0.0005267217,4.2708701902,9.2,5.3157486757,2.6314800199999997,26.33171685,1.56009173,0.9943235200000001,67.97864742
33203,44.0,21.0,22.3,19.0,14.2,14.2,5.7,64165.0,6.5,11.1,24.1,5.8,787.0,22.5,16.6,36.4,7.31269628,15.4,18.7,37.8,25.8,21.63653394,13.100000000000001,61.51221509,15.199768384,0.0009471722,0.0004561628,4.2029336517,9.1,5.4622111557,1.10605274,10.61443979,1.09077576,0.55302637,85.7985273
15594,45.0,18.1,23.9,44.7,13.6,15.8,4.9,61539.0,6.6,22.9,22.8,4.2,751.0,21.3,16.6,34.0,4.2716319799999996,16.5,15.4,36.0,22.8,21.93547266,12.4,53.02500672,14.143730887,0.0012881618,0.0001911071,3.8565536967,9.1,5.4604772794,3.67126111,5.58418137,0.72781141,0.48306067,88.44518872
12955,38.8,24.3,18.0,15.6,14.3,15.8,5.4,64826.0,4.5,12.0,22.8,5.6,681.0,21.6,17.2,36.4,9.152542369999999,16.7,17.5,38.5,26.3,20.50531747,12.9,47.85257387,29.850746269,0.0069863449,7.82901e-05,4.3599489886,8.0,5.4494039318,4.207684980000001,23.21371864,1.19085424,0.9368053399999999,69.95077802
206525,30.8,18.9,13.4,33.5,20.7,9.8,4.8,61090.0,4.9,11.7,46.5,11.8,977.0,22.6,17.3,34.6,8.80393081,14.399999999999999,16.0,35.5,23.9,18.40463908,12.7,78.14324117,10.781747435,0.0036762561,0.0010439782,5.8982173913,7.6,4.8974265859,14.05098131,8.2078738,10.82210033,0.43327302999999995,63.71545
33893,42.2,21.0,19.5,34.2,12.4,15.0,4.4,56933.0,4.4,11.4,23.2,5.0,705.0,22.4,17.4,36.5,10.37037037,16.2,17.4,36.4,23.3,22.73495974,13.100000000000001,51.01291316,18.467069783,0.0007824726,0.0003861921,4.7550419804,8.6,5.5632340392,2.7055495400000003,3.34657518,0.73732996,0.39123631,91.82015168
15467,41.4,23.0,19.5,24.4,16.7,13.4,4.0,65874.0,4.8,12.5,19.3,5.1,816.0,22.5,16.8,34.8,8.0449827,15.9,14.799999999999999,35.0,20.599999999999998,22.30265463,11.4,66.93843126,20.592020592,0.0003313892,0.0003267974,3.9055418078,8.6,5.469146813,1.06044539,1.8358960800000002,0.39103923999999995,0.2849947,95.35392365
13248,41.8,22.8,20.6,1.7,9.6,18.5,6.0,58028.0,6.4,11.2,23.3,5.3,706.0,23.6,18.2,35.4,8.049242419999999,19.1,19.3,38.3,25.0,20.94303271,15.2,57.32689211,25.194516488,0.0018462959,0.0002282584,4.6073038587,8.6,5.8375747297,0.6462035500000001,2.2540195400000003,0.90776214,0.29233018,94.82267867
36998,41.0,21.3,17.7,31.8,16.5,14.5,3.0,78054.0,5.4,7.3,20.4,3.2,888.0,21.7,16.5,35.5,7.509741409999999,8.799999999999999,15.7,35.3,22.5,22.70998535,10.100000000000001,68.496445,11.972633979,0.0005980699,0.000326149,4.0491929709,8.9,5.2393147298,3.15074079,4.22726655,0.67418785,0.39690091000000005,90.34389017
47076,37.4,18.1,18.0,37.9,16.0,17.2,6.9,53732.0,6.9,10.5,40.0,7.5,778.0,24.1,18.7,37.2,7.01219512,18.6,17.299999999999997,38.5,24.4,20.42720319,16.1,67.03720717,14.010007148,0.0060356057,0.00079119,5.087839586,8.6,5.7046444937,4.0816326499999995,3.91228832,1.016066,0.39079462,88.83847156
5225367,37.5,21.5,15.2,32.3,24.0,10.8,7.1,78304.0,9.0,8.6,42.5,17.7,1318.0,18.7,14.9,35.6,8.9801232,17.2,12.0,32.800000000000004,20.9,21.48725723,12.1,74.11473099,13.668413114,0.0039850036,0.0009164636,5.4311047829,10.8,5.1857119131,22.39278312,26.964941720000002,8.33300571,0.76924408,40.64328164
18729,42.2,20.1,19.4,23.3,12.3,16.0,3.3,64163.0,6.2,11.8,21.0,5.4,763.0,22.3,17.2,35.7,8.22416303,16.900000000000002,18.2,36.8,23.0,21.92652035,11.799999999999999,62.13317142,22.359517505,0.0024043716,0.000482341,5.0425835371,8.7,5.3748085615,4.81967213,2.77595628,0.63387978,0.43169399,90.2295082
100686,31.8,21.5,13.5,41.9,20.8,11.0,7.0,68617.0,4.4,5.5,40.0,6.6,1024.0,23.0,18.3,34.6,8.24065389,13.0,14.2,35.699999999999996,22.2,21.0428141,12.6,72.12073074,7.8382442333,0.0043873644,0.0002688868,5.2692439666,9.6,5.3231000551,8.86746171,14.9230217,2.87571793,0.5573947,71.2717374
15535,44.0,21.1,19.6,30.5,14.3,13.1,5.4,61823.0,4.0,9.4,23.6,3.4,801.0,22.5,17.0,36.4,7.05774519,15.9,16.900000000000002,36.5,22.0,22.40715522,11.700000000000001,60.05074711,19.322141273,0.0006508298,0.000325924,3.8367560042,8.6,5.4894913888,1.13895216,3.54702245,0.5401887400000001,0.3514481,92.86039701
19714,38.6,24.5,18.5,11.1,13.9,13.3,3.0,67177.0,17.1,9.9,21.4,12.1,748.0,22.6,17.4,35.7,5.7955166799999995,11.799999999999999,19.0,36.7,24.8,21.9413119,11.0,57.27977162,17.2568355,0.0001018901,0.0003549336,3.9913470312,8.4,5.7499265787,0.8813490199999999,8.63518264,0.8304039900000001,0.5043558,88.14509145
930559,39.9,22.3,16.4,23.1,30.3,8.2,4.7,107035.0,5.2,4.5,26.9,4.2,1551.0,17.4,13.4,34.5,6.856439229999999,6.6000000000000005,9.700000000000001,29.4,17.9,21.628914530000003,9.0,79.79491581,5.4248046875,0.00446368,0.0013493569,4.1064060162,9.2,4.343224807,5.19174176,16.291563410000002,13.612487009999999,0.46004561,63.05544972
16852,46.0,19.6,23.3,45.9,13.4,17.8,4.6,56687.0,5.1,8.1,26.3,7.4,716.0,22.8,17.2,37.0,9.68543046,17.9,18.0,37.4,24.2,21.456046649999998,13.4,51.432396250000004,34.420832086,0.0026937676,0.0002421308,3.7884311755,8.5,5.6913794465,0.85710787,1.72033795,0.44079833,0.33059875,95.66548304
34594,39.3,23.9,17.9,23.1,17.8,14.3,2.5,73181.0,5.3,7.9,22.2,6.2,697.0,22.5,16.7,34.2,6.757634830000001,11.899999999999999,14.2,35.5,19.900000000000002,22.48732936,11.5,70.74332172,22.111582955,0.0025924092,0.0007841998,4.1093045336,8.8,5.4019899267,0.64082025,2.7293117,0.80685095,0.26506656,94.81809443
21464,42.1,20.2,19.2,47.3,10.7,18.2,3.8,51962.0,7.9,13.1,20.3,5.6,716.0,22.4,18.1,37.3,6.98552549,21.0,16.5,37.2,23.1,21.13276723,14.2,46.174043510000004,28.621204579,0.000992251,0.0001870557,4.5666029318,8.7,5.6883843847,6.74258174,3.00982801,0.3969004,0.41580042,88.50878851
13484,42.0,22.8,18.7,20.9,11.8,15.4,4.7,58930.0,6.6,9.2,23.7,7.5,708.0,22.9,17.5,37.6,6.578947370000001,14.7,17.8,38.0,22.8,21.86629823,13.0,62.272000000000006,17.749497656,0.0052830189,0.0005180964,4.6149173003,8.7,5.6076823027,1.41886792,5.44150943,0.5660377400000001,0.93584906,90.5509434
37810,43.2,22.1,20.5,31.5,12.3,20.0,6.7,51031.0,6.9,12.9,24.9,7.0,725.0,23.7,18.4,38.4,8.7504256,23.0,20.3,39.6,26.900000000000002,21.133706399999998,16.6,61.531322509999995,29.555997349,0.0073509613,0.0003472037,5.0473628591,9.1,5.7764445585,0.77548603,2.17028381,0.40120631,0.41197695,94.93241424
33691,43.6,19.9,20.6,58.2,12.2,14.1,6.8,57223.0,4.2,12.2,22.2,5.0,782.0,23.1,17.6,36.8,7.96375775,16.8,19.0,39.300000000000004,25.1,21.26200963,13.200000000000001,55.650912610000006,23.643287845,0.000860453,0.0003614784,4.1349751949,8.5,5.6276572601,3.76448173,2.59672413,0.33803509000000004,0.64841277,91.88101165
52624,38.8,24.7,14.4,18.2,16.7,8.8,4.2,89993.0,3.4,3.9,24.2,4.3,1126.0,22.0,16.8,34.1,7.379789150000001,8.6,13.200000000000001,35.099999999999994,20.5,22.45243293,9.8,68.86400712,9.3550790628,0.0018851021,0.0003208213,4.0901998425,9.4,5.1943477297,2.3293142700000002,12.40061219,0.99854418,0.40128411,82.82504013
8008,43.0,21.9,22.1,9.7,9.9,22.0,4.4,60574.0,7.0,14.4,22.9,4.5,690.0,23.3,17.8,35.7,8.36236934,17.0,18.2,37.8,23.9,21.22507434,14.099999999999998,62.32839099,17.159763314,0.0001264063,0.0003792188,4.9571842084,8.8,5.7452348823,0.80900013,1.592719,0.66995323,0.49298444999999996,95.27240551
17582,45.9,20.8,23.7,28.6,17.0,18.6,4.7,61026.0,4.9,16.1,18.3,4.2,736.0,22.0,16.3,33.6,7.825370680000001,18.0,15.4,35.099999999999994,21.0,21.4083859,13.600000000000001,72.04037098,20.420070012,0.0021529152,0.0002873563,4.2907540791,8.3,5.4204817409,1.012452,2.60095427,0.32584662,0.43640171999999994,94.53043175
3665,53.9,13.8,31.0,100.0,6.7,29.5,2.6,53026.0,5.2,34.6,19.9,8.3,318.0,22.4,17.1,36.5,7.55555556,28.799999999999997,20.7,37.8,25.900000000000002,21.46262254,15.7,53.26975477,20.437956204,0.0005603811,0.0008219178,4.1384484458,8.3,5.7511218855,1.56906697,1.9333146499999998,0.50434295,0.8405715899999999,93.21938918000001
6374,49.6,18.8,26.0,58.6,15.6,17.3,7.9,64946.0,2.1,19.0,13.7,2.9,732.0,21.4,15.9,34.3,7.08860759,15.299999999999999,17.299999999999997,37.2,23.0,22.339093669999997,11.700000000000001,55.69823435,17.730496454,0.0008212878,0.0001584284,4.0583471761,8.3,5.5186008624,0.62417871,2.23390276,0.5913271999999999,0.39421813,94.53022339
49157,43.5,22.0,21.0,39.1,16.6,13.5,4.5,66313.0,4.3,9.1,20.2,6.2,814.0,21.8,16.2,34.1,7.7521700099999995,12.7,15.2,34.699999999999996,20.8,22.58916307,11.4,64.87123527,16.497198589,0.0005366579,0.0002249167,4.0227131577,8.9,5.5080255898,1.8762384399999998,7.19327939,0.50156869,0.36327609,88.71160832
27043,44.5,21.5,21.8,27.6,13.1,17.5,4.9,62866.0,5.9,12.5,20.8,4.4,773.0,22.8,17.4,35.6,7.07379135,16.1,17.299999999999997,38.3,24.3,21.689282300000002,13.0,55.96457718,15.593834995,0.003520049,0.000298207,4.6690489914,8.9,5.6129547182,1.36593205,8.50933578,0.6389654100000001,0.41704927999999997,87.93235384
53176,32.6,18.5,16.0,31.7,17.5,16.4,8.1,44847.0,7.1,16.9,51.5,11.4,757.0,23.0,18.8,38.1,10.464259400000001,22.8,19.1,39.0,27.200000000000003,18.466722320000002,16.0,68.873103,15.265700483,0.0047179763,0.0016170456,5.9493978628,9.0,5.6749599933,15.18191059,5.2722425699999995,3.58259335,0.65207802,72.69135613
9295,44.0,22.5,20.0,19.2,15.0,16.8,4.9,67429.0,5.6,12.2,18.2,4.5,770.0,22.6,16.4,34.4,8.19444444,12.5,14.499999999999998,35.0,19.7,22.93881057,11.700000000000001,72.50996015999999,14.871794872,0.0045931759,0.0001087784,4.0892696906,8.6,5.417913349,0.59055118,1.44356955,0.36089239,0.39370079,96.69728784
37043,41.2,22.3,19.6,37.9,11.6,18.9,6.5,58384.0,7.1,11.3,28.0,6.2,838.0,22.7,17.6,37.2,9.91350632,21.099999999999998,18.4,38.800000000000004,24.099999999999998,21.28352255,14.2,60.70640177,29.77739231,0.0031938326,0.0004881091,4.2653976215,9.0,5.5983133567,8.02863436,3.00110132,1.16464758,0.46530837,85.29735683
21462,42.8,19.6,19.9,1.3,13.5,14.8,3.4,77607.0,4.4,21.3,18.9,4.1,778.0,22.8,16.8,35.4,8.56515373,14.2,17.599999999999998,37.8,22.5,23.20528998,10.8,65.67289523,12.353058378,0.0013275805,0.0004687573,4.9677613739,7.5,5.55545021,0.86766867,1.6499928899999998,0.87715139,0.40301549999999997,94.71812621
21942,50.8,18.5,28.9,26.2,18.2,15.2,2.7,67729.0,4.7,25.0,20.1,7.2,768.0,20.6,14.8,32.6,7.068062830000001,11.1,14.2,34.2,19.7,22.766706149999997,11.1,71.13888234,8.4365937253,0.001103144,0.0004558093,3.6285527513,9.1,5.3896941752,0.91009377,4.33443648,0.64809708,0.37231108999999996,92.54918183000001
13313,42.3,20.3,19.6,27.8,11.7,16.8,2.9,63295.0,7.0,25.8,14.7,4.1,630.0,21.5,17.5,37.5,7.755102040000001,16.5,17.5,36.5,23.7,21.15297799,14.000000000000002,43.31877729,22.429906542,0.0087047876,7.42776e-05,4.3163902649,8.7,5.4568801535,12.51688429,4.4574516,0.35269398,0.54780129,81.40477262
517254,38.3,24.6,14.5,26.1,23.4,9.1,5.0,96400.0,7.9,3.5,24.8,4.7,1335.0,18.6,15.0,34.7,7.558935730000001,11.700000000000001,12.1,37.3,21.0,20.23381347,10.2,67.25538978,12.838953705,0.0039360599,0.0003995438,3.9693131056,8.8,4.9631474926,5.24756205,33.49126766,4.931628679999999,1.092077,54.92852177
107421,38.9,22.9,17.2,60.5,12.2,14.6,5.2,65489.0,5.6,10.4,31.9,6.9,1025.0,21.4,17.8,39.7,9.0580583,15.8,17.1,40.300000000000004,23.7,20.67644981,13.4,57.37009139,16.307637529,0.002133283,0.0003470887,4.4678543512,9.3,5.4442820383,14.731923729999998,12.99886728,1.06003398,0.49556353,69.10987351
132795,36.1,27.7,10.8,21.6,22.6,7.3,4.3,106358.0,4.0,2.7,15.9,2.1,1695.0,19.4,15.4,34.5,6.84619761,6.5,11.1,36.4,19.900000000000002,21.45740116,7.6,77.19820006,5.9270824298,0.0014431045,0.0002965885,2.9478666754,9.5,4.8688117121,8.79722238,23.13753786,4.3500314300000005,0.65082586,61.79630793999999
49751,42.3,20.0,21.8,34.4,13.6,15.0,4.9,50263.0,5.6,12.9,31.3,9.5,694.0,21.9,17.5,36.7,8.172404140000001,21.2,18.8,38.800000000000004,26.3,20.91070555,14.7,58.37423039,19.439837848,0.0019417075,0.0004871316,5.1724069871,8.6,5.6793079876,8.332816919999999,6.546032929999999,1.01629795,0.45237652999999994,81.17783148
713159,38.7,23.6,15.0,25.5,27.3,9.7,5.0,104553.0,6.8,5.4,26.2,5.1,1382.0,18.1,14.1,33.1,7.74628936,10.5,13.100000000000001,31.900000000000002,21.3,19.508857239999998,9.9,72.7537651,8.9058524173,0.003761499,0.0010643398,4.6557069148,9.1,4.6444671192,6.8467464300000005,25.131497260000003,9.39951465,0.9581522699999999,56.866358149999996
109495,41.9,21.2,19.1,37.8,12.3,13.6,5.4,67942.0,4.3,9.4,26.6,5.9,874.0,22.3,17.0,35.9,7.63289999,15.9,16.6,36.6,23.200000000000003,22.53880096,13.4,60.23282713,18.366532097,0.001292598,0.0003762676,4.3242084754,9.6,5.464161333,2.68768062,11.48011707,1.06916323,0.39608897000000004,83.27839792
15302,40.9,18.9,17.8,62.6,9.1,19.4,7.8,55811.0,8.2,14.6,25.1,4.1,781.0,22.0,18.2,38.8,9.22909881,20.9,20.599999999999998,37.8,27.500000000000004,20.61810596,14.6,52.31712858,26.694045175,0.0059407277,0.0001979937,3.886914056,8.6,5.6455964933,9.910214,3.9019779900000002,0.60757443,0.58057112,84.23681900999999
34221,42.8,19.8,20.5,20.5,12.2,16.6,3.5,64588.0,3.7,8.8,29.2,7.8,806.0,21.2,16.6,37.7,7.0642201799999995,13.900000000000002,18.5,37.5,24.2,21.67987568,13.3,59.57784839,11.605415861,0.0074582516,0.000734236,4.2731353943,9.3,5.3920683357,5.51494622,7.77025019,0.94193855,0.48136923000000004,84.18612943
35771,41.9,21.9,19.8,33.7,12.3,14.9,3.7,68175.0,4.6,7.8,27.7,5.2,836.0,22.0,17.2,36.0,8.79913451,13.8,18.6,38.2,24.7,21.54658361,12.2,54.13432332,18.791558254,0.0022366931,0.0004766712,4.0376327197,9.0,5.3699304928,3.75141563,6.092865229999999,0.72480181,0.48414495999999996,87.82842582
28027,40.3,19.5,18.9,50.6,13.6,15.4,5.2,62547.0,3.4,7.4,29.4,7.0,761.0,22.2,17.5,36.5,8.26580227,17.1,18.0,38.800000000000004,24.2,21.18387552,12.7,58.72859949,18.453865337,0.0013048206,0.0002857959,4.2634524019,8.5,5.3762267299,7.4193548400000005,3.6353751400000003,0.68140631,0.40594418,86.42261689
27370,34.9,17.6,18.8,57.7,16.0,14.8,8.0,48904.0,6.1,15.0,38.7,9.7,688.0,23.8,18.6,35.7,7.479224380000001,21.2,18.5,39.300000000000004,25.4,20.230523650000002,14.7,70.54263566,7.2763028515,0.0022355527,0.0005218429,5.8664842528,8.3,5.717672019,5.9838295,3.6066917499999995,2.44047841,0.49554752,85.93464734
311133,40.5,22.9,15.5,24.1,23.3,9.7,4.9,100101.0,4.9,3.8,17.8,3.8,1310.0,21.7,15.4,30.5,6.55225482,7.6,13.4,34.2,20.1,22.24012642,9.2,71.61922173,6.4139860915,0.0027749361,0.0004499843,3.8180100886,8.2,4.5879797608,1.76726343,16.44341432,3.35421995,0.60038363,76.9076087
171284,34.0,21.3,13.9,30.9,30.5,9.5,3.2,75356.0,4.5,8.5,35.0,5.9,941.0,22.3,16.7,34.2,7.77477699,9.0,14.299999999999999,35.4,21.7,21.51727135,10.9,78.97814641000001,7.7373019399,0.0038664406,0.0006144339,5.2833219877,8.9,5.1039030113,8.82768817,6.56708186,5.18947906,0.38723077,76.77671452
103542,40.7,22.4,20.3,45.0,15.9,14.2,7.2,59622.0,4.8,12.9,31.1,9.6,774.0,21.7,17.3,38.2,11.21240824,22.6,18.3,37.1,25.6,20.34559053,13.700000000000001,60.21049128,25.472401245,0.0018590132,0.0008883943,4.4268681903,8.6,5.5404546214,18.33563639,2.9595093,1.3400801299999998,0.30917279000000003,73.62785935000001
44907,44.0,20.8,20.7,28.8,13.4,15.7,4.6,64706.0,4.1,16.7,22.2,4.6,796.0,22.9,17.3,35.6,10.28225806,17.0,18.3,38.1,24.0,21.93447721,13.5,58.942213519999996,17.984428117,0.0008632832,0.0002477143,4.5689250289,8.6,5.7466582133,1.2676632300000001,1.42896088,0.44527239,0.42482621,95.29056295000001
265512,39.9,21.4,17.7,28.7,18.5,15.7,5.2,71759.0,5.1,8.3,26.9,5.6,938.0,22.2,17.1,35.2,9.035861559999999,13.4,14.7,35.8,20.7,21.92104319,12.0,74.01659678,15.431170256,0.0026564974,0.0004763885,4.5688804554,10.9,5.4622647395,9.521526,4.40453355,1.09799355,0.37601997,82.50251186999999
37543,41.9,23.4,19.7,33.6,11.1,18.2,8.1,59099.0,6.6,12.6,26.2,6.9,734.0,23.5,18.1,36.9,8.46812559,20.599999999999998,20.1,38.5,25.900000000000002,20.77835023,15.1,57.13485035,37.452677123,0.0040356666,0.0003476865,4.6926519652,8.9,5.8379818216,4.35470237,2.35050309,0.63807161,0.44992228999999995,90.31985384
11740,46.2,20.7,23.5,50.5,12.5,14.8,4.2,64940.0,4.1,14.8,21.3,3.7,746.0,22.5,16.7,35.7,6.25782228,15.8,18.9,37.0,24.4,22.09161826,12.9,58.29106516,19.335647,0.0001711889,0.0001714825,4.350817904,8.9,5.6139005785,0.97577677,3.91166652,0.53924506,0.4536506,93.00693315000001
13074,45.4,20.6,22.9,38.7,12.2,17.5,5.2,58479.0,4.9,12.9,19.6,5.3,747.0,22.6,17.2,34.1,7.81796966,21.9,16.1,35.199999999999996,22.1,21.51505107,14.099999999999998,59.05065533,22.984441301,0.0003992654,0.0003881686,4.0002775561,8.3,5.6450343414,0.75860417,1.64497325,0.7665894799999999,0.50307434,95.1209774
14135,44.1,21.6,20.7,17.5,10.1,20.7,3.7,57365.0,7.9,20.8,21.9,4.3,738.0,22.8,17.7,36.6,8.24524313,30.599999999999998,17.599999999999998,38.0,24.2,20.45439142,14.299999999999999,52.83562961,25.974025974,0.0040260596,0.0002148997,4.2832061069,8.7,5.8648955353,6.3465339300000005,2.90608301,0.5709684500000001,0.68077008,87.10928922
12284,42.8,22.4,20.0,18.3,15.6,15.6,4.9,84846.0,2.5,9.3,20.4,4.0,748.0,22.5,16.4,35.0,7.083825270000001,13.4,16.8,35.3,21.6,22.58940133,11.1,70.40085898000001,10.804321729,0.000501924,0.0003288392,3.838142535,8.1,5.4286554819,1.2129831,1.7400033499999998,0.46846244000000004,0.33461603,94.67123975
15692,44.7,20.8,21.5,45.5,11.4,14.1,3.3,67028.0,5.3,12.0,20.5,5.0,759.0,22.4,16.9,34.7,8.004158,13.5,16.400000000000002,36.8,22.1,22.267964109999998,11.200000000000001,63.409742120000004,15.566625156,0.0002582811,0.0001283532,4.1877559753,8.5,5.6469205082,0.8652418199999999,3.79027572,0.58113256,0.23891005,93.36863176
34905,42.5,22.1,18.4,35.6,23.9,11.1,1.7,100685.0,2.1,6.8,15.9,3.5,956.0,21.3,14.9,34.0,7.82997763,4.5,12.4,32.6,17.599999999999998,24.385656089999998,8.4,81.81391529000001,2.0375491195,0.0016305747,0.0004007787,3.7830499926,8.4,5.0419623278,0.62934462,2.0110421400000003,0.61790199,0.22599193,95.49160397
28352,42.7,20.0,20.9,38.8,11.6,17.3,5.6,61796.0,4.8,10.2,24.6,6.8,684.0,22.3,17.4,34.8,9.895287960000001,18.2,19.1,36.199999999999996,24.4,22.31650704,14.2,55.02749965,23.219205037,0.0008314355,0.0003916821,5.3459935553,8.5,5.5934625397,3.79568377,2.24487583,0.55308535,0.30003976,92.18089144
32882,41.4,19.1,20.6,22.6,15.1,17.8,6.4,61188.0,4.4,11.8,29.0,7.4,700.0,22.5,17.4,37.2,10.494880550000001,17.4,17.599999999999998,37.3,23.599999999999998,21.09703516,13.5,51.8442623,22.81259024,0.0013067828,0.000460038,4.2973356893,8.0,5.5497597757,6.39390168,3.03982576,0.8338519000000001,0.46670815,87.3242066
14531,40.5,25.3,18.8,22.9,14.0,13.2,4.1,72833.0,13.9,6.0,22.0,11.9,767.0,23.7,17.9,34.7,7.195421100000001,13.3,17.299999999999997,35.6,22.5,22.36247549,10.9,54.30932704,15.17911354,0.0020220332,0.000275672,3.7068285563,8.6,5.7071588748,0.9203737300000001,1.7919397600000002,0.35559894,0.3207363,95.64216985
51672,42.3,22.3,19.3,29.3,15.2,14.8,6.0,75782.0,4.9,8.1,26.8,6.8,841.0,21.8,16.4,35.7,7.39726027,12.0,18.5,35.9,24.5,21.652520250000002,12.0,66.55618164,12.040725985,0.0018531162,0.000563665,3.8563513707,9.4,5.4272693286,1.2737735300000002,12.11937969,0.7119867400000001,0.46035307,84.48454111
181186,38.1,23.7,17.7,46.2,20.5,13.1,6.6,63409.0,6.3,10.1,34.5,8.6,909.0,22.1,16.9,36.9,10.18922853,22.1,16.5,35.6,24.6,20.215785059999998,13.100000000000001,72.00614014,26.318385871,0.0030870978,0.0013375541,5.3557145115,8.2,5.2907403363,19.083672749999998,6.153915489999999,4.37038414,0.50982182,67.11001448
20996,42.2,19.3,19.5,3.3,7.5,21.5,6.1,56338.0,3.9,11.2,23.1,7.1,656.0,22.3,18.2,38.8,8.04059329,24.4,21.3,39.5,27.700000000000003,21.0918138,15.7,51.63294285,20.352035204,0.0024874409,0.0006194901,4.4804525553,8.8,5.6180233897,8.25245086,3.80919865,0.7023362400000001,0.51212018,85.25581622
16698,41.8,22.0,20.3,40.5,19.6,12.3,4.7,81151.0,3.9,8.1,16.7,2.4,917.0,21.7,15.5,33.6,5.88235294,8.0,14.000000000000002,33.800000000000004,19.0,23.36494477,9.8,72.35486303,9.256494476,0.0009572813,0.0005372172,3.430688462,8.5,5.2156532751,0.9393323,1.5675481599999999,0.59231782,0.25726936,95.30333852
14776,42.8,22.5,21.5,36.8,13.1,17.4,4.7,55514.0,5.9,21.5,21.0,4.2,641.0,23.2,17.7,35.4,8.191403079999999,21.0,18.8,37.3,23.799999999999997,21.29034054,13.900000000000002,55.823051459999995,22.681110359,0.0010458792,0.0006156793,4.8068148273,7.9,5.6841903604,1.03193418,2.23120904,0.31376377,0.3207363,95.21684563000001
30413,43.0,20.1,20.4,28.0,8.6,19.9,5.2,63860.0,4.9,13.1,24.0,7.1,740.0,21.9,17.5,37.0,8.91454965,14.899999999999999,18.4,37.7,24.5,21.30874671,13.3,52.13513514,25.178504322,0.0015763877,0.0004644682,4.286548697,8.3,5.6476384987,8.15025994,3.98121751,0.76136173,0.47291632,85.62803958
15716,42.2,23.0,20.2,43.3,12.5,17.7,4.2,61607.0,5.8,11.9,26.9,7.4,724.0,23.0,17.4,36.0,8.139534880000001,17.1,15.7,37.4,22.3,21.67435663,13.900000000000002,61.458046769999996,26.592252134,0.0052298554,0.0005697645,4.0810504371,8.6,5.5710805646,0.99431818,2.05965909,0.8264462800000001,0.36157025,94.46022726999999
143819,40.2,22.3,19.8,51.8,15.3,14.1,6.2,64435.0,6.3,8.6,31.4,8.7,846.0,20.4,16.9,35.5,8.58242348,21.0,14.099999999999998,37.4,22.5,20.71944025,13.200000000000001,61.83704731,21.931110894,0.0029949871,0.0004898222,4.6112701909,8.1,5.1523434163,11.7406327,14.44957376,2.7238097900000002,0.68466963,68.10657339000001
256791,39.4,23.3,16.4,43.7,17.7,15.0,5.7,68915.0,5.4,12.6,32.1,7.3,1002.0,20.9,16.9,37.8,11.0893476,17.299999999999997,16.3,38.2,21.9,20.012021429999997,11.700000000000001,69.44855271,18.827121231,0.0018922946,0.0005887063,4.9340690138,9.5,5.3742710716,30.198232800000003,5.1741309399999995,1.62338956,0.40355672000000004,60.088121169999994
23662,43.2,20.6,20.6,37.0,14.2,23.8,5.9,51710.0,5.6,12.2,25.8,9.2,720.0,23.3,17.9,37.9,9.86376022,24.3,20.3,39.6,25.900000000000002,20.88273661,16.900000000000002,69.52397996,30.2512808,0.0038910506,0.0006432247,4.8334817076,8.8,5.9139805987,3.12595637,2.25156298,0.62519127,0.5421239,91.50526822
196122,40.6,22.0,18.5,43.3,20.6,13.2,5.2,71653.0,3.8,9.6,29.9,7.4,927.0,21.1,16.3,35.3,11.50090903,16.7,16.2,38.3,22.7,20.608254419999998,12.0,71.57481763,18.946962949,0.0032301244,0.0012067744,4.5714010901,7.6,5.1873506524,13.81149511,3.0120264,2.3758211,0.27029681,77.8847595
21042,44.9,21.5,22.9,21.4,13.2,15.1,4.0,65585.0,4.4,12.8,20.8,5.1,768.0,22.4,16.7,34.8,6.7077344299999995,13.100000000000001,19.7,37.2,25.2,22.03847341,12.4,63.97719798,17.956499747,0.0004861921,0.0002405118,3.712541759,8.7,5.5590412698,0.62718786,1.33702839,0.38409179,0.28199144,96.36814469000001
44482,45.6,21.3,23.7,46.4,13.1,16.4,5.3,57527.0,6.1,9.6,30.5,8.6,755.0,22.4,16.9,35.5,8.65589759,17.5,18.3,42.1,24.099999999999998,20.33120146,13.3,65.31773293,27.020838104,0.0022967173,0.000477045,4.6059002973,9.2,5.5737605136,9.757568730000001,5.87402853,0.8862081,0.3665468,79.89792367
131276,41.6,22.3,19.3,37.2,18.7,12.4,3.9,74606.0,4.9,8.5,22.7,5.8,850.0,23.0,16.3,36.1,6.943844489999999,10.299999999999999,14.7,35.199999999999996,21.4,22.075881510000002,11.1,69.51013773,16.297000037,0.0023235887,0.000429405,4.0997415279,9.0,5.4630497421,1.63963533,2.81918466,0.95336612,0.37517079999999997,92.79764708
17122,44.7,20.8,22.8,51.1,14.9,20.2,6.3,54090.0,6.4,14.1,21.5,9.9,710.0,22.8,17.5,35.1,7.888040709999999,19.5,17.8,37.6,23.400000000000002,20.91247834,16.7,48.34196891,17.404129794,0.0024599508,0.0007681853,4.8870415027,8.8,5.7403560293,2.1479570399999997,5.39389212,0.56398872,0.7559848800000001,89.75820484
74113,40.8,23.4,19.8,71.7,9.8,14.5,6.7,52787.0,5.0,13.3,30.5,8.9,769.0,22.9,18.2,36.7,11.14948199,28.7,19.8,41.0,28.000000000000004,19.6945275,14.299999999999999,48.02753355,37.350338365,0.0040752526,0.0003557015,4.5319359223,8.8,5.6920297782,13.86144141,5.79188299,0.84994138,0.42287724,76.77245576
11321,43.8,21.8,21.9,37.7,11.6,20.6,4.4,54074.0,5.6,11.7,23.2,10.5,728.0,22.9,17.5,35.7,9.701492539999998,17.7,18.8,37.6,24.7,21.29943793,14.099999999999998,72.09016392999999,26.867030965,0.003107293,0.0003570791,5.6278226931,8.5,5.5891210246,1.21549991,2.01060135,1.6084810799999998,0.28331201,93.56607567
16760,40.1,22.0,19.4,33.5,14.1,13.8,7.3,62700.0,6.0,10.1,23.5,5.6,697.0,22.4,17.3,35.7,7.69230769,16.400000000000002,18.099999999999998,37.7,25.0,20.959058589999998,13.4,60.969314600000004,15.906236919,0.0002471424,0.0005444317,3.6073437082,8.4,5.5214475613,2.8421377800000003,11.09051591,2.24281742,0.562249,81.64967562999999
13781,44.0,21.1,20.8,4.3,15.1,13.8,4.7,75111.0,3.2,10.4,17.6,3.1,801.0,22.2,16.3,34.6,6.6462167700000006,10.5,16.5,35.8,22.1,22.94006988,10.2,73.76839411,15.697467,0.0015514184,0.0001464665,3.5968564845,8.8,5.4667142012,1.32978723,1.6252955100000002,0.48020095,0.25118203,95.16843972
16127,42.9,22.5,21.8,29.6,10.6,17.9,3.6,53522.0,11.6,11.0,21.4,8.0,607.0,23.3,17.8,35.8,7.69828927,17.9,17.299999999999997,37.1,22.7,21.20065867,13.900000000000002,64.47802198,25.913206369,0.001522746,0.0005638038,4.6321403385,8.8,5.8445764617,0.67254616,2.2333608299999996,0.73599391,0.33627308,95.12721274
13834,44.7,21.6,23.3,76.1,10.0,20.3,3.5,54605.0,7.2,16.3,23.6,7.3,672.0,23.5,18.1,36.3,9.45802338,19.400000000000002,21.099999999999998,38.1,26.900000000000002,21.24966676,15.2,59.64125561,29.354963306,0.0017909111,0.0002901915,5.1345947528,8.7,5.9144259781,0.6715916700000001,1.7386762199999999,0.51488695,0.41787926,95.60480561
55569,43.5,21.9,21.0,33.9,11.8,14.4,4.4,62828.0,5.5,10.4,25.6,5.2,785.0,21.5,16.6,34.1,6.6035385,15.7,15.7,35.3,23.200000000000003,21.30524403,12.6,61.11383309,19.604364411,0.001541341,0.0005062833,4.4356218548,9.1,5.5398480619,1.6330874499999999,13.477558810000001,0.73580682,0.57983779,82.58468201
696774,38.7,24.1,13.7,21.5,22.7,9.5,5.0,103678.0,5.5,4.8,17.8,3.5,1342.0,18.9,15.7,37.3,7.6910661000000005,9.3,12.5,36.6,20.7,21.50824627,8.799999999999999,69.83238028999999,8.1016789437,0.0019451199,0.000540694,3.7865788573,9.8,4.8252807257,12.31133906,20.15618043,6.922229450000001,0.53116188,58.91415785
67120,41.2,21.6,19.2,28.2,16.2,18.3,4.4,60325.0,5.6,10.3,29.0,7.1,824.0,22.9,16.9,37.2,9.11752405,21.9,18.6,38.4,24.4,21.08331755,14.000000000000002,72.69000854,20.176544767,0.0049021078,0.000792476,4.6985972818,9.0,5.5032743296,5.056516660000001,3.00422751,1.43615267,0.49021077999999996,88.12700507
284591,39.5,23.4,18.0,51.6,15.3,14.4,7.5,61738.0,6.4,7.9,34.3,8.7,941.0,22.5,17.6,36.5,9.68884716,20.3,18.6,38.5,27.6,19.946974819999998,14.499999999999998,60.718612969999995,22.611137414,0.0024028022,0.0007028847,4.7068620919,9.1,5.4998193436,13.683869539999998,16.05214259,3.0125800000000003,0.6599696700000001,64.35309445
38414,40.1,23.9,18.4,8.0,22.4,10.4,3.3,80093.0,4.6,6.3,17.7,3.4,938.0,22.0,15.8,32.9,5.91715976,7.6,16.0,34.2,21.7,23.87987544,9.8,77.55892064,9.941455871,0.0004440381,0.0004447351,4.4305633315,9.0,5.0082565321,0.85150842,2.16272692,0.8593443900000001,0.28209481999999997,94.52527099
35827,33.4,31.2,15.6,8.7,10.9,11.3,3.2,61731.0,20.9,6.5,17.8,14.0,762.0,27.0,19.2,37.3,6.83815648,17.299999999999997,24.099999999999998,40.0,33.2,17.52653897,12.5,46.5629384,17.250851555,0.0003858025,0.0003893106,3.4013562387,8.1,5.9058934159,0.70546737,4.87213404,0.40233685999999996,0.44091711000000006,92.79927248999999
385456,36.1,25.4,15.1,32.7,20.3,12.3,4.8,66222.0,7.9,6.7,30.5,6.0,924.0,26.1,17.4,35.3,8.9569441,17.4,18.8,38.3,26.900000000000002,18.2037796,13.0,66.44289493,21.63196724,0.0024661319,0.0007385334,4.0688655767,8.4,5.5462424736,11.41720209,9.20376636,5.64396964,0.49322636999999997,70.44773092999999
82371,38.0,23.9,16.4,28.7,19.9,14.3,3.6,76912.0,5.8,7.2,29.8,5.5,1063.0,24.9,17.2,35.8,7.76414831,12.4,15.8,34.0,24.9,16.951171709999997,13.700000000000001,65.01824255999999,22.033329605,0.0019642156,0.0007881176,4.3873334331,6.7,5.1709387843,2.3511065099999997,9.52942157,7.33426187,0.49998213999999996,78.67695201000001
8709,40.4,24.8,17.3,41.4,14.8,18.2,3.7,58620.0,6.2,9.8,21.6,3.4,805.0,26.5,18.7,36.2,7.72303595,13.900000000000002,22.6,40.300000000000004,31.8,17.60171691,14.799999999999999,58.117195,18.163966618,0.0005728033,0.0002295157,3.6443865557,8.7,6.1169146791,0.99667774,7.12567304,0.29785772,0.33222591,89.54061175
12074,44.0,22.0,21.4,48.9,9.2,21.3,5.5,51108.0,7.1,15.1,24.3,9.7,701.0,26.5,18.9,37.6,7.727272729999999,18.8,22.3,37.5,30.7,17.6325873,17.4,51.08310358,34.863195057,0.0004204154,0.0006616492,4.9375342193,8.0,6.1617426864,0.99218027,2.6149836,0.5381316700000001,0.39519044999999997,93.40788699
71235,38.3,25.6,14.1,16.7,30.9,9.6,3.1,103038.0,4.5,5.0,20.1,2.1,1190.0,21.5,15.0,33.0,6.78496868,5.0,16.400000000000002,35.5,22.900000000000002,19.12047798,10.0,79.50031360999999,7.3081607795,0.0015633211,0.0021080874,4.5968642099,9.7,4.8221094983,3.36311088,4.4377299,4.34576984,0.29164477,85.91565949
15513,50.7,17.1,25.4,13.4,16.9,16.3,3.9,73933.0,7.6,22.4,14.4,3.5,902.0,24.1,15.8,32.3,8.21917808,13.0,17.4,36.9,25.1,19.91471439,12.7,57.750079899999996,10.714285714,0.0009582828,0.0003215021,4.0286395479,8.3,5.6214111029,0.7921804100000001,1.97406248,0.62607807,0.51108414,94.64000511
20397,43.1,21.9,20.2,35.6,11.0,15.1,3.1,61464.0,11.0,16.4,20.6,3.9,846.0,25.0,17.7,35.7,7.4197861000000005,11.700000000000001,19.6,38.800000000000004,27.0,18.517963509999998,12.7,53.681307020000006,17.274472169,0.0008769793,9.78282e-05,3.9786210237,8.8,5.406019014,0.82338611,4.67235079,0.28258222,0.49208283,93.05237515
37820,41.3,22.7,18.1,22.6,10.0,15.2,4.2,55862.0,7.5,8.6,25.3,5.5,747.0,24.8,18.0,35.6,8.00608828,16.5,19.8,40.300000000000004,30.8,17.96643494,15.2,44.25411231,31.062874251,0.0022566771,0.000452573,3.9455613529,8.5,5.5916340705,2.14517071,18.86847555,2.08941751,1.37790049,75.19513620000001
121484,39.6,22.1,16.3,41.6,16.6,14.5,3.7,69005.0,6.4,9.3,25.5,4.6,1002.0,25.9,17.3,36.2,8.118930820000001,11.1,19.1,41.199999999999996,27.900000000000002,19.59561442,12.7,62.914282310000004,19.796866931,0.0025743821,0.0003829295,3.6779661017,9.8,5.8417581866,8.42691704,6.9978560100000005,1.36211115,0.51965856,80.24101955
26396,41.1,23.2,18.2,32.0,12.0,17.0,4.3,68364.0,4.8,10.5,22.4,3.3,788.0,26.5,18.0,35.9,8.049242419999999,15.9,21.2,42.3,29.5,19.2531812,14.2,55.604900459999996,29.661016949,0.0004913076,0.0004922378,4.1270772239,8.6,6.0468231108,0.87301587,2.0710506399999997,0.34391534,0.36659108,94.94708994999999
33020,36.7,26.8,16.4,34.7,10.7,11.3,3.4,59515.0,8.2,8.2,27.3,4.8,844.0,24.6,17.9,37.6,8.20547031,14.099999999999998,18.7,39.1,28.9,18.62882197,12.5,45.72992236,27.48170027,0.0005194012,0.0001512173,3.4701558009,8.9,5.7851315639,0.90131378,19.80140544,0.54078827,0.60494959,77.61075466
33337,34.9,29.3,15.7,19.7,10.7,14.0,1.9,64113.0,23.6,8.9,29.7,13.6,820.0,27.2,19.6,35.4,5.97742432,13.3,22.7,38.3,32.4,18.04121242,13.200000000000001,46.63374684,19.512195122,0.0009210839,0.0004191993,4.6634735374,8.7,5.9478128382,2.2016876599999997,6.6080342299999995,0.47539814999999996,0.77252199,89.02127407
50709,42.3,22.1,18.2,40.5,16.4,13.9,2.1,80352.0,5.0,4.6,16.8,4.3,863.0,25.1,16.8,34.8,6.52115333,9.4,15.0,35.099999999999994,22.2,20.17052572,12.2,65.75767746,14.948997538,0.0018158743,0.0004526134,4.0424265414,9.2,5.5054593276,0.8200722400000001,1.62452407,0.48228057999999996,0.25578444,95.54427414
26432,39.7,23.7,17.4,28.0,15.4,12.3,3.1,71566.0,4.0,10.8,26.4,2.8,815.0,26.0,17.9,34.8,6.5581185,12.3,17.2,41.6,26.900000000000002,19.25909337,12.9,60.483619340000004,23.886708753,0.0004545627,0.0006079027,3.5310058188,8.4,5.8063577864,0.72351225,2.58343119,1.4318724200000001,0.34849805,93.90507216
43312,38.1,24.2,16.6,14.4,13.4,13.1,4.3,68110.0,6.6,6.5,18.5,5.0,783.0,26.5,18.1,36.6,7.14477572,12.3,17.5,37.5,25.900000000000002,18.92293446,12.7,52.74735474,22.827225131,0.0007466401,0.000461542,3.7474805556,8.2,6.0586624604,0.6516132,3.22412779,0.592787,0.35295715,94.0495045
112156,35.6,18.0,17.3,52.8,15.0,18.2,6.1,53377.0,7.3,10.6,34.4,7.7,841.0,29.3,20.2,38.7,8.54644229,20.599999999999998,22.5,39.800000000000004,28.799999999999997,17.827816209999998,16.7,63.81002383,13.677518783,0.0033742577,0.001144175,4.5361372871,8.0,6.6073587041,7.262221670000001,3.31727816,1.46099127,0.32050997000000003,85.11854416999999
43584,40.0,24.3,17.8,15.0,17.3,10.9,1.9,68945.0,4.5,6.2,22.5,4.9,771.0,23.4,16.6,32.5,7.325708059999999,8.0,19.3,38.4,26.8,18.27779798,12.2,62.487889939999995,15.920826162,0.0014008175,0.0007577671,3.9846791637,8.4,5.3447702986,0.76470858,10.170853809999999,0.84737978,0.38120608,87.37656731
206841,35.6,27.4,15.2,39.5,13.2,12.6,3.8,63978.0,14.9,10.1,28.8,8.4,945.0,25.2,18.9,36.1,7.00469214,15.299999999999999,19.6,42.5,30.7,18.33553702,13.4,44.38000391,26.451525001,0.0017925575,0.000488109,4.185160293,8.2,5.6280218671,5.38009486,20.38234767,1.2887035,0.7150851,70.62095161
23391,43.0,21.9,20.4,42.3,11.4,22.2,4.5,52219.0,7.5,11.2,30.5,7.7,763.0,27.1,19.1,35.6,7.529794150000001,20.3,26.0,41.099999999999994,33.800000000000004,18.50537118,18.0,55.570547420000004,35.955502582,0.0012841366,0.0004280822,4.8386098029,8.4,5.9783314169,1.38686756,1.54952487,0.44944782,0.37239962,95.17164626
80191,39.8,22.4,16.7,33.2,19.5,13.8,3.9,75686.0,5.3,10.0,25.6,5.7,943.0,25.2,17.6,37.6,8.45410628,13.0,17.7,36.4,25.6,19.24239005,12.4,67.87252369,14.391829155,0.0017819797,0.0005593258,4.1058968818,9.6,5.6677101769,5.5649742,4.4079248600000005,1.39217166,0.44425745,85.93102253
16468,43.1,21.6,19.8,24.6,8.7,17.8,5.2,60559.0,8.2,12.5,25.8,4.6,793.0,26.0,18.2,36.3,7.67527675,13.900000000000002,18.7,39.0,27.0,19.36987479,15.1,60.32972693999999,22.796352584,0.0010758472,0.0002435016,3.9700571941,8.8,6.0517884068,0.73516227,3.2096109,0.52596976,0.40045425000000007,93.84974
22850,41.8,22.8,19.2,34.8,13.2,13.6,2.1,75985.0,5.9,7.3,18.6,7.1,743.0,25.3,17.3,33.8,7.134703200000001,10.2,16.0,37.7,24.9,19.39040439,11.899999999999999,58.176470589999994,16.772346083,0.0003463803,0.0007004641,3.761226447,8.8,5.9050769173,0.44163492,1.25995843,0.75337721,0.30741254,96.49722896
20420,40.9,23.7,19.8,42.6,12.2,16.0,7.2,62644.0,10.9,18.3,22.0,6.0,795.0,25.5,18.0,36.6,7.7946768099999995,16.2,20.200000000000003,41.8,28.1,18.70465264,15.2,46.178411749999995,24.888471472,0.0008841733,0.0004905327,4.2089984991,8.4,5.9230384709,0.81049219,5.53590726,0.6876903400000001,0.98241478,91.30562924
33006,40.4,23.9,17.4,32.1,13.0,15.7,2.8,64153.0,4.8,11.5,23.9,3.9,818.0,26.5,18.1,40.3,7.77610819,10.9,22.900000000000002,40.2,30.3,19.48867285,13.3,59.11533175,23.162274619,0.0004558716,0.0003948487,3.6648404002,8.6,5.8534972125,2.5072939499999998,2.5042548,0.71115974,0.44675419,91.72137126
66560,40.1,21.0,19.0,57.6,10.8,19.7,7.3,53033.0,7.1,11.1,28.0,7.9,774.0,27.7,19.1,38.9,9.66994789,24.3,21.5,43.0,31.8,16.62536162,17.2,57.109021250000005,23.353876095,0.0029456193,0.0004225586,4.235904685,8.2,6.0718776487,7.48489426,5.7371601199999995,0.95770393,0.46223565,82.77945619
30900,43.0,21.4,19.7,53.2,11.1,20.2,6.7,57771.0,7.6,12.1,24.6,6.1,740.0,26.3,18.5,34.5,8.35886214,15.1,22.900000000000002,40.5,30.4,18.778212590000003,16.5,59.22764796,24.054438994,0.0007052186,0.0002923407,4.0727620333,7.5,5.977370581,0.41030901,2.23746634,0.45198102,0.44236441,95.40966791
349527,37.8,26.0,13.1,6.6,37.8,7.9,2.7,114866.0,4.2,4.9,23.7,2.2,1412.0,22.5,13.7,31.1,6.53015217,4.5,10.0,27.900000000000002,16.900000000000002,20.32889928,9.2,87.0642727,3.9920397536,0.0019938382,0.0013879153,3.8945333192,9.4,4.7526014582,5.040024750000001,5.73880989,7.43774301,0.26153991,79.49629351
80170,39.6,23.1,17.1,18.7,22.4,12.6,2.7,85262.0,5.7,3.2,19.6,3.0,1058.0,24.4,16.2,34.3,6.23619371,5.800000000000001,16.8,35.8,24.3,18.39999228,10.7,75.95106098,8.7658592849,0.0012533946,0.0008314076,3.4858118703,9.0,5.4141845085,4.73736741,3.8681150300000002,1.5087157299999998,0.37601838,87.72369612
39684,42.5,22.2,18.3,20.0,13.6,16.1,3.8,71302.0,5.7,12.0,16.8,4.8,847.0,24.8,17.4,39.4,8.33333333,10.5,18.5,36.5,26.200000000000003,21.409476190000003,12.4,60.26929052,16.969551089,0.000499925,0.0004778552,3.664365735,9.1,5.8233964354,0.8398740199999999,2.44963256,0.64990251,0.32245163,94.30835375
175639,38.4,24.5,14.4,20.1,25.8,9.5,2.4,95261.0,5.7,4.1,22.4,2.7,1271.0,21.3,15.4,38.4,6.83517555,5.8999999999999995,15.1,38.9,23.9,17.72357006,9.700000000000001,71.99605028,6.6834584404,0.0014646944,0.0004850715,3.3125896806,9.9,4.9728738815,11.93860087,5.4547795699999995,3.7196800199999998,0.3734166,76.56113356
48913,42.2,20.3,19.1,57.1,11.5,19.6,4.5,57632.0,6.5,11.6,24.7,4.4,787.0,26.8,18.4,41.6,8.32034902,16.8,22.6,44.4,30.3,18.93132034,15.7,52.89578493,21.748355612,0.0010627644,0.0004087054,3.964909828,7.3,6.0947861479,2.85924503,2.38917615,0.49050665000000004,0.24934088000000001,92.50955466
83452,41.2,22.8,19.4,52.0,13.3,17.3,5.8,62014.0,6.7,11.8,28.3,6.6,855.0,25.3,17.8,36.5,8.73507632,18.099999999999998,20.3,41.9,28.4,17.30118178,15.2,61.1531477,26.03011556,0.0023618948,0.0005496672,4.1095923427,6.7,5.8628803648,8.03759946,4.260953590000001,1.35152867,0.50816524,82.98123606
36699,41.4,21.5,17.8,37.7,14.6,14.4,3.4,59894.0,6.5,6.6,24.4,3.2,802.0,25.8,17.9,34.2,8.84924799,12.1,18.6,39.0,26.3,18.3783378,13.8,62.014549519999996,19.850508516,0.0011962698,0.0005447068,3.6867359798,8.3,6.0542543852,0.94070308,3.23536609,0.72863707,0.61988527,93.42595362
46212,39.5,23.9,16.6,11.3,12.3,14.8,2.7,65609.0,8.6,8.2,26.9,5.8,905.0,25.5,17.5,36.2,7.22946694,12.9,22.5,43.2,33.2,17.5034078,14.2,56.36106959,38.14968815,0.000990099,0.0006729329,3.7230560951,8.4,5.6844435717,1.1730520899999999,14.47912183,3.00688765,0.99870857,80.00430478
33045,41.4,23.1,18.0,30.1,12.6,15.6,4.1,77777.0,5.0,7.5,18.9,2.9,906.0,24.8,17.3,39.0,7.425933049999999,10.0,17.2,38.0,25.6,19.49025693,12.7,58.766476,14.906676688,0.0006262114,0.0002417576,4.0644975438,8.9,5.7787412366,0.65901297,7.7024004800000005,0.45922170999999995,0.39361861,89.84046519
20451,39.6,25.5,18.1,44.9,7.5,17.5,4.4,52231.0,10.0,9.3,23.4,9.7,771.0,26.5,19.2,38.6,7.75231594,20.599999999999998,23.3,42.1,33.4,18.17426421,15.1,45.34494307,29.10921427,0.0008985623,0.0002963256,3.8778554414,8.1,6.5087552138,0.5840655,4.49780351,0.43929712,0.28953674,92.99121406
33057,41.0,20.1,18.5,32.2,11.1,19.2,3.4,57801.0,7.7,10.6,30.0,5.3,798.0,26.4,18.2,34.2,8.03212851,16.400000000000002,20.1,38.4,28.599999999999998,17.973090319999997,15.6,50.0797057,23.445463812,0.0012705712,0.0006034821,4.1956466256,8.6,5.7575155236,1.92703291,3.5424733799999997,0.9378025200000001,0.43259923000000006,91.82901742
27610,39.6,23.1,16.7,31.5,9.7,19.1,5.0,66892.0,9.9,10.2,19.0,3.8,873.0,27.0,19.0,37.7,7.519788920000001,16.1,21.7,41.8,30.2,18.40969378,15.5,51.02160811,36.288232245,0.0011946999,0.0004378124,3.6346153846,8.4,5.9788002514,0.78198537,3.55513721,0.38013178000000003,0.42357541,93.44363189
161952,37.9,24.3,15.3,27.8,20.4,10.9,3.4,82730.0,6.1,5.6,26.0,3.1,1155.0,25.3,16.7,37.6,7.591341729999999,8.3,17.7,42.1,27.800000000000004,17.068840769999998,11.5,68.46193335000001,13.757329725,0.0013288126,0.0008034182,3.8668303314,9.6,5.1961209779,3.5705134700000003,4.39819091,6.21085813,0.34322693,83.63534522
36148,38.9,21.3,18.1,36.0,11.6,17.4,3.2,58173.0,7.8,11.8,34.5,7.0,746.0,25.7,18.6,33.2,8.67857143,17.2,18.4,38.2,26.1,18.67423211,15.4,54.62962963,22.385566321,0.002134738,0.000723106,4.5531506301,8.7,6.1190486191,3.1688383700000005,3.1078458600000003,1.153313,0.44358191999999996,90.54893263
80442,39.0,23.6,17.4,30.2,15.4,13.6,3.3,70945.0,10.5,18.2,23.9,5.0,946.0,25.2,17.4,34.2,6.961077840000001,11.0,16.7,39.5,26.400000000000002,17.908436469999998,12.7,57.07388221000001,21.887899196,0.0019038375,0.0004369211,3.7773294852,8.6,5.6020143545,1.09626201,9.8576477,1.4235229699999998,0.5512418499999999,86.07087751
40364,31.9,32.1,13.9,20.5,7.0,10.9,3.2,81658.0,45.1,15.1,17.0,27.3,817.0,27.2,19.9,34.3,5.12275275,10.5,22.900000000000002,42.1,31.5,19.25018324,10.6,28.19777067,10.981032762,0.0005866967,0.0002467673,3.380215718,8.3,6.1962504464,0.48891387999999997,4.620236149999999,0.36424084,0.33246144,93.61967389
497682,39.3,23.3,17.1,50.5,16.2,13.3,6.7,66375.0,6.8,10.9,29.1,7.6,1039.0,20.3,17.0,42.7,8.9004415,20.0,16.900000000000002,38.1,28.9,17.23102429,14.000000000000002,60.92510207,17.964605715,0.0023032453,0.0005074635,4.6856446842,9.8,5.886098042,23.308722770000003,21.2659659,1.77148131,0.55873176,51.903723150000005
112215,40.5,21.3,18.5,48.1,14.2,14.3,5.0,66854.0,6.4,13.1,25.9,5.3,860.0,24.5,17.7,37.8,9.17195896,21.6,19.900000000000002,39.7,28.9,18.01737391,14.499999999999998,51.31446080999999,23.904952763,0.0012443378,0.0003736987,4.2524627349,8.1,5.9936196339,11.0934059,7.79993913,0.6660340499999999,0.50042075,77.73172435
45113,43.5,21.3,20.0,44.7,11.1,18.1,3.3,64210.0,7.1,8.1,20.7,5.9,776.0,24.8,17.5,38.0,8.05925926,16.1,20.8,39.800000000000004,30.099999999999998,18.41675755,14.399999999999999,57.433926,23.518041237,0.0010868601,0.0003993787,4.4446483409,8.3,6.1481601153,0.56782894,2.0960873,0.6365894799999999,0.57670127,94.9538639
130545,40.7,21.5,18.5,54.0,12.9,19.7,5.5,60060.0,7.8,12.1,29.8,6.6,888.0,26.8,18.3,37.1,9.41532258,17.1,22.7,39.6,29.299999999999997,16.77154464,15.7,52.73797723,25.075152137,0.0015395762,0.0004817177,4.1632794542,8.3,5.9837764075,8.599740390000001,5.68888486,0.73507215,0.46262754,82.62769426
971737,34.4,24.6,12.8,44.5,21.4,13.5,5.5,59504.0,9.5,10.1,44.5,8.2,1042.0,25.5,17.9,39.2,9.95935165,20.7,17.599999999999998,39.300000000000004,28.7,19.23375473,14.000000000000002,64.32968513,26.617747053,0.0039041365,0.0007795268,4.4712874843,11.1,5.6724482518,28.90403321,13.864072860000002,4.3470045200000005,0.5063709399999999,49.85564711
46208,39.9,24.7,18.1,23.0,13.0,12.5,3.0,66016.0,13.3,14.7,23.5,6.1,882.0,25.8,18.0,37.6,6.58339839,12.7,19.2,35.9,27.900000000000002,18.22558846,13.3,50.497017889999995,18.368256799,0.0012512944,0.0005203703,3.4487691567,8.7,5.6394273206,0.7507766699999999,12.074991370000001,0.7162582,0.42285122999999997,84.92621677999999
9863,42.0,22.0,20.1,25.5,9.5,16.6,1.9,65489.0,7.5,13.7,21.2,3.7,603.0,25.7,18.2,37.0,6.842737090000001,16.3,24.0,39.6,30.2,19.28885303,15.1,59.080459770000004,23.617820719,0.0002020814,0.0003067485,4.1122773005,8.4,5.8736782769,0.52541174,1.6065474400000002,0.60624432,0.46478731,95.8573305
35952,41.1,21.0,17.7,27.6,10.8,15.7,4.5,59551.0,9.3,12.3,24.5,5.6,776.0,26.1,18.6,36.9,8.81316099,19.2,22.0,42.1,28.999999999999996,18.09569951,15.7,50.143646409999995,26.282501757,0.0007626688,0.0002217233,3.9531077274,8.2,5.6198180536,4.97994464,3.90655895,0.48867295999999993,0.9660471199999999,87.73233151
140065,30.8,15.8,13.8,29.6,24.1,11.1,5.8,60308.0,5.8,10.2,44.7,7.5,1105.0,27.1,18.9,31.8,7.82909044,13.5,15.6,37.6,23.599999999999998,18.514788590000002,15.0,80.15517925,5.6586953994,0.0036457062,0.0005862377,5.6130505991,7.7,5.8308432512,3.7741671599999997,4.93820959,6.955548220000001,0.35667638,81.46789912999999
38018,40.4,22.9,18.3,52.5,13.1,15.8,4.0,62937.0,8.2,6.7,24.7,5.8,787.0,26.0,17.8,39.4,8.07232806,14.6,20.8,42.6,28.9,19.09900178,14.6,55.27113506,27.738898079,0.0011147694,0.0002889946,4.004026119,9.0,6.1176444935,1.10958442,6.34381562,0.8814455699999999,0.41998289,90.07855236
71757,41.5,22.2,17.3,49.4,13.6,14.9,4.0,79134.0,5.3,7.8,17.6,3.0,952.0,25.4,17.4,35.0,8.339680119999999,11.899999999999999,20.0,37.8,28.199999999999996,18.59495983,12.5,56.51533019,15.113832026,0.0010105562,0.0004016287,4.0178423007,9.5,5.5252703685,1.35196034,2.33383861,0.76611086,0.38100701000000003,94.04454641
13829,42.7,21.0,19.5,43.2,10.0,17.8,9.6,63673.0,6.0,9.4,17.5,3.1,811.0,24.8,17.8,38.6,6.48055833,12.9,21.3,41.5,29.2,19.06451728,15.0,47.11833231,18.221574344,7.16332e-05,7.24218e-05,3.7290677161,8.8,5.8605850752,1.03868195,8.48853868,0.56590258,0.68051576,88.38825215
47431,39.4,24.2,16.4,49.6,12.3,13.9,3.4,70286.0,11.4,12.1,23.4,9.3,774.0,24.5,17.9,35.0,6.727066819999999,10.9,19.3,36.5,27.200000000000003,18.04347958,12.2,44.85834208,25.836590714,0.0010120177,0.0003387893,3.7273120138,8.5,5.9169980693,0.9276829,11.58971115,0.55028463,0.5186590799999999,85.42694497
19768,42.6,22.7,19.9,42.1,9.3,19.8,3.0,60775.0,7.7,12.4,22.2,6.0,767.0,26.9,18.6,38.7,8.58024691,17.599999999999998,20.599999999999998,41.699999999999996,27.3,17.93932872,16.2,55.58751936,28.431372549,0.0007638252,0.0004034291,5.1762110836,8.5,6.0517507679,1.58366432,1.90956309,0.41246562999999997,0.45829514000000005,94.25094204999999
21361,44.9,20.3,20.5,15.8,10.7,19.8,5.2,57947.0,9.6,13.9,20.3,2.8,843.0,26.5,18.0,36.6,8.32708177,17.8,22.2,39.900000000000006,30.2,17.97024654,15.4,53.293536429999996,20.106309221,0.0010217351,0.0001398862,4.2194281905,8.5,5.9628829256,0.7198588100000001,1.6765743999999998,0.54802155,0.42262679,95.18391231999999
16327,42.5,22.0,20.1,34.9,9.0,15.7,5.6,63393.0,15.0,24.7,18.3,8.2,780.0,27.2,19.3,36.8,5.55951532,19.400000000000002,20.9,38.3,29.299999999999997,19.05748579,15.2,40.02084419,14.555589966,0.0007279786,0.000304748,4.17443399,8.5,6.5144244613,2.05653967,1.68648386,0.21232710999999999,0.53385101,94.50982771000001
19186,41.1,21.1,18.7,38.5,11.3,14.9,5.1,58936.0,5.3,11.1,24.8,5.9,632.0,25.2,17.9,34.8,9.20340294,16.3,19.3,40.6,27.0,18.742502820000002,14.099999999999998,56.57764589999999,28.90337206,0.000728825,0.000465935,4.8396127572,8.7,5.8048063683,3.21203602,1.73356239,0.91103129,0.43729502,92.72216149
12227,43.9,21.4,20.9,16.4,9.3,14.7,3.6,64182.0,3.7,10.0,14.4,3.5,648.0,25.4,17.8,38.3,8.12013348,14.099999999999998,21.2,41.699999999999996,28.499999999999996,18.39122037,13.600000000000001,50.68543905,20.341741253,0.0004130183,0.0003293808,4.1719097222,8.6,5.7432523041,0.75995374,1.72641665,0.47084091,0.33867504000000004,95.66330745
173355,40.1,21.6,17.2,19.0,18.6,11.4,4.2,82915.0,5.3,5.1,23.0,3.7,1092.0,23.6,16.6,37.0,7.54115773,10.6,16.6,37.0,25.4,18.89390697,12.3,67.5648321,9.3865408289,0.0023668977,0.0005624329,4.1421542267,7.5,5.2896603953,4.68360567,11.97935381,1.53990932,0.40436878,80.04334560000001
25226,43.0,21.9,19.8,20.9,16.9,12.1,2.8,75594.0,3.8,8.0,19.3,4.1,735.0,24.8,16.5,33.7,7.901085650000001,11.600000000000001,15.4,36.4,22.3,19.96924008,12.3,71.83098592,14.084507042,0.0001198083,0.0003185221,4.0655058043,8.7,5.3994132063,1.16613419,1.58546326,0.6269968100000001,0.3115016,95.02795526999999
12498,41.9,21.6,20.7,19.3,8.8,17.6,3.8,56823.0,7.7,17.9,23.3,7.0,702.0,25.5,17.9,35.6,7.5535513,14.499999999999998,21.7,41.4,29.099999999999998,18.322639130000002,14.799999999999999,52.30496454,19.835329341,0.0005651998,0.0003241754,4.1671828909,8.5,5.9244812315,0.8881711699999999,4.52967299,0.82357691,0.54905127,91.97416229000001
36942,38.4,19.7,17.0,46.4,12.9,14.4,2.8,70609.0,4.6,7.9,26.1,3.9,866.0,25.9,18.1,39.1,6.4631245,12.7,18.8,39.4,25.900000000000002,19.19513872,12.9,55.96485657,13.278342219,0.0010381452,0.0003245085,4.0048619393,8.9,5.5935640909,3.58559374,2.36910054,1.28836479,0.43122954,90.88295579
24586,42.8,23.0,20.3,32.7,9.4,20.6,5.6,59674.0,7.6,10.6,23.7,5.5,758.0,25.8,18.2,37.6,7.7198364,18.6,21.6,38.9,32.0,18.214616200000002,15.6,55.659876,25.83443334,0.0005368352,0.0001640218,3.8525528641,8.2,5.9432326542,0.7185332,5.43855302,0.45011563,0.49141064,91.65427816
28990,40.8,23.5,18.4,15.6,10.7,13.7,3.3,70285.0,7.5,9.6,22.8,4.8,750.0,24.9,17.6,37.6,5.81683168,13.0,19.3,37.4,27.0,19.57087827,13.200000000000001,55.06442913,22.502393872,0.0008211585,3.43867e-05,4.0410849748,8.6,5.6731668849,0.55770349,2.08026825,0.74930715,0.3900503,95.20306566
16716,42.5,22.3,18.6,13.0,10.4,16.8,6.3,62386.0,7.6,8.7,28.8,4.2,802.0,26.6,18.4,38.0,7.20242608,13.600000000000001,19.3,41.5,27.400000000000002,17.825886020000002,14.799999999999999,52.724968309999994,22.228246137,0.0013058705,0.0003598848,4.0958576187,8.4,6.1823896728,1.00908174,1.97067727,0.42737579000000003,0.39176113999999995,94.99614174999999
272388,36.7,23.2,16.3,38.8,19.2,13.4,4.8,61877.0,7.4,9.0,31.9,6.8,969.0,27.2,18.6,37.4,9.1965856,18.4,16.7,37.8,27.800000000000004,17.04668301,14.2,66.29960074,20.121434623,0.0027121328,0.0009000338,4.4573253408,9.6,5.4951257263,13.27772239,10.85109658,2.83637776,0.60729784,69.57536797
24403,41.3,22.2,17.1,49.5,7.8,22.8,4.8,49343.0,5.4,9.7,30.0,4.4,813.0,27.3,19.5,37.1,8.949818930000001,19.5,23.200000000000003,39.5,32.800000000000004,17.51713932,17.7,47.03418231,35.785685726,0.000932798,0.000369534,4.602669841,8.6,6.2161095151,0.60023523,2.79839397,0.9125197700000001,0.39745305999999997,94.33832177
44940,40.5,22.5,17.6,25.0,13.4,14.8,3.3,66449.0,5.9,7.3,27.4,5.4,910.0,26.9,18.0,35.1,7.708458310000001,12.9,20.9,39.7,28.799999999999997,18.30464095,14.299999999999999,59.575037939999994,18.962931219,0.0011054365,0.0003552477,4.2762330953,8.9,5.7183279329,1.54982202,5.73500475,1.10101479,0.38690279,89.99358846999999
19935,44.3,21.7,20.1,41.6,12.4,13.4,3.3,66168.0,3.7,9.1,19.9,3.8,715.0,25.8,16.9,34.1,6.066945609999999,10.2,18.0,35.699999999999996,25.5,19.15579395,12.1,66.8055251,20.373921381,0.0004520342,0.0003535711,4.0840325118,8.0,5.6100589671,0.85384229,3.69161226,0.39678553,0.36162732000000003,93.5158212
23308,41.7,22.9,18.8,27.1,8.6,18.5,4.0,59916.0,6.2,22.5,16.1,5.4,656.0,26.4,18.6,39.2,8.148148149999999,18.4,19.6,40.1,28.000000000000004,17.905148909999998,15.6,49.75961538,26.767878546,0.0003447384,0.0001283587,3.9777893137,8.5,6.3510203361,0.6291476300000001,4.39110575,0.42661381,0.57743687,93.13539602
34507,43.5,19.9,21.0,38.0,15.9,14.0,7.1,68837.0,5.8,27.3,20.1,5.1,896.0,25.4,17.0,35.3,7.34993875,13.0,14.2,34.1,21.3,18.63956554,12.4,57.54945211,21.48462627,0.0010882951,0.0002887503,3.6505332006,8.1,5.3751879231,0.8878196899999999,4.51356073,0.82194919,0.42672624000000003,92.28742446
20791,40.9,19.9,18.2,56.2,9.4,17.6,5.0,54556.0,8.9,12.3,24.1,4.7,797.0,25.3,18.5,36.9,8.261159229999999,18.9,21.099999999999998,38.1,29.299999999999997,18.40267896,14.799999999999999,51.323400529999994,28.571428571,0.0005781182,0.0003372194,3.8209356114,8.5,5.9238337052,4.962181429999999,1.97041962,0.30832972000000003,0.36132389,91.1307029
186955,28.4,20.2,11.8,41.9,22.2,9.4,3.6,55728.0,6.1,6.1,47.1,8.6,1020.0,24.3,18.4,35.3,8.45424107,12.7,17.5,35.099999999999994,26.6,18.56885533,14.499999999999998,70.54850156,10.807867467,0.0019015636,0.0007002502,4.9124479102,9.4,5.8735262931,6.3291876799999995,10.432645449999999,8.33827705,0.40626721000000005,72.47446925999999
15328,44.4,20.7,21.4,7.5,17.2,13.6,3.8,71947.0,8.5,9.5,19.2,1.2,842.0,25.0,16.6,33.6,8.35654596,12.4,16.2,36.1,24.8,18.70486036,13.5,61.098332369999994,20.671834625,0.0007210278,0.0002602134,3.2852501169,8.3,5.6851883005,0.77346618,3.4412690099999996,1.0028841099999999,0.35395909999999997,93.40587310000001
7041,44.5,20.6,20.2,95.1,14.3,14.4,5.1,68514.0,7.2,10.0,20.8,4.1,809.0,25.4,17.0,35.5,7.2265625,15.9,20.3,40.300000000000004,27.800000000000004,19.22905481,11.799999999999999,62.477007969999995,21.171489061,0.0001434103,0.0001419044,3.7694873233,8.5,5.8956582004,1.20464649,1.37673885,0.35852574,0.27247956,95.0236627
179900,38.9,21.5,17.6,30.1,17.9,15.4,4.7,58839.0,7.6,9.0,35.2,8.0,930.0,27.1,18.3,39.3,9.45266966,17.4,16.900000000000002,39.300000000000004,27.500000000000004,18.71665187,14.899999999999999,65.77819985,21.780692626,0.0026583616,0.000777834,4.078223649,9.1,6.0552284248,10.29920472,3.8985595900000005,1.37812135,0.32423113,80.92987042
15488,42.4,21.8,19.9,22.8,12.6,18.6,7.5,59567.0,4.8,10.9,23.0,4.0,783.0,26.3,18.4,36.5,7.61648746,16.400000000000002,21.8,40.8,30.7,17.88676079,16.1,51.456310679999994,26.684022128,0.0013621327,0.0005866632,3.8995148511,8.7,6.0762561385,0.73295713,1.6540182899999998,0.31134461999999996,0.4345852,95.55685282
106355,36.4,20.4,16.8,41.5,15.1,16.6,6.1,52789.0,7.9,8.9,36.9,7.1,853.0,26.5,19.6,39.1,8.95428929,21.099999999999998,21.2,41.0,28.9,16.45884887,16.8,60.344629520000005,22.940998028,0.0019405952,0.0008302357,5.1278501629,8.6,6.0659997628,6.8043296,3.27169275,2.13653877,0.43333679,84.82756022
31032,42.8,20.9,21.2,52.0,13.6,15.2,3.5,66194.0,6.9,11.3,20.6,4.4,731.0,24.6,17.5,32.5,7.62979684,13.600000000000001,19.0,36.9,26.900000000000002,19.26240783,13.600000000000001,55.42013192,20.380434783,0.0028366482,0.0004218588,4.3589341121,8.3,5.7912254109,0.9162047600000001,3.27355722,0.5771111800000001,0.74991849,93.22464949
64065,41.7,23.4,18.2,7.9,20.7,12.1,3.3,91105.0,3.4,6.6,17.8,1.9,964.0,24.8,16.0,35.7,7.59981851,8.9,14.299999999999999,39.800000000000004,21.099999999999998,18.93571169,10.8,74.85225701,10.701876303,0.0009261087,0.0015345506,3.7432259565,8.7,5.0564059479,2.0920946799999998,2.54452154,2.7616257,0.35070673,90.57950112
28133,40.9,22.7,17.8,33.3,10.4,16.5,4.2,60695.0,8.8,10.4,18.8,6.1,714.0,27.4,18.7,36.2,7.187499999999999,18.099999999999998,20.5,41.699999999999996,28.9,17.35342193,14.6,53.65527489,26.390512778,0.0005672753,0.0002490926,4.1898359077,8.6,6.4614448574,0.70200319,1.6380074500000001,0.32263783,0.32972877,95.81634462000001
66522,40.9,22.4,19.1,47.7,11.7,18.0,4.5,54854.0,10.3,11.8,31.6,8.1,793.0,27.1,19.3,39.5,9.20564217,22.900000000000002,22.900000000000002,39.4,31.3,18.09006169,16.2,58.114020769999996,26.465157628,0.0050357645,0.000601902,4.609214116,8.5,5.7908194638,4.8921015599999995,4.02709937,1.1674505099999999,0.40679299,86.32177477
28167,40.6,24.5,18.2,23.0,13.6,12.5,2.4,68074.0,6.2,6.7,22.7,3.2,803.0,25.7,17.4,38.5,7.5796727,10.7,20.3,40.699999999999996,28.799999999999997,20.07556422,11.5,54.34589143,17.600270773,0.0007354229,0.000461042,3.5007693871,8.2,5.8471168007,1.0015759100000001,4.13938014,0.6198564200000001,0.30467519000000004,92.68429347
24630,42.6,23.2,20.3,19.8,12.5,14.7,4.4,65345.0,8.2,23.6,21.5,2.5,819.0,25.3,17.1,37.5,8.12441968,14.899999999999999,20.1,39.300000000000004,28.7,19.5389345,12.7,58.14041746,31.354762374,0.0005217322,0.0003650968,3.7305967239,9.0,5.7018013622,0.6461452000000001,10.908215270000001,0.69831842,0.76654493,86.33061765
34259,41.6,23.1,18.2,33.8,16.7,13.7,4.0,73636.0,8.0,7.0,18.8,3.7,902.0,24.6,17.1,35.2,6.19666048,10.299999999999999,18.2,34.599999999999994,25.900000000000002,18.57677378,12.4,61.26180673,14.267185473,0.0012089114,0.0005808888,3.4514195167,9.8,5.6509806134,0.5900639,2.9503195,0.5468884900000001,0.4519026,94.07921248
7479,43.0,22.1,22.2,32.5,14.3,14.6,3.9,63172.0,4.9,10.6,29.3,4.5,723.0,20.2,16.2,31.7,5.448717950000001,13.3,16.6,41.9,25.7,23.98696783,11.1,61.71597633,19.944979367,0.0001353363,0.0005304336,4.4632540503,7.0,4.9624708518,0.9879550699999999,3.3428068800000004,0.5413452400000001,0.41954256,93.54445797999999
3680,46.3,21.1,23.0,28.9,16.7,14.7,4.2,64750.0,4.9,19.5,19.1,4.4,787.0,20.1,15.4,32.3,7.462686570000001,15.299999999999999,17.8,38.6,25.0,25.171355820000002,10.4,72.82051282,21.840873635,0.0005643341,0.0005492996,4.2171225863,7.0,4.8426554818,0.9875846500000001,1.7494356700000002,0.7900677199999999,0.53611738,95.14672686
14046,43.1,23.6,22.7,41.5,13.6,11.7,3.2,64049.0,6.4,22.4,20.0,4.0,721.0,20.1,16.0,34.8,5.27926549,17.0,17.299999999999997,38.3,26.6,22.96803305,11.1,62.989203780000004,18.930957684,0.000284212,0.000574465,3.8667880246,7.8,4.6468310987,1.67685093,9.27241722,0.60395055,0.86684667,87.33124911
12279,45.0,21.9,23.5,21.2,14.0,17.7,6.1,50684.0,8.0,20.5,30.7,6.5,757.0,21.8,17.2,31.9,8.15876516,21.4,19.6,43.3,28.999999999999996,22.99714699,14.899999999999999,54.538520209999994,22.373152217,0.0012377259,0.0006526883,4.6400151214,7.4,5.1016124413,0.7508870400000001,2.2444096,0.8911626400000001,0.48683885,94.30646093
5651,48.2,22.1,24.7,20.5,16.0,13.6,0.7,54973.0,4.1,9.6,21.9,7.1,735.0,19.8,15.8,31.7,5.15222482,13.700000000000001,20.0,41.699999999999996,27.0,25.68257148,11.4,73.32746479,11.428571429,0.0001807011,0.0005323869,3.8330889977,7.0,5.2230958999,0.72280448,2.78279725,0.5963137000000001,0.68666426,94.66931695000001
25652,43.0,23.1,18.8,15.3,16.1,11.7,2.3,79444.0,2.7,8.7,16.2,3.2,766.0,20.0,15.6,33.8,5.64853556,9.1,16.6,41.699999999999996,26.1,27.02838065,9.5,70.15028502,10.93581929,0.0005039541,0.0001946207,4.0416173782,8.4,4.7997259138,0.88385796,2.01969298,0.55434951,0.37990386,94.93719956999999
131041,35.5,21.7,17.1,39.7,19.5,13.8,5.2,62329.0,4.2,8.4,34.7,7.3,932.0,21.3,16.8,34.7,8.279192270000001,15.1,20.0,39.1,27.200000000000003,23.16548668,11.799999999999999,70.72310406,14.652567976,0.0025829495,0.0009511537,4.2829539258,7.9,4.9343296015,9.55384722,5.3191897,2.73700669,0.41158572,78.71940891
26700,42.0,20.9,19.2,12.0,19.2,11.9,1.3,75759.0,4.5,8.8,20.4,5.3,852.0,20.2,15.6,34.1,6.37149028,9.5,15.5,38.6,23.799999999999997,25.1320133,9.0,71.39917695,11.161193389,0.0007145543,0.0004490514,3.7584625464,7.5,4.801522235,1.22226401,3.09890936,0.5641218499999999,0.57164347,93.58405416
25012,38.9,22.5,19.4,9.9,23.2,11.1,3.2,84727.0,2.1,7.7,16.4,2.0,783.0,19.5,15.4,33.1,5.9312638600000005,6.6000000000000005,16.2,39.5,23.400000000000002,24.41831564,8.3,75.94829053,2.9300962746,0.0018967084,0.0004784498,3.3261974054,7.8,4.6020261586,1.4027739399999999,2.06267041,1.22495752,0.20547675,93.78432845
20631,39.5,25.7,18.1,32.1,14.9,12.5,3.0,73493.0,6.4,10.0,19.4,6.2,788.0,20.2,15.9,34.7,5.54075653,12.4,15.5,40.6,22.3,28.05799689,9.9,67.84685056000001,8.2287595145,0.0014499058,0.0003872779,3.6414993832,8.3,4.8553104578,0.9037745899999999,1.95253975,0.56063023,0.27548209,95.22497704
20687,35.6,26.3,16.3,14.4,14.5,9.4,5.0,62662.0,6.0,8.0,30.0,4.3,781.0,18.0,16.3,33.7,7.4619538499999996,16.6,15.9,41.0,28.4,20.23331646,9.0,50.71856286999999,20.263623844,0.0007779453,0.0005295845,3.5921447632,7.1,4.5197483606,3.666067,29.55705742,9.98201002,0.88977488,52.17095347
14376,43.6,22.5,22.7,26.8,15.2,11.1,3.9,65743.0,3.8,10.8,19.7,3.4,749.0,20.3,15.9,30.4,6.084396470000001,9.3,15.7,39.5,24.7,24.65001844,10.8,69.85959438,7.5419952005,0.00042337,0.0001395479,3.559106805,7.5,4.8123153067,0.43042619,1.96161445,1.3195032500000001,0.22579735,94.89839119
9893,42.4,21.8,23.0,11.6,15.2,14.2,2.7,65614.0,3.7,19.6,21.3,3.1,696.0,19.7,15.8,30.6,6.323529410000001,14.399999999999999,16.1,38.9,24.5,24.82734521,10.299999999999999,64.86146095999999,14.002333722,0.0004097101,0.000706001,3.656116098,7.2,4.8679968512,2.80651439,2.8269999,0.45068114,0.5326231699999999,92.23599303
20728,42.4,23.9,20.8,37.6,16.4,11.9,1.9,68041.0,3.2,8.6,23.9,6.5,697.0,19.8,15.8,30.7,4.82509047,8.6,17.8,42.0,24.7,25.267744590000003,9.4,65.57995121,8.7235996327,0.0015593022,0.0008699014,4.0467725627,7.2,5.1894470407,1.2961699599999998,3.73257967,0.6285937,0.36546145999999996,93.14394309000001
13116,44.8,22.1,23.1,23.5,15.2,14.9,1.4,60815.0,4.2,9.9,27.1,6.3,699.0,21.1,16.4,32.5,6.90399137,18.4,20.3,44.9,28.999999999999996,24.15879675,13.100000000000001,65.04613201000001,16.535137166,0.0045696877,0.0004597701,4.9615850349,7.1,5.2595308502,0.56359482,2.69611577,0.45696877,0.53313024,93.5262757
18479,43.3,21.5,20.0,15.1,15.2,11.4,3.0,76959.0,3.4,8.6,19.4,3.3,830.0,20.7,15.9,33.0,5.94059406,9.3,15.7,38.3,23.5,25.9258622,9.3,62.09453197,8.883248731,0.0006010272,0.0001629549,3.5448312098,8.9,4.9782738791,0.9288602300000001,2.73740575,0.7048409999999999,0.29504972,94.11539721999999
42979,44.3,20.8,22.4,29.9,16.4,13.9,3.0,63149.0,4.1,14.1,28.4,5.8,812.0,21.3,15.9,30.7,7.8069323,13.100000000000001,16.7,38.4,25.900000000000002,23.28929193,10.8,60.795220439999994,16.762510706,0.0034664906,0.0014283707,4.0208754209,7.1,4.9612094176,2.01858228,5.72796302,1.18851106,0.44804980000000005,88.37428666
11601,44.8,21.9,24.2,51.0,14.3,11.2,3.2,63638.0,5.4,7.4,25.9,7.6,655.0,20.2,15.9,30.8,6.13207547,12.9,17.5,40.2,27.0,25.26693945,11.4,63.6572303,18.639328984,0.0013787161,0.0005216031,4.4697441154,7.0,5.1345267354,1.30116329,5.3339077999999995,0.9306333499999999,0.43946575000000004,90.72813441999999
11957,44.0,23.4,21.8,12.6,14.0,14.9,2.1,72734.0,7.4,11.2,18.3,3.3,745.0,19.0,15.6,31.2,4.8268625400000005,9.0,16.1,37.7,23.5,24.36178434,9.4,61.30976296,9.504950495,0.000600446,0.0003365021,3.7660282594,7.4,4.7861678655,0.6347572499999999,4.44330074,0.36026763,0.18013381,93.54091611000001
9737,39.3,25.6,19.7,35.1,9.7,15.9,3.9,63120.0,6.4,10.2,27.6,9.7,701.0,20.6,17.4,32.4,7.347876,15.299999999999999,20.599999999999998,42.5,32.1,22.31734409,13.5,49.78683089,18.260451706,0.0002085941,0.0005109862,3.7736147918,7.1,5.2315308489,1.2098456400000002,17.22987067,1.03254068,1.30371297,78.68168544000001
16423,41.5,23.1,21.6,46.4,18.3,15.4,4.1,61756.0,4.6,10.8,27.3,4.0,752.0,19.9,15.7,30.1,6.99919549,14.899999999999999,17.5,40.6,25.3,25.710061080000003,11.4,70.0487013,12.47099768,0.0040579008,0.0008515815,4.1703560135,6.8,4.8916577432,1.04778632,4.9361032,0.8600327099999999,0.41184665,91.67827509
17123,46.9,21.3,24.1,30.4,12.8,15.3,2.6,60441.0,7.1,17.0,24.7,7.5,738.0,19.5,16.1,31.7,5.5806938200000005,12.8,16.900000000000002,40.6,25.7,24.485280160000002,13.0,58.28800458,8.6104513064,0.000235724,0.0004118132,3.951971978,8.3,5.0492405524,0.7189580999999999,2.33956037,0.30644116,0.27697566,95.30319994999999
46488,42.5,22.5,19.8,38.9,15.0,14.0,4.4,61080.0,4.9,11.1,26.7,6.6,795.0,20.4,16.6,33.0,7.38419619,18.0,18.0,40.9,26.6,24.772508100000003,12.1,65.85975024,20.314616106,0.0018631656,0.000473495,4.0836595237,8.5,5.1170136236,3.11321981,3.74799601,0.70626977,0.45279258,89.72225833
16450,37.3,25.3,17.7,14.0,12.6,15.3,4.1,61188.0,8.9,9.4,26.3,4.7,732.0,18.9,16.5,34.4,6.919060050000001,13.600000000000001,18.0,44.5,31.2,22.39550227,14.099999999999998,58.467966569999994,24.296675192,0.0005620433,0.0001852652,4.4737062206,7.1,5.0536006561,2.85393118,31.043527129999998,2.6416037,2.2231936599999997,62.30562668
100367,35.6,26.9,12.2,14.0,34.8,7.5,3.0,99533.0,4.4,5.7,29.6,3.0,1198.0,19.2,14.4,27.8,6.091480600000001,5.4,10.9,32.2,18.0,25.24022694,7.9,85.82077914,6.838481578,0.0004140712,0.0004239084,4.0041958629,7.6,4.1831637942,3.64922767,6.97710006,5.14528499,0.42487308,82.3191589
9093,36.3,29.5,17.8,17.4,13.7,10.6,2.0,77176.0,28.9,11.6,15.1,16.6,835.0,21.5,17.3,31.8,4.696132599999999,15.6,18.9,40.300000000000004,27.0,24.0633819,9.4,55.80808081000001,7.9751883031,0.0001090631,0.0002188663,3.4954271632,7.5,5.0532409238,0.19631367000000002,2.57389028,0.49078415999999997,0.69800414,95.28847203000001
7684,36.6,21.9,20.7,26.3,14.4,14.9,4.2,56068.0,7.7,16.5,32.8,8.3,621.0,21.3,17.4,31.9,5.89171975,25.7,18.3,38.1,27.400000000000002,22.951161749999997,12.7,59.18901243,13.276231263,0.002739726,0.0002611307,4.2723715764,7.1,5.0429791362,1.8134377,3.8356164399999995,0.92628832,0.66536204,91.46771037
17523,43.5,23.8,20.3,9.4,13.6,12.3,2.2,75896.0,4.2,12.8,17.4,5.2,732.0,19.7,16.1,29.9,6.75772825,9.700000000000001,15.9,40.6,23.400000000000002,25.443911949999997,8.9,64.881933,9.6748185972,0.0013636364,0.0004568818,3.9961264751,8.6,5.0217910789,1.00568182,1.77272727,0.38068182,0.18181818,95.92045455
38824,42.1,22.5,20.7,38.9,15.3,16.7,2.9,58084.0,3.5,8.2,30.1,8.6,882.0,21.1,16.5,31.4,8.02282645,20.9,16.5,36.6,26.900000000000002,22.23959537,13.4,64.63562977000001,28.269883151,0.0026403158,0.0007534229,4.3851088202,8.4,5.1115447445,6.35767129,3.8480642,1.39335477,0.4025828,85.3919954
17692,47.9,19.0,27.0,25.4,24.6,14.9,2.1,72446.0,4.4,40.2,21.6,3.9,902.0,18.5,14.1,32.6,6.67903525,8.7,17.599999999999998,36.9,24.2,26.26926095,9.6,73.61184558000001,7.6411960133,0.0011630483,0.0008402891,3.6679376658,6.6,4.4018807704,0.86951706,2.87992911,1.09658839,0.39322109,93.76938414
98812,38.7,22.5,18.4,30.8,21.3,11.0,4.1,73495.0,3.4,6.4,26.7,5.8,912.0,19.5,15.7,33.8,6.44509036,10.2,19.2,41.5,28.299999999999997,25.452697540000003,10.100000000000001,74.97393553,12.998229477,0.002012398,0.0007698697,4.0483485758,9.0,4.5662015939,3.6738904000000003,3.3634350299999998,1.34699202,0.35393934000000005,88.87315824999999
9349,44.8,19.1,23.1,62.8,11.0,18.8,2.1,64461.0,5.5,14.0,22.4,3.8,724.0,19.7,16.3,32.7,6.07734807,14.799999999999999,17.2,38.5,25.6,24.380847329999998,12.4,58.538993090000005,18.329070759,0.0026004984,0.0006437078,3.7445896215,6.7,4.9907463131,1.2352367499999999,10.2828042,0.7476433,1.59280529,86.13067505000001
19519,43.4,21.2,21.8,25.5,12.4,16.3,3.7,56043.0,5.4,11.7,23.8,4.7,780.0,20.0,16.3,32.2,5.76527111,17.1,20.200000000000003,39.7,29.099999999999998,24.72148538,12.1,56.68191669,15.887635275,0.0008328995,0.0003115588,4.8413733535,8.0,5.234320008,1.47839667,3.2118688200000003,1.17126497,0.36439354999999995,92.4049974
15601,44.0,22.7,22.6,21.5,13.1,15.2,3.3,62356.0,4.7,10.0,23.6,7.2,627.0,20.4,16.3,31.0,7.213114750000001,16.5,17.2,42.8,26.0,23.619299129999998,11.3,58.86056972,16.109045849,0.0004567402,0.0003892818,4.0412491822,7.2,4.8587168971,2.55774501,3.9736395700000005,1.72256296,0.41106616,90.38235678
10015,42.8,23.4,21.3,17.6,15.2,9.3,3.8,62214.0,10.4,12.1,27.4,3.9,707.0,20.3,16.4,34.1,6.451612900000001,15.6,18.8,41.0,28.999999999999996,23.87817194,11.0,61.92101414,24.709302326,0.0003037975,0.0001004823,4.5824690822,7.2,4.959265255,0.83037975,16.29367089,0.6278481,0.92151899,80.92151899
6639,46.2,22.1,22.6,51.7,16.1,14.4,1.7,69375.0,3.8,13.0,21.9,2.6,709.0,20.1,15.5,30.7,6.39175258,14.899999999999999,15.4,36.3,22.400000000000002,24.412253149999998,9.8,65.57000765,21.293375394,0.0003096934,0.0001522765,3.7938159611,7.4,4.9381393531,0.89811087,3.5150201300000004,0.43357075999999994,0.49550945,93.14029110999999
8801,44.6,22.2,23.4,8.5,14.4,17.3,3.6,56884.0,3.2,11.3,24.6,4.7,828.0,20.4,16.1,30.9,5.88235294,15.5,17.5,41.5,26.900000000000002,23.19622755,12.0,68.0104712,17.051705171,0.0010484623,0.0006883102,3.6257370907,7.2,5.0941763921,0.68732526,3.49487418,0.69897484,0.6523765100000001,93.03355078999999
12351,41.6,23.5,20.6,23.9,19.6,9.4,2.5,80701.0,3.0,7.2,16.7,2.7,742.0,19.6,15.4,31.7,5.081081080000001,6.4,15.8,38.7,22.2,27.26115606,8.1,74.43556791,7.9908675799,0.0004844961,0.000242974,3.3570612204,7.7,4.5466997552,0.62177003,1.9864341099999998,0.37144703,0.29069767,95.60723514
10619,45.9,21.8,22.8,7.1,15.4,11.4,3.3,75795.0,3.2,21.9,16.3,3.3,788.0,19.2,15.2,31.8,6.312769009999999,12.7,16.400000000000002,39.800000000000004,24.099999999999998,25.69609015,9.9,73.58235824,8.6285195277,0.0002797985,0.0002839027,3.984208403,7.1,4.852045538,0.86737549,3.16172356,0.52229062,0.46633091,93.86308525
14979,41.9,22.2,21.3,24.4,17.7,13.9,4.0,66685.0,4.2,11.9,28.6,5.5,830.0,19.5,15.2,30.7,6.28930818,11.4,15.4,35.4,23.5,24.5428601,10.5,66.53543307000001,19.952654718,0.0008147193,0.0002686908,4.0748588509,7.4,4.8983762099,1.0251884,9.91241768,2.36268586,0.9097698399999999,84.85980038999999
10790,44.4,21.3,23.3,4.0,16.4,14.8,2.1,67865.0,3.9,10.6,18.6,4.1,782.0,20.2,15.6,32.2,4.94437577,10.7,17.5,36.199999999999996,25.4,24.61420486,10.7,65.7511444,9.9809885932,0.0004710316,9.37822e-05,3.4215186477,6.9,4.9401059196,0.8290155400000001,5.87847386,0.6594441799999999,0.42392840000000004,91.30475742
16861,45.3,19.1,22.8,19.2,15.0,13.7,3.5,64656.0,4.4,12.5,25.8,5.2,752.0,20.1,16.0,30.9,6.31199279,13.900000000000002,19.400000000000002,39.2,26.6,25.824260780000003,10.6,68.24855794,13.253012048,0.0004859382,0.0003591094,4.0705229794,7.5,5.0596357423,1.5550021299999999,5.98918788,1.02047015,0.9658020999999999,90.02611918
14623,42.0,22.9,19.6,33.3,15.0,12.1,2.7,75830.0,4.8,10.8,24.3,4.3,819.0,20.2,16.0,33.4,7.085201789999999,12.6,20.5,40.1,28.199999999999996,24.95147372,9.8,68.42427958,10.731707317,0.0006134969,0.0003408549,3.8440643275,7.3,4.5253792778,0.57941377,2.19495569,0.41581459,0.39536468999999996,95.26925699
20436,40.4,20.9,19.0,36.2,15.9,14.1,2.7,62365.0,3.4,9.2,25.4,4.4,727.0,20.1,16.3,37.4,5.77617329,15.9,20.4,40.9,28.199999999999996,24.42236423,11.200000000000001,61.05374078,15.558698727,0.0012789686,0.0005886104,3.8394986656,8.3,4.7181545719,2.44538804,5.5097968999999996,2.16913081,0.48600808000000006,87.97769479
9479,39.5,25.5,20.4,53.3,15.4,10.4,1.5,63947.0,9.8,15.6,23.8,6.7,708.0,20.4,16.4,32.0,6.32318501,12.3,16.900000000000002,37.3,25.2,24.7950215,10.0,62.57062147,7.8778926637,0.000746587,0.0005275375,3.5896413101,7.1,5.0045319338,0.76791809,3.41296928,0.49061433,0.5866041,94.16595563
9606,41.9,23.6,21.2,57.6,14.5,15.0,2.5,66617.0,5.1,7.8,25.8,5.3,662.0,20.1,16.4,33.8,5.006418490000001,11.899999999999999,17.7,43.4,26.8,23.322443630000002,12.4,66.94953104,13.030888031,0.0003157895,0.000103799,4.3152769966,7.0,5.1100230208,0.91578947,5.94736842,0.58947368,0.41052631999999994,91.23157895
16575,42.2,23.4,19.1,29.6,16.2,13.5,3.2,69787.0,2.9,7.4,22.3,2.9,732.0,20.2,15.9,28.7,5.99190283,8.200000000000001,15.4,35.699999999999996,23.9,25.34895381,10.100000000000001,71.89189189000001,5.6581298392,0.001098834,0.0006035732,3.7535815804,8.4,4.9580782797,0.70813748,3.6749893200000003,0.57994017,0.42121970999999997,93.77327391
19470,44.4,22.0,21.3,28.4,13.2,12.1,4.2,69709.0,4.8,12.4,20.3,5.9,726.0,20.6,16.2,34.6,6.031528440000001,13.0,18.099999999999998,41.8,27.800000000000004,23.718484479999997,10.6,62.52408478,12.865792129,0.0011374212,0.0003614209,3.9357038923,8.9,5.0253283423,0.90476683,1.6957915399999999,0.43945817,0.37741702,94.52486816
37808,41.0,22.0,19.1,22.6,13.8,13.2,4.8,67784.0,3.4,9.6,23.7,4.1,812.0,20.4,16.5,30.9,7.02066999,11.799999999999999,16.3,39.2,23.1,23.98881619,10.4,57.81266463,16.966849387,0.0011603682,0.0003972037,3.9037119896,7.7,4.6991569691,2.1625042899999998,3.1488172199999998,0.68303489,0.51425407,92.46551861
15785,44.2,16.4,25.3,59.7,22.6,14.2,5.2,52210.0,6.8,11.2,34.6,8.3,838.0,19.0,14.7,32.4,6.24380575,18.6,17.2,37.4,26.3,21.642508,12.4,81.17816092,15.650080257,0.0022020725,0.0007669202,4.7204644537,8.0,4.6285655597,2.02720207,4.13212435,7.75906736,0.47279793,83.9119171
153360,30.6,19.4,12.6,14.6,29.5,9.0,3.8,72977.0,5.2,7.2,40.9,7.6,1086.0,21.0,16.5,29.5,6.86926509,10.5,12.8,30.9,19.6,26.62700765,10.100000000000001,85.53605313,4.5970347055,0.0047927987,0.0019192494,5.1101780316,9.5,5.1674624248,8.45881367,6.78990402,6.1722360499999995,0.37771063,75.87413031
20733,43.4,20.7,21.1,30.4,15.5,13.1,3.1,68781.0,2.9,9.3,19.4,4.2,693.0,19.8,16.0,34.1,6.3829787200000005,11.899999999999999,16.900000000000002,39.4,23.5,24.435044180000002,11.0,56.192933700000005,11.647658335,0.0011004785,0.0003364576,3.5355334282,8.8,4.7216033233,2.9138756,2.6746411500000002,0.58373206,0.51674641,92.64593301000001
10026,42.7,22.8,21.9,9.8,11.7,17.4,3.6,60016.0,2.8,12.5,21.5,2.2,744.0,21.1,16.9,31.8,6.50730412,14.899999999999999,18.2,40.1,26.6,24.21249989,12.5,59.67957276,16.675088428,0.0001008675,0.0001008675,4.1964568524,8.1,5.0489849339,0.82711317,2.26951785,0.36312286,0.33286262,94.81541255
14718,45.1,21.7,24.7,32.3,14.5,16.3,3.8,62553.0,4.3,11.2,26.2,7.5,818.0,19.8,15.6,33.4,4.99569337,12.3,16.7,37.6,26.5,24.436072929999998,11.4,67.93495935,12.028608583,0.0006251737,0.000481795,3.9487136258,6.9,5.0585460307,0.90997499,4.64017783,0.62517366,0.60433454,92.47707697
33442,43.5,21.2,21.2,62.6,14.6,16.2,4.6,58094.0,4.2,10.2,24.3,5.1,782.0,20.2,16.5,35.3,7.21524118,18.5,17.8,40.9,28.499999999999996,23.52854085,12.8,67.45440534,23.682559598,0.0009826501,0.0006322445,4.4952146231,7.8,5.2006210706,2.6869338199999997,3.51297405,0.66635959,0.38384768999999996,90.68631967
229308,38.2,22.8,16.6,32.5,23.7,10.7,3.8,75457.0,3.8,6.8,25.9,5.1,878.0,23.1,16.3,30.9,6.94939031,11.5,14.099999999999998,37.3,22.900000000000002,23.69003247,9.700000000000001,75.24226627,12.008499522,0.0031051832,0.0006246205,4.0992018567,9.6,5.148833125,6.798647870000001,4.19221564,2.53262408,0.29217546,83.25603131
10823,42.2,22.2,19.5,10.1,11.4,14.2,4.4,72500.0,5.1,13.3,22.1,4.5,747.0,19.6,15.8,36.6,6.63390663,13.100000000000001,19.0,44.800000000000004,32.1,26.981384260000002,11.1,60.0,13.188883655,0.0008560829,9.30319e-05,3.3318281512,8.4,5.1925703268,1.64558166,16.46532864,3.1960429899999996,0.91315514,77.39941025
8666,42.9,22.6,21.5,1.3,10.7,17.4,3.9,63405.0,8.4,11.3,20.2,7.7,773.0,21.1,16.9,33.9,5.65552699,21.099999999999998,19.7,41.099999999999994,29.299999999999997,23.33453268,13.600000000000001,55.930416449999996,17.931858936,0.0011432491,0.0010332951,5.023923445,7.2,5.2641013823,0.53732708,3.25825997,0.52589459,0.44586715,94.50097176
12023,38.3,28.1,19.0,4.6,15.2,12.6,2.4,73735.0,4.8,9.1,16.1,3.9,776.0,21.0,17.0,30.5,5.99001664,8.7,15.7,38.5,23.9,25.28620853,7.8,66.59388646,5.7782592994,0.000162285,0.0003330281,3.4276900497,6.6,4.4895820123,0.37325544,4.06523856,0.47874067,0.9331385899999999,93.13534567
16609,40.9,24.7,18.1,25.1,19.3,9.3,2.3,88110.0,3.5,6.9,17.6,4.2,932.0,20.3,15.8,30.8,5.18092105,6.7,13.0,38.2,21.099999999999998,25.059555919999998,8.4,70.97446587,6.3711176002,0.0007070886,0.0005365766,3.644976285,7.1,4.3826723094,0.48906959000000005,2.43945554,0.8661834900000001,0.41836073,94.74986742
22059,39.6,23.8,19.0,27.7,16.7,13.6,3.3,65200.0,4.5,8.5,32.3,4.7,773.0,21.1,16.9,34.2,7.17566016,14.299999999999999,15.4,42.4,25.0,22.92815488,11.700000000000001,59.39334638,16.421052632,0.0014172076,0.000727802,4.0208526413,7.8,5.0857495682,1.86065649,2.66069306,1.8880863099999998,0.45259212,92.02249246000001
33487,39.8,23.3,18.7,24.7,21.4,13.5,2.3,74193.0,3.4,6.1,22.9,3.7,845.0,21.0,15.7,28.2,6.22695617,8.200000000000001,13.100000000000001,38.3,21.2,25.204565629999998,9.700000000000001,71.669078,9.596019429,0.0015694403,0.0009586579,3.9461293566,7.6,4.6176250633,0.95943145,2.29493633,1.37992301,0.26354753000000003,93.83476458
40049,38.5,25.4,17.7,22.6,14.9,11.5,5.6,70828.0,5.3,9.0,26.5,7.1,832.0,19.4,15.8,33.9,7.445887449999999,15.7,17.2,40.699999999999996,27.3,22.735691080000002,12.0,52.783129949999996,23.250830387,0.002274204,0.0004265676,3.769106779,7.7,4.8097563585,2.10426351,25.463587739999998,4.14105063,1.1321037600000001,65.98440545999999
14605,42.7,23.9,19.6,22.6,21.0,13.6,4.4,81907.0,3.1,14.0,18.7,5.5,843.0,19.7,15.2,30.7,7.59109312,10.100000000000001,18.2,40.699999999999996,26.8,25.50612255,9.2,81.91206846,10.367577757,0.0008884029,0.0005530591,3.5127472379,7.5,4.8734650671,0.65605139,4.02514864,0.44420146000000005,0.76539329,92.71509602
8671,45.9,22.0,24.1,24.6,11.2,15.0,2.6,59897.0,4.1,12.5,21.8,2.5,761.0,20.6,16.5,32.4,7.9937304099999995,17.0,19.6,40.9,27.0,23.75110914,12.0,62.270270270000005,16.384180791,0.0008242082,0.0009330534,4.1014559496,7.1,5.0610834569,0.69468974,2.80230778,0.30613446,2.36665489,92.40551042
7574,41.5,23.8,19.5,23.3,18.5,14.5,3.4,76324.0,3.7,17.2,17.5,6.1,723.0,20.5,16.1,33.5,4.507512520000001,14.2,17.2,37.5,25.0,25.0074354,11.1,73.98325359,20.166073547,0.0003997868,0.0005256242,3.8702694086,7.5,5.102811872,0.8928571399999999,2.18550107,0.49307036,0.33315565,94.82942431
10285,43.3,22.5,21.8,64.2,13.5,16.0,4.5,61261.0,2.4,10.7,29.1,4.5,718.0,20.5,16.5,36.8,9.52380952,17.8,19.2,39.800000000000004,27.700000000000003,23.29009908,12.8,65.87807097,19.294117647,0.0010849196,0.0003875218,4.7736384043,6.7,5.3123116613,0.8482098800000001,3.97475096,0.46355655999999995,0.60163724,93.08610317
42968,38.6,24.4,17.1,41.7,16.4,13.0,3.5,67427.0,3.8,7.1,24.6,5.2,936.0,19.4,16.8,33.5,8.51315401,14.000000000000002,16.5,37.8,25.4,25.687707059999997,11.3,61.339611760000004,17.773237998,0.0008764034,0.0003748126,3.8093789531,8.0,4.6642943063,2.67895211,19.18376048,0.9853616900000001,0.8432422199999999,75.5151831
14138,40.4,23.8,21.5,7.9,17.0,15.4,2.4,65076.0,3.2,12.9,24.0,7.9,691.0,21.0,16.7,34.0,6.44371941,10.5,17.5,38.800000000000004,28.7,23.0216676,11.5,61.90614137,17.857142857,0.000356837,0.000570817,3.9256977536,6.8,4.7583056292,1.2489294899999999,7.82900371,0.8492720500000001,0.6708535499999999,88.23865258
6149,44.0,22.7,21.9,4.3,9.9,11.2,4.5,67561.0,5.9,8.8,24.1,3.0,801.0,20.1,16.2,31.6,5.6561086,16.0,18.3,40.1,27.200000000000003,23.39566827,10.7,57.92307692000001,10.824313072,0.00016728,0.000324728,4.5193057292,6.5,5.0790053152,1.08732017,10.85647374,0.85312814,0.6022081,84.72733355999999
15225,45.2,18.8,23.5,31.8,12.2,15.7,6.6,58264.0,5.3,12.3,29.9,6.3,742.0,20.1,16.4,31.3,7.61099366,16.900000000000002,19.2,43.9,28.000000000000004,22.880612510000002,12.5,50.711791569999995,20.929259104,0.0023977621,0.0005264197,4.3982745352,7.4,5.0832642388,2.5709338,3.4767550299999996,1.17889969,0.71932863,90.5754629
8938,41.3,23.8,22.0,3.5,14.6,14.3,3.6,67306.0,4.2,19.4,23.9,3.8,631.0,20.0,15.8,31.9,6.946264739999999,13.4,16.1,41.6,24.2,25.717919700000003,11.1,67.41854637,13.255567338,0.0012485812,0.0004491354,4.1050612994,7.1,4.7991119562,1.41884222,3.56413167,1.04426788,0.62429058,92.36095345999999
25621,40.9,24.8,18.9,28.9,17.9,12.1,2.1,79963.0,5.4,5.6,24.7,3.9,816.0,18.9,15.5,31.2,6.726457399999999,10.9,16.900000000000002,37.5,24.7,26.18974989,8.7,65.99019109999999,10.150507525,0.0019827385,0.000545809,3.648582996,7.1,4.6830012222,2.1654614700000003,6.776300439999999,0.7308918400000001,1.06912371,87.93639686
7061,45.4,22.2,23.3,24.7,13.0,14.8,6.3,61434.0,6.0,15.8,21.6,4.0,735.0,19.6,15.8,32.1,6.844106460000001,15.5,15.0,37.2,24.5,24.30562232,10.100000000000001,66.16702355000001,10.966415353,0.0001433486,0.0002827255,3.6740908519,7.0,5.0756185924,1.03211009,6.29300459,0.58772936,0.8887614699999999,88.73279817000001
493378,36.1,24.5,13.5,22.5,26.5,11.1,4.5,78827.0,4.8,5.9,32.9,5.7,1060.0,21.6,17.2,35.0,7.450516209999999,15.299999999999999,17.7,38.9,24.2,23.712855129999998,10.2,71.28351296,16.130356638,0.0035130776,0.000931882,4.0496253694,8.0,4.7411351014,7.64148796,10.55427457,5.1631354499999995,0.44215297000000003,74.00876785
93543,39.7,23.2,18.0,46.7,16.1,15.2,3.6,68718.0,5.2,6.9,30.4,6.4,956.0,21.9,17.0,34.5,8.03583735,15.4,18.4,42.6,26.0,24.31715904,11.700000000000001,63.00512237,18.121214966,0.0024147072,0.0004501415,4.258812616,8.3,5.4023008196,1.92103371,9.48604299,1.0410070900000001,0.90256388,85.13935543
18608,40.7,19.9,20.7,34.5,16.3,12.6,4.6,61192.0,3.5,13.2,29.5,8.6,850.0,21.6,16.5,31.2,7.101086049999999,11.0,17.9,42.3,26.5,23.75519182,11.1,59.94152047,5.2784856207,0.0016799436,0.000860863,5.0216175479,7.9,5.0979184957,1.51194928,3.8421936800000003,1.85877635,0.44437219,90.93372351
9778,45.2,22.2,23.7,27.5,16.1,11.0,3.2,68778.0,5.2,18.1,19.2,4.2,622.0,19.8,15.6,33.7,6.964520370000001,13.700000000000001,16.1,41.099999999999994,23.7,25.93175149,9.6,68.13895782,9.9320439101,0.0007226925,0.0006152584,4.2575626907,7.2,4.9552165123,0.60912657,4.707825730000001,0.66074747,0.2994012,91.94714019999999
174315,38.7,23.4,16.7,34.2,22.3,11.8,4.0,72792.0,5.6,8.0,30.9,6.5,919.0,20.5,16.2,34.6,8.12652417,12.9,14.299999999999999,39.2,24.0,23.358832290000002,11.0,75.19440976,18.060543869,0.0019395191,0.0009990239,4.5199363534,9.2,5.1488655486,7.99850806,7.560681700000001,3.2093877299999996,0.34544098,77.97268606
11737,45.5,21.9,23.0,39.7,16.3,10.1,2.5,70295.0,4.4,9.0,24.0,2.7,879.0,19.9,15.5,30.6,6.36474908,10.100000000000001,16.6,35.0,24.4,24.90293506,9.6,71.47083685999999,11.94398682,0.0015246485,0.0005097706,4.4419298921,7.1,4.911874848,0.82161613,4.75182111,0.57597832,1.43147552,91.68219549
35815,34.4,26.9,16.1,13.9,22.3,9.5,2.3,81914.0,5.0,4.5,20.8,3.8,795.0,20.3,15.9,26.6,5.9971305599999996,6.4,15.8,34.0,27.0,23.662049839999998,8.0,72.55808296000001,15.605928509,0.0017105336,0.000807957,3.650699159,6.9,4.2903563096,0.5600617999999999,14.481597970000001,0.9435523899999999,0.83595431,83.16779783
98573,26.5,16.0,12.6,15.6,30.1,8.8,5.6,66197.0,5.1,7.1,44.3,6.6,991.0,21.5,17.1,27.1,7.07555251,9.2,13.3,35.5,22.2,23.10676878,10.2,85.7586222,3.5779576913,0.0026479719,0.0006433971,5.0104753648,7.7,4.8467508887,2.9848020600000003,5.18941623,7.37373942,0.33987379,82.60962198
17017,41.0,24.1,19.8,27.1,12.8,9.8,4.5,65483.0,7.3,11.7,24.5,3.1,829.0,20.2,16.6,33.9,6.5034965,16.1,18.8,41.3,28.599999999999998,22.919437140000003,12.3,57.07137214,21.714608009,0.0004752569,0.0001778621,4.0537107047,7.8,5.1575516503,1.00992099,12.12499257,0.49307906999999995,7.74668805,78.34610586000001
5916,44.1,22.5,22.5,14.3,11.8,12.8,3.2,65926.0,6.7,16.0,21.2,4.2,636.0,20.6,16.0,33.4,6.79012346,14.799999999999999,17.8,40.300000000000004,28.299999999999997,23.97406593,9.9,59.46999221,18.119068162,0.0001688049,0.0005112474,3.6816169394,7.2,4.9188751083,0.35449021,8.92977718,0.47265361000000006,0.43889263999999995,88.75759622
12107,40.0,23.1,20.5,9.7,17.3,15.4,5.7,56495.0,6.6,14.0,25.5,6.3,712.0,20.6,16.6,30.9,5.6778679,17.7,18.7,38.1,27.0,23.89333332,11.899999999999999,63.673168940000004,20.611916264,0.0021837729,0.0009985022,4.196889816,7.2,5.1850426298,1.46984714,4.15756761,0.8399126499999999,0.9575004200000001,92.1384176
7207,45.0,22.8,23.6,8.0,12.6,17.8,4.9,58417.0,14.4,19.0,16.6,7.6,661.0,21.2,16.9,33.3,3.7993921,22.3,20.0,41.0,28.4,23.42514048,11.799999999999999,53.373819160000004,21.044992743,0.0004128819,0.000828386,4.6535103898,6.8,5.2308223099,0.27525461,1.96807047,0.60556014,0.20644095999999998,95.82989265
35292,39.4,23.4,17.8,44.4,11.6,15.5,4.4,56209.0,6.8,9.9,33.7,7.4,909.0,20.4,17.2,37.1,7.12476251,16.900000000000002,20.9,42.0,31.4,21.03710265,14.2,51.686438710000004,26.194144838,0.0017630666,0.0005672793,4.5136154983,7.8,5.0081111463,3.82471706,13.51873969,2.1355855100000003,1.16589888,75.87726782
52709,38.5,24.4,16.4,23.1,22.3,10.5,3.2,89741.0,2.4,5.6,18.3,2.4,943.0,20.5,15.4,32.6,7.021791769999999,5.7,16.900000000000002,42.1,25.8,24.95533596,8.4,75.22956160999999,6.4521084569,0.0002898288,0.0006179544,3.7246864059,7.5,4.9452645607,1.09048093,3.9634091099999997,0.85318359,0.34236029,92.38837062
22534,40.1,24.6,19.6,19.1,16.2,12.8,2.6,71122.0,6.7,7.1,28.4,4.6,849.0,20.7,15.9,30.5,5.29767911,12.9,15.1,40.699999999999996,25.0,24.29083446,10.0,64.81098364,10.642826735,0.0007535461,0.0008003201,3.3494669568,8.5,4.8270883938,1.00177305,7.93439716,0.6693262400000001,0.33244681000000004,88.90957447
6484,41.9,26.0,21.7,20.2,11.2,14.0,1.6,58257.0,11.4,16.5,20.2,7.5,627.0,20.7,16.7,31.6,6.25978091,22.1,22.6,39.300000000000004,30.9,24.381992399999998,11.700000000000001,57.37827715,13.258897418,0.0003050175,0.0007682852,3.6566636658,7.2,5.0279070034,0.62528595,1.43358243,0.65578771,0.27451578,95.77550709
36986,39.8,20.9,19.6,45.4,15.4,14.2,3.2,65335.0,6.1,8.2,30.3,6.8,747.0,20.5,16.9,36.3,6.4398943200000005,17.2,14.899999999999999,38.7,24.0,23.88438752,11.700000000000001,63.04273504,20.064007878,0.0033712485,0.0004307212,4.297590623,7.3,4.8892866877,4.54707414,6.72331095,1.15938057,0.63039605,84.67863505999999
10704,41.5,21.7,21.3,45.2,19.6,11.7,2.5,62853.0,3.4,11.4,24.6,4.6,669.0,20.3,15.8,29.7,7.51445087,14.6,13.100000000000001,39.0,21.2,23.90744791,9.8,74.23728814,5.8433969614,0.0001891969,0.0002815315,4.0704513889,6.7,4.7428183142,1.5987134600000001,6.14889793,1.0784221,0.46353231,89.31983729000001
20050,42.6,18.6,22.3,11.0,19.6,11.6,2.1,67770.0,2.5,8.3,23.6,4.4,763.0,19.2,15.2,26.8,6.10626487,7.6,13.3,36.5,20.8,26.613602349999997,10.4,73.97047397,4.1964563258,0.0028261418,0.0010054293,3.6665352113,7.6,4.5631467762,0.8024224099999999,3.17940954,1.10017663,0.21700731999999998,94.01968206
105526,35.9,25.6,15.4,40.4,15.8,13.4,4.5,68399.0,6.5,6.0,31.8,6.2,913.0,20.0,17.5,31.3,7.18376369,16.1,17.5,38.5,29.599999999999998,24.654516609999998,12.0,60.77910068,21.558188362,0.0028409359,0.0006344276,4.5442557929,7.6,5.3208786096,5.33170994,19.515625149999998,3.0051627599999997,3.2496153899999998,67.49157629
12897,41.5,24.7,22.4,28.6,16.7,12.7,2.2,58240.0,4.5,14.5,25.9,8.0,731.0,19.5,15.6,31.9,5.73913043,15.7,18.0,41.8,28.799999999999997,23.20153743,11.799999999999999,64.55157745,27.729636049,0.0014222503,0.0003910833,4.1779366564,7.2,5.0616081959,0.78223767,20.31447535,0.5609987399999999,1.28792668,76.78571429
12554,41.1,22.3,20.5,35.1,12.3,17.4,7.3,55059.0,9.2,17.9,27.2,7.6,703.0,22.6,17.1,36.8,7.93319415,21.5,20.1,41.3,28.199999999999996,18.36892414,14.7,60.72976879000001,23.802067022,0.0019336126,0.0006418485,3.9440575152,8.5,5.5557887675,1.90138576,4.342571700000001,0.9587495999999999,1.23267805,88.93812439999999
7799,39.7,24.9,20.8,72.2,9.0,16.9,3.3,67651.0,13.7,11.3,21.7,6.2,778.0,21.5,17.1,34.1,5.994152049999999,15.8,19.6,36.4,26.200000000000003,18.90318819,13.8,50.64599483,19.230769231,0.0005103343,0.0003857033,3.8296226688,8.2,5.508654997,1.07170196,2.6537382000000003,0.68895126,0.89308497,92.74049502
16309,36.1,22.5,17.0,24.5,13.3,14.2,4.5,55281.0,8.2,14.3,29.8,7.0,771.0,21.7,17.8,34.4,6.5093572,15.5,18.4,40.5,25.2,18.83036022,14.2,57.5748503,11.376146789,0.0018731269,0.0004926412,4.3846211864,8.3,5.4651156283,4.22702298,3.85864136,0.68056943,0.8241758199999999,87.64360639
4081,42.8,23.6,22.8,3.4,17.9,19.7,2.4,53774.0,10.1,29.0,19.3,6.0,695.0,20.6,15.8,32.4,5.167173249999999,16.3,19.1,41.9,25.1,18.810159130000002,16.1,65.6212304,12.121212121,0.0004912798,0.000486618,4.215599455,7.4,5.228778681,0.95799558,4.24957013,0.6877917,1.4984033399999999,90.98501597
25477,39.2,24.0,20.7,24.6,15.3,17.3,4.1,54634.0,11.1,18.9,32.6,5.8,738.0,20.4,16.2,33.0,7.05882353,19.0,16.5,41.3,24.7,19.92340898,14.7,65.01386397,26.83423913,0.0026507089,0.0006345178,4.1637819381,6.8,5.2492311803,1.3052733,16.81995261,0.39359010000000005,1.31732198,79.26422748
14405,38.1,25.9,19.3,42.5,15.6,17.8,3.8,55826.0,8.9,13.3,29.0,3.7,774.0,21.7,17.1,39.3,6.375092659999999,22.0,21.0,42.5,29.299999999999997,18.710318049999998,14.299999999999999,61.305147059999996,21.594684385,0.0008328706,0.0004189067,4.2307555997,8.1,5.4904585261,2.98445308,3.35230428,1.14519711,1.17990006,89.08939477999999
9486,41.8,25.7,20.8,51.9,15.0,15.3,4.4,55876.0,10.2,18.7,27.4,4.7,662.0,21.0,16.7,32.0,5.7840617,13.4,16.7,41.199999999999996,25.6,20.20807586,14.000000000000002,66.14360436999999,24.102311854,0.0035675676,0.0008461132,3.9710245797,7.9,5.3924445812,1.6756756800000001,4.8,0.92972973,8.270270270000001,82.74594594999999
67618,38.2,25.0,15.6,18.9,20.8,14.1,3.1,77724.0,6.8,8.4,21.8,3.6,963.0,21.2,16.6,36.7,7.02218604,10.4,15.6,40.1,23.3,20.97326282,11.200000000000001,71.29258808,12.217935227,0.0014716167,0.0007806861,4.006112909,8.5,5.3191545883,2.26424991,6.13562187,1.69308777,1.0374169500000001,86.51940786
19380,42.4,23.1,19.5,19.3,13.0,20.9,2.3,53382.0,10.3,17.8,28.5,7.4,743.0,22.5,17.6,35.9,9.70608339,19.900000000000002,18.8,42.0,27.6,18.53257116,15.1,56.80529301,25.937934229,0.0018368846,0.0002090957,4.2302671341,9.3,5.5191981715,1.03390364,2.95476016,0.63503726,4.72341766,86.4018054
8088,43.1,23.5,24.3,50.4,17.7,18.7,1.4,57765.0,5.5,9.3,28.6,7.4,750.0,21.5,15.9,33.7,6.83760684,14.6,19.8,40.1,27.700000000000003,19.803501840000003,13.8,67.63231198,10.911424904,0.0009991258,0.0013618918,4.3524826565,7.2,5.5515892208,1.7110028699999997,3.8716123400000004,0.6244536,0.77432247,91.09529162
9008,38.8,23.3,20.9,37.0,14.4,13.2,4.7,51197.0,11.5,18.7,29.3,6.3,713.0,21.9,16.9,34.6,6.75862069,14.799999999999999,17.5,41.5,26.6,18.93093032,12.9,68.01210898,19.973368842,0.002258866,0.0005600358,3.6751132238,6.9,5.5078991077,1.50214592,3.9191325999999997,0.9600180700000001,0.8922520899999999,91.12265643
8334,43.9,21.9,21.7,14.6,15.4,17.3,5.3,67645.0,9.0,10.9,24.5,4.9,813.0,20.8,16.1,34.5,6.32279534,10.8,21.3,39.5,28.999999999999996,20.58042941,13.3,67.62702986,14.775413712,0.0014543692,0.000719597,4.1140935378,8.5,5.4235165935,0.86050176,4.06011393,0.98169919,1.30893225,91.56465883
34661,38.1,23.5,18.5,48.3,15.8,18.8,5.3,55726.0,9.3,16.2,29.2,6.2,776.0,21.5,17.2,36.5,7.469621160000001,20.3,17.599999999999998,41.8,28.299999999999997,19.45961287,14.799999999999999,58.94658199,26.241693884,0.001727318,0.0004058442,4.2733906085,9.0,5.4386609053,2.73443218,12.47474895,1.94689229,2.40946219,77.69124923
39012,32.9,22.1,15.5,37.7,19.6,16.0,3.9,49779.0,11.0,12.3,41.3,8.8,821.0,22.6,18.3,34.2,7.27797371,19.1,16.900000000000002,42.6,23.599999999999998,18.49859829,16.7,69.01568538000001,20.690964313,0.0028376844,0.0006647916,4.943509733,8.7,5.3459286609,2.1463213299999997,7.468269530000001,1.52976989,1.23052317,84.20441647
18492,41.8,22.8,20.6,11.0,16.8,16.3,3.0,62971.0,10.5,10.0,24.8,5.9,755.0,20.7,16.1,33.4,7.18518519,12.6,16.400000000000002,38.7,23.200000000000003,21.525719,12.4,61.79877356,14.449427005,0.0006505828,0.000487567,3.5163652149,7.8,5.3014113283,1.14936297,5.96367579,0.61805367,1.1222553499999999,88.88587693
7501,41.9,19.5,19.5,21.4,11.0,12.2,1.6,66358.0,7.5,19.2,19.9,4.8,733.0,21.3,16.6,34.5,7.05882353,15.2,19.400000000000002,39.0,25.7,19.240578329999998,11.899999999999999,65.36555143,11.304757419,0.0001334579,0.0005354036,4.4501678197,8.0,5.2851599587,3.01614841,3.63005472,0.6005605199999999,1.57480315,88.68277059
119094,30.7,17.8,13.2,16.7,29.0,11.5,4.8,66153.0,7.4,6.1,49.6,6.5,1041.0,24.5,17.1,33.6,7.28755948,9.700000000000001,16.6,37.7,21.099999999999998,20.50300614,12.8,80.86685137,6.3629488617,0.0036913225,0.000862914,5.0851156226,8.9,5.4582227632,4.36737369,7.2631954400000005,4.77466343,2.73904424,77.44394582000001
28921,32.9,20.5,15.1,27.7,24.0,12.7,3.3,59665.0,6.3,9.5,38.7,3.8,864.0,20.7,17.2,33.9,6.93069307,11.5,13.900000000000002,41.4,20.5,20.59851364,12.9,78.68244688,9.5533498759,0.003679278,0.0006252171,5.3033921415,6.3,5.0718207418,1.3398125699999999,7.38979521,1.54807359,0.5137105200000001,87.70565776
6374,43.1,18.1,22.8,11.4,14.0,17.0,3.5,59844.0,5.3,25.7,18.6,4.0,675.0,18.5,15.1,34.1,6.06060606,14.000000000000002,18.8,39.800000000000004,26.700000000000003,20.96837271,11.799999999999999,59.08844276000001,18.079096045,0.0003146138,0.0003156566,3.6359177402,6.9,4.9530332835,5.96193173,6.1821614,0.62922762,0.9123800499999999,84.86707566
38187,31.9,29.9,11.3,31.2,12.3,13.0,5.4,68481.0,13.6,8.1,34.9,6.3,964.0,18.2,17.0,36.5,8.35606248,15.1,17.5,43.5,32.4,17.055914950000002,12.9,55.24114427,29.767811074,0.0013879251,0.0005773218,3.4411788027,6.7,4.9065615096,4.01697539,53.69935407999999,4.04366626,1.34255058,36.942828160000005
34212,32.6,29.7,11.4,17.5,12.6,11.1,3.2,67997.0,12.5,7.1,35.7,4.8,948.0,17.9,16.6,37.8,6.42089844,14.000000000000002,17.7,38.7,33.7,17.215719930000002,12.4,44.57155932,47.351806384,0.001147734,0.0005269475,3.7720264317,6.7,4.9151105877,2.4426133,59.78811065000001,1.38905238,2.2101236,35.055915240000004
25968,40.2,23.4,17.3,34.7,14.7,16.5,2.6,68217.0,6.9,8.9,26.6,4.0,882.0,21.3,16.8,32.1,7.776126799999999,12.9,15.7,34.2,22.1,18.31889421,12.2,58.425348060000005,20.438437448,0.0024880383,0.0004233049,4.2485339381,8.3,5.1687916117,1.4277511999999999,4.87655502,0.58564593,0.9990430599999999,89.9291866
36247,26.6,31.1,8.5,13.5,14.5,13.4,4.5,57992.0,7.7,15.0,57.0,4.1,1132.0,21.8,19.6,37.2,7.66620392,14.6,18.3,37.0,29.599999999999998,17.51220206,15.7,74.94397875,55.281690141,0.0041943676,0.0003896032,3.5422946463,8.0,5.3490410467,15.493480179999999,17.06280138,3.57519902,1.56361457,56.80942734
7336,32.9,31.1,12.8,30.0,13.1,6.5,3.6,84808.0,14.5,17.5,23.7,1.8,676.0,17.3,14.6,32.6,7.42240216,15.7,15.7,40.8,28.199999999999996,18.88687224,9.2,60.833333329999995,34.205231388,0.0006995942,0.0004096122,3.9208931804,6.6,4.9101702513,0.57366727,53.72883727,0.8115293100000001,2.95228767,43.36085071
5719,36.1,29.1,15.1,10.8,17.8,7.9,2.1,74500.0,11.0,12.0,19.6,1.5,802.0,21.0,16.9,31.0,6.36515913,11.799999999999999,16.900000000000002,39.800000000000004,26.1,20.25897872,8.4,61.521252800000006,8.0213903743,0.000174125,0.0001771793,3.483562753,6.7,5.079858932,0.8183876,17.5866272,0.66167508,0.7661501000000001,79.43583493
6001,48.4,21.5,25.7,67.9,10.4,19.4,2.6,51812.0,9.9,29.6,20.4,6.9,663.0,21.0,16.2,35.0,11.38211382,20.9,18.2,39.7,26.3,18.39491393,14.7,59.49152542,21.034180543,0.0003407155,0.000336757,4.3271836042,8.5,5.413387882,0.8858603099999999,4.27597956,0.35775128,1.85689949,90.49403748
5457,41.5,25.1,21.9,41.7,11.4,19.0,5.3,53032.0,8.8,28.2,26.4,2.2,654.0,21.7,17.0,35.1,6.304347829999999,19.5,23.200000000000003,42.3,31.3,18.59434832,14.899999999999999,58.82352941,24.574669187,0.0003679853,0.0005627462,3.849497689,8.1,5.5431365909,0.8279668800000001,7.948482060000001,0.58877645,1.80312787,87.32290708000001
33959,40.5,23.9,20.5,17.6,20.8,14.2,4.2,70685.0,8.5,9.2,28.6,4.3,857.0,20.3,15.6,33.7,8.41373987,10.6,15.2,37.3,24.0,17.8076343,12.1,70.47923323,17.938292275,0.0048650907,0.0007392731,3.5954993708,7.8,5.6198199041,1.58190067,12.31494747,1.01181948,1.05957498,82.06184336
13274,40.7,24.3,19.5,12.3,13.3,16.6,2.1,70385.0,8.3,7.7,22.8,3.7,821.0,20.8,16.3,36.0,7.15502555,12.1,16.5,43.3,23.0,19.78934016,11.700000000000001,59.292035399999996,24.390243902,0.000598444,0.0006786818,3.6887396309,8.3,5.4766399653,0.99491323,5.9470377,0.62836625,8.26600838,82.77229204
18387,43.2,22.4,19.0,37.8,15.3,14.0,3.5,74562.0,5.6,8.2,15.0,4.5,832.0,20.7,15.4,32.3,5.2456286400000005,9.4,15.2,41.5,21.2,21.662389339999997,10.299999999999999,73.02115522,12.967581047,0.0004910787,0.0005431535,3.8121770702,8.7,4.9701767565,0.8130081299999999,3.6285262200000004,0.34921155,1.12948109,92.20276095
610742,38.1,23.8,15.2,15.4,34.3,8.9,3.2,103644.0,5.5,4.3,31.1,3.3,1312.0,18.4,13.2,30.2,6.66067342,4.9,9.6,31.6,16.900000000000002,20.60579297,9.2,84.70258922000001,6.6838746792,0.0031724247,0.0011871778,3.8608736478,8.2,4.3921197091,5.07137955,9.431776,5.39842536,0.43327542,77.33227049999999
3964,34.9,30.0,16.0,31.4,10.4,13.2,2.2,68750.0,13.7,14.5,31.5,2.7,996.0,19.0,16.4,34.8,7.15935335,14.6,18.8,43.4,31.3,17.54977183,13.4,48.958333329999995,20.524515393,0.0005231494,0.0012850167,3.3486963134,6.4,5.4249403812,0.91551138,35.73110123,0.9678263100000001,2.32801465,59.69134188
7369,43.6,21.8,19.9,3.3,17.7,16.4,4.7,59640.0,9.5,15.4,28.1,4.2,832.0,21.3,16.5,34.4,7.722772279999999,15.2,17.8,40.699999999999996,24.8,19.30978358,12.3,66.98911729,11.860174782,0.0009906595,0.0002705628,3.8081774541,7.7,5.3703098796,0.5236343099999999,4.37305406,0.66515709,1.1463345600000001,91.72091707
20096,40.6,24.2,19.6,16.6,14.5,20.7,2.4,56143.0,9.8,16.6,24.7,5.0,723.0,20.9,17.1,36.6,6.81557847,20.7,20.4,43.6,26.5,18.62417853,15.299999999999999,63.71166331,31.53712441,0.0011658556,0.0005022097,4.4402848338,9.1,5.5837920647,3.97404704,5.2108678,0.41565288,2.30129765,84.16970803
82050,38.0,23.6,15.1,43.4,20.8,13.4,4.5,84307.0,6.7,6.6,32.1,4.8,1102.0,20.9,15.7,37.1,7.36482287,9.0,14.899999999999999,40.1,22.1,19.767501030000002,11.700000000000001,71.54826794,14.684377285,0.002538375,0.0004867127,3.9976811742,8.9,5.206245469,8.077300699999999,7.7755693400000006,1.5864843499999999,0.96865346,78.47889078
9696,45.0,22.1,22.1,50.0,14.7,17.4,4.4,56697.0,10.2,20.4,18.4,4.1,763.0,20.2,16.0,33.2,6.76258993,16.6,17.4,38.6,25.3,19.87018014,13.8,68.79044301,21.057557323,0.0012170385,0.0001025957,3.8646502197,7.6,5.4872072038,1.14604462,3.4178499,0.54766734,0.89249493,91.95740365
2752,39.9,24.9,20.9,0.0,20.2,19.3,0.3,70382.0,9.0,11.9,36.0,3.5,793.0,21.2,16.2,33.2,5.05836576,14.6,16.900000000000002,38.5,24.4,19.62551745,13.700000000000001,61.97387518000001,31.135531136,0.0003752345,0.0011021308,3.9384819722,6.0,5.2613595809,0.9005628499999999,7.3170731700000005,1.16322702,1.08818011,87.57973734
32182,32.9,22.1,15.2,22.6,15.4,14.4,2.7,56415.0,10.6,11.8,41.9,6.5,763.0,21.5,17.6,35.1,8.53563038,14.899999999999999,17.0,39.1,27.400000000000002,17.30953032,14.000000000000002,65.48276769,15.30715005,0.0039164491,0.0005937871,3.7348440259,8.6,5.5756272998,1.9333581999999998,24.93783414,2.30946164,1.3614323,68.12445605
30085,39.8,21.4,19.7,20.6,21.2,13.3,2.1,71250.0,6.7,7.2,25.5,3.7,871.0,21.1,15.8,32.3,5.04908836,8.5,15.1,35.3,20.8,19.28268392,11.600000000000001,73.88715622000001,11.953833471,0.0010966734,0.0006966098,3.8451483304,7.6,4.883907906,1.5353427899999998,5.69937855,0.93715729,0.67462032,89.4951979
11867,43.4,21.2,23.1,10.3,18.8,14.8,3.7,60011.0,6.6,19.7,18.7,3.3,680.0,20.8,15.8,29.9,6.60264106,12.3,14.2,38.7,21.7,19.24939767,11.600000000000001,63.48314607,13.518320882,0.0007698888,0.000170765,3.9176866891,7.9,4.9636560989,1.07784431,4.28571429,0.65868263,1.00085543,91.18905047
10014,42.3,24.4,22.1,30.0,13.5,13.9,2.8,64306.0,5.3,14.4,18.0,4.0,671.0,21.2,16.5,34.7,5.80645161,11.200000000000001,17.5,41.5,24.7,18.847541500000002,11.799999999999999,52.24225613,12.851023322,0.0009060707,0.0006012627,4.0224179892,7.7,5.1962236187,0.70472163,2.79875164,0.44296788,0.75505889,93.40581899
34312,42.5,23.6,17.3,22.2,20.1,13.0,2.8,85564.0,6.5,5.0,20.6,2.7,1034.0,20.9,15.6,32.5,6.0677699,8.200000000000001,13.4,35.4,19.7,21.43171829,10.7,68.40517783,11.939173055,0.0016704417,0.0005781516,4.0687932061,8.1,4.6787830843,1.23159683,4.35164213,0.8125707799999999,0.7899207199999999,90.90033975
5829,41.9,23.3,22.7,5.6,19.1,15.2,0.7,63008.0,9.8,21.8,24.3,5.7,668.0,20.8,16.2,33.9,8.75763747,13.600000000000001,19.0,40.1,25.1,19.49776358,13.3,80.01730104,10.228166798,0.0010491345,0.0010438413,4.0749972508,6.6,5.1458481557,0.36719705999999996,3.28728799,0.66445183,0.57702396,93.32051058
31448,40.2,23.8,19.4,22.5,13.2,21.1,4.7,51513.0,12.4,18.8,27.4,8.2,747.0,21.6,17.5,37.4,7.741116750000001,19.8,21.0,45.1,27.700000000000003,18.54281018,15.7,60.156137050000005,27.490039841,0.0023226904,0.0002246758,4.330506678,9.1,5.4031497243,4.45891128,8.243915209999999,0.93889034,3.63451976,78.43823606
2688,39.5,25.6,20.0,65.9,13.2,16.9,3.3,57943.0,9.7,28.9,26.8,2.6,653.0,19.7,16.1,36.3,8.196721310000001,19.2,17.599999999999998,38.6,27.200000000000003,19.48245445,14.099999999999998,56.33561644,37.037037037,0.0003875969,0.0011144131,4.3808676465,5.9,5.1498230478,1.12403101,25.813953490000003,1.6279069800000001,2.59689922,68.52713177999999
10219,40.0,27.3,19.5,35.9,18.8,13.6,1.7,72788.0,6.0,11.6,23.0,4.0,780.0,20.6,15.7,31.6,5.25210084,8.6,18.0,34.599999999999994,23.7,20.35666775,11.3,78.86178862,11.488970588,0.0001977457,0.0012725137,4.3781780975,7.9,5.154162171,0.77120823,2.8277635,0.26695669,0.88985565,94.03796717
15826,40.3,24.4,20.1,34.9,14.4,19.7,4.5,54894.0,11.7,14.3,24.4,5.7,623.0,20.7,17.0,35.1,6.1746988,19.5,19.1,42.8,27.200000000000003,19.4161243,15.4,66.31362165,24.878173891,0.0011024643,0.000633553,4.6579907457,8.7,5.3468494326,1.48508431,6.16083009,0.7457847,1.50453956,88.54734112
5431,40.4,19.4,20.4,19.6,14.8,15.7,1.4,52710.0,12.7,23.6,23.9,2.1,722.0,20.5,16.5,35.2,8.89487871,17.5,18.099999999999998,40.1,25.1,20.1988373,12.0,56.47734525,18.619934283,0.0011257036,0.0007487832,4.4837484353,5.9,5.0202687425,3.8836773,6.09756098,1.46341463,0.52532833,86.07879925
15787,42.6,23.4,19.9,26.7,13.4,17.4,3.4,66155.0,8.6,13.7,21.5,2.3,781.0,21.1,16.3,31.1,7.1364852800000005,13.4,17.9,39.7,25.1,19.48557477,13.200000000000001,57.900807379999996,15.182481752,0.0001263903,6.34196e-05,3.8511961253,8.8,5.0115510412,0.8720930199999999,3.5831648100000004,0.42340748,0.84049545,92.69464105
3493,46.4,21.3,25.8,0.0,17.5,14.3,1.7,58750.0,5.9,21.8,24.2,3.7,618.0,20.1,15.5,31.4,3.8461538500000003,15.299999999999999,16.6,38.5,23.1,19.40883689,13.3,75.0348675,16.806722689,0.0008754012,0.0002858776,4.2989315299,6.2,5.1707495898,0.67114094,3.12226437,1.02130143,1.34228188,92.32564925999999
6288,46.1,14.2,21.9,0.0,12.6,23.7,1.6,54141.0,11.8,21.8,38.3,8.7,769.0,19.3,15.3,34.9,8.23529412,15.0,15.8,41.5,25.2,20.74964615,15.4,50.596252129999996,29.100529101,0.0062030689,0.0009638554,4.510495724,6.5,5.3004942038,5.81129611,9.84329089,0.68560235,1.30590924,80.32974208
4960,44.9,22.3,24.4,21.3,14.0,17.8,4.0,57611.0,7.8,22.2,27.4,2.5,601.0,20.6,15.8,34.8,5.81717452,13.8,19.2,37.6,26.700000000000003,19.9880919,15.2,79.67806841000001,9.1996320147,0.0021003991,0.0002076843,4.0353354194,6.1,5.3381833627,0.54610376,3.75971435,1.15521949,0.96618357,92.45956732
25482,35.8,28.9,14.8,15.3,24.2,11.7,1.9,85241.0,4.9,8.9,20.3,1.7,1009.0,19.9,15.7,34.8,4.97453976,8.4,12.7,31.2,20.5,19.70567441,10.299999999999999,79.07822922999999,8.3226632522,0.0003790463,0.0007367197,3.6649003657,8.5,5.0326077232,1.33803351,6.25047381,0.9438253400000001,0.95519673,88.51489652
9175,37.6,25.1,20.3,59.7,17.7,13.2,3.6,61685.0,8.5,18.5,30.0,3.9,763.0,20.7,16.1,32.0,7.6819407,12.9,17.8,38.7,25.1,19.166690319999997,12.4,60.542168669999995,19.936565473,0.0011010791,0.0008713648,3.8980667838,7.0,4.99399136,1.7727372799999999,8.89671878,0.86985246,1.37634882,85.99427439
61881,40.5,22.3,20.1,53.3,13.4,16.1,4.2,57390.0,9.2,11.1,29.7,4.6,828.0,22.1,16.3,38.4,7.51153086,14.499999999999998,18.8,38.0,24.3,17.1706714,13.5,61.212783390000006,20.260697081,0.0021789681,0.0005861856,4.0025601639,7.7,5.2364439517,2.9497373899999997,10.56799519,0.6211685100000001,0.9024830500000001,82.72110835000001
4686,47.5,23.4,26.2,27.5,16.7,15.5,0.6,54531.0,5.3,24.3,27.6,4.0,656.0,20.3,15.7,30.8,4.11764706,16.1,15.299999999999999,38.2,22.7,19.910146779999998,12.4,76.67386609,12.910798122,0.0010806138,0.0008580009,4.2458225954,6.7,5.4543448406,0.82126648,2.93926951,0.64836827,0.43224552000000005,93.47309272
9441,39.0,23.1,19.7,17.9,15.8,15.3,3.6,58523.0,7.6,14.4,24.3,2.4,711.0,20.3,16.1,32.2,6.26702997,15.0,16.0,36.9,24.5,20.8252966,12.1,71.35108481,16.400336417,0.0007559395,0.0005324814,3.5286730982,7.0,5.0686183782,1.57667387,14.08207343,1.12311015,1.6198704099999999,80.23758099
72105,24.9,15.9,9.6,14.4,26.0,12.7,5.1,56327.0,6.1,12.5,56.0,5.4,1016.0,23.2,18.8,36.3,6.698652889999999,12.9,17.2,35.199999999999996,26.3,18.83509571,14.799999999999999,80.07186143,7.639631081,0.0034592869,0.0006924441,5.2005498102,8.3,5.2719062059,6.568443459999999,9.63558444,4.56709896,0.81650374,75.33402425999999
4925,44.9,21.2,22.9,0.0,16.6,18.5,1.8,60821.0,5.3,19.3,24.6,7.0,676.0,21.3,15.4,34.1,7.56302521,14.099999999999998,15.6,38.3,21.7,21.30566004,11.4,73.18435754,14.822134387,0.0002092926,0.0010349824,3.2657408432,6.1,5.4926740083,2.03013813,3.53704479,0.71159481,0.85809962,91.33528672999999
6702,45.3,21.8,24.9,35.0,15.4,16.7,3.9,49929.0,10.6,18.9,23.8,3.6,757.0,20.7,16.5,32.1,7.1574642100000005,18.0,17.0,37.0,23.7,19.423246029999998,14.7,66.50417827,18.302828619,0.0001487431,0.0004475608,4.0790401686,6.5,5.50595735,1.42793396,4.26892756,0.60984679,1.44280827,90.18295404
54160,39.9,22.8,18.4,43.1,18.1,16.1,3.6,59887.0,9.0,7.3,32.7,8.1,869.0,20.7,16.4,32.4,7.96221323,13.900000000000002,17.2,37.9,24.0,20.51829614,13.200000000000001,66.75101603,23.373894774,0.0039549512,0.0009649644,4.400442312,7.5,5.1965638414,3.22799352,12.88372443,2.2712719900000002,0.78910693,78.33628385
5128,38.7,26.5,20.5,3.8,12.7,12.9,2.3,53365.0,4.0,5.3,38.5,1.3,642.0,19.1,15.0,33.9,8.176100629999999,8.9,20.1,41.199999999999996,27.800000000000004,19.705619260000002,11.3,64.17910448,22.687609075,0.0008126778,0.0009744689,3.4545352208,6.3,5.2732994412,0.56887444,21.29215766,1.03616416,1.27996749,75.49776514
522700,35.8,25.1,15.2,34.1,20.2,14.6,5.3,65372.0,10.9,9.6,37.5,6.0,937.0,22.6,17.0,36.3,8.34621329,17.5,17.299999999999997,33.5,23.799999999999997,18.23789607,13.700000000000001,67.01073434,22.845154147,0.0028251421,0.000889605,4.4098603898,6.7,5.4816811879,8.71744606,16.74081167,4.48200367,1.34899114,65.83962352
21942,30.5,31.0,10.1,55.3,8.3,8.3,2.7,57131.0,14.5,14.5,34.7,6.8,827.0,17.8,16.9,39.3,6.592178769999999,18.3,16.7,45.5,34.5,17.351378349999997,12.4,49.95712571,39.401736893,0.0010917549,0.0003218835,4.0476477684,6.7,5.455812736,2.58698438,68.62866094,2.40186073,1.53795035,24.82555656
178625,39.4,23.2,18.6,42.3,20.4,13.7,4.2,63463.0,8.2,7.8,33.1,7.0,942.0,23.0,15.6,35.1,8.1830494,13.4,16.400000000000002,40.0,23.1,18.105463399999998,12.8,65.63957209,24.767329502,0.0038875699,0.0007292555,4.3023531805,9.6,5.3733505936,7.621549850000001,14.048698700000001,1.50833211,1.42225423,72.13776963000001
5940,38.0,23.4,20.6,9.2,20.2,18.1,2.4,61404.0,8.6,21.5,34.9,3.3,827.0,20.2,16.2,33.4,7.33752621,18.2,18.6,40.5,27.6,18.73294491,13.600000000000001,68.03149606,19.48558067,0.000513347,0.0003392706,4.4226729446,6.0,5.3653611749,1.0780287499999999,13.38124572,0.63312799,0.87268994,82.39219713
4054,42.2,24.0,21.6,14.3,19.2,15.4,3.5,60000.0,8.7,23.8,19.8,2.4,598.0,20.4,15.7,34.6,5.74712644,16.5,18.099999999999998,38.6,26.400000000000002,19.35889183,12.7,72.82229965,20.565552699,0.0005116398,0.0002478929,3.8642195178,6.9,5.0625096909,0.69071374,13.83985674,0.7930417000000001,2.14888718,82.27168074
5275,36.3,29.2,17.0,0.0,10.3,12.3,1.9,67950.0,15.0,23.7,30.1,5.5,899.0,19.9,17.2,37.0,4.79302832,14.7,17.7,40.300000000000004,31.4,18.63313241,13.600000000000001,44.117647059999996,19.884541373,0.0007878669,0.0001889288,2.8796276875,6.4,5.3033160571,0.78786685,38.68426236,0.59090014,1.7923970800000002,58.00669687
22517,42.0,24.2,19.3,35.6,15.7,16.6,5.2,59397.0,9.3,13.6,25.6,4.9,838.0,21.3,16.4,37.1,7.07358813,13.5,19.0,39.800000000000004,27.700000000000003,18.11397951,13.5,65.09564189,17.323775388,0.0012536939,0.0002680366,4.2701786597,8.9,5.6696560162,1.32533357,6.12966777,0.67609922,1.35667592,88.13916003
7907,35.2,23.7,17.5,26.9,16.6,15.2,0.6,72417.0,10.1,12.5,27.6,3.2,742.0,20.9,16.4,34.6,7.421875,8.7,14.299999999999999,34.300000000000004,22.8,20.15195803,10.8,82.88288288,10.725010725,0.0017800381,0.0005078075,4.5276834543,5.9,4.9575044719,1.2078830299999999,8.315321039999999,0.6865861400000001,1.13159568,87.79402415999999
6922,43.7,23.2,21.0,24.1,17.1,17.6,3.0,70000.0,8.1,17.8,18.1,2.3,790.0,20.1,15.5,33.3,4.76190476,10.2,16.3,41.199999999999996,23.7,22.12965141,11.200000000000001,71.35989011,12.855209743,0.0007085164,0.0004306632,3.072096561,8.5,5.0220979642,0.8218789900000001,5.15799915,0.56681309,1.24698881,90.00991923000001
8667,42.4,23.9,22.3,21.6,14.6,19.5,3.7,55439.0,6.6,22.4,27.4,5.4,725.0,21.3,16.6,34.2,6.85358255,18.3,18.3,40.5,26.3,19.345178960000002,15.9,56.75381264,27.807486631,0.0001193033,0.0004691532,4.7621850133,8.9,5.6946120353,0.69195896,4.1756144100000006,0.53686471,1.6941064200000002,90.53925078
167989,34.3,27.2,13.0,40.5,12.9,13.9,5.7,57771.0,17.5,10.5,39.5,8.0,1043.0,17.7,17.2,37.2,9.67629857,21.6,19.400000000000002,41.5,35.3,15.64151147,14.000000000000002,52.656084199999995,36.566930776,0.0019179458,0.0005567329,4.4032885363,11.0,5.4428372885,20.03618081,34.30884373,5.52695107,1.51923089,37.09258777
57674,36.7,25.9,15.7,62.0,9.9,19.7,8.8,44977.0,6.4,14.6,31.6,9.2,719.0,30.6,21.6,37.3,9.02293968,31.5,20.8,36.8,31.4,20.07766352,19.5,41.15111914,33.41501448,0.0014870152,0.0003665689,6.1334486667,8.3,6.8804875854,17.51845492,3.4820938599999995,0.35405123,0.48505019,76.60075413
22798,38.5,22.9,15.0,43.5,8.1,19.7,8.9,52755.0,7.6,19.9,24.0,8.2,734.0,27.4,20.7,39.1,8.7063453,23.400000000000002,21.2,40.9,30.3,21.15245784,17.9,37.23849372,41.087231353,0.0010853835,0.0001763124,5.9703195113,7.9,6.4961050995,20.41877713,7.896164980000001,0.7190665700000001,3.02098408,66.77369754
126973,36.2,26.4,12.4,24.0,19.6,12.3,4.5,93800.0,6.4,7.9,16.7,3.7,1230.0,26.9,18.7,39.9,9.406151490000001,12.7,16.400000000000002,36.8,24.6,23.1217101,11.5,67.64972403,16.986557881,0.0012458977,0.0004440324,4.5177505415,8.7,6.0740449664,24.6870062,8.367266319999999,1.47836392,0.53406467,63.86896803
21067,41.9,21.0,19.4,27.3,8.2,17.0,8.0,47023.0,8.7,16.6,17.1,9.0,766.0,27.1,19.8,38.1,11.71875,26.700000000000003,23.5,41.199999999999996,33.1,19.3941338,15.1,42.65373504,23.77654663,0.0003472222,0.0001450046,5.3995221781,8.2,6.6057296827,28.46230159,4.1765873000000004,0.57539683,0.9970238100000001,64.8859127
39529,38.6,23.6,17.3,81.1,7.4,23.6,7.5,38696.0,7.9,20.0,29.8,9.9,749.0,28.0,21.8,40.3,11.71437002,37.3,24.9,45.800000000000004,36.4,19.07444404,21.2,48.173338519999994,41.487135295,0.0019787544,0.0002803548,5.9964274115,7.9,7.2533232475,28.85076026,4.142366170000001,0.5545719600000001,1.35648823,63.21339304
36553,37.3,25.0,15.7,39.1,12.2,18.0,8.1,68525.0,7.9,14.0,17.7,5.4,867.0,28.9,20.0,35.9,9.16905444,19.5,21.3,36.8,27.700000000000003,21.80301407,15.2,49.26363825,33.034571063,0.0007874657,0.0004373497,4.9900921322,8.3,6.2069837998,11.08154343,4.05137535,0.68156516,1.28166834,80.66364352
12958,42.1,22.4,20.9,66.7,9.0,20.6,5.6,34268.0,9.0,22.2,26.3,12.9,541.0,26.9,20.9,43.3,15.448658649999999,34.2,26.8,46.6,38.1,17.011593689999998,20.4,32.871153199999995,42.591918456,0.0030729419,0.0001565435,5.2203914849,8.6,7.0062175961,40.58709364,2.35322659,0.37198770999999997,0.53372149,54.41533236
128877,36.0,24.6,14.8,31.7,17.7,13.2,5.6,64598.0,9.4,12.6,34.6,6.1,1101.0,26.8,18.5,42.3,11.54853352,19.0,18.2,44.7,28.199999999999996,20.21088179,15.2,65.93171735,23.736771501,0.0023344505,0.000472341,4.7972531066,9.5,5.9528267531,24.275203209999997,8.23298278,1.8744944,0.76659347,62.82676528
236259,38.7,23.6,17.9,54.3,14.2,17.5,8.6,47572.0,7.5,16.0,39.5,10.3,927.0,26.6,19.4,38.7,14.415979160000001,31.7,20.5,45.9,30.4,17.583976840000002,16.7,58.100335120000004,32.552312721,0.0078494253,0.0012570144,5.8476256462,9.6,6.5056869704,49.8511392,3.9512160599999997,1.53675581,0.54817877,42.58743915
210770,36.7,24.9,15.3,44.3,15.5,14.1,5.6,64370.0,7.7,17.7,29.2,6.2,1025.0,27.5,19.0,38.7,10.78390709,25.2,18.8,43.0,28.9,20.12223108,15.2,62.264554409999995,31.85764674,0.0028808261,0.0007891583,5.40261213,7.5,6.5928871511,24.41929515,5.35234908,1.61414598,0.66646709,66.27077802
9658,40.2,22.9,18.2,81.8,9.3,18.0,12.9,45707.0,6.8,24.0,30.4,9.1,801.0,29.2,21.4,40.4,10.4534005,28.999999999999996,24.0,39.1,33.0,19.18364917,19.400000000000002,41.60114367,42.43902439,0.001384599,0.0003134469,7.7280810844,7.9,6.5840560398,16.61518799,2.96091171,0.43668122000000004,0.44733198,78.17658963000001
8895,38.8,21.9,17.0,13.7,11.0,17.0,6.5,48259.0,8.3,32.1,22.3,10.3,712.0,26.9,20.6,41.4,10.36339166,46.1,20.599999999999998,42.699999999999996,31.1,19.7285868,17.7,41.27694185,45.797101449,0.0004753981,0.0001135718,4.438605181,7.7,6.5194926345,27.82267649,6.394105059999999,0.08319468000000001,0.8557166600000001,63.63204184
14203,42.3,19.0,21.0,31.1,7.6,14.7,5.2,32034.0,7.0,26.2,27.9,12.7,626.0,25.1,21.1,46.4,13.19742489,37.5,27.800000000000004,45.1,39.6,17.16496468,18.9,24.97844208,32.880315651,0.0010972933,0.0004986465,6.1501488728,8.4,6.664289268,48.771031459999996,3.50402341,0.65106072,0.66569129,44.93782004
18677,37.8,23.7,18.6,61.7,11.2,21.0,12.0,38929.0,10.0,30.0,27.2,11.8,772.0,27.4,21.3,42.3,13.805522210000001,34.699999999999996,24.3,42.0,36.4,18.203043609999998,21.8,38.38340177,48.774193548,0.0062189055,0.0002176752,5.6001884634,7.7,6.7420123074,38.87381275,2.96246043,0.72365445,0.49185888999999994,55.84577114
26821,39.3,23.8,18.2,70.4,11.0,19.9,6.9,49807.0,7.1,17.9,25.1,9.1,660.0,27.1,20.3,41.9,12.1434745,24.0,20.200000000000003,40.0,30.2,18.99048633,16.8,54.98812352,27.480124438,0.0024341669,0.0001857424,7.0855024996,8.8,6.6146736898,33.93449878,3.3230065599999996,0.56428413,1.30928672,59.45268127
454369,34.0,22.3,14.7,50.0,22.7,14.2,7.1,62083.0,8.4,14.9,40.2,7.7,1081.0,25.9,18.8,41.9,12.23749811,25.0,16.6,37.9,27.400000000000002,20.521297829999998,14.099999999999998,68.52531367,22.27574794,0.0047495133,0.0008669736,5.7070376432,8.3,6.2842953171,45.98799912,6.75211331,3.5322554399999997,0.35119640999999996,42.15627906
7371,33.9,22.7,15.8,100.0,10.0,17.6,15.1,30856.0,4.4,28.3,38.6,12.1,724.0,24.9,23.2,47.8,15.71969697,52.800000000000004,28.4,51.300000000000004,41.8,15.08774976,22.900000000000002,28.56435644,41.047416844,0.0052716357,0.0004155125,8.2804321967,8.3,7.0261249116,68.61912432,2.3429491899999997,0.4978767,0.41001611000000004,27.16356714
19452,44.3,17.1,18.7,0.0,11.9,15.8,5.5,64709.0,8.0,18.6,17.6,8.3,678.0,24.5,18.6,43.0,11.145038170000001,23.1,19.5,40.300000000000004,28.799999999999997,19.986800090000003,13.0,43.274485080000005,26.955950033,0.0045244162,0.0003102699,4.6246205516,8.1,6.4117257948,40.67294191,2.04898851,0.30162775000000003,0.49924593,55.156274380000006
32335,36.9,25.0,15.6,60.9,9.4,24.8,14.0,34526.0,9.1,16.3,35.4,11.1,667.0,28.3,21.3,42.1,11.37952956,28.4,25.8,46.300000000000004,37.1,18.297355,22.0,39.31109238,36.465638149,0.0007873024,0.0006518702,5.6191016978,8.0,7.0281137683,26.90999559,5.045033699999999,0.5794545600000001,0.5794545600000001,65.55709517
19752,39.0,24.9,19.0,43.5,9.9,15.7,9.2,41129.0,7.0,18.2,25.2,5.2,701.0,28.1,21.1,40.4,13.822525599999999,36.3,24.5,45.1,35.099999999999994,18.31279466,18.7,38.267786120000004,41.561423651,0.0018667358,0.0005592841,5.9184212004,8.1,6.6807888238,31.23671247,1.73710137,0.44594244,0.35779102999999995,65.23204563
22185,37.9,20.7,15.2,66.6,9.2,19.6,4.0,57362.0,9.7,25.5,18.2,7.5,816.0,26.9,20.2,42.5,11.452991449999999,25.4,23.200000000000003,38.800000000000004,33.2,20.04017926,16.1,35.89001447,39.518450667,0.000775866,4.49721e-05,4.799864881,8.0,6.5001918243,15.52188399,6.20692803,0.65264023,1.48783716,74.64743736
69958,37.4,25.4,15.6,60.0,10.6,16.8,6.3,55190.0,8.0,13.3,31.5,11.5,846.0,27.9,20.5,40.0,11.1336982,33.2,22.2,43.4,32.800000000000004,19.39460855,17.8,48.114816780000005,31.431823931,0.00159624,0.0004639362,5.459004428,8.3,6.7711979309,31.989831359999997,5.570581890000001,2.58649995,0.74343399,57.45872685
30210,39.9,20.5,16.7,66.2,9.7,16.5,7.5,59410.0,8.3,17.0,25.5,7.6,803.0,25.2,19.8,42.3,14.03081914,31.6,22.1,45.7,33.300000000000004,19.921003119999998,14.299999999999999,52.89125955,29.236783954,0.0029712665,0.0003017704,5.0156582788,7.5,6.2474363764,46.31124017,5.22672789,0.47270148999999995,0.44568998,46.51045008
15093,41.4,21.5,20.5,37.2,9.2,20.7,4.9,40406.0,7.4,24.5,31.5,10.7,703.0,26.5,19.8,40.2,10.08991009,27.700000000000003,23.599999999999998,40.6,33.900000000000006,19.11309043,19.900000000000002,38.28853538,28.812368236,0.001152855,0.0002016671,5.1106820435,8.3,6.5574537692,25.93245626,3.51281704,0.461142,0.52895701,67.75396717999999
436171,39.8,22.1,17.8,47.2,19.4,15.8,6.0,63257.0,10.5,9.1,37.3,7.2,1121.0,24.3,17.7,40.4,10.0782881,23.200000000000003,17.299999999999997,39.7,29.099999999999998,21.86465887,15.4,65.37524176000001,24.757737566,0.0032552747,0.000922322,5.0199442173,8.1,6.4651352495,26.49954834,18.92113605,4.49123589,0.89502273,48.23141139
32277,37.9,25.2,16.8,36.5,9.1,16.4,4.0,52470.0,6.7,16.6,22.4,5.7,787.0,28.4,20.5,37.8,9.100239479999999,23.1,19.6,42.3,29.299999999999997,21.96138168,15.9,46.34115884,30.272596844,0.0019966406,0.0003710002,5.906928991,8.2,6.6333873025,16.08721833,2.66218743,0.60533071,0.89690362,77.58374798
243175,36.2,23.8,14.0,30.2,23.6,12.2,5.2,66617.0,7.6,10.1,33.7,6.5,986.0,25.9,18.2,37.8,9.35735997,21.3,17.5,34.699999999999996,26.400000000000002,22.75785238,14.799999999999999,65.92828465,23.494135955,0.0042282282,0.001076964,5.5719475277,8.2,6.0612541208,26.862862859999996,6.54054054,2.10730731,0.51091091,62.57257257
97220,38.8,22.8,15.9,34.3,12.5,17.2,6.5,61381.0,6.1,10.4,21.7,7.9,873.0,30.0,20.4,41.5,9.213651709999999,25.7,21.9,42.699999999999996,31.2,21.19295416,16.1,54.145210109999994,21.333697234,0.0021040229,0.0005025435,5.3078199363,8.5,6.7936566671,13.70455311,5.88074398,0.8921057099999999,3.06240532,74.83378219
14764,38.3,21.8,15.8,8.9,12.0,15.2,4.6,59926.0,4.7,24.7,16.9,4.7,646.0,27.0,19.8,39.6,9.84719864,23.9,21.7,39.900000000000006,30.099999999999998,21.09968837,14.899999999999999,33.34123785,32.561262169,0.0008783784,0.0005393016,5.6508722809,7.7,6.2675555618,12.41216216,9.02702703,0.41891892000000003,1.47972973,75.83108107999999
48323,28.3,19.6,13.8,72.7,20.9,13.0,4.2,37001.0,6.9,11.9,48.1,8.6,817.0,28.0,21.7,42.0,11.44846797,27.3,20.599999999999998,42.0,30.5,17.17411343,18.099999999999998,67.32930794,12.020445992,0.0046495142,0.0006645622,7.2968674366,8.5,6.1895478217,39.70434928,3.77173596,1.35523956,0.48788623999999997,53.36099412000001
143425,36.6,25.4,13.5,26.9,15.7,13.5,4.5,77978.0,8.1,14.2,17.7,4.1,1130.0,29.6,19.6,38.2,8.681747269999999,18.099999999999998,18.099999999999998,37.2,28.1,22.39761279,13.8,53.40260361,21.968930968,0.0013320457,0.000205719,4.3608836948,8.7,6.6100670614,10.31269773,6.57830764,0.85051117,0.56678544,80.61740318
10028,36.2,25.6,16.3,82.3,10.3,20.3,5.8,34508.0,11.3,29.6,44.6,13.3,603.0,26.3,22.5,46.2,15.88983051,48.1,25.8,47.4,39.0,15.43418861,22.2,38.54930725,50.69124424,0.0087605451,0.0002041025,6.2040112314,8.3,7.0947290695,62.513519360000004,2.79039585,0.32446463,0.31364915,32.94397577
25438,40.0,23.2,19.0,24.1,8.5,16.6,8.8,37875.0,7.8,20.5,33.3,10.3,714.0,26.7,21.0,44.5,15.832531280000001,45.0,25.900000000000002,44.7,38.3,17.83586494,19.3,46.54808031,43.164099639,0.0040075141,0.0002397602,5.8333980834,8.5,7.0372278955,48.14861198,1.8493007700000001,0.5802546399999999,0.28386558,47.764558550000004
37478,33.3,22.7,16.6,51.3,13.5,16.4,8.9,41310.0,7.6,25.5,42.8,8.0,786.0,27.9,21.0,39.0,12.40482234,29.5,22.2,45.0,33.6,17.97287568,17.2,52.38564912,22.96,0.0043536965,0.000540161,7.3812805978,8.4,6.5143753202,40.52244358,3.8797498,0.79634069,1.25375437,51.65743573
380408,37.9,19.6,15.9,59.9,22.4,13.9,8.4,51116.0,8.5,19.8,50.7,17.4,1162.0,26.7,18.4,38.8,12.4311851,32.6,17.5,38.1,26.6,21.710194899999998,16.400000000000002,74.73395693,20.03021033,0.0067996573,0.0011167968,7.8737468862,7.9,6.4353386895,56.11639606999999,8.11866995,3.08758266,0.43390382,30.9604104
159585,36.5,24.5,15.3,60.1,16.3,13.9,6.5,49261.0,8.0,15.1,40.5,8.8,886.0,25.7,19.8,40.3,12.96387578,29.4,18.9,42.1,29.299999999999997,18.05254032,17.2,60.567929,29.720044189,0.0055087327,0.0009384763,6.7090844821,7.3,6.2653191019,37.60788993,3.69998985,1.07191816,0.42902112,56.1179935
23305,36.4,25.0,13.3,8.9,13.0,14.8,4.4,77996.0,5.6,14.5,28.2,5.3,1559.0,26.0,18.8,39.4,8.144552319999999,19.5,20.0,39.800000000000004,28.799999999999997,20.199540260000003,14.899999999999999,61.763738069999995,15.298218435,0.0019208434,0.0002145646,4.6937630521,8.3,5.986446703,20.99079782,10.05092469,4.76637184,1.7734298200000003,60.010720989999996
20652,43.4,21.4,21.3,59.2,11.3,25.7,7.4,53045.0,8.7,25.6,22.6,5.6,843.0,26.1,19.1,40.5,10.99026903,27.800000000000004,22.2,42.3,33.0,20.65129701,17.7,57.81420765000001,28.108623154,0.00125,0.0002947534,6.2654417108,7.9,6.8283332438,33.975,3.64,0.42,0.36,60.45
129536,37.7,24.9,16.4,42.7,14.2,17.8,5.7,55407.0,8.9,16.4,34.1,9.6,925.0,27.3,19.9,40.7,11.93900537,25.900000000000002,20.4,42.0,29.799999999999997,19.81248917,16.1,50.54793682,32.224072878,0.0058926026,0.0008394609,5.3526687351,7.3,6.1749308524,31.61967369,4.27372089,1.39632504,0.96071598,60.101378110000006
7631,37.8,23.6,19.2,0.0,7.1,20.5,3.3,43821.0,9.5,18.6,24.8,4.8,710.0,26.6,21.0,44.0,11.17318436,34.4,23.599999999999998,46.400000000000006,35.099999999999994,17.9887656,17.0,35.46099291,44.512195122,0.0009516041,0.0003966155,8.0658555133,8.5,6.8971213936,39.613920609999994,2.99075585,0.28548124,0.788472,55.084284939999996
20028,39.5,23.8,17.7,54.1,9.7,14.9,6.8,48125.0,9.4,15.8,36.2,6.2,772.0,27.4,20.8,40.3,15.013550140000001,37.1,23.400000000000002,43.3,34.8,18.23523135,17.5,46.15077782,34.840793724,0.0061891234,0.0006563999,5.285118288,8.3,6.9361101086,35.23741883,2.3538961,0.390625,0.42106330999999997,60.45556006
22209,41.1,23.2,20.7,74.5,9.8,21.3,7.5,40777.0,9.7,38.5,26.7,8.5,659.0,28.0,20.6,39.5,8.87671233,24.5,23.200000000000003,46.400000000000006,33.0,19.93593026,19.8,36.53846154,30.78202995,0.001232539,0.000135532,5.8898594546,8.4,6.8854864914,16.23299553,3.6291427,0.4154113,9.330776960000001,67.48835935000001
44038,35.6,26.1,12.3,30.0,11.4,18.9,8.0,55857.0,8.1,11.5,28.1,7.2,1037.0,27.9,20.8,40.9,10.139945990000001,25.7,22.400000000000002,44.1,33.300000000000004,19.434196919999998,18.4,64.82811306,21.730300569,0.0032836291,0.0002485426,5.5296830251,7.9,6.8820172022,25.29968738,13.95767267,2.38400468,1.142523,55.58554304
52191,38.8,24.2,14.4,27.5,19.9,15.5,6.7,79191.0,6.1,9.4,17.4,3.3,1122.0,25.5,18.1,39.1,10.40780585,19.0,15.6,37.3,24.7,22.45228847,12.4,65.218034,14.171758316,0.0015013829,0.0003442868,4.7885315265,8.6,6.3025985249,24.79257211,8.35835638,1.2030817900000002,0.59265113,63.70604504000001
10872,42.2,20.4,20.4,56.1,8.3,26.7,21.5,46402.0,9.1,24.2,23.5,10.8,761.0,25.7,20.5,41.4,10.875706209999999,35.099999999999994,22.6,46.300000000000004,35.0,17.510640390000002,20.5,47.14798564,26.073619632,0.0008353443,0.0001832845,6.5387618081,7.8,6.7863417729,50.19491368,2.79376276,0.22275849000000003,0.51048821,45.15500278
20090,40.4,22.3,18.4,25.9,12.7,12.9,3.6,62946.0,6.1,12.9,15.8,8.4,801.0,24.5,18.4,43.1,12.755716,23.0,19.3,43.9,29.4,20.03274585,11.3,60.53104412,18.390255553,0.0008337241,0.0002532671,5.2139254744,8.5,6.1479176896,46.66249805,2.05825647,0.42207284999999994,0.26574957,49.79417435
41986,37.9,24.4,14.7,57.6,10.3,16.0,9.3,65114.0,6.8,14.4,22.5,4.1,1139.0,24.0,19.0,44.1,13.68391292,27.900000000000002,19.900000000000002,43.8,32.0,17.897045889999998,12.6,50.155823919999996,21.796431468,0.003662356,0.000332589,4.1446756509,8.6,6.3844679216,57.92836937,9.56758941,1.15427359,0.62133764,29.66760962
82574,37.3,26.4,16.3,60.7,9.2,13.8,6.9,44478.0,8.8,16.2,31.4,9.7,739.0,26.6,21.3,39.8,11.60814694,29.9,23.200000000000003,48.4,34.599999999999994,17.53921685,18.2,42.91364205,35.63046725,0.0023691447,0.0006701515,6.0660513593,8.3,7.1043338896,41.520180690000004,3.18054601,0.50819994,0.45541589,52.99027791
51856,39.5,24.0,16.2,57.5,10.3,15.9,6.2,50806.0,7.9,15.7,21.8,7.9,773.0,28.5,20.4,41.4,9.4949057,27.0,21.2,40.9,30.599999999999998,20.82644609,15.4,48.56596558,29.436114433,0.0014689465,0.0002134265,5.5448376151,8.5,6.2227770017,29.34171612,3.75854437,0.9577531,0.75601778,63.95988797
49114,39.5,23.9,17.6,62.5,8.4,17.8,5.9,47322.0,6.2,17.3,30.5,11.1,829.0,27.3,20.4,43.2,9.77102698,31.1,24.8,44.6,34.8,19.396835279999998,17.9,39.549612950000004,32.890884248,0.001402614,0.0004353956,5.8495902298,8.0,6.697512134,30.37721815,9.907554990000001,1.56200191,2.48007651,54.4171714
266168,40.6,23.6,17.7,39.4,23.5,16.3,5.2,76914.0,6.9,8.6,20.9,3.8,1247.0,25.2,18.0,38.8,8.68519246,14.499999999999998,16.0,35.099999999999994,26.200000000000003,22.42732005,14.099999999999998,70.94675543,13.246146346,0.0029609954,0.0007721205,4.5134978061,9.0,6.5266686673,14.51178048,8.221479550000002,1.6448765,0.63538027,73.38188495
133953,35.7,24.3,14.9,51.2,14.7,20.2,5.6,55274.0,7.5,15.2,27.3,5.9,930.0,26.4,20.8,38.6,10.17712177,26.400000000000002,19.2,42.3,28.199999999999996,19.147482399999998,17.0,54.8352474,26.815744023,0.0024771121,0.0003993581,5.4644381543,7.5,6.5894263283,30.33665546,5.90668096,0.7887646300000001,0.5352590100000001,61.14048557
4127,47.4,21.9,26.1,47.0,8.9,17.6,12.4,35653.0,8.4,43.4,31.5,8.7,622.0,24.6,19.7,43.9,12.63157895,47.099999999999994,28.599999999999998,46.6,41.9,16.3104858,21.0,22.15422277,37.037037037,0.0015940489,0.0002473411,5.2521610639,8.0,6.9140173258,53.82571732,2.52391073,0.31880978,0.26567481,41.33900106
108862,36.9,25.1,15.1,53.8,11.2,16.9,5.9,63088.0,7.3,12.3,25.8,7.9,956.0,27.3,20.1,42.1,10.25588326,22.1,19.0,40.5,29.799999999999997,20.19972173,16.0,51.790516630000006,30.251331558,0.0025671711,0.0004783457,4.9066714836,7.4,6.5882914571,18.1950664,7.26721742,1.2092726999999999,6.23455837,64.86449969
21049,42.5,21.7,21.4,25.8,13.6,15.9,5.4,47068.0,8.1,21.9,22.6,6.4,698.0,27.0,19.7,39.4,10.47619048,28.7,22.1,43.9,31.7,20.767090709999998,18.9,41.58737024,35.630567276,0.0017433414,0.0001896544,6.4185303514,8.5,6.8238115582,22.88619855,5.92736077,0.39225182,0.7748184,69.39467312000001
57202,38.6,25.1,15.9,27.9,13.8,17.6,6.2,56194.0,7.5,15.7,23.5,9.1,745.0,28.7,20.3,38.0,9.57530476,23.599999999999998,20.4,39.1,30.3,21.18860849,17.299999999999997,46.97305411,31.057742199,0.0005790286,0.0004195511,5.2632647537,8.3,6.7052931686,14.28621561,4.5988910700000005,2.13363279,0.49129702000000003,77.07572993000001
48452,31.5,25.3,13.0,31.1,13.6,20.4,6.1,56547.0,8.1,19.4,44.7,8.0,1020.0,27.5,20.5,41.9,7.94901895,21.099999999999998,18.7,39.5,28.599999999999998,20.72824441,18.9,57.00619021,42.678361322,0.0020540541,0.0002706811,4.6674917492,8.1,6.2986312894,13.141621619999999,9.51783784,1.9221621599999998,1.65189189,70.51459459
45514,40.6,23.1,18.5,62.9,8.0,23.7,10.5,41803.0,9.1,19.9,32.5,10.1,731.0,27.2,20.4,41.1,12.007922749999999,31.1,21.3,43.3,31.6,18.260350759999998,19.400000000000002,44.46821788,36.155747837,0.0016271035,0.0001994106,5.6105504587,8.8,7.0614102741,30.18834281,3.38571269,0.35662543,0.53493815,64.01649393
36761,41.5,22.8,20.2,37.1,10.1,15.7,5.3,34263.0,7.2,19.2,32.9,8.7,735.0,27.4,20.9,40.7,13.53965184,28.799999999999997,24.9,45.7,35.099999999999994,16.89223652,19.0,46.76009103,35.064059339,0.002554061,0.0006356401,5.3199092456,8.8,6.7766135402,33.251035810000005,2.45473636,0.58175833,0.6072989400000001,61.646517960000004
27377,36.4,23.4,14.2,34.5,16.9,13.3,7.6,80510.0,6.5,12.6,24.8,5.4,976.0,25.5,18.9,41.4,11.68727563,19.400000000000002,19.8,40.6,30.3,20.416559640000003,12.9,65.66833056,20.814958546,0.0009905894,0.0001799079,4.0572338364,8.6,6.2093804794,41.03516592,4.44350103,0.72525295,0.3113281,52.28896908
9800,41.0,23.1,19.6,19.2,6.9,16.8,4.6,45035.0,8.5,19.5,24.6,3.6,673.0,27.7,19.6,38.0,10.17811705,30.3,25.6,41.0,34.699999999999996,19.61694631,18.099999999999998,38.17552962,37.30620155,0.0006435697,0.0005211591,5.2323439099,8.3,6.6979838587,14.44813901,3.8292395200000002,0.39686796,1.01898531,79.29850906
13665,40.7,20.6,18.6,41.9,8.6,19.8,4.0,44922.0,9.9,23.7,28.5,9.4,624.0,26.4,19.9,41.9,10.542476970000001,30.7,22.7,43.6,33.2,19.57288583,17.299999999999997,35.40669856,33.756805808,0.0006809927,0.0004448399,6.2823129252,7.9,6.5719448428,28.208232449999997,7.82384988,0.26483051,1.36198547,61.00938257000001
111532,40.8,21.2,18.2,27.7,15.3,17.5,4.8,64500.0,7.4,8.2,33.6,9.0,916.0,29.7,19.7,36.7,9.146715780000001,16.6,16.400000000000002,36.4,22.3,20.03639449,13.8,65.89865085,12.448478288,0.0050894388,0.0007385125,4.2942728335,5.1,5.7696288224,5.71880631,2.32496814,1.05041093,0.46763064,88.16683514
67237,48.5,18.4,25.1,39.3,14.6,21.5,5.8,50843.0,8.8,23.9,26.5,8.6,681.0,25.6,18.3,37.2,7.58959944,15.2,18.9,41.699999999999996,26.6,18.15604638,16.2,63.354485149999995,15.946079237,0.0065774821,0.0011217637,4.7850492511,5.7,5.5512945053,1.0200294,1.8455553699999998,0.61172069,1.98066844,93.08547757
303357,42.1,18.2,19.5,15.6,30.2,11.3,3.2,87710.0,5.0,14.5,30.1,7.0,1389.0,25.6,16.7,30.2,6.9015171,7.3,12.5,29.4,18.099999999999998,21.58545097,10.6,82.05068731,4.1968649924,0.0084034426,0.0016577608,4.3191202101,7.6,5.287501282,3.8709989399999998,2.88173291,2.5600361,0.32524256,88.44470232
29839,46.3,17.4,22.9,31.1,18.8,17.7,4.4,56890.0,9.2,41.6,24.3,9.2,752.0,28.3,19.0,35.0,8.423052559999999,15.6,16.1,33.4,22.6,22.98255199,13.600000000000001,59.79221585,8.7558808155,0.0032438043,0.0010442281,4.4283583802,5.4,5.5839980274,0.6714675,1.78409238,0.60983521,0.54171532,94.59582198000001
55851,48.9,16.6,25.7,39.0,23.3,14.2,3.9,64149.0,10.2,38.8,21.3,5.6,949.0,25.5,16.5,29.7,7.267645,13.200000000000001,13.600000000000001,28.299999999999997,18.5,22.31268343,12.7,69.28909180000001,7.343550447,0.0047057991,0.0010499715,4.5250136874,2.8,5.2579164335,1.18529526,1.9566217300000002,1.32859215,0.5236528300000001,93.59763649
124003,44.3,19.0,20.6,33.9,18.5,16.6,4.1,62118.0,7.1,14.9,27.5,7.3,900.0,28.2,18.3,34.6,7.48405571,14.7,16.3,33.6,22.400000000000002,20.90519586,13.600000000000001,65.33904884,11.287492023,0.0058227709,0.0011085584,4.3027903599,6.0,5.6046906917,0.8557351499999999,2.3393237399999998,1.05297071,0.5807054899999999,93.18397913000001
40729,49.0,17.3,26.5,18.7,23.7,13.1,3.8,68904.0,7.4,26.9,20.8,5.8,1027.0,25.4,15.3,29.1,7.24779628,13.0,12.8,27.900000000000002,17.0,22.57246877,11.899999999999999,64.01446655000001,9.3499554764,0.0054908851,0.0010709765,4.0214440411,5.1,5.4401545394,0.86878005,2.00356297,0.65890622,0.5124826100000001,94.28703907
35466,51.3,17.0,28.3,32.2,23.8,16.0,3.3,69638.0,8.9,33.1,17.2,5.4,930.0,26.5,16.1,29.5,7.93819925,13.8,15.6,31.8,20.4,21.53705745,11.799999999999999,65.59065934,10.995260664,0.0021091845,0.0010885341,3.9742756566,5.8,5.386405152,0.80258581,1.46821158,0.8190210099999999,0.43279371,95.11326595
58276,48.2,17.9,22.8,49.1,14.5,17.9,5.5,54780.0,9.0,36.2,19.7,5.6,781.0,26.3,17.8,33.2,9.0275762,19.400000000000002,20.200000000000003,36.7,26.6,20.61721291,14.6,54.419201449999996,14.638346728,0.0030548368,0.0006651998,4.6389411718,5.1,5.8460946594,0.6009515099999999,1.76779902,0.6677238999999999,0.52583257,94.67156331
152640,42.4,17.8,19.4,35.5,18.9,18.3,4.3,59438.0,8.0,15.2,30.1,8.2,932.0,28.8,19.4,34.9,6.97265839,13.0,17.7,38.800000000000004,23.3,19.02272157,14.299999999999999,70.42618319,9.6546822247,0.0066833213,0.0013550224,4.7175473171,4.6,5.8519739343,1.08942001,2.1756206899999997,1.2600443,1.27034614,92.49253116
16936,51.2,17.0,26.8,39.9,15.2,23.4,4.9,51805.0,10.5,47.8,22.8,6.1,792.0,26.2,17.8,34.2,7.46791132,20.0,15.8,35.8,23.5,20.31754251,16.2,60.862354890000006,12.5042244,0.0024019215,0.0005825808,4.4359224537,4.7,5.5649908186,0.66338785,2.09310305,1.20667963,0.68054444,93.70353426
36868,46.7,18.3,23.4,31.7,22.3,12.1,4.4,77591.0,6.7,15.5,23.3,5.8,991.0,27.1,16.2,29.3,6.3597532,10.9,15.5,30.7,19.5,22.30300172,11.700000000000001,72.51788909,7.844367744,0.0023725109,0.0006474063,4.3327229445,6.3,5.5777294969,0.983659,2.0952736400000003,1.0396395900000002,0.44784474999999996,93.90877829
50656,47.0,18.6,22.2,39.7,14.3,19.2,4.2,53527.0,8.0,26.2,23.2,6.2,849.0,28.8,19.7,37.8,8.05031447,18.0,18.7,37.3,25.900000000000002,19.65622807,16.2,58.84723196,21.116604862,0.0020856887,0.0005732132,4.4755497624,5.5,6.1831060666,0.65299598,1.6763479000000001,0.52629527,0.61401115,94.85205255
39772,47.0,18.1,23.9,52.0,20.0,17.4,4.6,62694.0,10.5,21.6,19.4,5.8,886.0,28.2,18.1,33.2,7.322264790000001,18.5,14.299999999999999,33.5,18.7,22.41195649,13.900000000000002,66.61075702,13.569243049,0.0032496307,0.0008017639,4.2749006761,5.1,5.4660696378,0.56376169,1.69128508,0.6548498300000001,0.61546036,95.10093549999999
31096,48.6,18.8,25.3,29.5,15.8,23.5,7.0,51669.0,10.5,37.5,21.6,7.4,687.0,26.7,19.1,38.4,8.05860806,20.7,18.6,37.7,26.8,21.47202554,17.1,62.058638079999994,17.702016063,0.0070036444,0.0004177244,5.3366798499,4.3,5.9667570927,0.74156235,2.6842021899999997,0.5894469999999999,5.12121692,88.86705752
212691,45.2,18.2,21.2,25.0,21.2,15.0,3.4,79743.0,5.4,20.6,24.9,5.2,1166.0,25.4,16.9,30.7,7.3504005,8.9,13.0,29.5,20.1,23.483603419999998,11.600000000000001,70.03279558999999,7.4170919971,0.0046389064,0.000675704,3.9161519941,6.9,5.3998750829,1.38892701,2.32448556,1.55133449,0.32664488999999997,92.73237993
68161,41.9,17.6,20.8,41.7,12.0,18.9,6.8,55248.0,4.0,16.5,29.9,9.6,743.0,25.7,18.9,41.0,9.10341665,22.3,15.8,37.3,25.2,19.177882020000002,17.299999999999997,52.93974437,20.687439769,0.0040729565,0.0005315301,4.8214301334,6.3,6.4083189289,7.7148335900000005,2.0676943199999998,1.19364381,0.2586476,86.34073105
588109,38.8,22.4,15.4,21.2,25.1,10.7,4.2,116009.0,4.5,4.9,25.0,3.8,1908.0,19.9,14.6,38.0,7.6452343,6.9,11.1,34.699999999999996,19.7,21.3008341,10.5,76.2515705,9.7414729524,0.0028339237,0.0006724984,3.7078482589,7.1,4.9857624643,19.20374313,10.73157277,4.71810448,0.59285347,62.0610782
850737,39.5,21.6,17.6,34.8,23.1,11.9,5.2,88157.0,5.3,6.0,33.5,7.8,1479.0,20.7,16.1,36.2,9.33520218,10.299999999999999,12.2,33.2,21.6,17.439616790000002,12.1,71.34136124,11.500277976,0.004355377,0.0008642249,4.4207173732,7.5,5.3381080043,31.109159079999998,7.95060512,6.54537749,0.6013948100000001,51.581088259999994
93244,40.4,23.1,15.5,18.5,19.4,9.6,3.2,128078.0,3.2,6.9,13.9,3.1,1589.0,19.7,14.9,36.5,6.9720496899999995,6.4,10.7,33.900000000000006,18.099999999999998,20.04174514,9.5,72.82942219,7.3797334071,0.0025124567,0.0004790904,3.4777584222,6.2,5.0979600251,13.97474875,5.496790809999999,2.08702812,0.52149312,74.62313149
33320,39.5,23.5,16.9,41.5,10.3,14.6,4.6,65326.0,6.8,10.8,27.9,6.1,1074.0,24.2,18.1,40.3,8.364758310000001,16.3,19.0,38.6,31.4,19.09074455,14.499999999999998,50.815650680000005,19.124931205,0.0006846664,0.0002995267,4.1353829914,6.5,6.2939576708,13.240853750000001,9.40076802,1.30681987,1.05676778,73.39326645
173225,41.5,21.7,17.4,23.5,23.8,12.5,3.1,111672.0,2.9,3.8,17.0,4.0,1283.0,22.5,14.9,34.5,6.20265948,5.800000000000001,11.899999999999999,31.5,20.200000000000003,20.56649131,11.4,75.1857391,5.3793067254,0.0027174067,0.000442852,4.0115259677,7.9,5.4149397709,4.33426367,5.31422845,2.73155985,0.36232089,85.33676029
103876,41.0,22.3,16.4,30.7,16.3,13.0,4.9,86869.0,3.9,10.5,24.9,5.2,1322.0,23.2,17.4,38.2,7.828471700000001,12.8,15.5,37.6,23.9,17.62087876,13.700000000000001,59.82049189999999,16.307804125,0.0026875615,0.0003945912,4.3233364574,5.6,5.4718147802,8.182867739999999,5.68551745,1.55197214,0.46086002000000004,81.69429934
167035,38.8,23.8,12.9,37.0,18.2,10.4,4.9,116882.0,4.0,5.1,20.2,3.3,1839.0,17.5,16.0,40.6,9.843505480000001,9.0,13.4,42.9,23.599999999999998,16.11213226,7.9,70.74779061999999,10.672192721,0.0021515005,0.0003793762,3.5155249487,7.1,4.9116258248,52.64721788,8.248387829999999,3.544161,0.7972181700000001,31.45784513
32557,43.8,21.0,21.9,56.6,10.4,17.0,5.5,57490.0,5.2,19.4,31.6,10.0,968.0,20.2,17.0,38.7,10.36977492,23.200000000000003,17.5,41.8,28.299999999999997,16.38115017,15.299999999999999,51.48273527,27.895900663,0.0027373095,0.0003385761,5.2020550727,4.4,5.8396265918,28.422397269999998,6.36880684,1.1527114600000001,0.61133246,61.279235990000004
273829,38.9,23.1,14.9,21.7,24.5,9.9,3.7,115724.0,4.5,4.2,23.6,3.9,1633.0,20.5,15.1,35.1,6.853478979999999,7.3,11.1,31.2,19.5,18.467804830000002,11.1,75.57950332,8.0,0.0031221135,0.0005610449,3.6394800473,7.7,5.0340206986,11.55556919,13.196723830000002,6.7391296899999995,0.5811357500000001,65.41679874
28856,47.6,18.0,23.0,28.0,13.5,18.2,4.6,64447.0,5.8,32.7,19.9,7.4,681.0,21.0,16.4,36.7,7.146753960000001,14.6,17.299999999999997,37.3,25.5,19.09213585,15.5,55.30004724999999,17.146356399,0.0027090736,0.0004877709,4.3459032577,4.6,5.5601983853,1.13640362,1.47415825,0.54181473,0.29905358000000004,95.58104352
261059,40.4,22.2,16.7,28.5,22.0,11.0,3.7,106417.0,3.5,4.6,20.0,4.0,1475.0,21.6,15.4,35.9,7.496064700000001,7.7,10.9,34.8,20.599999999999998,19.486823010000002,11.200000000000001,73.20059657,8.09473842,0.0027773159,0.0005399712,4.1057411273,5.8,5.3744674205,15.58395429,5.90755883,3.31917595,0.40620607,72.2177718
19289,48.5,15.7,26.8,47.6,21.1,15.0,3.3,71635.0,4.3,18.8,30.2,6.5,1072.0,22.1,15.2,32.9,7.749766569999999,19.1,12.1,38.9,21.0,20.954147109999997,13.8,60.867223270000004,9.1148470731,0.0021240222,0.0007265179,4.2578854475,4.6,5.1205503074,13.45386727,5.94726208,1.50235715,0.47142931,76.97767186
957189,38.2,22.1,14.1,42.7,20.0,9.9,6.7,97935.0,10.5,5.0,37.6,9.3,1713.0,14.8,14.3,43.7,9.53059923,13.900000000000002,10.5,36.0,23.7,12.301514880000001,9.3,63.61789542,16.314084052,0.0023695682,0.0004961761,3.9621172582,5.9,4.9555161629,59.85909249,22.75566533,4.32221906,1.55747654,10.98455823
50316,44.6,21.2,19.7,5.0,22.9,10.1,3.6,108332.0,5.0,9.6,18.6,3.1,1600.0,22.4,14.9,33.2,7.10290828,7.9,13.4,32.7,23.3,22.78600136,11.5,67.04868515,8.0196244929,0.0016188009,0.000314973,4.2485672617,6.3,5.1218903054,5.92100251,5.67151672,1.41692694,0.52753866,84.66519388
113814,37.0,24.0,13.3,35.6,19.8,11.3,3.7,113668.0,4.0,9.8,27.5,4.5,1595.0,21.2,16.4,37.5,6.75308384,10.5,13.100000000000001,35.199999999999996,22.400000000000002,19.606754770000002,11.799999999999999,68.25119792,10.794824399,0.0015180299,0.0003669148,3.9400292448,6.3,5.3685147249,15.53161406,6.27336682,3.0239154800000003,0.51005803,71.35000564
24672,38.0,16.7,17.2,6.8,11.6,16.1,7.0,52149.0,3.9,23.6,32.5,7.5,934.0,20.9,18.5,44.0,10.84043849,26.700000000000003,19.7,43.6,31.0,16.71814137,16.1,44.282167369999996,17.082785808,0.0032918507,0.0003660918,5.735462423,6.3,5.2537508132,39.971898839999994,4.70092332,0.99156965,0.49779205,51.2806102
37663,51.4,18.2,29.7,22.1,22.9,16.7,3.2,81667.0,4.4,17.0,27.1,7.2,1204.0,20.5,13.6,31.9,8.157227390000001,13.900000000000002,12.1,31.7,18.3,22.11885762,13.900000000000002,65.07786053,12.929675181,0.0049176427,0.0011694041,5.1126322152,6.0,5.0347795489,12.233297199999999,9.63699336,1.62599477,0.83811437,74.46527245
154645,40.9,21.7,17.7,42.5,13.6,15.3,5.0,73017.0,5.5,7.3,34.6,7.9,1049.0,22.9,16.9,39.9,9.39216883,15.4,16.2,42.3,26.6,17.6634897,15.1,57.22721307999999,19.492045051,0.0032539005,0.0005486101,4.7108571429,6.6,5.947898773,13.16449847,8.43832029,2.18659547,0.485197,72.89892370999999
103815,36.1,22.1,16.2,40.4,17.5,12.2,6.9,69421.0,6.5,8.6,40.3,7.4,1190.0,21.7,17.6,35.3,9.40907109,19.8,16.7,36.7,24.9,18.01606985,13.900000000000002,60.07342628,16.901151105,0.004351145,0.0006443547,4.3161349693,6.7,6.0943407344,27.14026718,7.218511449999999,3.25763359,0.5019084,59.18320611
52827,50.6,17.1,28.0,40.5,20.0,15.3,6.5,76689.0,5.8,58.4,23.4,5.6,1144.0,20.4,14.5,29.4,6.87588152,14.299999999999999,15.5,36.199999999999996,22.2,21.20527212,13.900000000000002,68.30369743,11.049081182,0.0031382105,0.0008469472,4.3106856964,6.8,4.9815810408,12.23163685,4.02429344,1.69832567,0.41904339999999995,79.90253086999999
584548,36.0,20.4,14.8,47.6,17.7,16.4,6.9,58349.0,5.5,15.8,52.2,26.5,1235.0,23.5,18.4,41.5,12.06268432,26.200000000000003,16.6,38.5,27.200000000000003,18.80554545,15.5,66.83048016000001,26.263433408,0.0066856675,0.0011587204,6.4622551721,6.5,6.231689593,59.93429327999999,8.20449403,2.85755229,0.6193840100000001,26.59866004
229436,54.5,14.5,31.6,15.6,25.2,13.8,4.5,90447.0,3.0,39.4,18.6,5.0,1536.0,22.5,13.8,29.5,5.96885813,11.5,10.9,26.5,17.7,23.90093632,9.1,70.39604901,5.1894905403,0.0054588215,0.000899269,4.658597098,5.9,5.2628963365,3.66366755,3.7598981599999997,1.77055689,0.7383433699999999,88.50713099000001
128763,47.5,16.4,24.1,37.2,20.5,14.9,5.3,69744.0,2.1,19.6,29.8,9.4,1003.0,25.1,16.9,36.4,8.86426593,16.5,13.100000000000001,28.9,22.8,23.85615253,11.200000000000001,66.64536061,8.8475836431,0.0101168604,0.0010959373,4.9951817933,7.8,5.7956934289,3.41828447,5.9068901899999995,1.86408869,0.42738413000000003,86.3213424
576699,41.0,20.6,17.2,40.1,19.2,14.3,5.7,80628.0,2.9,5.5,38.1,9.6,1116.0,23.8,18.6,34.6,8.60615966,18.4,14.6,33.0,23.799999999999997,23.63716547,11.4,62.38762213,9.9576134084,0.0059896088,0.0005050296,5.383401387,6.3,5.8275348705,6.74015753,10.43154401,2.69489431,0.7477988,77.76969996999999
20543,49.2,17.9,25.1,20.2,23.5,10.0,7.0,93225.0,6.5,60.8,23.4,3.9,1636.0,23.4,14.7,33.0,5.3067993399999995,11.600000000000001,11.0,28.599999999999998,18.6,23.17693947,8.7,71.31053477,5.5690915419,0.0062442961,0.000474001,4.655846493,5.5,5.3957405773,5.11071617,3.3959364,1.3353187,1.21523608,86.58917335000001
806103,40.9,21.0,17.6,31.1,24.7,12.0,5.3,94378.0,2.9,5.2,36.3,9.9,1580.0,22.3,15.3,35.1,7.3014315199999995,12.5,12.0,30.8,20.4,21.50908437,10.100000000000001,69.27233572,9.1930944633,0.0068548024,0.0007409482,5.3974760004,5.6,5.234557128,3.7256400199999997,24.46805228,4.16361659,1.05371138,66.19025811
70980,47.1,16.9,23.2,29.5,21.3,16.8,5.7,70383.0,2.2,9.2,30.4,7.3,1109.0,25.4,16.1,32.7,6.42836552,14.6,10.5,25.8,16.5,20.247254549999997,11.600000000000001,67.58087201000001,6.2790297609,0.0097266926,0.0006336689,4.4994145395,8.4,5.853331046,1.4865322699999999,5.53673273,1.8451070100000002,0.52939183,88.72183635
464575,39.5,21.2,17.4,41.7,17.2,16.3,6.2,66619.0,3.1,6.9,38.3,12.2,1051.0,26.8,18.9,38.4,8.97879964,26.400000000000002,17.299999999999997,35.9,31.1,20.22799612,13.3,59.638589919999994,15.049081045,0.0116687052,0.0006656322,5.5477647059,8.6,5.9945631511,8.11573548,27.41483105,2.8312524,0.79471465,59.70983573
153931,39.3,15.1,19.1,18.8,24.7,11.7,5.3,84025.0,2.0,7.2,31.1,7.4,1263.0,27.4,17.4,31.5,7.48049564,11.700000000000001,12.6,27.700000000000003,20.200000000000003,22.28336235,9.3,78.12851958,1.4590831399,0.0112490923,0.0012811626,4.835768039,6.8,5.7809753025,3.00303996,7.4559082299999995,5.66269954,0.37538,81.54176564
1623109,38.8,19.5,15.7,18.7,28.9,9.7,4.4,121304.0,2.5,4.4,38.5,10.5,2004.0,23.7,14.8,30.6,7.137970559999999,7.6,8.5,22.1,15.6,20.70049578,8.3,82.75837096000001,3.7944600883,0.0071874046,0.0012460195,4.9388341056,6.7,4.8052523473,5.48710799,9.39147216,14.658130289999999,0.30709036,68.12886095
529548,42.7,21.0,18.8,21.8,25.2,11.2,5.2,105387.0,2.4,7.5,22.7,6.3,1550.0,23.8,16.8,35.2,7.21040189,8.5,13.100000000000001,30.2,19.8,23.77958425,7.6,71.51193979,5.2876334826,0.0064785133,0.0006341428,4.7315361555,7.6,5.3266219507,11.83617656,5.03597929,1.81913964,0.33289247,79.10866268
785443,33.6,16.4,12.6,31.6,26.6,12.2,6.7,87669.0,3.5,8.9,63.8,31.8,1953.0,23.2,17.3,34.3,8.27210476,20.3,12.5,28.000000000000004,24.7,21.05708191,12.2,78.63665517,7.2496624806,0.0110928197,0.0015740783,7.6494989074,8.5,5.3800881739,19.416208479999998,23.40228389,9.885414970000001,0.76598237,45.0144126
858898,40.2,20.8,16.2,32.7,22.4,12.6,5.6,88524.0,2.5,6.0,34.1,8.7,1263.0,25.6,17.2,34.6,7.5651804700000005,13.4,13.8,32.7,22.5,20.77106054,10.100000000000001,69.25972679,7.6034688258,0.0060643744,0.0009338433,4.9909919777,8.1,5.4495520967,5.5040802200000005,13.94171648,5.7413717900000005,0.46189376000000004,72.71077652
10238,59.3,12.9,36.1,24.5,12.3,23.0,6.3,50295.0,4.3,53.2,10.3,3.5,801.0,25.3,15.7,32.6,7.05128205,25.6,21.099999999999998,36.6,27.3,20.47861206,18.099999999999998,55.731475620000005,22.169437846,0.0014300696,0.0004885198,4.1490949119,6.0,5.9816366462,0.80083897,1.73515111,0.49575746000000004,0.8580417599999999,94.52760033999999
8866,47.2,18.0,25.0,64.6,14.7,18.3,5.1,55528.0,3.5,47.3,18.1,5.9,716.0,24.7,16.8,33.8,8.747044919999999,16.0,17.8,34.699999999999996,23.9,21.82420439,15.6,55.38694991999999,16.467065868,0.0009135549,0.0007935608,4.0313177928,5.3,5.8372684574,7.6053443,1.8271097399999998,0.51387461,4.6705492699999995,82.4940048
120189,40.4,23.6,17.4,25.3,16.1,10.6,3.4,75543.0,5.1,14.0,14.9,3.1,1004.0,25.8,17.2,30.8,7.107288370000001,12.2,16.6,31.6,23.200000000000003,21.68475986,12.1,58.2029261,12.938715426,0.0010825085,0.000206697,3.7215470499,6.0,5.5521911611,1.34821509,8.37303898,0.96441663,0.76103626,87.06812423
28911,47.6,18.6,24.0,30.6,10.3,19.9,7.4,49133.0,5.5,18.9,20.9,9.0,638.0,27.9,18.1,33.1,7.946278680000001,19.6,20.200000000000003,38.7,25.6,21.13552306,17.599999999999998,64.14204903000001,16.279069767,0.0042208691,0.0007614301,4.7065197344,6.1,6.1050993848,0.70232494,1.71256573,0.57085524,0.82687517,94.71699419000001
23662,51.5,17.2,27.9,30.1,19.9,15.5,4.6,68850.0,5.6,39.0,13.0,3.6,919.0,25.2,15.5,30.4,6.495589409999999,15.7,13.100000000000001,34.8,18.6,22.73776269,14.000000000000002,64.19403959,12.295081967,0.0006145274,0.0006719019,3.8457878198,6.6,5.6457561411,0.51210619,2.22049244,0.37281331,1.3642508899999999,94.06366504
15031,50.0,18.3,25.6,31.7,9.6,19.5,7.2,53487.0,5.7,33.5,14.9,7.3,665.0,27.1,17.7,32.7,7.832009080000001,22.8,20.200000000000003,38.3,25.5,21.479927970000002,17.299999999999997,57.875579089999995,18.216318786,0.0019148234,0.0004006678,3.8236618872,6.1,5.8081153615,0.65368108,2.38362496,0.38296467,1.29415649,93.37735226
8245,46.5,17.0,22.9,54.9,10.3,19.7,4.9,51911.0,4.7,36.2,23.1,7.9,562.0,26.5,18.5,36.2,6.311637080000001,19.1,19.2,38.3,24.6,20.89762483,16.6,45.91226321,19.423978567,0.0016847172,0.0007303713,4.5163525621,4.8,5.9920160924,7.78580024,1.97352587,0.40914561,13.92298436,72.14199758999999
62581,42.2,21.9,18.8,26.9,16.4,13.6,5.3,75182.0,4.9,11.6,13.8,3.4,966.0,26.2,17.2,32.3,7.098911500000001,10.6,13.700000000000001,33.800000000000004,19.7,20.94694514,12.5,58.731105809999995,11.845242674,0.0013007773,0.0003016256,3.7427519305,7.7,5.6899431638,0.8588264800000001,3.7769558699999997,0.63785105,0.64255266,92.54168756
103752,43.6,19.8,20.8,58.0,13.9,15.8,4.8,57887.0,5.2,7.4,24.4,6.9,786.0,26.9,17.6,32.1,8.14382299,16.1,14.7,37.2,20.1,20.9220747,16.2,64.5052564,16.569637259,0.0029365854,0.000446667,4.3800434164,4.7,5.8411598876,1.84780488,6.00780488,0.65268293,0.71414634,88.88780488
18058,50.4,17.3,27.0,1.2,19.7,15.6,4.5,71327.0,6.7,41.1,11.9,2.9,970.0,25.7,15.8,29.9,6.55412115,14.099999999999998,15.9,35.0,21.3,22.345746899999998,14.099999999999998,68.77615063,14.783180026,0.0017894908,0.0006036328,3.7082739791,6.6,5.5133090887,0.7537552200000001,2.54324603,0.61818773,1.4749742399999999,93.24873922
153938,42.5,21.5,20.4,39.2,18.4,13.8,6.6,60379.0,6.3,17.5,27.0,7.8,885.0,25.7,17.2,37.6,8.35463842,17.0,17.1,40.0,24.9,19.70495213,14.899999999999999,68.95049060000001,21.508049978,0.0031656169,0.0007968596,4.8312681944,8.8,5.7467650772,13.570776500000001,6.42318125,2.14697132,0.71718956,74.65536152
44795,40.9,23.2,18.8,24.2,11.3,14.7,4.9,60600.0,10.7,19.3,22.6,6.4,899.0,27.5,18.6,35.0,7.40927419,20.4,19.6,39.6,26.6,20.286763099999998,15.299999999999999,50.38673003,23.610216785,0.0017914409,0.0003556741,3.8711555322,8.0,5.9107240867,2.47926573,7.010947689999999,0.72542298,0.57724207,87.7695455
134011,40.0,22.9,18.0,29.7,14.5,14.3,6.8,58191.0,5.8,11.0,28.3,7.4,897.0,26.9,18.5,34.6,9.23240526,19.400000000000002,18.2,38.9,26.1,19.65327285,15.1,57.015807269999996,22.376910017,0.0040190153,0.0005754041,4.4370967742,8.0,6.1752250336,10.88658279,6.07801089,2.7930657,0.84504296,75.90840244
51604,45.3,20.4,21.5,40.7,13.6,16.3,5.0,65183.0,5.7,18.4,18.5,4.1,835.0,26.9,17.7,34.4,7.69930282,16.7,18.0,35.099999999999994,23.3,20.860449,14.6,59.55774854,20.069330414,0.0010650246,0.0002136628,4.6404279835,8.7,5.8229583249,4.75194609,4.6009062400000005,0.87719298,1.2063824,85.66283258
26174,49.5,18.2,25.4,29.4,20.0,14.2,3.8,69764.0,7.2,30.1,18.3,5.5,894.0,24.7,15.5,35.5,6.55737705,13.0,18.2,36.6,23.9,21.96581402,13.3,65.39966462,12.917777322,0.0032111319,0.0008433643,3.9953370675,6.5,5.7294475063,0.5925303,2.2286784699999997,0.6766313700000001,1.7087809200000001,93.17634466
25709,52.0,15.7,28.2,28.2,13.4,19.1,7.2,59557.0,6.0,39.9,15.1,4.7,787.0,26.7,17.0,32.3,9.40740741,22.900000000000002,17.299999999999997,36.8,23.5,21.191885890000002,17.0,50.17921147,16.932752782,0.0014204545,0.0005436471,4.1994768828,6.1,5.7660306247,0.99431818,1.86962531,0.46068795999999995,3.2286547899999998,90.95899877
36670,40.8,17.9,18.8,33.7,14.4,18.0,7.7,58408.0,6.9,32.4,26.4,7.7,785.0,26.8,19.3,33.9,6.39844886,17.5,20.1,39.300000000000004,24.8,21.27907037,17.4,55.76776994,13.425549227,0.0044948158,0.0007062147,4.2388588331,5.8,5.9158105843,6.058349880000001,2.32461946,0.70041915,16.64460622,69.12640635
30998,48.2,19.7,24.4,49.8,7.2,23.3,9.3,47816.0,11.7,45.6,14.9,7.8,750.0,28.1,18.9,33.3,7.72706733,28.799999999999997,20.1,42.3,26.0,19.274726389999998,20.599999999999998,48.138840900000005,24.020694752,0.0012453698,0.0002897151,4.1291043109,6.9,6.3502979349,0.8494060499999999,2.3789756,0.31293907,0.9547834999999999,94.03819134
79249,41.4,21.8,17.8,18.5,20.4,12.9,3.7,82594.0,4.0,5.6,18.0,2.6,1022.0,27.0,16.6,29.4,6.538610790000001,7.3,12.6,35.9,18.2,22.635140449999998,12.2,78.83955549,7.2083879423,0.0014801806,0.0003021681,3.9948510574,7.5,5.3667469281,1.94932263,5.33492223,1.76869042,0.57451079,88.40316106
13197,51.4,17.5,25.9,38.4,11.8,22.0,6.1,57998.0,5.5,43.1,17.9,7.2,834.0,27.5,17.5,32.2,7.89808917,21.9,19.2,38.2,25.0,21.255785420000002,17.7,57.64125901,24.586689275,0.00192052,0.0007573463,4.4731709359,6.7,6.0513979521,0.7682080099999999,2.4375831,0.74604816,0.83468755,93.66967056
36839,47.6,19.5,24.9,13.8,13.8,17.7,5.2,53852.0,5.3,20.0,21.6,8.9,655.0,28.1,17.6,29.3,6.16740088,16.8,16.8,35.6,20.7,23.11956537,16.3,66.65796685000001,14.992071501,0.0017396032,0.0008146418,4.6455514208,6.3,5.9899058057,0.47023648,1.5303071499999998,0.5517803800000001,2.88937211,91.84289208999999
25937,47.2,19.7,23.1,22.4,16.5,16.7,3.8,59651.0,4.9,17.1,16.8,6.9,710.0,27.5,17.0,29.8,6.333739339999999,14.399999999999999,16.0,32.300000000000004,21.2,22.74860934,14.000000000000002,74.84400071,12.612991381,0.0038873066,0.0007368054,3.9775671406,5.9,5.612415871,0.5465322100000001,2.05526903,0.83134478,1.11230852,94.00354091
109072,41.2,20.5,19.2,27.1,20.4,15.8,4.8,77158.0,4.4,5.4,26.1,4.3,1013.0,26.8,17.4,31.9,8.36241611,12.0,13.600000000000001,34.9,21.0,20.47823254,12.8,74.23524343,12.445911585,0.002168719,0.000330445,3.591507899,7.8,5.4445619138,6.99411873,6.46939901,2.4839184,0.56974821,81.05495313
34072,45.8,18.4,23.2,16.9,22.2,12.8,3.8,69690.0,6.2,33.3,24.0,5.3,985.0,25.3,15.8,28.4,6.911684040000001,10.6,13.8,31.4,19.400000000000002,22.10806183,13.700000000000001,71.18248931,9.1204204668,0.0046010023,0.0011687363,4.3825329354,6.3,5.6349238747,0.77367172,2.17155584,0.63007356,3.7042463999999997,90.79506491000001
405280,40.5,22.3,18.0,52.4,14.8,17.7,8.5,58594.0,4.8,9.6,29.6,7.9,893.0,27.2,19.3,38.2,10.63932838,24.8,16.0,39.1,23.9,18.58186369,16.0,63.40821696,19.937694704,0.0036461265,0.0008287812,4.5597836366,6.1,6.3027295637,19.88857398,4.360159589999999,1.14439557,0.57481284,71.27006739000001
25461,50.7,18.8,26.8,35.6,9.4,20.1,6.9,53717.0,8.6,36.1,12.3,6.8,680.0,26.9,17.8,32.6,7.181008899999999,22.1,18.8,38.1,24.0,20.194029229999998,16.8,58.18446199,15.813953488,0.001508529,0.0001569551,4.2452881514,6.5,6.170438895,0.55699532,2.32081383,0.44869067,0.71558426,94.99091014999999
14597,50.6,16.4,27.7,25.7,14.7,16.8,6.0,47913.0,5.1,33.3,17.4,8.3,503.0,26.2,17.0,33.2,6.18686869,26.1,17.599999999999998,37.3,24.5,21.07964867,16.0,59.887193100000005,15.257192677,0.0022497188,0.0008355964,4.7125671628,5.3,6.1093155026,0.7874015700000001,2.08802025,0.48509560999999995,3.34645669,91.41591676
95315,42.8,19.7,20.7,22.6,23.0,12.4,3.9,75553.0,5.1,15.9,24.1,5.8,1147.0,25.5,16.3,30.1,6.55021834,9.1,13.4,30.8,17.7,20.927605160000002,13.4,76.6659597,9.706120248,0.005673038,0.0013248487,3.8289012233,6.9,5.4941150522,0.83176901,3.4587901,0.9230354399999999,1.25283911,91.88143662
41534,39.6,19.3,17.5,19.6,12.3,15.7,4.9,57934.0,5.1,8.4,21.8,5.2,757.0,26.9,18.8,31.9,6.90166976,19.400000000000002,15.8,35.6,21.2,21.346550110000003,15.299999999999999,56.055331620000004,13.827655311,0.0023448076,0.0004814173,3.9881496881,6.9,5.6897508716,6.24395668,7.716109070000001,0.57532392,0.80497003,83.75555985000001
45698,42.8,21.4,20.4,34.1,11.5,15.2,4.4,59425.0,7.0,17.9,20.1,6.1,770.0,29.3,18.8,33.7,7.812049579999999,18.9,20.200000000000003,36.8,26.400000000000002,20.84884276,15.6,56.321957239999996,15.880176847,0.0017548863,0.0001976024,3.980534406,8.0,5.7394198616,0.66905039,2.91091759,0.48698094000000003,0.60324215,93.83596201
37414,31.9,19.7,17.4,31.9,19.0,11.4,6.2,52736.0,6.3,24.2,31.0,9.1,743.0,26.3,18.5,28.8,5.74892452,14.000000000000002,15.9,34.2,21.3,20.86431552,15.0,72.72011547,9.3296143118,0.0023138913,0.0006968081,5.1083206038,4.9,5.7527300262,1.00800553,1.8803691599999999,2.56655762,0.83778824,92.43596904
31461,49.3,19.1,26.1,14.8,11.0,15.9,5.3,54475.0,6.1,33.3,18.2,6.2,710.0,26.5,17.2,33.2,7.70423992,18.099999999999998,20.3,38.800000000000004,24.9,21.104902629999998,14.7,61.035778470000004,11.03907482,0.0015843761,0.0005759631,4.3370063541,6.3,6.036208053,0.72751964,2.89714489,0.64991755,0.46237915,94.24774469
282540,33.0,19.6,14.2,35.6,22.4,13.6,6.4,62548.0,5.0,7.8,41.2,9.1,1027.0,27.2,18.4,34.5,8.847677,16.7,14.499999999999998,34.0,20.200000000000003,18.506221749999998,14.899999999999999,76.23391654,10.406180242,0.0051925786,0.0011547913,4.9069829323,7.0,5.7053472481,11.73318999,8.73357996,6.67095283,0.62711454,68.40783173
66663,39.1,21.2,15.3,28.3,12.1,13.3,5.3,71720.0,6.7,7.7,22.9,5.3,870.0,26.8,18.7,35.5,7.436947620000001,14.799999999999999,17.5,38.7,23.599999999999998,21.12464971,13.3,57.49869178,18.098493087,0.0016298935,0.0002529875,3.6853643786,7.5,5.4341411657,5.47221635,5.44957894,0.48745888000000004,0.7228879300000001,86.45830189
25319,53.1,16.5,30.0,43.2,9.6,20.7,7.4,46224.0,6.4,42.0,18.9,7.5,696.0,27.0,17.2,32.2,8.74352332,27.200000000000003,21.4,38.2,25.6,21.15807338,17.8,58.206146770000004,29.54020036,0.0021676585,0.0003153455,4.6413712426,6.1,6.1224754665,0.86706341,2.97166279,0.78035707,0.9301225700000001,92.69302014
11585,53.4,17.2,30.5,88.9,12.8,20.8,4.6,52241.0,6.0,42.2,15.9,7.7,627.0,25.6,16.5,33.2,10.26936027,25.5,19.2,37.1,25.2,21.7577671,17.2,53.47968239000001,22.071307301,0.0011925043,0.0006875806,4.4527775277,5.4,5.9481460364,0.73253833,2.37649063,0.4770017,1.6269165200000002,93.27938671
64938,28.9,17.3,13.3,44.7,16.5,14.4,7.2,52638.0,7.8,13.0,38.3,7.0,840.0,30.5,21.7,33.7,8.2515194,16.3,18.4,38.5,25.7,20.98556977,17.599999999999998,67.50849927,7.953670784,0.0038834649,0.0004937281,5.223787696,6.8,5.9185345949,2.53283009,5.24189775,1.63448642,4.06126205,84.18072928
160637,41.1,21.1,18.2,45.1,14.9,14.9,6.3,62581.0,5.7,10.2,25.6,7.0,920.0,27.0,18.5,40.8,9.361592589999999,18.9,19.900000000000002,39.7,25.5,19.9750621,14.299999999999999,58.00185014,21.06783844,0.0034938278,0.0004311153,4.0622025493,8.2,5.6170660624,7.75541951,4.1706393,0.86937977,0.45915295,83.79792252
261426,34.6,21.4,15.5,35.2,24.6,12.4,6.4,67905.0,4.9,7.3,36.0,6.8,994.0,28.9,18.6,28.4,8.237789789999999,14.499999999999998,15.6,35.699999999999996,22.900000000000002,19.83613161,13.5,76.2692222,14.499539573,0.0054230307,0.0009880969,4.6701393497,7.7,5.6823310767,11.318193090000001,6.07364186,2.9677936,0.53353164,75.74128101
17934,43.3,20.4,20.5,36.8,10.8,18.6,4.6,56380.0,7.3,36.7,13.8,5.3,791.0,27.8,18.5,34.2,7.44416873,20.4,19.900000000000002,35.699999999999996,25.3,21.514607159999997,16.6,56.38273046,22.215550886,0.0008653326,0.0002224818,4.08261097,6.8,5.971823949,0.8436993,2.41211466,0.7463493800000001,0.9572742000000001,93.16387236
657321,35.6,23.7,14.2,25.0,24.9,10.7,4.5,76247.0,5.0,4.6,30.0,6.7,1111.0,27.5,17.0,32.5,8.68851609,13.0,15.6,33.5,22.5,22.02228121,12.4,73.27729072,15.051771922,0.0052150588,0.0009361048,4.0641145176,7.8,5.3037089286,9.91163583,11.69585426,3.5137006800000004,0.71686268,71.87920539
12285,51.8,14.9,27.8,41.7,8.8,26.0,7.5,45946.0,7.0,66.2,15.8,9.3,764.0,26.4,18.3,36.0,10.7946027,33.0,24.6,42.0,30.9,19.532123069999997,19.8,41.5218231,29.885057471,0.000942359,8.1248e-05,4.1511000811,6.5,6.1092189511,9.69844511,9.09376472,0.34553165,1.35071462,76.74729072000001
88687,44.5,20.2,18.9,30.4,12.7,14.4,5.3,75402.0,6.4,7.1,14.5,4.3,908.0,26.2,17.5,34.8,7.51276441,12.3,17.8,35.5,24.7,22.804446780000003,13.4,61.31597257,10.060026679,0.0016296346,0.0003615288,3.9100200512,7.4,5.8540195816,1.39024692,5.20022028,0.72715421,0.5417130299999999,90.82234735
22426,55.2,15.6,32.4,20.7,28.1,13.9,3.2,82345.0,4.7,40.2,10.1,4.0,1157.0,23.6,13.4,27.9,6.60287081,10.299999999999999,11.0,31.2,16.5,22.314196820000003,11.799999999999999,76.77514793,4.7534165181,0.0006516356,0.000442028,3.9691867477,6.3,5.0893465748,0.5734393299999999,4.35727008,0.6777010299999999,3.1452278600000003,90.17767931
99263,42.0,20.7,19.5,41.2,14.4,14.1,5.6,65484.0,5.5,11.5,21.4,5.2,924.0,27.7,18.2,36.4,7.94113138,13.200000000000001,16.7,42.4,24.8,19.4107326,13.8,59.265285150000004,13.453326599,0.0027276456,0.000222321,3.8676113233,8.2,5.8778940132,2.25389664,9.11402789,0.50553733,0.6101312600000001,85.70139459
194302,43.6,20.6,18.3,24.1,25.8,10.9,4.0,96135.0,3.3,4.9,14.1,3.0,1207.0,25.3,15.5,30.9,6.55094718,5.7,13.5,35.4,19.2,22.91297565,10.100000000000001,77.85424113,3.6378831453,0.0024243102,0.0004922723,3.795546728,8.6,4.9249242549,0.68765025,2.9477985500000004,1.05104266,0.47469722000000003,93.59311232
5442,47.7,18.8,25.8,35.9,10.0,24.5,8.3,51015.0,2.6,46.4,17.6,5.6,746.0,24.6,17.7,35.0,9.06515581,26.900000000000002,21.099999999999998,39.0,27.500000000000004,20.29010136,18.5,53.260869570000004,27.713625866,0.0015540016,0.0013185157,4.2588896875,5.1,6.1297876894,13.053613050000001,2.0823620800000002,0.26418026,5.76534577,75.66433566
10843,52.7,15.2,28.8,57.3,16.0,19.0,10.1,60620.0,11.2,50.6,24.0,12.1,749.0,25.9,17.3,33.1,6.05536332,19.2,17.1,38.1,24.0,20.0263112,18.7,54.925650559999994,9.2592592593,0.0021196203,0.0006418485,4.3001691775,5.7,5.8946906537,4.11022026,2.6172703,1.07824164,15.86028937,71.89199152
878453,41.0,20.8,17.5,24.4,17.3,14.0,5.7,73876.0,5.1,4.3,25.2,5.8,1124.0,26.0,17.4,38.2,9.23531111,14.299999999999999,19.1,36.7,26.200000000000003,20.74084456,12.6,68.37206438,8.6010201076,0.0024362902,0.0005428882,4.1386548539,6.0,5.7428103912,13.85268672,3.25642412,5.2393952200000005,0.33961794,74.74074421
25058,50.0,17.0,26.6,46.3,15.8,18.9,6.6,59467.0,4.5,36.2,13.9,5.0,801.0,26.2,16.9,31.2,7.59398496,20.4,17.4,38.0,22.900000000000002,21.012933240000002,15.299999999999999,54.13675859,20.791860208,0.0017604256,0.0005128205,3.7954924295,5.1,5.6009783679,3.4113136699999997,3.64994914,0.41859009,2.40591503,88.43595963
66376,39.1,17.7,19.7,10.2,23.8,14.6,5.6,63115.0,4.1,18.6,28.8,6.0,904.0,27.8,18.1,29.8,6.18210036,13.4,15.9,32.0,21.4,21.41211303,15.0,74.77087905,6.3462216477,0.0050448514,0.0011497209,4.2279029463,5.6,5.9550280174,1.50300751,2.0910759899999998,0.81792266,2.07316527,91.54017223999999
29178,46.7,20.1,24.9,52.5,14.4,16.5,4.8,60744.0,6.6,29.5,21.9,6.8,846.0,26.5,17.0,32.0,6.870669749999999,21.5,18.0,39.4,22.0,21.003691890000002,15.9,62.21937139,17.970797454,0.0036009465,0.0007827655,4.1759056564,6.7,5.5836141162,0.87794506,5.0721904,0.88137453,1.0802839599999998,90.52093692999999
40128,40.6,19.5,19.7,35.8,14.8,17.5,5.5,54132.0,7.8,23.3,24.1,6.2,844.0,28.9,18.9,34.5,7.180756990000001,24.099999999999998,19.8,33.4,24.6,19.985958309999997,16.6,54.755178910000005,12.350443844,0.0018735249,0.0004746322,4.1222906596,6.9,6.0905875521,2.347989,3.07063432,0.8370033299999999,0.8272707400000001,90.63237548000001
23433,49.6,17.8,25.5,37.6,11.1,16.4,4.5,54074.0,5.0,25.1,19.4,6.8,663.0,27.3,17.2,35.2,5.93155894,20.200000000000003,20.200000000000003,37.3,24.8,21.56386295,14.499999999999998,60.143198090000006,18.536585366,0.0012203094,0.0003433624,4.4942740286,6.8,6.120387206,0.84985836,2.67596426,0.50991501,3.1510132900000003,91.56679015
83503,41.7,21.1,19.5,17.1,21.3,13.8,5.0,73643.0,3.9,7.0,22.0,5.8,931.0,25.9,16.3,29.6,6.55373032,14.099999999999998,15.4,31.1,21.3,22.25542591,13.700000000000001,74.88325069,8.6656094246,0.0036054689,0.0010065063,4.9064879977,6.5,5.2661653219,1.36365259,3.5923797299999998,2.21206821,0.5592641500000001,90.52820714
15089,42.6,22.3,20.9,15.5,11.9,18.1,6.9,57667.0,9.1,32.9,19.0,3.9,808.0,27.6,18.2,33.6,6.09002648,16.6,20.5,38.3,25.900000000000002,20.92291843,15.299999999999999,57.35795455,21.276595745,0.0006531252,0.0001982816,3.9131666375,7.9,5.9191325061,0.56168768,3.5268761000000004,0.60740644,0.86212527,93.14218536
154823,42.6,21.1,18.9,17.5,14.5,14.8,5.7,72573.0,3.6,5.6,19.2,5.2,996.0,26.7,17.8,35.8,7.721896340000001,12.9,18.3,38.0,24.3,20.89898599,14.000000000000002,64.2619431,12.590494177,0.0020832661,0.0003542126,4.3833217596,9.1,5.9471424628,2.90625302,4.53545745,0.70689155,0.43793736999999994,89.6571963
66901,40.6,21.1,17.4,18.6,9.9,16.5,4.2,61250.0,8.4,14.2,18.4,6.0,823.0,27.2,18.9,36.0,7.28274174,18.4,20.9,39.2,25.6,20.305901730000002,14.7,47.77250113,20.41289724,0.0029932212,0.000312407,3.6994669404,7.3,5.9455878013,4.25800393,4.51917716,0.44898319000000003,0.7057546100000001,88.64923555
9261,56.2,15.1,31.9,5.3,10.1,24.0,6.2,46345.0,6.5,47.7,15.8,7.4,802.0,26.4,16.9,32.6,7.90513834,25.1,20.7,38.0,25.1,20.48056492,20.200000000000003,58.46666667,27.888446215,0.0016532341,0.0007529311,4.4052415412,6.0,6.1023679178,0.56829924,1.94255011,0.42364124999999997,0.8989460600000001,94.50299649
175947,39.4,22.6,17.6,41.4,14.4,14.3,7.5,61347.0,4.9,10.8,22.7,7.1,915.0,27.6,18.5,38.3,9.94779796,16.3,20.4,43.0,26.1,19.624305319999998,14.099999999999998,57.47372172,25.467775468,0.0026959063,0.0005608716,4.122372857,7.3,6.1797064949,13.261480259999999,6.40787476,0.70059582,0.9316734999999999,75.80367459
50130,42.4,22.1,19.8,35.6,12.4,18.6,4.7,59065.0,7.5,22.9,14.4,4.4,854.0,26.9,18.2,32.4,7.898370620000001,17.9,18.8,39.2,26.200000000000003,20.05568855,16.2,54.1508784,19.360431516,0.002250137,0.0003578813,4.0616748056,7.1,5.7644748301,1.10354543,6.34147296,0.53024967,1.01745324,89.42435627
1272264,41.1,20.5,17.5,23.6,27.9,11.4,4.8,92620.0,4.1,5.5,28.1,5.5,1243.0,20.8,14.8,31.1,8.17917027,9.5,12.3,29.7,18.9,19.77195066,11.0,82.0883968,6.2998055328,0.0045976704,0.0013779343,4.6190042128,7.5,4.8774809854,13.650617979999998,5.14811567,8.75493732,0.34098798,69.974481
26707,43.8,21.9,21.3,43.4,12.5,16.9,5.0,60691.0,8.9,36.4,15.3,4.8,796.0,26.4,17.5,31.4,7.496012759999999,20.7,18.0,37.9,24.9,20.659422969999998,16.400000000000002,51.035527869999996,21.421975993,0.0004818205,0.0004848033,3.8042550308,6.8,5.7234523467,1.0081168200000001,15.55909714,0.35209963,1.42322375,80.86801824
20820,50.6,18.1,26.5,57.4,9.8,22.4,7.1,50377.0,5.0,40.8,17.7,5.7,782.0,27.5,17.8,37.0,6.96400626,22.7,20.5,38.3,26.900000000000002,20.9335301,18.8,56.63824604,21.340629275,0.0009528347,0.0001447457,4.44848539,6.2,6.2375381571,0.6955693199999999,2.27251072,0.8146736499999999,1.03382563,93.76369700000001
23022,43.5,22.5,21.3,26.9,11.1,19.6,7.7,54875.0,9.1,29.7,16.7,6.9,739.0,27.6,18.6,34.2,8.43307943,21.7,19.900000000000002,38.7,25.5,20.90275233,16.7,54.281194379999995,22.357723577,0.0014144878,0.0003029647,4.0391173901,6.8,6.1434310498,1.0672953299999999,2.27603943,0.4029147,0.83154736,93.36048007
8264,52.0,19.6,28.3,27.8,9.4,23.0,8.9,48692.0,14.9,54.8,12.7,7.2,736.0,27.2,17.8,32.3,6.206896550000001,27.800000000000004,19.7,36.9,25.1,20.58844687,18.3,58.90957447,25.984251969,0.000702165,0.0001203225,3.9723590221,6.1,6.3642739175,0.72557051,2.2820362800000003,0.43300175999999996,1.17027501,93.82094792
25221,44.6,20.9,21.7,50.0,17.3,16.7,4.8,62865.0,7.5,27.7,23.9,5.9,865.0,27.3,17.5,34.4,6.993424989999999,15.299999999999999,21.6,34.4,26.3,21.979782,15.1,68.01242236,16.843793864,0.0031848371,0.0008699435,3.9195513569,6.4,5.7744335443,0.69522663,2.14782305,0.68357479,0.9399153299999999,93.63032586
296183,35.8,23.4,15.7,22.0,24.2,10.1,3.8,83932.0,3.4,5.5,21.8,3.9,1080.0,26.5,16.8,28.3,6.423690210000001,7.5,14.799999999999999,35.9,20.1,21.29424429,10.9,73.85836922,6.4878648719,0.0027754704,0.0006618598,3.8452581884,7.4,5.3793565825,1.7839484199999998,10.4007621,2.92775866,0.5577310999999999,82.9067943
13083,56.1,15.7,32.3,31.1,13.5,18.5,6.4,55986.0,6.0,38.0,10.6,5.7,633.0,26.3,16.3,32.9,6.976744190000001,18.8,19.1,35.9,25.4,20.84402067,16.7,70.55679287,14.832535885,0.0006021829,0.0001527534,4.0757908527,5.9,5.9381297251,0.61723749,1.8366578800000002,0.65487392,1.02371095,94.79864509
23556,57.0,14.5,33.1,30.3,10.5,24.0,5.7,49898.0,5.4,51.0,16.9,7.9,776.0,26.0,16.1,31.5,7.364685,27.1,18.2,35.4,24.4,20.76539142,19.6,65.49912434000001,25.970058051,0.0011733646,0.0004654509,4.1983140561,6.9,5.9683562887,0.6202070199999999,2.06176927,0.73754348,0.94288229,94.25470392999999
189821,41.0,21.4,19.6,48.5,14.9,17.7,6.6,56579.0,4.5,9.4,27.3,8.0,876.0,26.5,18.5,35.5,10.07199273,22.6,20.5,43.0,28.7,20.99416183,16.5,62.93178133,19.808743169,0.003615895,0.00086502,4.7617167036,6.6,6.2609503817,18.180656289999998,9.33582558,1.29405374,0.6086845399999999,68.50017574
160257,44.1,20.5,19.4,47.3,12.5,16.7,6.7,66887.0,4.7,8.6,19.7,5.6,982.0,27.5,18.3,35.4,7.3368777199999995,14.299999999999999,16.0,40.8,23.5,23.425398610000002,14.399999999999999,63.72900028,13.659105559,0.0028522461,0.0004373551,4.0792154622,6.8,5.9831987373,2.41377585,3.79673993,0.60547681,0.55105896,90.49876778
60887,39.8,24.3,18.2,36.9,10.7,16.8,5.3,62281.0,9.1,13.7,25.5,8.2,811.0,27.5,18.5,35.2,6.98374473,14.2,21.5,37.4,29.599999999999998,20.20383487,15.299999999999999,49.3441599,22.427538932,0.0020697132,0.0002797985,4.0058405195,8.4,5.9260773367,2.3785275500000003,9.56338907,0.72439962,0.6899044,84.47386576
40759,45.2,21.1,22.3,42.1,10.1,17.9,6.5,55740.0,7.5,20.6,20.3,6.0,770.0,27.6,18.1,32.2,6.83363148,20.1,22.6,38.5,28.7,19.78027301,16.6,54.998840179999995,14.54886777,0.0020808561,0.0003209401,3.9595307709,6.9,5.4998677779,0.61682521,4.37722949,0.44342053,0.66141498,92.92261197
8062,51.8,17.4,27.5,75.3,13.0,21.1,7.9,55071.0,6.9,36.8,15.7,7.4,572.0,26.6,17.4,35.0,8.84955752,21.9,21.7,37.5,26.8,20.45233879,18.5,67.68499661,14.365522745,0.0029451466,0.000747198,4.2928482393,4.8,6.2990594741,0.5767578800000001,1.8407166499999998,0.35587189,9.60854093,83.94895079
68124,43.2,20.8,19.1,34.8,12.8,15.6,4.1,62498.0,4.8,7.6,22.1,5.8,851.0,28.3,18.6,34.9,7.44725738,16.6,16.8,36.1,22.6,21.13197768,14.7,66.19100568,16.338983051,0.0020727674,0.0003683133,4.1123097086,7.3,5.8846263827,0.67916207,3.13561191,0.54391768,0.56449835,93.66850423000001
53218,44.7,20.3,21.0,48.1,10.3,19.3,6.1,59815.0,5.1,10.3,15.1,5.2,782.0,27.4,18.2,35.5,6.90889072,19.7,20.7,39.4,26.1,21.39613273,15.7,56.04125737,16.932171125,0.0028584409,0.0003023603,3.8134749304,6.4,6.230981998,1.2418127399999999,3.88823685,0.3937455,0.76477492,92.57562564
75636,40.8,23.0,18.9,45.0,14.2,13.4,4.7,65531.0,7.5,20.1,19.9,5.5,843.0,27.4,18.2,33.9,7.44145707,18.3,20.3,39.5,27.1,20.690301790000003,15.0,57.088251830000004,20.534388916,0.0015303834,0.0005022602,4.291915013,8.0,5.9978605739,3.3483733100000004,12.799810019999999,0.7625531,1.17153487,79.88733212
370231,34.4,18.3,14.8,32.5,26.9,10.1,4.7,84245.0,3.5,5.3,38.8,8.1,1335.0,26.7,15.8,27.4,7.734688650000001,13.900000000000002,12.1,30.099999999999998,17.299999999999997,20.57082994,12.5,85.588807,4.3299645972,0.00762442,0.0017759008,5.0229767968,8.3,5.311029513,11.96817824,5.82487087,9.59932811,0.42731769,68.90319968
1781641,37.7,23.6,15.8,48.8,16.0,15.4,9.0,57223.0,5.8,13.1,36.0,12.1,1043.0,24.3,19.7,41.3,11.3370838,29.2,18.8,36.7,24.6,18.77925296,15.4,62.244160640000004,19.853843813,0.0036512752,0.0007014812,5.6705280782,10.7,6.0637749285,37.55245782,6.9966405300000005,3.6835394,0.49367023,48.7449241
33766,42.2,22.9,20.0,33.6,13.0,17.7,6.3,58652.0,6.8,20.1,19.2,5.4,831.0,27.9,18.4,32.8,7.359307360000001,18.7,19.3,38.2,23.400000000000002,21.03871148,15.8,55.78605349,20.292322974,0.0031651134,0.000855432,4.1023255814,6.8,5.9740493899,0.80007034,2.8398100900000003,0.69163589,0.81179298,93.00451321999999
15859,56.2,16.3,33.6,13.3,12.5,20.6,5.8,56406.0,5.6,52.1,15.4,5.2,815.0,23.2,14.0,30.9,5.51378446,16.1,18.9,36.199999999999996,21.9,24.68263041,13.0,62.890625,14.218009479,0.0009315613,0.0008812236,4.638575152,4.6,5.1433230984,0.48441187,1.46565644,0.32294124999999996,2.32890324,93.77096013
363985,38.8,23.6,14.6,20.3,22.7,9.8,4.0,95782.0,4.3,3.0,19.8,4.7,1356.0,24.6,15.5,29.7,6.78478374,7.6,11.600000000000001,35.9,19.0,22.05880523,7.199999999999999,71.63219506,6.6315034822,0.0023090906,0.0004713665,3.549591378,6.2,5.0228294933,9.41598804,6.00256148,6.365572,0.8965178400000001,74.79466546
35202,42.5,23.9,21.4,41.0,18.1,14.7,4.3,68683.0,6.4,28.2,21.8,5.1,854.0,23.9,15.5,27.9,6.540642720000001,14.6,15.5,39.300000000000004,20.3,23.71030827,10.7,69.36559842999999,14.447071185,0.0026358303,0.0007950254,4.0135893739,4.2,4.911303402,0.65187201,2.11149846,0.60085594,7.255618849999999,86.46940453
46274,35.0,24.9,16.6,51.3,19.3,14.8,5.4,62173.0,8.1,16.5,32.2,6.9,935.0,26.9,17.6,31.5,6.21266428,19.6,17.7,41.099999999999994,20.3,20.77579012,12.9,69.39965382,23.714773004,0.0045592705,0.0010780509,4.1164399431,5.7,5.6326285172,0.77486194,2.57288411,0.826234,21.99366411,71.36649685
41300,36.2,25.6,13.6,25.2,16.5,11.2,3.7,70346.0,3.5,5.8,33.5,5.3,907.0,25.7,16.8,28.6,7.27532097,14.000000000000002,13.900000000000002,37.2,19.6,24.85096849,10.0,70.53148274,9.5069644042,0.0002884615,0.0002170819,3.8096806893,6.1,5.0595113668,5.79807692,3.79807692,1.2836538499999999,0.72596154,86.17548077000001
69022,31.4,19.6,14.5,27.7,23.2,10.9,3.7,70906.0,3.6,7.4,38.6,7.0,1007.0,26.6,17.6,30.1,6.90923957,10.6,18.5,42.1,24.7,23.42250831,10.6,74.06297732,6.0564349621,0.0050709939,0.0009237875,4.3297641769,6.8,5.205063356,5.19669743,4.84387053,2.56835128,0.47995886,84.8698683
25880,42.0,21.7,21.4,28.8,17.0,11.5,2.7,67038.0,4.1,7.1,21.4,4.6,825.0,23.6,15.4,27.5,6.06729178,6.800000000000001,18.3,39.900000000000006,23.9,23.117663099999998,8.9,70.40098488,12.26993865,0.0023021695,0.000929548,3.701879982,6.4,5.0466243088,0.5696894,5.33400968,0.7452786,0.35898236,92.27797720999999
36362,41.6,22.1,17.9,38.8,16.7,15.4,4.7,74660.0,4.8,12.4,20.4,4.8,955.0,26.5,15.9,35.1,5.66866267,8.4,15.8,41.199999999999996,18.6,24.23433455,11.5,69.26313518,12.365810572,0.0022539036,0.0008789036,3.5956996551,1.3,5.4578994661,1.9171758300000001,2.05838425,0.71418873,5.64019009,87.46232179
107216,38.5,25.8,13.2,9.2,33.0,7.7,3.1,116308.0,2.6,3.1,18.0,4.0,1384.0,22.9,13.5,26.2,5.649717509999999,3.8,11.0,33.1,16.7,23.480549240000002,6.0,84.44436372,3.3007056681,0.0023051226,0.0008469427,3.9064472695,7.0,3.9093395883,2.27900988,5.1451056699999995,4.0213583999999996,0.39439207,86.49432274
30288,49.0,20.7,26.4,46.1,17.6,15.1,6.4,61970.0,7.7,48.3,15.9,4.5,874.0,23.0,15.2,35.2,5.567226890000001,20.7,18.2,38.1,24.3,21.92782426,11.5,66.31453399,20.750631541,0.0008904153,0.0002937433,4.1453986526,4.4,5.4601090332,0.48336830999999997,1.9907142400000002,0.48654837,11.39731603,83.81670165
12466,41.8,23.3,21.7,41.6,13.2,15.3,5.2,62112.0,6.9,7.7,29.2,7.4,788.0,24.0,15.8,29.0,6.8430656899999995,20.1,13.600000000000001,41.6,21.2,23.03050028,11.3,63.81082934,20.876826722,0.0009037134,0.0009711095,4.7504365652,5.8,5.2381420222,0.89549786,10.60630956,1.39664804,1.77456457,82.41866579
56927,40.8,22.5,16.0,22.7,16.7,11.2,3.7,97446.0,3.9,6.8,13.5,4.0,1095.0,24.1,15.2,31.1,7.26310726,5.800000000000001,16.7,38.3,20.8,26.39203281,7.9,65.40397171,6.5795023197,0.001759631,0.0004872192,3.5767992818,6.5,4.8446817861,1.5392500199999999,3.06141625,2.34218843,0.9003160499999999,90.80550098
65307,32.8,24.7,13.5,21.9,25.1,11.8,4.0,75006.0,3.8,5.5,33.9,8.4,972.0,26.0,16.5,32.1,7.0217503,13.0,14.2,35.099999999999994,20.4,23.48687236,10.8,78.92397128,7.3220686124,0.0033354463,0.0001982493,4.4393746704,6.4,4.9292124121,5.490657730000001,5.08014127,1.37190981,2.01786954,83.95514504
8541,41.6,24.9,20.7,48.2,12.9,17.7,7.6,62723.0,12.5,28.4,18.1,8.5,753.0,24.8,16.7,30.3,4.88466757,18.4,17.2,39.2,21.9,23.10894573,13.100000000000001,54.71797575,30.711206897,0.0002313744,0.0003498134,4.798055461,5.5,5.0999412134,0.70569181,1.08745951,0.39333642,9.39379917,84.57889866000001
11481,41.4,24.7,22.7,17.2,16.9,13.6,3.9,63586.0,4.4,10.5,23.3,5.6,755.0,23.4,15.2,31.2,7.50750751,14.299999999999999,18.4,39.300000000000004,24.3,22.137672119999998,11.4,61.1981206,15.565839293,0.0014135524,0.0006050653,3.8844936192,6.2,5.0609522391,1.33404011,12.29790618,4.71773125,0.9894866999999999,79.52115911
66558,45.0,20.9,23.5,21.1,17.8,15.1,5.0,65975.0,6.0,32.7,22.7,4.8,888.0,22.8,14.4,28.7,6.15521855,10.5,17.0,38.6,20.599999999999998,26.05132084,10.8,70.88784116,11.854562813,0.0038650738,0.0010108518,3.9125117592,4.2,4.9845811416,0.7964394499999999,1.71293043,0.5402319,1.07607168,94.27705551999999
439179,38.4,24.0,15.0,22.6,30.1,9.9,3.7,101360.0,3.7,2.7,24.1,4.5,1410.0,22.9,14.1,28.1,6.847559929999999,6.4,11.3,32.9,17.599999999999998,20.56829714,7.1,78.03581939,6.1286918707,0.0024494904,0.0006040205,3.830480898,7.6,4.9017365104,8.99047917,8.83246916,5.72009655,0.71294475,73.29541391
20893,38.3,25.4,15.2,37.8,22.4,9.6,2.9,92890.0,4.8,6.1,12.8,3.8,901.0,24.1,15.2,29.8,6.572237960000001,8.4,12.6,37.6,18.099999999999998,25.058987109999997,7.000000000000001,73.31730769,5.9441252229,0.000569044,0.0004299021,3.1924496917,6.8,4.7681338042,0.82037178,5.42962822,0.87253414,0.5785280700000001,90.6676783
39081,44.2,21.5,23.6,14.7,19.8,11.9,3.1,72472.0,3.6,21.2,24.3,5.4,847.0,24.4,14.5,28.9,6.1295972,8.5,17.2,38.6,20.7,24.716433430000002,9.1,75.93426385,8.8105726872,0.0024528821,0.0011213619,3.8146176995,5.7,4.8003829609,0.69581759,2.41033214,0.74087052,0.50309113,94.67374165
13931,44.6,21.8,22.8,35.5,16.3,13.3,4.3,64000.0,5.3,13.1,19.6,5.1,697.0,23.7,15.6,29.4,6.77083333,13.3,14.000000000000002,37.2,19.7,22.92364486,10.7,65.47263681999999,8.1214689266,0.0007929071,0.0005032713,4.4353399199,6.7,5.2461000355,0.88661429,8.45527283,0.5045772399999999,0.80732358,88.40914006
21251,42.1,24.5,21.5,30.1,15.6,11.1,3.2,73234.0,7.9,12.0,17.9,6.2,724.0,23.7,15.4,30.6,5.72609209,12.2,16.2,37.2,22.0,24.71096459,9.0,70.56813328,4.9751243781,0.0004181767,0.0002820742,3.7977292927,7.4,5.0329476236,0.62726512,2.04906607,0.72019329,0.23696682000000002,95.311774
30857,44.1,21.9,22.4,39.1,12.0,13.5,4.4,65679.0,6.6,8.9,21.6,6.3,803.0,22.6,15.5,32.7,7.159679700000001,12.5,17.599999999999998,40.6,26.8,21.87725484,10.0,60.22251119999999,15.807673308,0.001409143,0.0006504277,4.3309854244,6.7,5.3863104062,1.40258889,10.81763067,4.09962314,0.6226446,81.8679338
47697,42.0,22.1,19.9,37.3,18.3,10.1,4.0,78338.0,5.4,6.1,22.5,6.6,895.0,23.1,15.3,31.8,6.228571430000001,7.199999999999999,14.6,36.4,18.6,24.023844399999998,9.0,67.62720665,8.8446655611,0.00135318,0.000813042,4.3100274889,7.5,4.9121356952,1.43228896,4.18444884,0.8139898,1.45727074,90.69636722999999
6091,44.3,22.9,23.4,27.0,14.0,15.3,3.7,67600.0,5.1,19.8,20.1,4.2,778.0,24.7,15.8,29.7,6.843267109999999,12.2,16.7,38.0,23.200000000000003,23.32326955,10.4,71.24087591,10.291595197,0.000162893,0.0003250447,4.1965111896,5.6,5.3670066942,0.7981756,2.80175924,0.35836455,0.97735788,93.41912364
1270787,37.2,21.7,14.8,21.9,33.0,10.1,4.3,92595.0,4.7,5.0,37.0,8.9,1373.0,25.5,14.5,27.7,7.67192753,11.200000000000001,12.1,27.400000000000002,16.7,23.60376346,8.7,82.19558548,9.2870040697,0.0060959091,0.0012024466,4.5804699889,8.7,4.8352817397,14.31247632,7.85238573,7.60705578,1.1773136499999999,66.46352266
18826,44.6,21.7,22.1,7.9,19.9,11.4,1.6,71580.0,4.9,8.0,17.1,3.5,870.0,22.6,14.2,28.9,4.98830865,7.199999999999999,17.8,38.4,22.7,25.17284231,8.4,77.60019671,3.840877915,0.0004305242,0.0005857919,3.7704455252,7.9,4.6307452599,0.79108815,1.6037025100000002,1.0009686800000002,0.35518243,94.8606178
21479,48.1,21.1,25.8,30.1,19.4,14.7,4.3,67197.0,5.8,40.4,18.2,5.2,827.0,22.0,14.1,28.3,6.63871419,13.8,16.1,40.0,20.8,23.17968235,11.0,67.47129131,19.287109375,0.0015814206,0.0005986645,4.2259916837,5.1,5.2054206801,0.47894451000000005,2.82848364,0.5286463,2.8510753699999998,91.5687692
41257,40.2,23.2,16.6,37.8,14.5,12.7,4.2,84063.0,5.1,6.7,16.0,3.3,1161.0,24.5,16.0,31.3,6.1875,7.8,16.1,38.6,20.8,25.10415767,9.5,61.52133581,8.1699346405,0.0020842018,0.000692025,3.6411556133,6.4,5.1191882669,1.14862674,2.67935714,2.0216757,0.86378584,91.22551063
45054,46.8,20.3,24.6,35.4,16.0,18.0,6.2,63962.0,5.1,29.2,17.5,5.6,896.0,23.8,15.0,27.1,7.400972899999999,16.1,15.2,34.599999999999994,18.099999999999998,24.286522360000003,12.2,68.29319814,16.118047673,0.0034608178,0.0010206346,4.3795356079,4.8,5.0974434788,0.53124656,1.59373967,0.35489915,3.6900694400000003,91.57941144
9990,44.4,21.6,22.6,13.3,17.5,14.3,2.0,68368.0,4.0,10.6,19.2,4.9,764.0,22.6,14.6,28.5,6.16541353,9.8,13.200000000000001,40.0,19.1,24.36957831,9.5,71.75398633,14.001077006,0.0008065329,0.0001001001,3.6836974891,6.5,5.1582574877,1.05857445,5.22230064,1.91551568,0.74604295,89.52515375
16145,44.8,21.4,21.3,28.7,9.3,15.9,4.4,68995.0,4.9,16.1,15.3,4.5,863.0,25.1,16.2,31.7,5.79455663,12.5,19.2,37.8,23.5,24.68181664,11.0,59.127210500000004,16.373559733,0.0022888809,0.0009901603,3.9067159656,5.4,5.3984612698,0.69268763,1.96361884,0.96976268,1.01192627,93.52487652
43686,40.0,24.3,19.7,49.7,18.3,13.2,3.8,73285.0,6.1,14.5,26.1,5.5,800.0,23.2,14.9,31.2,5.69230769,14.6,14.399999999999999,36.6,21.4,23.421419269999998,10.0,66.76635153,18.050541516,0.0054778262,0.0008453858,3.8793605498,5.9,4.7681452027,6.01876155,14.639490560000002,1.53607377,0.5386529099999999,76.41795814
12072,50.6,17.7,27.0,41.5,13.0,19.0,5.1,59779.0,6.0,23.3,19.3,6.9,686.0,23.4,14.8,30.5,8.32095097,15.4,18.4,36.9,23.0,24.93780807,12.3,72.15242881,9.7402597403,0.0018721811,0.0003349803,3.8647298187,5.0,5.1548868237,0.75738235,1.58284401,0.6637733,2.78274189,92.22193856000001
10915,49.7,19.0,26.9,0.0,17.0,15.7,2.8,73860.0,4.9,31.8,17.0,4.3,837.0,22.9,14.4,27.2,5.40123457,10.9,14.899999999999999,34.699999999999996,19.7,25.567405240000003,11.0,72.75179856,15.6612529,0.0014739751,0.0009102494,4.3148262123,5.3,5.2130875375,0.55274067,1.7319207699999999,0.56195302,0.89359742,94.49101796000001
3786,51.2,18.5,25.1,7.0,16.0,12.6,2.1,61667.0,4.7,52.5,17.3,2.4,821.0,22.8,14.3,29.9,6.22568093,15.2,16.6,38.3,22.5,25.66999346,10.299999999999999,69.67741935000001,19.578313253,0.0002646903,0.0002615747,4.4306434783,5.1,5.0890828175,0.92641609,1.90577025,1.6410799399999998,1.21757544,91.87400741
28795,41.3,23.3,18.1,33.0,17.4,10.4,3.6,87180.0,5.7,12.0,18.6,2.8,878.0,23.5,14.8,34.5,6.44859813,6.800000000000001,19.5,38.7,24.5,25.47319422,8.7,67.27711528,9.7868981847,0.0005810972,0.0001386914,3.6658093361,6.8,4.8455481524,0.88190053,6.8501110899999995,0.83404546,0.61527944,89.74534268
5630,44.6,23.4,24.3,22.7,15.7,13.2,2.7,64750.0,5.5,20.5,18.0,3.0,677.0,23.1,14.8,29.1,7.5221238900000005,9.0,17.599999999999998,38.2,22.7,25.121388160000002,9.8,75.36988686000001,14.097744361,0.0001811266,0.0005388899,4.7136863275,5.5,5.2593670063,0.38036588,2.71689911,0.70639377,0.57960514,94.40318783000001
25352,36.8,26.0,16.8,20.2,19.8,12.2,3.0,68919.0,6.4,11.3,29.9,7.3,718.0,22.8,15.5,30.4,5.661174480000001,10.6,15.4,45.5,21.4,24.78844311,10.6,77.75747508,12.143290832,0.0024383529,0.0008323095,4.7274911218,5.3,4.9716905359,3.17379164,8.06229598,5.48236127,1.03433358,81.49211468
36727,41.3,22.3,19.4,45.5,12.4,13.9,3.2,73296.0,5.1,6.6,23.2,4.0,831.0,23.3,15.3,33.0,5.784204669999999,8.6,15.2,40.300000000000004,22.7,24.61413,9.3,66.10873961,10.135563157,0.0026641294,0.0007349939,3.8273445075,6.2,5.1161006199,0.8508903099999999,7.774908249999999,0.8916678000000001,0.6415658599999999,88.94114449
19960,44.8,21.9,23.6,10.0,15.4,16.0,5.2,61674.0,5.6,8.9,27.4,6.1,767.0,23.0,15.0,29.4,6.05481198,15.1,15.299999999999999,38.0,21.8,23.85408051,11.700000000000001,66.23376623,17.744287798,0.0010174493,0.0008034145,4.1631905692,6.6,5.0609560665,0.71221448,7.717352600000001,0.8292211400000001,0.77834868,88.97593733
23352,42.3,24.0,20.1,30.8,13.8,12.1,2.5,75926.0,5.1,15.5,18.0,4.6,860.0,23.8,15.4,28.7,5.25442478,8.200000000000001,15.7,41.099999999999994,20.5,24.32197554,8.9,65.75098814,10.202117421,0.0008514261,0.000513347,3.8902289809,5.9,4.8685906993,0.56619838,4.54235845,0.48531290000000005,0.50659855,93.13324818999999
26680,40.8,23.5,18.2,50.7,11.3,15.7,4.7,68088.0,5.5,18.1,23.8,6.7,874.0,24.8,16.3,33.8,8.3414161,12.8,19.8,42.6,24.0,23.7681848,11.899999999999999,59.189647199999996,16.939474686,0.0027345317,0.0006327465,4.2868088159,6.0,5.5085327233,0.69639406,2.53399934,0.76202282,5.51281584,88.79206621
34023,42.2,23.1,20.1,36.3,12.3,12.9,4.1,66264.0,4.4,15.0,19.9,5.2,779.0,24.2,15.3,32.0,6.30486832,10.9,16.0,39.800000000000004,21.3,22.71035655,10.9,63.85806452,9.0612002377,0.0013430657,0.000558955,4.1730738194,5.6,5.4407912403,0.66277372,1.95036496,0.4350365,0.40291970999999993,95.44817517999999
40082,39.1,25.3,18.5,37.5,16.0,12.0,3.2,66972.0,4.6,7.6,25.0,5.9,818.0,24.3,15.8,33.6,6.668534600000001,17.2,17.0,40.699999999999996,24.3,24.1241631,10.2,56.143157050000006,19.560464849,0.0016725748,0.0004233279,3.7406801927,6.8,5.0068300398,3.9218133699999997,13.66518548,6.315842030000001,0.7264466500000001,73.37860103
8170,46.7,21.8,25.9,2.8,16.7,12.5,3.0,71500.0,5.1,20.1,17.6,4.1,697.0,23.7,14.6,30.7,6.75422139,11.0,18.099999999999998,40.5,24.0,24.88790046,9.0,69.327467,10.663507109,0.0007454342,0.0003683694,3.9233786372,6.0,4.9628619767,0.42241272,5.39197416,2.02509629,0.62119518,90.43359424
34380,37.1,21.7,16.9,28.5,23.3,12.1,1.9,79113.0,3.7,4.1,25.8,5.3,901.0,24.8,15.9,29.9,6.87580576,8.1,15.0,36.5,21.7,23.9726437,9.5,74.71478463,4.9751243781,0.0031540214,0.000844693,4.0742893345,6.7,4.8814682635,4.34846095,5.62467146,1.53612523,0.70673442,86.31213129999999
22194,36.4,27.7,17.2,45.1,13.2,13.1,3.0,62973.0,12.0,8.7,25.5,7.1,852.0,21.4,15.7,30.9,7.79320988,13.0,17.9,40.699999999999996,28.000000000000004,20.81642573,10.6,48.2459598,50.655542312,0.0014267962,0.0006366241,3.9708541401,6.4,4.8038525637,4.36323468,34.6573388,6.79339071,1.7075528100000001,53.12284255
162307,37.6,24.1,16.0,24.7,26.6,9.5,3.4,90420.0,3.8,4.7,29.2,6.7,1193.0,24.1,13.8,29.9,6.68527664,8.6,12.6,35.4,17.9,22.54309234,8.0,79.286164,8.863368669,0.0055163123,0.0023128319,4.1464228603,5.6,4.6975907355,7.979536850000001,6.100713659999999,6.83622196,0.50429653,76.26407904
60072,46.1,21.7,24.4,23.2,18.1,14.0,5.3,67990.0,5.1,31.8,19.9,5.6,769.0,23.2,14.7,31.6,5.90148699,12.1,19.7,38.2,26.700000000000003,24.63528002,9.8,70.61105723,11.829582852,0.0016164682,0.0005329248,4.1550268611,5.8,4.9777495489,1.47791377,3.8712763499999996,0.54597038,0.8461716100000001,92.01497707
13995,39.8,22.5,18.4,28.6,14.3,14.7,1.9,71504.0,3.2,7.8,27.4,4.7,935.0,24.9,16.3,29.1,5.66388115,10.6,14.799999999999999,30.5,18.5,23.93735066,10.6,71.19329674,16.399162596,0.0033542365,0.0007982583,3.9885565512,6.0,5.4956257997,1.03543824,4.943853,1.31981916,2.20212921,88.90185212
29090,45.6,19.4,21.3,32.1,10.8,18.3,5.8,65059.0,6.0,33.1,16.4,6.2,863.0,24.9,16.5,32.1,7.06552707,13.600000000000001,17.1,38.9,22.3,22.47105523,11.700000000000001,54.073095550000005,14.838467318,0.0022518793,0.0001706368,4.0840753368,5.4,5.3474474339,2.2353213899999997,2.95393582,1.10275855,3.31489883,88.33990131
9380,40.0,27.1,20.4,8.4,14.1,13.4,2.9,68341.0,6.7,8.6,20.5,5.6,677.0,24.2,15.7,29.5,8.61878453,12.4,17.0,39.5,23.0,23.49255999,10.6,65.32449076,18.896071606,0.0012979989,0.0005368839,4.1151474754,5.9,4.9991794456,1.2655489500000001,8.49107626,1.17901568,2.24986479,85.74364521
31128,39.3,24.5,18.7,27.2,19.5,12.7,3.4,69540.0,4.8,15.0,28.4,6.5,822.0,24.5,15.6,32.0,5.39730135,11.899999999999999,15.0,38.800000000000004,20.5,24.48095167,11.1,74.46380697000001,13.509825328,0.0026963041,0.0005527197,4.7644864375,6.6,4.9114876864,2.54833618,7.026831510000001,0.97330001,2.05510983,85.79179271000001
11312,46.2,21.0,25.1,35.5,15.2,13.3,1.0,71212.0,3.2,23.2,19.5,4.6,779.0,23.5,14.7,30.5,7.11785298,8.799999999999999,17.4,38.1,21.099999999999998,24.22926061,9.8,75.89106928,7.9575596817,0.0014912281,0.0011400509,4.6055321913,5.7,5.0914815038,0.45614035,2.23684211,0.62280702,0.60526316,94.95614035
547202,35.7,23.1,15.1,26.3,27.1,12.0,4.7,78108.0,5.3,5.4,39.0,10.3,1214.0,25.7,15.9,29.5,8.28971045,15.1,15.8,32.6,23.0,20.45075091,10.5,74.79571578999999,12.909778994,0.0056186168,0.0011007681,4.4239720714,7.9,5.3910011269,13.2229632,8.45571982,15.91736231,1.06869375,58.61922306
15428,40.4,25.0,21.4,20.4,15.0,11.3,1.7,65617.0,6.9,14.6,19.9,4.2,759.0,23.7,15.9,27.7,6.53643877,13.8,16.400000000000002,39.0,21.8,23.15521113,9.6,65.71175428000001,13.089802131,0.0005232862,0.0004555512,4.4840241478,6.1,5.0216351983,0.86342229,4.58529566,2.68838305,5.23940345,85.32836211
14707,42.3,23.2,21.1,58.2,14.1,12.5,3.1,66313.0,4.7,15.5,21.2,6.3,746.0,23.2,15.4,29.6,8.33333333,12.6,18.3,38.4,23.400000000000002,22.94168333,10.299999999999999,62.53071253,21.609042553,0.0002787845,0.0002738226,4.1437092203,6.1,5.0239471908,0.67605241,10.6007806,0.9130192400000001,1.7842208,85.31502648
67152,37.1,21.5,16.2,35.0,18.8,9.6,5.3,78214.0,6.0,7.2,24.5,5.0,1021.0,23.0,15.8,31.0,5.79318937,11.1,14.7,35.0,20.8,22.552022899999997,8.6,60.08364022,5.4631481391,0.0021192677,0.0008622997,4.2869172599,7.2,4.7273534619,7.0259610299999995,10.50950727,2.21640078,0.8050273700000001,78.06116442
9659,40.9,25.1,20.0,18.1,20.0,11.8,2.8,75060.0,4.2,7.4,22.9,6.1,788.0,24.1,15.6,29.6,6.0331825,9.8,17.1,37.8,22.1,24.73361878,8.799999999999999,71.86088527999999,9.2920353982,0.0021987226,0.0009297521,4.2056761473,6.3,5.0259189549,1.0156004600000001,4.072871950000001,0.7957282,0.94230971,91.70767459
15294,42.1,23.9,18.2,41.8,15.9,10.9,4.3,70122.0,4.8,18.5,19.6,5.4,794.0,23.1,15.4,30.0,6.38841567,10.2,13.8,33.300000000000004,19.7,24.03186766,9.5,62.95964126,7.128007128,0.000393391,0.0005243151,4.0151097217,6.0,5.0069517736,0.8785733,2.1111985300000002,2.62916339,2.1111985300000002,90.40781537
200122,41.2,18.7,20.3,36.4,20.1,14.7,4.6,66491.0,3.7,17.3,28.1,8.5,927.0,25.0,16.5,33.2,7.3657049,12.4,16.900000000000002,36.7,20.5,25.67102482,11.5,76.76973585,10.181496237,0.0037304128,0.0012350514,4.561185798,7.3,5.6382774649,1.51710105,1.9659475100000001,1.16650209,2.4098068,90.51437805
151347,37.3,26.5,11.8,8.0,30.1,8.1,3.2,118268.0,3.4,3.0,16.5,3.0,1419.0,22.3,14.3,28.1,6.45812311,5.7,14.000000000000002,33.6,19.900000000000002,25.19213412,6.2,79.11095762,4.4344131705,0.0014440294,0.0004893389,3.6856391082,5.8,4.5719331066,7.28047544,6.58028162,6.86716213,1.15201458,76.22999217
97820,36.6,25.9,11.7,40.6,19.4,9.5,3.0,99431.0,3.3,4.6,16.6,4.1,1166.0,24.1,16.0,29.2,6.32100556,6.3,14.899999999999999,37.7,20.9,26.349563729999996,7.199999999999999,71.27291466999999,6.2309257375,0.0023481987,0.0003734582,3.3393479639,6.7,4.7403693314,4.85685772,3.63481596,1.82865977,0.65651723,86.99391425
14950,41.9,22.9,18.7,8.3,14.3,12.5,3.2,74781.0,4.5,9.0,18.7,5.0,818.0,23.4,15.6,30.1,4.7698744799999995,9.9,16.7,40.699999999999996,22.2,24.67747345,9.6,66.01749929,10.138248848,0.0006629541,0.0001340752,3.6547760602,6.3,5.147412611,0.9016176100000001,9.43383718,0.8817289799999999,0.57677009,87.04587643
158622,34.9,23.2,15.5,24.5,18.7,11.2,4.4,73105.0,4.3,8.0,32.5,5.6,975.0,25.1,16.6,30.2,6.57400184,12.1,15.4,38.4,20.1,24.59242803,10.2,71.2509918,7.8469405749,0.0042614783,0.0009751678,4.1937758838,5.8,5.2227860767,9.903278109999999,4.89635165,2.30716189,0.60381297,80.65872764000001
37396,39.9,24.5,18.4,31.9,18.7,11.0,3.4,79722.0,3.7,4.6,22.6,7.4,914.0,23.1,15.1,28.3,6.185567010000001,9.700000000000001,12.5,36.9,19.0,24.33290659,8.799999999999999,69.48153093,12.564317339,0.0030998637,0.0005890385,4.0007706493,6.7,5.027262439,3.6182892,9.04305069,1.0822800000000001,0.62531734,84.61024558
9682,33.8,21.9,17.3,7.0,20.3,11.3,1.4,69737.0,5.0,9.6,32.2,4.3,821.0,24.6,16.5,29.3,6.5497076000000005,7.9,15.9,37.9,22.1,23.19460337,9.6,74.34488588,5.3447354356,0.0018503289,0.0006185567,4.1580558276,5.7,5.0213994202,1.23355263,12.48972039,1.63445724,2.07648026,81.17804276
9806,43.8,22.9,23.1,21.8,19.0,16.6,3.7,58362.0,5.9,11.3,26.3,4.6,823.0,24.7,15.4,29.2,7.079646019999999,12.6,16.0,39.7,21.8,22.97749871,11.3,67.83992285,15.764582239,0.0011318037,0.0004102985,4.430896318,5.8,5.0907676365,1.23469493,7.3670130700000005,0.8231299500000001,0.7408169600000001,86.50066879
25277,43.3,23.8,22.1,25.2,10.5,13.6,4.1,63216.0,9.4,23.9,16.5,6.1,785.0,24.1,15.7,29.7,5.15695067,14.299999999999999,17.299999999999997,40.5,23.599999999999998,23.05409409,10.9,48.26951399,19.823313941,0.0002727237,0.0008321116,3.7493572395,5.6,5.058878828,0.58830405,10.21545175,0.52207114,0.91557253,86.92484513
21460,45.4,21.6,22.4,13.2,18.4,12.6,2.2,75063.0,4.1,9.4,18.6,4.7,800.0,22.4,14.5,29.8,5.10204082,7.8,13.200000000000001,33.1,18.5,24.60538453,8.9,70.14988389,9.0068736667,0.0003689526,0.0007903668,4.1844318572,7.3,4.9500306301,0.58571231,3.5972882,0.71023382,0.39662407999999993,93.73241709999999
14108,40.0,26.3,20.1,33.1,14.4,15.4,6.1,54747.0,6.1,17.7,27.7,9.1,694.0,25.3,16.8,29.9,6.994047620000001,15.299999999999999,18.8,42.9,23.799999999999997,23.52332725,12.0,66.15981882999999,17.257909875,0.0038620883,0.0004937575,4.5937125625,5.1,5.3110338655,1.0252089,2.6823959,0.54069237,0.8847693300000001,93.04121902
18953,40.2,23.1,18.1,33.8,16.4,11.8,3.3,71856.0,3.9,5.1,18.6,3.3,831.0,24.6,16.2,28.7,6.259204710000001,10.2,15.9,41.199999999999996,21.4,23.38405446,8.799999999999999,63.79556099,10.178117048,0.0006322112,0.0002631579,4.0479141696,6.7,5.2554278167,2.15478637,7.69190243,0.93251146,0.7797271,87.19772404
268651,39.8,24.1,15.8,17.0,30.8,9.4,3.0,110828.0,3.5,3.5,18.5,4.1,1577.0,22.8,13.3,24.9,6.66248628,5.2,9.1,30.9,14.6,23.986607900000003,6.5,81.79939157,4.3213933618,0.0033807038,0.0010431359,3.722756294,7.8,4.3614855762,5.8085008700000005,5.39944647,8.09755643,0.58974102,77.78845327
11205,41.0,24.5,20.3,26.2,13.5,12.1,6.1,65197.0,11.4,11.8,20.0,6.5,736.0,22.3,15.0,31.4,5.38720539,12.3,17.299999999999997,39.300000000000004,26.1,22.96661503,10.9,59.316517489999995,29.733959311,0.0007222172,0.0005388415,4.3371197024,6.3,5.1960394616,0.7493003500000001,30.60395414,1.36318498,2.41942764,66.32662273
6454,41.9,21.7,18.9,30.5,18.8,14.2,5.0,67114.0,2.6,10.9,19.6,5.2,549.0,24.7,15.9,29.9,5.01043841,10.6,17.7,41.099999999999994,22.6,23.77590338,11.1,70.18379850000001,12.280701754,0.0026958452,0.0003127443,4.3903999441,5.7,5.0182816311,0.77703774,3.96447827,0.49159531,2.0615286999999998,91.19885823
49792,35.6,17.7,17.8,27.5,21.0,11.1,2.8,66162.0,5.2,6.9,31.3,7.3,803.0,25.0,16.6,28.2,7.5238095199999995,11.200000000000001,16.400000000000002,34.8,21.3,24.81507359,9.9,72.28433779,4.3235141523,0.0025140283,0.0003626839,4.2927756654,7.7,5.0517916843,2.02932363,3.893727,2.6729148599999997,0.49677198999999994,89.61806881999999
142543,37.4,27.5,13.0,8.6,23.2,9.1,2.2,102980.0,4.5,6.2,16.8,2.8,1149.0,24.4,15.2,31.3,5.46181527,4.8,14.000000000000002,37.2,18.4,24.57814339,6.800000000000001,75.50020842,4.9425788632,0.0013364208,0.0003935241,3.2954446196,6.2,4.91550559,2.8375785600000003,3.73536222,2.00132319,0.48164074999999995,89.16374462
9569,42.3,23.2,20.5,12.9,14.1,13.2,3.2,70605.0,3.9,12.1,17.1,5.4,640.0,24.4,15.7,32.5,5.72851806,11.0,17.2,39.6,22.6,24.34028717,9.700000000000001,62.910583939999995,14.811031665,0.0009506708,0.0005312932,3.7427938562,5.9,5.0418437378,0.8239146500000001,5.58783141,0.64434351,4.109010250000001,87.73634731
29425,41.5,21.6,20.3,70.3,12.0,15.1,7.1,37271.0,12.7,22.0,35.0,8.6,695.0,17.4,17.4,39.2,12.82758621,32.300000000000004,18.9,43.6,33.300000000000004,14.92385095,19.5,51.8363064,34.183492738,0.0013567105,0.0007654304,6.691554559,7.7,5.6385506595,55.81298268,4.63368817,0.56703541,0.7722813599999999,37.30605997
34717,40.1,22.7,18.5,32.5,11.3,22.7,6.4,47716.0,13.6,14.0,34.1,7.7,700.0,21.9,17.5,36.6,11.85784659,23.3,18.5,42.4,31.900000000000002,17.40351767,20.7,50.59076261999999,33.656364589,0.0032224989,0.0004366939,5.1570197044,7.5,5.2066954017,12.36560715,3.8611395899999996,0.66793614,0.48044528999999997,81.40325179
12683,48.2,20.5,24.6,72.4,4.4,27.6,7.5,34866.0,11.4,19.3,19.1,7.6,677.0,19.0,17.2,39.9,11.239860949999999,29.299999999999997,22.900000000000002,45.0,35.6,15.690795660000001,22.400000000000002,52.441150830000005,23.641642472,0.0001607459,0.0001582654,6.0831923975,7.9,5.3932033144,38.04854525,1.4386754499999999,0.29737984,0.38579007,58.96158174
17842,39.1,25.2,19.2,67.5,11.5,18.8,7.2,42680.0,9.9,24.5,24.8,8.1,693.0,18.8,17.5,39.1,13.79962193,27.800000000000004,20.5,44.4,34.8,14.918607810000001,19.2,56.71490226,27.584608252,0.000518463,0.0005072709,6.3588303416,8.9,5.339980241,44.39195806,2.13721989,0.52422375,0.40324904,51.633158589999994
7637,41.7,21.0,20.7,80.7,6.1,22.4,4.4,38750.0,13.8,24.4,19.0,6.3,675.0,19.4,17.5,37.6,8.73786408,30.099999999999998,17.9,43.6,31.3,16.11210209,18.5,65.02575844,38.13559322,0.000537779,0.0001307873,4.3751709627,7.8,5.4612855802,34.25652057,2.55445012,0.30922291,0.49744554999999996,60.9438021
30688,36.6,24.5,16.4,59.2,15.0,17.5,7.4,37845.0,14.6,14.5,40.4,10.8,698.0,18.9,18.6,37.1,14.43888492,45.4,16.900000000000002,45.6,32.1,14.03645542,21.2,63.733368459999994,36.426824559,0.000932063,0.0004949188,7.0467274891,8.6,5.1011761354,63.024716930000004,2.78238056,0.94932339,0.20022093000000002,32.32877658
13193,42.8,22.6,19.6,50.9,7.6,22.2,4.2,44505.0,11.5,16.3,28.8,7.5,617.0,20.0,18.0,39.2,13.05872042,25.5,22.7,41.9,35.8,16.79989901,19.900000000000002,55.663865550000004,38.952316991,0.0001576665,0.0001536334,4.728372591,8.4,5.5326204153,27.567993689999998,6.58257785,0.19708317,0.40204966000000003,63.87071344
17024,39.3,24.8,18.5,41.8,8.4,17.9,3.1,40224.0,10.6,13.2,32.2,9.5,709.0,19.1,18.1,39.9,13.90977444,26.0,21.8,47.3,37.0,15.54881262,20.5,51.93437806,43.370848202,0.0002964544,0.0005878549,5.7815511084,8.5,5.6697560771,44.10055733,4.12071623,0.48618522,0.40317799,49.60868018
8208,43.0,21.2,22.2,18.5,10.0,25.2,7.3,41887.0,12.4,18.8,23.8,5.8,649.0,19.2,16.1,36.5,11.91275168,27.0,19.3,41.6,31.0,16.48354291,19.5,63.68653422,31.818181818,0.0016073195,0.0001233654,4.6932993213,8.6,5.3005875629,28.51137488,1.95351137,0.50692384,0.28437191,67.58160237
9044,33.9,21.5,18.1,68.3,8.4,12.3,9.0,34282.0,19.5,33.5,24.5,12.0,584.0,17.5,19.4,44.4,17.79220779,41.699999999999996,19.2,51.2,36.3,11.946547559999999,19.0,53.26890278999999,28.985507246,0.000696298,0.0004490346,4.245254277,8.1,5.5543317836,85.79552048,1.42741093,0.7311129199999999,0.26691423999999997,10.89706394
15553,42.1,22.3,20.7,37.1,8.6,26.2,5.6,46329.0,14.0,19.8,14.3,6.8,752.0,20.2,17.4,36.9,11.72932331,26.5,19.0,44.7,31.7,16.07006671,20.1,66.52818991000001,35.236938032,0.000525348,0.0001945399,5.3353376225,8.8,5.3984290237,34.33806147,1.14919884,0.27580772,0.47281323999999997,62.99579722000001
18598,39.5,22.7,19.0,38.0,11.3,8.1,8.9,37412.0,11.5,15.9,31.7,8.0,731.0,18.1,17.8,41.5,17.01998789,31.1,21.4,42.6,35.5,14.13279448,16.2,56.747095619999996,31.045751634,0.0025266396,0.0003776639,4.9795108283,9.0,5.2479674508,59.941777439999996,1.2468417,0.47786444000000006,0.3130836,37.20751401
21264,35.7,26.6,15.8,74.8,12.6,14.7,10.8,36075.0,13.4,17.8,46.6,12.0,706.0,17.9,19.2,45.8,18.07335395,42.6,24.0,48.4,41.5,12.39449133,22.3,57.8296146,52.758684748,0.0056781392,0.0004324844,5.908523461,8.7,5.8129586939,76.46062659,3.13791901,0.57777556,0.26896449,19.01180455
28210,39.6,22.5,18.2,24.3,15.5,15.2,5.2,46889.0,14.4,20.7,23.7,7.4,696.0,18.9,17.5,40.8,13.924050630000002,30.8,18.4,46.300000000000004,33.2,14.88701383,17.7,62.17258557,31.346697161,0.0006868132,0.0002500447,5.854617206,9.0,5.2778074373,49.69997108,4.66310006,0.47715442,0.32894737,43.76445922
18323,37.8,24.3,17.3,69.9,11.0,18.2,5.8,40164.0,9.9,16.6,24.6,6.5,711.0,19.2,17.5,38.3,12.281722929999999,29.799999999999997,19.6,41.4,32.4,16.30040795,19.3,65.1032316,41.389882473,0.0012182291,0.0004376607,7.1250154952,9.5,5.5716075596,35.45046791,2.72994075,0.5315909,0.23810842,59.67107813
186214,37.1,25.2,13.1,31.1,18.0,11.9,4.4,79666.0,8.9,5.8,23.6,3.7,1252.0,19.7,16.4,37.7,9.96473815,12.3,14.799999999999999,39.6,27.900000000000002,17.67660987,13.4,66.95347791,18.365296218,0.0014333987,0.0002597637,4.0685526243,8.2,5.0117833798,34.84970012,5.88935404,1.7852799799999999,0.35188126999999997,55.63191148999999
77917,31.9,22.4,13.6,51.5,15.3,20.2,7.4,49340.0,11.4,12.5,44.1,8.0,911.0,20.8,18.4,38.4,13.56643357,20.9,16.900000000000002,43.9,30.4,16.05901821,20.200000000000003,68.75860035,22.760180995,0.0052552169,0.0008731942,5.2193229901,9.7,5.4167223406,36.579378070000004,4.44200082,1.14822013,0.43090220999999995,55.953355159999994
7690,42.7,23.1,20.7,96.9,11.8,24.2,2.6,43942.0,10.9,30.6,24.1,3.3,697.0,19.6,17.5,36.5,13.375796179999998,24.8,21.4,42.3,33.900000000000006,16.046741100000002,22.0,62.94117647,35.472972973,0.0002628121,0.0001302762,4.7867842406,7.5,5.419364947,34.21813403,1.31406045,0.15768725,0.32851511,62.601839680000005
24547,36.4,26.4,15.2,20.9,11.7,20.4,10.4,51349.0,13.6,12.5,18.1,6.1,796.0,21.6,18.0,34.3,8.05452292,18.7,18.099999999999998,40.400000000000006,29.7,17.820689310000002,21.6,54.857142859999996,32.935730817,0.0005464694,0.0004442291,5.0741482033,9.1,5.3952732634,7.71692884,3.25929974,0.77286389,0.51914595,86.36168468999999
21474,38.4,23.9,18.2,27.1,13.2,19.9,4.1,45745.0,12.8,19.0,31.7,6.9,773.0,19.2,17.5,41.7,12.19512195,29.2,22.1,45.0,36.8,15.87053438,19.1,64.63951042000001,37.527593819,0.0006171374,0.0003744442,4.4368982118,8.4,5.4263072592,43.84998813,1.60455732,0.48421552,0.36553525,52.5848564
46010,45.4,19.5,21.4,46.4,13.2,18.4,6.2,63623.0,10.3,15.3,19.3,3.8,956.0,19.7,16.0,34.6,9.149692850000001,20.3,19.8,36.3,31.1,19.80326503,18.2,56.5936216,20.188574598,0.0004766134,0.0004342634,4.7086605663,8.4,5.0739436401,8.10892784,4.2180289900000005,1.00738751,0.78207933,83.99662038
208748,37.6,23.7,15.8,43.1,15.3,18.5,8.4,55211.0,14.1,13.1,40.4,5.9,1034.0,21.1,17.3,40.1,10.8821708,20.200000000000003,18.2,34.699999999999996,28.4,17.30224348,19.400000000000002,63.85446256,24.983827433,0.0026494217,0.0005587499,4.7525697504,9.6,5.7077448656,25.60395419,6.81537614,2.93905381,0.47955482000000005,61.568666549999996
226541,36.1,23.6,15.2,65.4,17.9,14.6,7.8,48596.0,12.5,15.5,42.2,7.2,1004.0,17.3,17.2,43.1,15.15438719,29.9,20.7,47.0,35.8,15.09449293,16.1,67.73686574,25.83571476,0.0043654303,0.0008936631,4.8573503074,10.2,5.2482909091,73.03346209,2.16503002,0.76697538,0.08284079,23.03578908
16848,35.5,25.0,15.8,83.5,10.7,32.1,8.8,28818.0,12.1,23.4,37.5,15.1,610.0,17.9,19.5,43.0,18.3044316,45.7,24.0,53.0,41.699999999999996,12.26545132,24.6,50.26642984,30.587721215,0.0004436838,0.0005455868,7.6213111298,8.8,5.5548195979,82.46181150000001,1.14090131,0.27254865,0.19015022,15.1042657
23888,39.9,21.2,17.5,4.4,9.0,14.9,2.8,57252.0,10.5,14.2,20.2,3.8,789.0,21.1,17.6,32.0,10.66452304,17.1,19.900000000000002,37.8,29.099999999999998,19.33556254,16.3,60.330722370000004,28.338762215,0.0003320467,0.0001677993,4.2423320847,8.0,5.3025267029,7.4502967700000005,1.9549246700000003,0.52297348,0.35695014999999997,88.51118582000001
143721,39.4,23.0,16.5,37.2,15.4,20.5,8.1,60045.0,12.9,11.4,28.9,4.5,1001.0,19.7,16.5,37.3,10.28795334,17.599999999999998,17.0,38.4,26.5,18.460587880000002,18.8,69.55989244,21.482515707,0.0017965831,0.0004583747,4.617359691,8.7,5.130219115,20.89091393,7.77244192,2.33350867,0.53009447,66.50158139999999
16320,41.5,22.7,20.7,61.0,10.7,19.4,3.8,43914.0,11.3,20.1,15.7,9.4,804.0,18.1,17.3,38.2,14.11850768,28.199999999999996,19.7,44.1,33.300000000000004,15.652942710000001,16.5,55.43758967,33.05785124,0.0001873478,0.0001841508,5.5514693147,9.1,5.126869466,51.989008930000004,1.61743583,0.20608255999999997,0.47461438,44.82607881
7207,41.3,21.7,18.1,100.0,10.5,14.5,5.4,31544.0,11.3,25.2,27.7,5.8,411.0,16.5,18.3,42.5,14.98194946,40.400000000000006,21.8,52.2,38.2,12.08282806,22.7,40.05358339,27.671022291,0.0012966431,0.000277585,4.634047619,7.6,5.359124298,83.77755367,1.0661288,0.30255006,0.27373577,13.61475292
11291,44.5,19.9,23.2,59.6,7.0,21.3,9.2,36473.0,12.7,21.3,18.1,7.0,644.0,17.8,17.4,39.5,14.80144404,38.3,20.4,43.8,34.9,14.79528796,18.2,61.69844021000001,40.268456376,0.0012763242,0.0002694449,4.828456052,9.2,5.3742806444,58.701795970000006,1.22162458,0.31908105,0.40113045999999997,38.47205762
67152,37.7,24.8,17.4,45.7,12.5,16.3,3.7,49451.0,11.0,15.0,25.4,6.0,779.0,19.9,17.0,31.1,11.77124702,25.0,16.400000000000002,43.4,29.2,16.51167426,19.0,54.713052,34.677990092,0.0017056604,0.0004944265,5.3251370096,9.8,5.1934339793,28.68377358,6.22792453,0.48150943,0.74716981,63.15924528
8980,39.7,18.2,20.6,62.0,8.3,21.6,14.1,42947.0,14.8,20.6,23.2,4.9,475.0,17.3,17.4,38.3,14.285714290000001,35.9,19.3,47.199999999999996,33.4,14.83346114,18.6,62.58847321,21.285140562,0.0001164958,0.0001132631,5.4639014014,8.8,5.2750869832,60.030288909999996,1.01351351,0.24464119,4.1472507,33.48089469
56172,30.7,18.0,13.1,65.3,24.2,9.5,2.8,59748.0,9.1,33.6,35.6,5.9,1092.0,20.5,17.3,35.0,8.302872059999999,14.7,14.899999999999999,40.0,26.0,17.6082402,15.8,74.83131853,9.4868477792,0.0070638138,0.0007031854,5.8883465791,8.4,5.1649632936,23.44741478,3.5729556799999997,2.4218790099999996,0.35746660999999996,69.16209144
64425,37.3,24.4,14.4,7.8,21.1,14.5,5.8,67972.0,12.7,8.9,32.9,4.5,1034.0,21.3,16.2,38.2,9.962756050000001,15.0,17.0,39.5,27.3,18.10608376,17.299999999999997,66.24986525999999,19.874550708,0.0005889726,0.0012394228,4.5687415738,9.0,4.8074430149,22.320552120000002,3.75583309,1.45430932,0.36546506,70.900222
72741,38.5,23.5,17.9,54.0,13.0,17.9,5.5,45649.0,9.9,15.6,37.3,9.8,865.0,18.8,17.5,40.8,13.90856407,33.4,20.5,39.300000000000004,32.300000000000004,16.053500630000002,20.200000000000003,62.30880071,31.212484994,0.0036014576,0.0010126512,6.2618466899,9.2,5.5297978561,44.7077006,2.54370667,0.84932012,0.43954796999999995,50.569285519999994
11933,41.1,25.2,18.8,41.5,7.4,27.3,12.0,41096.0,13.9,22.5,21.3,5.3,785.0,20.6,18.5,39.1,12.8054741,25.6,22.7,43.3,35.6,15.316288010000001,21.3,48.20371101,39.911308204,0.0003406865,0.0001693193,5.5593281779,8.8,5.6491994932,32.26300997,2.32518525,0.48547824000000006,0.34920365000000003,63.57209778
21335,40.5,22.9,17.5,56.6,10.0,23.3,6.0,46669.0,15.9,18.5,24.0,8.9,771.0,19.2,17.9,39.9,11.20293848,29.599999999999998,21.4,45.1,34.2,15.53293218,19.5,50.04979088,52.90878621,9.40822e-05,0.0002358936,4.2498306768,9.2,5.4001226268,38.98297112,6.6469094,0.64916737,7.281964439999999,46.69300969
83343,37.4,24.9,15.2,28.2,18.2,14.0,5.6,64479.0,11.2,14.2,30.1,4.9,898.0,20.1,16.6,35.5,13.18193683,18.3,18.099999999999998,40.6,32.5,18.67259344,15.8,67.40092166,31.269807733,0.0085749828,0.0011823896,4.9298279983,8.6,5.0805151307,31.02211379,3.55801399,1.10870904,0.37077742,62.59254339
27920,34.4,27.8,14.6,72.4,9.4,13.4,11.8,33115.0,14.4,23.8,45.1,12.9,688.0,17.6,18.8,42.0,15.342960289999999,38.9,25.3,45.800000000000004,42.5,13.50857113,20.599999999999998,60.31403054,38.552631579,0.0053832739,0.0007983452,7.0006380603,8.8,5.5088147243,74.23989688,3.35885966,0.66722269,0.47387975,21.03646979
34855,40.7,23.1,17.0,41.4,12.4,14.9,4.3,47069.0,13.9,17.4,24.5,4.4,705.0,19.8,17.4,37.3,11.55057753,24.2,20.5,42.9,32.6,15.639635369999999,19.0,60.83826773,34.204708024,0.0014696559,0.0004006525,6.3680316887,8.6,5.5361755556,29.46516051,1.36015215,0.6109158,0.28528615,67.27566135000001
58547,37.1,23.7,16.6,39.2,16.2,11.7,6.2,53687.0,10.6,16.0,38.1,6.8,903.0,19.0,16.9,39.7,13.64670205,26.8,17.8,44.1,32.0,16.65161309,16.900000000000002,62.14984587,24.96954933,0.0029502645,0.0004815133,5.9555520153,9.1,4.9838414538,45.40614144,2.29212855,0.93570518,0.32644938,49.93977271
109257,38.4,24.4,14.5,26.4,28.4,10.7,4.2,79105.0,7.4,8.6,27.5,3.7,1062.0,17.7,14.6,32.8,11.06359649,13.0,13.600000000000001,37.2,24.6,16.97880777,13.0,75.83258636,15.166641069,0.0025953018,0.0012931074,4.8062401218,10.2,4.1924591782,37.83452285,3.81562692,2.99081868,0.3137471,54.278248350000005
24362,40.3,23.3,18.5,67.2,6.3,21.9,9.5,38399.0,15.7,18.5,20.6,5.8,625.0,20.4,18.1,39.7,12.617801049999999,26.900000000000002,22.5,44.1,33.1,16.01483558,20.3,49.29789368,29.710561625,0.0008669089,0.0003691853,4.5097071249,9.1,5.6874035368,31.02708058,1.9319683,0.49950461999999995,0.31373844,65.00990752999999
33980,41.9,20.6,18.3,78.4,8.7,19.6,4.8,51431.0,11.6,15.6,22.6,3.8,887.0,19.4,18.3,40.5,11.44082946,30.5,20.8,44.4,34.599999999999994,15.482116670000002,17.7,52.056156040000005,27.08437344,0.000351669,0.000148258,5.174850466,8.0,5.36562333,44.64144419,5.4069103,0.34873839,0.5890455099999999,48.04677197
34168,41.4,22.6,19.6,47.3,10.5,14.0,5.5,51190.0,10.5,19.9,24.4,5.1,724.0,19.8,17.8,38.8,14.814814809999998,23.599999999999998,20.200000000000003,40.9,31.4,16.60246367,16.900000000000002,48.36658354,28.69611214,0.0002677854,0.0005017265,5.0182586247,8.7,5.6372997231,30.438275460000003,1.63944182,0.34217025,0.33324407,66.18762831000001
9803,42.0,22.7,22.1,82.3,9.0,21.2,7.8,36845.0,9.7,27.5,33.4,8.6,656.0,18.7,17.5,38.9,13.387660069999999,33.2,22.400000000000002,45.5,38.0,14.197862119999998,19.8,55.69912321,37.851662404,0.0003125,0.0005139274,6.8385093168,8.4,5.6367396116,43.64583333,1.59375,0.6875,0.33333333,52.80208333
28970,37.0,27.6,16.5,49.1,7.5,18.1,9.3,47400.0,12.7,15.6,28.0,8.3,756.0,21.3,19.2,37.5,9.03693931,28.199999999999996,24.099999999999998,42.4,36.8,15.254171159999999,22.2,53.61573374,41.797283177,0.0013894196,0.0005518573,5.45713212,9.5,5.6245304606,21.69231304,1.97992289,0.56966202,17.1245962,57.35523985
21275,38.2,24.0,17.3,57.9,9.9,20.9,4.3,49160.0,14.3,15.4,20.4,5.5,684.0,20.3,18.3,38.1,12.08955224,24.2,22.3,44.3,34.9,16.1914823,20.1,60.852055959999994,27.987637363,0.000285456,0.0001424772,4.2796930149,9.3,5.2988318796,31.285979349999998,1.96013131,0.51857843,5.48075551,59.864884149999995
10261,40.4,24.8,17.1,43.4,9.6,24.5,9.3,42298.0,18.7,22.1,25.4,7.1,582.0,17.9,18.7,42.1,12.704174230000001,37.1,21.4,47.0,36.8,14.41376943,18.5,43.26273096,37.683823529,0.0022190841,9.87849e-05,6.0998201439,8.8,5.3132315292,71.46459551999999,1.9366552400000001,0.32277587,0.36312286,25.36816623
51388,25.4,17.4,11.7,62.0,22.4,10.8,6.8,42953.0,7.9,16.0,52.5,4.9,880.0,20.1,18.5,36.8,12.142070480000001,25.4,18.5,41.099999999999994,32.0,16.60008913,18.4,74.98305658999999,9.6923725242,0.0025193836,0.000405077,8.4247617584,8.8,5.2390172839,37.34351503,2.3611897699999997,3.40800344,0.30857567,55.44206394
33157,39.4,24.6,16.8,51.1,9.8,17.7,9.5,47894.0,13.6,15.4,29.1,5.3,830.0,20.1,18.5,38.7,13.198610669999999,35.9,20.599999999999998,46.0,36.5,14.72996609,18.099999999999998,53.194164990000004,45.304886079,0.0011325722,0.0002130833,5.4260461342,8.3,5.2949763608,49.41687839,2.13352108,0.23569745,0.33364964,46.75992531
56351,40.8,22.5,19.1,32.3,11.3,20.7,5.6,54220.0,13.1,14.8,19.7,2.9,909.0,21.1,17.2,38.6,9.74040891,23.400000000000002,18.4,40.300000000000004,29.4,18.362163510000002,19.1,59.52633172,24.948024948,0.0006209252,0.0002477745,5.2378289474,9.0,5.2844282844,11.87001966,4.36889855,0.46569387999999995,0.8261754499999999,80.78064093
11511,42.3,22.1,18.6,51.9,6.8,29.5,6.3,48333.0,14.1,18.2,19.9,4.5,732.0,21.1,18.0,37.9,8.02469136,28.299999999999997,23.0,41.699999999999996,35.4,17.2362412,22.6,47.90663209,37.768240343,0.0008837826,8.6423e-05,4.2174052371,9.2,5.7659311261,18.7361909,2.05037561,0.18559434,0.57445868,77.0658418
40098,37.3,25.6,17.2,89.4,9.5,18.9,7.2,40131.0,12.7,22.5,34.9,6.8,831.0,19.3,18.6,42.3,13.519616139999998,34.1,22.900000000000002,46.1,36.3,14.705623319999999,21.7,54.612706700000004,32.22945003,0.0047469158,0.0003752533,5.9978881445,8.4,5.5250835611,55.00329999,1.76930497,0.62699904,0.45184546000000003,41.30070569
31202,35.7,26.3,15.1,4.0,10.9,18.5,2.9,54414.0,12.0,16.4,27.9,3.3,820.0,20.9,17.9,35.0,9.8572851,18.7,17.8,43.4,28.9,17.26579003,18.8,59.83930778999999,31.710818217,0.0004122404,0.0001908093,4.139029052,8.6,5.5385061565,15.60488346,7.1793245599999995,0.42492469,0.5644522,75.03408911
24945,38.0,22.1,17.7,31.5,11.5,18.0,5.0,51578.0,8.8,15.6,22.4,5.9,656.0,21.6,18.0,36.4,11.75889328,23.599999999999998,19.900000000000002,40.400000000000006,31.7,17.40504858,18.6,60.810589969999995,33.327486406,0.0015118361,0.0003200512,4.725765422,7.8,5.4642643964,15.18201711,1.54764273,0.8951661,0.29441019,80.84344539
157185,38.9,22.6,16.1,24.6,21.1,13.8,4.4,76460.0,9.3,7.3,23.1,2.4,1177.0,19.3,15.5,38.1,10.33466983,11.3,16.1,36.3,26.700000000000003,17.32957382,14.299999999999999,70.78362256,16.45354556,0.0025184363,0.0005629491,3.9890739847,10.1,5.0061928556,22.99943273,3.29266848,1.47490603,0.20571385999999997,70.86530729
27943,36.7,27.2,16.1,47.6,7.2,19.6,6.0,44968.0,13.3,14.8,26.6,8.1,775.0,20.0,18.7,39.1,13.0566495,28.199999999999996,21.2,45.800000000000004,37.0,15.534696210000002,19.1,49.70885688,58.310991957,0.0005453157,0.0001811725,4.7028974476,9.4,5.3647477552,35.77634784,15.60330098,0.6180245,1.0179227100000001,46.460900859999995
3910,37.0,23.9,17.6,100.0,11.3,21.6,12.8,41000.0,20.3,19.4,42.1,15.1,628.0,17.6,18.4,44.4,15.143603129999999,51.5,24.9,49.8,43.1,12.516750539999999,20.7,26.674107139999997,65.934065934,0.0002997602,0.0002730003,6.0405294674,8.5,5.546625594,72.0323741,2.72781775,0.9592326099999999,0.23980815,23.14148681
25889,40.4,23.7,18.2,16.5,11.6,20.0,6.0,50867.0,12.7,18.1,18.5,4.4,793.0,19.7,17.5,35.1,12.02733485,27.800000000000004,20.1,41.699999999999996,31.8,17.2153693,17.599999999999998,57.12128837,30.777347872,0.0012444099,0.0003106796,4.1229293474,9.2,5.4340756527,34.66070387,1.86272604,0.5094302900000001,0.36165662,61.466070390000006
14310,42.8,23.0,20.3,47.9,7.6,20.5,3.5,51983.0,15.0,18.5,12.9,6.8,649.0,20.9,17.9,39.1,10.911925179999999,23.5,22.1,42.0,34.699999999999996,16.31072121,18.4,49.29532351,34.901365706,0.000141854,7.04672e-05,5.2908036454,9.1,5.6535979351,23.82438471,1.7731754,0.22696645,0.27661536000000003,73.03354848
18360,39.4,21.6,17.9,39.5,8.3,21.9,8.1,55894.0,12.5,13.5,22.1,6.9,772.0,20.9,17.5,37.7,11.45617667,22.1,20.1,41.4,32.2,17.75501289,20.8,55.28903814,21.86009539,0.0004265302,0.0003218194,5.0648873763,8.9,5.5144399194,18.20750693,2.70846662,0.53316272,0.57048411,76.45553423
25867,36.7,21.4,14.4,71.2,10.0,14.7,11.1,37403.0,11.6,13.7,44.0,9.3,650.0,17.1,18.9,41.9,14.974093259999998,39.6,22.8,47.5,38.9,13.39602931,19.7,47.96605603,33.951639616,0.0003678274,0.0003543028,6.4961319515,9.0,5.1181966948,72.76851398000001,2.7341834200000004,0.46182769,0.40052313,23.103645580000002
12621,37.7,20.4,16.5,53.5,6.8,16.4,11.0,35428.0,15.9,21.6,36.3,10.8,682.0,18.5,18.1,42.4,14.35742972,40.300000000000004,22.900000000000002,45.300000000000004,37.5,15.123919699999998,19.0,52.77060005999999,54.782608696,0.0005068852,8.08669e-05,4.1174018573,8.6,5.2394950634,56.669764300000004,4.12266622,0.88704908,0.38861197999999997,36.673143530000004
28094,38.3,22.7,16.4,44.5,9.6,15.5,7.2,61286.0,12.9,7.9,26.3,4.0,876.0,20.0,17.3,37.4,9.57039558,19.8,19.5,40.400000000000006,30.5,17.42755211,17.2,61.97183099,23.250092262,0.0004599979,0.000247928,4.500949502,8.6,5.1250947999,30.08386115,3.41813807,0.2972294,0.33261385,64.60139415
21769,39.6,23.8,16.8,20.2,10.0,20.9,6.0,47968.0,14.2,18.2,27.3,3.7,703.0,21.3,18.2,37.3,10.35812672,26.400000000000002,21.099999999999998,42.199999999999996,33.7,16.856218549999998,20.0,57.11097586,33.767213733,0.0013153568,9.24428e-05,4.1318700017,7.7,5.4874553426,16.10842298,5.3741720299999995,0.3382346,0.4932588,76.28599615
18837,43.6,21.5,20.9,14.4,8.1,21.9,3.5,45545.0,12.0,19.6,26.4,5.0,677.0,22.2,17.5,34.8,10.63218391,18.099999999999998,19.400000000000002,39.900000000000006,30.2,18.16770203,21.4,59.65764515000001,27.827879413,0.0011347058,0.0002666667,6.5797242814,6.9,5.6029302474,2.9070081599999997,3.30685686,0.25936132,0.4700924,92.16512671
9787,33.2,28.5,12.9,100.0,12.5,10.5,12.2,41676.0,13.1,22.5,56.3,9.5,901.0,18.6,20.3,46.1,15.25753158,41.5,24.0,50.1,41.8,12.67837182,19.3,38.44410876,62.949640288,0.0003248863,0.0001031353,5.9608280745,8.5,5.7240106641,77.31210743,2.55577215,0.8122157200000001,0.29239766,18.06367771
27880,38.6,25.1,16.6,42.7,12.3,19.2,4.1,55970.0,10.1,15.7,25.4,4.1,855.0,21.4,17.9,32.0,9.78305362,19.5,16.2,39.800000000000004,28.299999999999997,17.33526108,17.4,51.33074378,32.519060215,0.0004242681,0.0003577434,3.9662357129,8.3,5.0886707859,15.49285815,4.92151039,0.9369254699999999,0.37830576,76.93749116000001
13888,40.0,23.0,19.9,87.8,11.0,23.8,6.5,37145.0,10.4,23.1,18.0,5.5,708.0,19.2,17.7,37.2,11.101474410000002,30.9,21.0,41.4,32.5,16.034929,19.400000000000002,55.96627756,33.322443646,7.21345e-05,0.0005059266,7.2128373842,8.4,5.2740182401,41.780278440000004,2.0918993,0.65642357,0.54100844,53.39392628
44341,39.9,23.7,17.6,31.6,16.6,19.8,4.7,54117.0,11.2,21.9,28.2,6.5,874.0,18.3,16.2,37.1,13.62672322,32.1,17.9,41.8,30.5,16.146293540000002,17.299999999999997,62.793338379999994,31.941777014,0.0062177881,0.0006654581,5.4855443293,8.7,5.2165740499,49.43968982,2.1466736,0.8581966099999999,0.38063264999999996,46.30951818
44604,37.9,25.3,17.1,68.4,13.0,24.6,9.5,38394.0,13.4,17.4,42.2,12.4,756.0,16.9,18.3,41.8,14.38778024,46.9,19.0,44.6,34.0,13.850923309999999,22.0,48.53954391,40.640759419,0.0018356935,0.0004120219,5.5293531015,8.9,5.4354553592,73.26324321999999,1.58298765,0.69136509,0.25270586,23.630381919999998
19760,38.8,24.5,17.3,57.0,10.0,18.9,8.7,34875.0,18.2,18.4,12.7,6.5,771.0,19.7,18.3,40.6,13.581541690000002,30.7,20.599999999999998,45.5,33.7,15.375586629999999,19.2,55.47752808999999,51.930458343,0.000659798,0.0003044294,5.923840076,8.7,5.5767418442,40.313657819999996,1.86773588,0.29944678,0.31974826,56.08283003
9942,40.1,23.7,18.9,29.0,10.8,20.4,6.4,55657.0,13.5,19.7,22.1,6.9,626.0,20.2,16.7,35.0,12.66119578,22.6,19.400000000000002,39.800000000000004,30.0,18.605120080000003,18.6,59.88049509,27.001862197,0.0011013216,0.0004006812,4.406271273,8.4,5.11619761,17.751301559999998,2.0824990000000003,0.22026431999999999,0.51061274,78.14377253
8531,38.9,20.9,18.1,100.0,7.3,24.3,6.3,34928.0,9.8,29.0,17.9,6.8,497.0,17.0,17.8,44.6,13.822525599999999,36.6,23.400000000000002,49.3,38.0,13.76417812,18.5,45.982330669999996,23.270055113,0.0003723008,0.0003607937,5.2324104122,7.3,5.2925275957,69.09903202,1.2285927,0.08687019,0.26061057,28.38173244
17741,41.9,21.9,21.3,39.5,12.1,24.2,6.9,45516.0,11.0,13.3,28.5,7.0,622.0,18.7,17.7,37.8,13.472622479999998,42.1,21.9,45.300000000000004,33.800000000000004,15.00585852,21.0,50.77655311,33.368644068,0.0020096463,0.0002841555,5.4859401468,8.9,5.2898541173,45.93477262,1.86610014,0.40192926,1.29765733,49.56936151
12499,41.8,21.8,20.9,3.1,7.0,18.6,5.0,47006.0,13.2,20.7,30.3,6.1,683.0,19.5,17.8,36.8,12.55901794,28.4,21.5,43.1,34.4,16.01035734,18.6,41.64729326,46.937151949,0.0003229453,8.05477e-05,4.9692491579,8.3,5.5904143654,37.9622154,1.9215243,0.25835621,0.33101888999999995,58.097852409999994
27467,36.8,21.2,13.2,37.1,8.7,24.3,10.4,41867.0,13.7,15.5,42.6,11.1,829.0,18.6,19.4,42.0,15.1627907,34.2,23.5,45.4,38.2,14.60432488,21.8,35.66922037,42.944785276,0.0021321135,0.0002275054,5.827902767,9.0,5.2513419265,58.09040161,4.66351372,0.5892386399999999,0.45743525999999995,35.241897970000004
25299,29.0,18.2,14.9,12.2,15.4,11.5,5.5,51020.0,8.1,21.9,38.1,7.0,758.0,27.6,19.7,36.1,8.36713996,16.900000000000002,20.5,42.0,27.800000000000004,18.68954142,15.7,63.41991341999999,8.1702280481,0.0032242656,0.0017470717,6.2557423893,7.4,6.1249073301,3.7497014600000003,3.18844041,2.71077144,0.49359126999999997,87.76769365
18069,41.5,22.9,19.9,25.9,16.5,12.1,4.1,68774.0,6.3,8.9,21.6,3.5,872.0,23.6,16.5,36.4,6.608969319999999,9.700000000000001,18.7,42.1,25.1,21.57454764,12.2,61.672555949999996,14.057331863,0.0002206653,0.0001110988,4.1571803853,7.8,5.6129258778,1.2577922400000001,2.76934959,0.66751255,0.44684724000000003,93.12075909
24873,40.4,22.6,18.0,25.8,10.2,19.4,3.9,51745.0,15.0,15.1,28.0,6.7,707.0,25.9,19.3,40.6,9.96661898,19.1,26.200000000000003,40.2,32.5,19.79396469,17.4,52.0820089,25.389025389,0.0023366402,0.0004002882,4.4007869124,7.8,6.0660810926,5.6038370099999995,3.2794949599999996,0.64770025,0.76248258,87.51332295
34701,43.2,22.4,21.9,32.2,9.5,16.1,3.6,55592.0,13.1,21.2,26.8,3.5,710.0,24.5,18.1,36.0,8.19614711,20.200000000000003,21.2,38.4,29.9,19.23793128,17.299999999999997,43.54900705,32.336182336,0.0011909826,0.0007490205,4.15296143,8.3,6.1596775159,0.60966964,10.52034595,2.62583298,1.41783638,83.47086346
11683,40.7,23.6,20.6,18.5,13.3,21.3,6.1,48105.0,11.5,15.7,29.8,7.8,681.0,25.6,19.1,38.2,8.47280335,22.0,25.3,42.699999999999996,31.3,19.54045036,19.5,54.32603045,26.583268178,0.000767198,0.000343112,5.0000967258,8.1,6.0485333772,0.69900264,3.1369874700000002,0.67342938,1.58554258,91.93589634
16101,40.7,23.6,19.0,49.5,9.2,17.7,7.5,54122.0,10.6,17.9,26.9,7.4,736.0,26.2,18.9,39.1,6.6009104700000005,16.400000000000002,20.8,38.3,27.1,19.39756608,17.599999999999998,45.852107079999996,22.511848341,0.0007388253,0.000124185,4.6817030114,7.4,5.9897422723,1.55768994,2.8383203999999997,0.38788327,1.00357099,92.50708041
19616,54.1,17.3,30.7,57.9,8.3,23.5,5.0,50229.0,11.7,40.1,17.4,6.2,825.0,24.1,16.3,36.0,6.95047785,24.0,22.5,38.4,28.299999999999997,20.42886775,18.099999999999998,50.04522159,25.900189514,0.0008758272,0.0002511553,4.9518172074,7.1,6.0129263773,0.75418451,2.25282211,0.45737640999999996,0.96827559,93.77676138999999
10658,44.7,21.4,20.5,59.4,7.1,20.0,4.9,52306.0,10.3,25.4,19.5,3.8,752.0,25.9,18.4,38.7,8.71848739,20.7,26.0,41.199999999999996,30.099999999999998,19.88130486,16.5,41.9550173,26.660430309,0.0004742033,0.0001894657,4.6540305799,8.2,6.184658168,0.65440061,1.70713202,0.26555387,0.8630500799999999,95.03034901000001
184043,31.8,20.1,12.9,32.1,27.9,12.3,3.9,66564.0,6.6,7.4,42.4,6.1,994.0,24.1,17.3,32.4,8.91074891,12.1,15.0,33.1,20.9,22.093241850000002,14.099999999999998,79.07367411,8.4385180965,0.0045813694,0.001183814,5.0207401529,7.9,5.7393127156,9.906419719999999,4.49533682,5.23373957,0.50247278,76.71629817
84544,38.6,22.5,16.8,55.5,16.2,17.4,4.8,58303.0,12.8,13.0,36.6,8.8,856.0,24.8,18.4,39.0,9.465189440000001,19.0,20.200000000000003,40.1,26.200000000000003,18.637011949999998,16.6,51.86618745,29.094422674,0.0022300979,0.0006559097,4.8145854398,8.2,5.4614891843,5.79584358,7.61849655,1.55986306,0.8269444000000001,81.1393992
42280,40.7,23.3,19.0,41.7,8.8,22.8,5.3,47245.0,13.3,15.9,34.6,8.8,729.0,27.4,20.2,38.6,10.519050250000001,24.6,22.900000000000002,41.199999999999996,30.599999999999998,19.11709334,19.5,52.622605560000004,41.500221926,0.0034804997,0.0009500962,4.7277785913,8.1,6.5128361577,5.8024220500000006,2.5412415399999997,0.93687423,0.76523315,87.26518546999999
8876,42.7,23.6,20.0,18.9,11.3,15.0,4.8,58269.0,11.0,18.3,20.0,6.6,632.0,24.9,17.9,37.7,8.5755814,15.0,20.9,40.0,27.3,19.97159045,15.9,57.304526749999994,26.046986721,0.0003350084,0.0001123974,3.7807361541,7.0,5.89777646,1.01619207,2.43439419,0.50251256,0.8821887199999999,92.77498604
44517,39.6,20.8,16.9,13.0,16.1,13.4,5.2,70599.0,10.0,14.0,22.7,4.0,807.0,24.7,17.7,38.4,8.03357314,15.6,22.2,41.699999999999996,27.500000000000004,21.37654609,12.9,59.059024810000004,17.550410754,0.001922604,0.0003808414,4.0951245448,7.7,5.7891761624,4.8512217500000006,2.56868838,0.8204600799999999,0.63937761,88.99644542
43227,52.6,17.4,28.6,31.2,14.8,18.6,5.2,59834.0,12.7,58.5,18.1,2.8,799.0,23.0,15.5,35.9,7.47482572,17.0,20.5,33.5,24.7,23.32985787,15.6,57.879197930000004,19.562119446,0.0021115248,0.0007597385,4.5300395687,7.3,5.3820173354,0.71973481,3.61002634,0.6993007,0.7833076,92.83216783
81703,36.9,21.3,17.0,20.8,21.5,14.0,3.2,65070.0,6.9,11.1,32.8,5.8,854.0,24.5,17.9,37.6,8.7657672,13.600000000000001,22.0,40.699999999999996,27.0,20.51430142,14.399999999999999,69.65667189,16.021724372,0.00303673,0.0009011971,4.4279601596,9.0,5.4375758419,8.107586999999999,3.05721585,1.91482695,0.44345898000000006,84.19333847
8513,43.7,22.2,21.9,40.7,13.3,13.8,4.7,59101.0,7.0,23.1,28.9,6.1,754.0,24.9,17.7,37.2,7.214765099999999,17.4,21.3,38.9,27.1,21.18327575,13.600000000000001,48.53489611,19.302949062,0.0005958765,0.0003581662,3.8803871108,7.1,5.6953477863,2.03789775,2.69336194,0.16684543000000002,0.38136098,93.02824455000001
5299,42.0,21.9,20.2,31.8,9.4,29.6,1.2,45737.0,16.1,28.8,30.6,10.5,625.0,26.6,19.4,37.1,8.25852783,30.0,22.7,40.0,29.799999999999997,19.3351382,21.099999999999998,49.40978078,35.918367347,0.00150858,0.0001879699,4.549964343,7.1,6.2213472124,0.71657552,2.37601358,0.26400151,1.4897228,93.00396002
108205,39.9,23.7,17.2,36.6,18.4,14.0,4.5,82473.0,8.6,5.7,23.8,4.0,1097.0,23.9,16.7,38.5,7.76529338,8.6,16.2,35.099999999999994,23.400000000000002,21.80241523,12.1,64.27468568,14.567159195,0.001414098,0.000246265,3.7511284008,6.2,5.3357648405,5.20083772,5.65281209,0.90752873,0.76343393,85.03293595
14314,44.8,24.1,23.4,22.8,10.0,22.4,2.5,43589.0,16.0,21.2,26.4,7.2,759.0,25.2,18.3,38.5,5.90875093,21.3,24.7,42.0,31.2,19.23438208,18.6,60.946745560000004,33.145275035,0.0008860414,0.0004828918,4.11603729,6.5,6.1192838436,0.85196292,2.37186478,0.51117775,1.09051254,93.38195202
7417,45.7,22.5,25.0,34.1,13.7,17.3,4.3,61910.0,8.1,32.2,18.3,4.6,525.0,23.7,17.1,36.1,7.84313725,13.200000000000001,17.8,36.199999999999996,23.3,21.91000047,14.499999999999998,59.116022099999995,20.350877193,0.000675767,0.0001359434,3.7160750853,7.3,5.4151325043,2.4733072,1.6218407899999998,0.25679145999999997,0.59467496,93.75591296
89568,39.1,25.2,16.1,23.6,19.1,12.9,3.6,75787.0,8.6,5.5,24.1,2.5,937.0,24.7,16.8,39.0,6.27833494,9.1,20.4,36.7,25.0,21.40273437,12.8,72.53305785,14.062656391,0.0011226197,0.0004153051,3.6688752295,8.3,5.4607810898,1.01777128,3.9217555199999996,0.86950075,0.9478723200000001,91.36430069
6693,42.8,24.6,20.6,42.2,8.3,14.2,3.9,53362.0,12.2,28.9,21.6,5.8,580.0,25.4,18.5,40.1,7.90960452,20.7,24.9,40.400000000000006,31.1,21.323584789999998,14.2,51.882845190000005,24.864024864,0.0003011595,0.0002969121,4.4300008516,7.9,6.0686186169,0.64749285,0.9787682600000001,0.43668122000000004,0.2258696,95.87411534
253085,37.5,23.8,14.6,20.4,23.0,11.9,4.0,82264.0,7.8,5.7,31.8,4.5,1133.0,23.4,16.5,33.6,7.46197492,8.9,17.299999999999997,35.199999999999996,21.6,20.08836573,12.4,72.75278592,12.89324394,0.0017438369,0.00059487,3.6469492878,6.2,5.4301945702,7.87421277,8.19256887,2.6673390500000003,0.6486457400000001,77.54877354
21155,40.9,23.4,18.0,23.8,15.8,14.4,6.1,66494.0,9.0,10.1,24.1,4.1,938.0,24.9,17.3,35.2,8.35894284,10.9,21.0,38.2,25.6,22.57076639,14.299999999999999,54.61492057,19.154557464,0.0003712642,0.0006107014,3.7778499814,7.7,5.8357235377,1.35975497,2.84481158,0.49656581,0.8539075599999999,92.66753295
76890,39.6,22.2,17.3,39.5,23.0,12.1,3.1,70667.0,7.0,9.5,32.7,5.3,783.0,23.2,16.4,35.7,8.711927849999999,11.3,16.1,36.7,23.1,20.68993047,12.4,66.09122739,17.256559253,0.0025233572,0.0006994366,4.2603665629,7.7,5.3018699839,11.40039856,3.74621496,1.47778152,0.46585057,80.68143585
16893,38.8,22.2,18.6,16.4,15.7,16.1,5.0,62239.0,9.8,16.2,23.1,4.4,724.0,24.0,17.3,38.5,7.424242420000001,13.3,21.2,41.099999999999994,27.900000000000002,21.02039822,14.499999999999998,53.28051498000001,19.830028329,0.0012391574,0.0002337131,4.4108595619,7.3,5.6173634622,5.44639169,2.12426978,0.71989143,0.66678468,88.71186641
23023,42.3,22.3,20.3,37.8,9.3,21.7,6.9,52367.0,13.8,18.8,26.8,6.1,784.0,25.7,18.5,39.4,9.988385599999999,21.099999999999998,25.900000000000002,38.7,31.2,21.05064561,17.2,50.03793627,27.576489533,0.0004401602,4.38462e-05,4.1393843098,7.2,6.1047786745,0.72626436,2.53092126,0.41815220999999997,0.70865795,94.28231876
7598,46.5,20.2,24.5,30.4,11.4,16.1,5.7,46806.0,11.2,20.4,23.7,6.6,641.0,25.3,18.1,38.7,8.33333333,20.7,24.3,44.5,31.1,19.383293090000002,16.1,57.490396929999996,20.245842372,0.0006480041,0.0006579813,4.5184542655,7.7,6.165555475,0.64800415,2.4235355100000002,0.57024365,1.12752722,92.54795231
17158,41.7,23.9,20.6,37.7,7.0,19.9,4.9,46547.0,15.6,13.1,24.4,4.8,635.0,26.0,18.8,37.4,7.72303595,22.1,23.3,40.6,29.2,19.37577842,18.3,40.92175234,23.624235686,0.0003939667,5.76668e-05,4.9696303422,7.2,6.1364443429,0.55718145,2.33003152,0.48401621,0.91175146,93.61773975999999
8418,40.4,25.1,20.9,12.1,12.7,14.4,2.0,59706.0,14.9,26.9,22.0,8.9,689.0,25.7,18.2,37.6,6.17433414,18.0,24.6,37.4,30.099999999999998,19.7641708,14.6,47.30639731,14.598540146,0.0002338908,0.0001190618,4.2461399752,7.3,5.9323300441,0.49117062,1.8009589499999998,0.21050169999999999,0.63150509,95.39235176999999
14509,43.7,22.6,21.6,52.6,10.9,21.6,4.8,51410.0,13.0,15.0,25.2,5.6,648.0,24.4,17.9,39.1,8.48708487,22.900000000000002,23.200000000000003,38.9,28.599999999999998,19.95909887,17.9,56.869620659999995,25.815217391,0.0015020141,0.0002771619,4.6801130755,6.9,5.9962743534,0.6690789899999999,2.34177647,0.78514372,1.26988462,93.32286475000001
11803,47.0,22.3,24.9,35.3,10.9,21.2,6.5,47848.0,10.6,14.8,18.7,4.5,704.0,25.3,18.0,39.5,5.94648167,24.0,23.1,38.7,28.799999999999997,20.61778027,18.5,58.61040068,28.71754524,0.0009813543,0.0001704739,4.3859235879,7.4,6.2062418863,0.8014393200000001,2.6987242399999998,0.5642787,1.29211645,92.21458946999999
28174,39.4,25.7,18.4,35.1,7.2,21.9,5.7,44868.0,17.6,17.5,37.5,8.5,629.0,26.6,20.0,39.1,12.18074656,29.099999999999998,23.599999999999998,43.1,32.0,17.5850727,20.200000000000003,40.71933205,45.856185253,0.0024785439,0.0002525526,5.0217759101,8.4,6.0792458486,10.74282332,7.801864460000001,0.9026339200000001,0.56969518,78.10372891
104858,40.9,22.5,18.2,32.8,13.7,14.3,4.6,70111.0,7.7,8.6,22.4,4.0,831.0,25.6,17.1,33.6,8.18742293,10.6,17.4,38.800000000000004,24.5,22.82295835,12.9,64.04164018,19.259747598,0.0015694899,0.0005986829,3.8623477004,8.4,5.6472623498,0.98304575,2.40404496,0.58268486,0.50092102,94.13743844
14801,46.3,20.7,22.6,17.5,12.8,17.5,2.1,62638.0,8.1,21.6,19.3,6.0,661.0,24.6,17.2,35.9,8.05998126,13.700000000000001,18.8,38.6,24.9,21.711169950000002,14.499999999999998,61.723577240000004,20.120014119,0.0006120367,0.0004732608,3.7598296422,7.5,5.6129594069,0.73444407,1.7273036400000001,0.44882693,0.52363142,95.28051683
6219,40.2,25.0,18.7,18.6,14.3,15.6,2.9,53799.0,11.6,20.0,24.4,5.0,595.0,25.0,18.2,38.1,5.2173913,19.6,23.0,37.6,28.499999999999996,21.16300906,15.8,41.632088519999996,24.566473988,0.0003181167,0.0003239916,3.8766236183,7.4,5.6461500801,0.92253857,2.02004136,0.65213934,0.49308095999999996,94.79879116
299188,36.3,20.8,16.8,31.6,20.4,14.9,3.9,54968.0,11.9,4.2,43.3,7.1,895.0,24.5,18.1,36.1,8.01913459,16.0,16.7,34.5,23.400000000000002,20.30657444,15.5,69.01383736,19.632669694,0.0048356757,0.0009339737,4.3066584748,7.5,6.1495530895,3.41813001,5.27032839,2.33051334,0.82170375,85.31504115
9878,40.2,25.0,21.7,24.7,10.5,14.6,4.1,51045.0,18.4,21.5,31.7,11.1,676.0,25.3,18.2,37.0,7.57894737,21.4,22.2,39.7,27.800000000000004,20.603985690000002,16.7,50.75239398,28.448275862,0.0027508915,0.0002057613,5.5437116155,7.2,5.7981977479,1.06979114,2.89353031,1.1716760099999999,0.5501783,92.49108507
8190,42.2,24.1,22.1,36.8,11.3,21.1,2.3,51809.0,7.4,25.4,28.6,6.4,638.0,24.9,18.3,41.0,6.363636359999999,20.5,21.7,42.5,29.5,19.44354357,17.4,56.98614319000001,17.425519955,0.000973236,0.000244978,4.5840355169,7.2,5.9578536892,0.49878344999999996,2.68856448,0.51094891,0.55961071,94.36739659
22064,44.2,21.8,22.2,39.3,9.4,19.7,6.7,54903.0,10.7,13.7,27.8,5.1,732.0,25.1,18.2,37.6,7.83645656,22.400000000000002,20.1,40.1,26.5,20.88479568,16.900000000000002,51.33991537,30.861354215,0.003780298,0.0007655589,4.2153318918,7.1,5.9470288313,1.2319324,3.17100289,0.51589949,0.9028240999999999,92.34156104
8452,55.7,16.9,33.6,24.6,7.5,26.9,8.8,33302.0,14.6,36.8,17.6,3.3,692.0,24.9,17.9,37.5,6.30252101,28.199999999999996,26.3,43.9,32.7,18.82429631,18.8,49.76887519,26.434558349,0.0010323469,0.0001161845,4.0322778973,7.0,6.4102684186,0.75705437,1.97292957,0.32117458,1.05528791,93.53062629
10142,38.3,21.9,19.3,34.3,15.0,16.4,4.5,59023.0,9.8,23.6,18.3,3.2,823.0,25.0,17.6,36.8,7.554945050000001,14.399999999999999,21.2,40.0,26.1,21.082563739999998,13.600000000000001,59.101654849999996,17.995765702,0.0007920008,0.000393391,4.4877823882,7.3,5.8216762839,4.87080487,2.3562023599999997,0.42570042999999996,0.9405009400000001,89.13968914
39960,40.7,24.0,19.6,21.2,10.7,19.2,5.5,46401.0,15.8,14.6,31.2,7.5,686.0,26.7,19.3,38.9,8.05046561,20.3,25.2,40.5,31.3,18.47889972,19.8,51.80073323,36.111111111,0.0026021849,0.0008755472,5.0757649344,7.5,6.1998315943,0.66527556,2.74702344,0.7831103500000001,0.9623174199999999,93.13366884
9538,45.1,20.9,22.0,10.0,11.5,22.9,3.3,53401.0,11.0,19.2,21.9,5.8,662.0,26.3,18.5,37.0,10.11904762,25.6,20.200000000000003,39.4,27.200000000000003,20.2598642,19.5,57.244995229999994,27.52293578,0.0012711864,0.0001062925,4.9128185291,7.2,5.7981392612,1.50423729,2.33050847,0.21186440999999998,0.94279661,93.32627119
715526,37.0,23.3,15.4,32.9,20.7,12.9,4.9,65169.0,11.6,9.6,41.5,7.9,1096.0,25.4,18.9,34.2,9.7310744,14.7,15.8,38.800000000000004,21.7,21.138390939999997,14.099999999999998,67.56694784,23.293076168,0.0031034291,0.000843956,4.6029503428,10.1,5.962664224,22.37085282,11.54239034,2.03017145,0.70529949,60.30602872000001
122788,36.6,24.6,15.8,31.7,17.1,15.8,4.1,54963.0,13.8,10.4,36.8,6.5,878.0,25.8,19.2,40.0,7.87746171,18.099999999999998,21.099999999999998,35.8,27.1,19.28756092,17.299999999999997,57.68465518,31.781226903,0.0026947927,0.0008201047,4.5302350694,9.1,5.9660675434,2.0726714399999997,10.04030194,1.2810261,1.98231192,81.49149181
226984,39.9,22.8,15.7,29.1,15.3,13.7,3.8,77217.0,7.9,6.6,19.3,3.2,957.0,23.9,17.4,36.7,8.19066604,10.9,19.8,39.1,25.5,24.66671664,12.7,69.3342096,13.96731055,0.0011546945,0.0002546417,3.7217211375,7.6,5.6508887205,1.33633179,2.7297496,0.94667647,0.33775894,92.88370886
54025,31.0,21.7,12.8,24.3,16.1,12.7,4.8,62503.0,10.1,8.8,36.9,4.3,912.0,26.8,19.5,37.9,7.14579055,13.200000000000001,17.8,40.0,23.599999999999998,20.22028546,13.8,64.63552725,13.149413433,0.0023288818,0.0003508772,3.5126698169,7.2,5.6459190887,4.25748699,5.20177577,1.78850842,0.72959499,85.08424002
36060,39.5,24.7,18.0,31.0,11.7,18.2,5.9,49202.0,11.6,10.0,29.9,6.8,791.0,25.9,19.2,39.2,7.965947099999999,20.0,23.799999999999997,44.1,30.099999999999998,20.44625807,17.2,50.88347384000001,37.788842078,0.0017448201,0.0005535106,4.0871902183,7.2,5.7556995148,1.06597601,3.12431843,0.76608506,0.80970556,91.97928026
32858,41.4,23.0,19.0,48.6,14.4,16.1,2.4,78397.0,8.4,14.0,24.4,3.4,834.0,24.6,17.4,39.1,8.960988799999999,13.8,20.599999999999998,38.9,27.900000000000002,20.40932424,13.5,60.42031524,23.750183258,0.0015664538,0.0002437761,3.4863642411,7.4,5.5787875385,2.07555127,3.50042174,0.58742017,0.71394144,90.90553079
38231,38.7,25.2,17.9,14.0,10.9,16.5,5.2,52225.0,14.5,10.1,29.2,6.0,783.0,25.7,19.0,38.7,7.21414314,20.1,20.5,41.9,27.6,19.85266639,16.0,50.082300010000004,30.623861566,0.0012090965,0.0003914303,4.5087386645,8.3,6.1738443781,0.65342663,8.60516567,0.7794813700000001,1.29141799,87.08582013
9987,39.1,21.5,18.7,22.7,10.5,14.2,5.9,49779.0,8.2,23.2,23.4,5.7,606.0,25.8,19.1,39.3,8.94085282,18.7,23.9,39.900000000000006,29.7,20.4982408,15.8,53.40186001,10.200226672,0.000407415,0.0002,4.5354560502,7.9,5.9476569779,3.30006111,1.9148502800000002,0.64167855,0.6518639199999999,92.06559381
60172,37.1,25.2,14.0,40.0,13.1,14.4,3.4,82543.0,8.7,6.0,20.9,4.0,958.0,24.9,18.3,38.7,7.40205813,10.0,18.9,41.3,25.900000000000002,21.61705404,13.900000000000002,57.6585655,16.559409826,0.0010046523,4.87124e-05,3.6463290512,7.8,5.5113389138,2.00930463,2.9784077,0.55642282,0.46368568000000004,92.21780862
11892,42.0,23.5,21.4,18.3,12.7,14.1,2.8,58435.0,8.8,20.6,23.1,5.4,648.0,25.1,17.9,38.5,6.1899679800000005,20.5,23.400000000000002,41.4,29.9,19.90300616,15.9,49.45344893,18.328445748,0.0003392418,0.0003377523,4.7608324397,7.3,5.8456978812,1.0601306099999999,3.05317615,0.23746926000000002,0.43253329,93.87668561
14402,39.2,21.8,19.8,17.1,11.9,14.5,3.0,58772.0,10.7,14.6,30.5,6.2,755.0,26.1,18.9,37.0,7.43727599,18.0,18.9,38.6,26.3,20.896158510000003,14.000000000000002,46.040753159999994,26.638626008,0.0009617366,0.00074551,3.9758193736,7.2,5.8246355349,3.13251357,2.24634197,0.8999107,0.5633028800000001,91.66036958
23381,38.2,25.5,15.2,17.1,8.7,14.1,5.9,46494.0,20.7,14.1,33.3,5.6,737.0,26.5,20.2,40.8,8.62068966,23.7,25.2,41.199999999999996,32.7,19.10949374,16.400000000000002,43.68811881,40.04576659,0.0002091788,8.55322e-05,4.2789057854,9.0,6.0444193185,1.74873447,12.37919926,1.81567167,3.11258001,73.99071246
15173,43.0,23.2,22.0,26.3,12.6,16.4,3.8,54113.0,11.7,21.4,23.1,5.6,699.0,23.7,17.2,37.4,8.75912409,16.6,21.099999999999998,36.9,26.8,21.2308609,14.299999999999999,57.87153652,22.431039709,0.0005936284,0.0003951788,3.8404038882,7.4,5.704480709,2.41408878,1.99854891,0.77831278,0.36936878,92.61922037
12649,41.4,23.9,19.0,12.9,10.2,22.6,5.1,54042.0,15.0,20.9,21.6,4.9,825.0,25.4,18.1,37.3,9.73741794,20.7,22.400000000000002,38.0,28.599999999999998,20.99511731,16.1,45.96231494,23.875845603,0.0017325563,0.0003161555,4.0099932377,7.5,5.8623891821,1.2521657,2.70121279,0.98440699,0.5906442,93.15640257999999
28525,39.0,23.1,18.2,37.1,15.0,15.4,2.9,62492.0,7.8,12.3,31.1,7.8,757.0,25.0,17.9,39.5,9.00634249,14.899999999999999,21.7,36.1,27.1,20.228828449999998,15.299999999999999,56.13652869,20.543713315,0.0032467532,0.0010169016,4.17150705,7.9,5.8542653224,4.3972332000000005,2.0927442099999998,0.83286279,0.29997177,89.70920384
3517,41.7,24.2,21.9,55.8,13.3,16.5,2.9,55592.0,12.1,35.0,20.7,5.3,496.0,25.4,18.0,36.9,5.13595166,19.0,19.8,42.4,27.500000000000004,20.261251899999998,15.8,50.065703019999994,15.894039735,0.000576535,0.0002866972,4.1981613038,7.1,5.7557102294,0.46122802,5.50590948,0.8071490299999999,1.09541655,91.20784088
24855,41.1,23.3,19.2,31.5,14.8,17.3,4.6,53490.0,10.8,19.1,24.7,4.0,726.0,25.8,18.1,36.6,8.206106870000001,17.599999999999998,23.7,39.7,28.000000000000004,20.58718741,16.6,58.70191493,28.305471125,0.0006252442,0.0003211691,5.0780271518,7.3,5.7887862609,0.8518952700000001,2.30168034,0.49628761000000005,0.69167644,93.95076202
12305,42.1,22.1,18.4,52.7,9.4,26.1,5.1,40833.0,12.4,13.0,40.1,17.0,686.0,25.1,19.9,43.4,10.787172009999999,28.1,28.9,44.5,37.6,17.43207885,20.200000000000003,33.68386461,45.529801325,0.0005921164,0.0001595151,5.5015135639,8.5,6.7110844629,23.02486889,2.3261715400000003,0.34681103,0.49906953000000004,72.00981221
15401,37.6,25.0,16.2,22.3,13.3,13.0,3.0,66792.0,16.0,7.9,23.2,6.6,747.0,24.8,18.1,37.7,5.8866279100000005,14.000000000000002,21.3,39.800000000000004,28.1,20.78403248,13.5,49.97454175,18.306636156,0.0004588359,6.45828e-05,3.7581778859,7.5,5.6328336822,2.36628212,6.06318825,0.45228107,0.5112742499999999,89.19113791
8668,45.8,22.1,24.3,12.4,12.4,15.3,1.2,50245.0,12.6,23.8,24.1,7.4,693.0,24.9,17.5,38.2,10.39370079,15.299999999999999,22.400000000000002,41.4,29.9,20.73850738,16.0,49.28774929,25.655976676,0.0002299379,0.0003443526,5.6775434983,7.6,5.8699898203,2.8282363800000003,1.79351575,0.40239135000000004,0.51736031,91.88319154
11421,43.8,22.3,20.3,29.5,10.5,19.9,3.0,58660.0,9.8,19.9,25.7,3.8,769.0,25.1,18.2,38.4,8.03673938,19.5,23.0,41.199999999999996,29.599999999999998,20.47145916,16.2,55.29935275,24.79338843,0.0004363382,0.0001752081,4.9616152651,7.7,5.9724625094,1.5708177,2.40858714,0.6370538400000001,0.38397766,93.12330919
21169,46.0,22.7,23.3,27.3,9.1,21.3,3.5,48841.0,24.1,48.5,20.2,11.1,687.0,26.1,18.3,38.9,7.32240437,20.4,23.400000000000002,43.1,28.999999999999996,20.64309154,18.6,37.709888060000004,23.295316671,0.0004551661,0.0002806492,5.0379771456,7.3,5.9089599483,0.91943559,2.7810650900000002,0.45971780000000007,0.88757396,92.98133819
16341,41.8,23.5,19.3,37.6,6.9,21.3,4.0,44092.0,13.8,14.5,35.2,8.0,708.0,25.7,19.3,41.2,10.96368715,26.0,25.4,41.699999999999996,32.1,19.39126736,17.5,43.43126386,40.199530516,0.0003241701,6.23636e-05,4.6826589053,8.3,6.1527789374,16.35114108,2.0811722,0.43438797,0.42142116,78.78630705
59019,40.2,23.6,18.6,25.6,14.8,14.4,4.2,60313.0,13.4,10.7,25.7,5.0,781.0,25.0,18.1,36.9,8.07567128,16.6,18.0,36.9,25.1,20.40555064,15.299999999999999,57.95298373,29.951100244,0.0004120177,0.0001178729,3.6741468426,9.2,5.8882681983,1.03993276,6.99935725,1.73047448,2.65504227,83.22593404
21140,33.5,16.6,16.8,30.9,15.8,12.9,2.3,53917.0,8.6,12.7,36.6,7.0,739.0,26.2,19.0,42.3,6.5381968299999995,13.0,22.1,42.3,27.400000000000002,20.637553110000002,15.0,62.61640798,4.5402951192,0.0014979464,0.0003780718,4.4457075337,7.5,5.529115373,2.2662478900000003,2.25175163,1.6042522300000002,0.43971974,92.50060401
13374,41.4,23.0,17.5,10.9,17.5,12.6,1.0,70313.0,4.9,19.7,16.8,4.7,592.0,24.2,17.1,37.1,6.0918463,11.600000000000001,19.5,36.6,24.099999999999998,23.32577212,11.5,64.42622951,6.6050198151,0.0001485001,0.000224232,4.7471843207,7.4,5.5771315421,0.45292544999999995,1.15087615,0.17820017999999999,0.47520048,96.88892189
8688,52.6,19.3,28.8,43.1,6.6,26.3,6.2,39125.0,16.5,27.8,20.8,6.4,636.0,25.5,18.4,38.7,10.05484461,30.9,29.599999999999998,44.2,35.9,19.10908165,21.0,42.007672629999995,28.313253012,0.0001114827,0.0001138693,5.0273849607,7.2,6.1936524112,0.43478261000000007,2.32998885,0.33444816,1.30434783,93.79041249
15555,39.2,25.8,17.5,39.4,7.6,23.1,9.6,37426.0,13.0,16.8,43.7,9.4,722.0,25.7,20.5,42.6,12.00519143,35.9,26.0,43.8,34.4,17.02034808,21.7,41.78974805,50.857480781,0.0021213988,0.0003938041,6.4068668969,7.7,6.4838446424,25.69629782,3.41476767,0.52008486,0.65694929,67.19359474
18970,41.4,23.0,19.0,8.5,14.4,13.9,5.1,61486.0,7.1,13.7,22.3,5.4,877.0,24.4,17.3,38.4,5.77181208,13.0,20.0,37.3,27.1,22.89418718,13.8,59.2120246,19.221041983,0.0008970976,0.0003699398,4.2376557924,8.6,5.7011416674,0.70184697,2.57519789,1.2506596300000001,0.60158311,94.06860158
43059,38.0,24.9,17.0,24.7,10.9,16.5,3.9,57581.0,14.1,10.1,30.0,7.0,838.0,24.6,18.1,37.6,7.553606240000001,16.2,19.400000000000002,39.0,27.0,21.00377215,15.8,57.196381249999995,29.989327641,0.0012405238,0.0005557099,3.8776209401,7.2,5.7636649321,3.3057661400000002,10.14243051,0.95106823,0.92120377,82.49023662
44843,36.0,21.0,16.5,16.2,16.4,16.5,4.2,53242.0,9.3,12.2,39.9,6.6,770.0,25.9,18.2,40.1,8.124174369999999,17.0,20.8,39.2,27.800000000000004,19.38004614,16.5,59.187768750000004,18.438073173,0.0036657539,0.0008233749,4.7702459771,7.2,5.5682803986,2.51744546,3.19097253,3.44271707,0.9583959,87.64243441
17719,39.9,22.7,18.3,15.5,10.5,16.4,4.8,53363.0,9.2,17.3,26.3,7.8,724.0,24.1,18.5,39.5,8.7966221,18.7,22.6,43.3,29.099999999999998,19.70024198,16.0,35.668366219999996,24.578027835,0.0007248397,0.0001689094,4.732944951,7.9,5.880312926,5.98271536,2.47003067,0.39587399,0.28436019,89.07722331
107033,38.7,23.4,15.4,20.4,27.6,12.6,3.6,92543.0,6.3,6.1,33.6,4.0,1210.0,22.8,15.4,35.2,7.611706610000001,6.3,14.899999999999999,39.5,21.9,22.66874508,12.0,79.66807745,8.1563222402,0.0015812042,0.0008105444,3.9852920707,9.0,5.0279067278,8.39199571,7.2610327,2.90512775,0.61818832,78.01590138
53726,27.7,21.8,9.3,15.1,17.1,16.8,4.7,62541.0,10.8,19.0,42.8,5.1,1032.0,24.6,19.1,42.7,7.690738469999999,11.899999999999999,18.0,35.4,24.2,20.0609531,15.9,66.74433657,19.941157241,0.002843232,0.0002787275,3.8537609899,7.3,5.6285960576,10.46606705,11.48442727,3.15357169,1.11499294,69.63316732
4698,46.1,22.6,25.3,89.4,12.9,15.2,4.0,50950.0,12.9,37.9,18.7,6.8,609.0,24.3,17.1,36.5,6.7961165,20.8,19.6,40.699999999999996,24.7,21.459361960000003,14.099999999999998,66.44486692,26.721479959,0.0006468305,0.0006366723,4.7926574696,7.2,5.5082260658,0.23717119000000003,3.2125916300000004,0.56058646,0.28029323,93.79042691000001
10356,45.5,20.9,22.2,39.8,11.3,16.6,5.3,62615.0,8.1,20.5,13.0,2.9,777.0,24.8,17.4,36.6,9.88023952,14.899999999999999,21.2,40.0,26.400000000000002,21.9306151,14.2,54.38677079000001,15.792154865,0.0005720278,9.65158e-05,4.2798655133,7.8,5.683791585,1.36333302,1.28706264,0.44808846999999996,0.26694632,95.0424254
24652,39.8,21.8,16.9,50.2,12.4,18.2,5.3,51480.0,11.0,15.7,31.8,5.4,735.0,25.5,18.8,39.1,8.422120750000001,18.3,21.5,41.6,30.2,20.09290031,17.1,46.10309911,28.135990621,0.0015346966,0.0002827141,3.8628954568,7.4,6.1765515091,4.83222033,2.72927123,0.75075698,0.6843917199999999,88.44829732000001
23122,42.0,22.6,18.6,32.7,10.7,14.0,3.1,69779.0,10.3,11.2,21.5,2.2,840.0,25.0,18.0,37.6,7.795100219999999,12.8,19.7,40.400000000000006,25.8,21.466467259999998,14.299999999999999,51.744077600000004,27.477282562,0.0003882322,0.0002173157,4.2520132322,7.3,5.9115816695,1.2423432,3.0023293900000003,0.49176085,0.69450436,92.75299801999999
6102,46.2,18.6,23.5,20.8,11.4,31.4,10.0,43856.0,12.9,34.0,19.6,6.1,643.0,25.4,18.4,39.1,8.40707965,30.2,26.3,40.6,30.8,20.91797317,19.8,57.04334365,39.622641509,0.0018487395,0.0003285691,4.10608139,6.9,5.9809038571,1.5294117600000001,1.71428571,0.25210084,1.54621849,92.63865546
10839,41.1,23.5,19.8,28.0,8.2,23.9,3.6,42541.0,16.9,24.8,20.4,4.9,699.0,27.1,19.9,38.2,9.27734375,27.700000000000003,26.1,42.8,33.4,18.52501762,19.8,51.80577849,38.1613183,0.0008328706,9.41886e-05,4.9930285714,7.7,6.1620025395,1.04571534,1.73052008,0.38867296,1.30483065,93.54062558
406262,39.4,22.8,16.0,20.4,26.5,10.9,3.1,99596.0,4.3,3.5,19.3,3.3,1209.0,22.8,15.1,39.9,7.41993304,5.6000000000000005,15.8,36.1,21.5,23.01044327,10.100000000000001,79.71842125,6.3959458856,0.0023520433,0.0004683144,3.586853989,9.4,5.4840306372,6.08963205,4.2367979600000005,3.3334213299999997,0.24000442000000002,84.01354585
9330,48.2,20.4,26.1,21.2,8.5,23.6,2.5,43483.0,14.8,25.5,23.6,5.1,572.0,25.2,17.9,35.0,4.3715847000000005,27.800000000000004,23.7,41.099999999999994,29.4,20.332606010000003,18.0,42.96257248,26.996625422,0.0003076292,0.0004266212,4.4040081177,7.0,5.8712896549,0.72805578,2.42001641,0.35890074,0.8613617699999999,94.02173913
18494,44.0,21.3,20.6,28.7,9.4,16.6,4.8,61215.0,5.6,14.4,18.7,3.2,744.0,24.4,17.1,37.5,8.15138282,12.1,21.0,36.7,26.5,22.111272109999998,13.5,60.00479272,19.039499858,0.0010728463,0.0004303852,4.3297370867,8.3,5.8649513286,1.7487394100000002,1.58244824,0.32721811,0.32721811,94.22272287999999
66814,39.4,21.2,16.9,44.4,8.8,21.2,4.8,53083.0,12.0,16.7,30.9,6.8,748.0,25.9,19.3,40.0,9.55759599,15.9,22.8,40.0,27.3,19.401871200000002,18.4,54.635492770000006,27.920865995,0.0032061797,0.000666262,4.7275413205,7.7,5.936815079,4.041277699999999,1.9818664400000001,0.4339527,0.46377763000000005,91.6698977
999703,40.2,21.9,18.4,28.5,26.2,11.8,4.3,78067.0,5.9,7.1,31.5,6.4,1119.0,22.7,15.9,33.8,10.14388871,12.6,16.6,33.4,23.3,21.57060901,11.5,78.10162772,11.95487534,0.0038376632,0.0012144162,4.6693080357,7.7,5.268365376,25.03173569,3.8823413799999997,5.06342579,0.22359352000000002,63.49873716
23219,35.5,22.1,17.5,75.1,16.9,17.2,2.7,55396.0,6.8,20.9,27.6,5.5,718.0,24.6,18.0,39.3,9.17327293,21.6,19.0,39.1,25.7,20.10877151,14.899999999999999,61.682412789999994,17.615871387,0.0014317324,0.0005152647,4.1399644058,7.2,5.7884493699,5.69222092,12.772788409999999,1.1670788300000001,1.00655126,75.4219272
4720,36.0,29.6,18.5,0.0,9.8,14.9,1.2,58656.0,31.1,31.2,19.8,4.6,471.0,25.1,18.5,37.0,6.95187166,16.0,23.200000000000003,39.2,29.5,20.46397842,12.6,37.88990826,9.865470852,0.000427716,0.0017046665,3.1868100358,7.5,5.8571844423,0.1710864,1.34730539,0.2566296,0.4918734,96.44995723000001
38055,39.4,24.0,18.3,40.3,14.1,18.3,2.9,54621.0,11.2,9.8,31.4,7.4,798.0,24.6,18.2,40.3,11.42857143,21.9,21.6,43.4,30.3,18.688116909999998,15.9,52.900912649999995,34.298780488,0.0021378236,0.0005021142,4.4598524939,8.9,5.7099084525,12.13808757,2.68943493,0.48826835999999996,0.49882551999999997,82.27717807
7132,46.9,21.8,22.6,19.6,8.4,21.1,2.7,46767.0,12.2,22.3,18.3,5.5,556.0,24.9,18.1,39.6,8.61244019,33.300000000000004,25.3,41.4,31.6,21.122817190000003,17.2,53.36411609,33.103448276,0.0001381597,0.0001407261,4.1730270639,6.9,6.2434049536,0.63553468,2.80464217,0.34539928000000003,1.36778116,92.20779221
6049,42.9,24.2,21.5,20.8,12.5,14.7,1.1,50387.0,10.0,20.4,26.2,5.6,630.0,25.2,18.4,37.3,6.82730924,19.1,23.0,41.4,28.999999999999996,19.67853782,15.6,55.67928731000001,18.181818182,0.0001686056,0.000167336,4.6107953274,7.5,5.9662369162,1.34884505,2.32675771,0.28662957,0.42151408,94.19996628
28656,41.3,21.9,20.1,29.4,10.3,21.6,4.3,51703.0,12.8,14.5,28.8,4.7,712.0,26.1,19.0,40.5,9.23011484,17.9,25.5,45.2,32.1,19.05041863,17.7,48.14595076,35.290006988,0.0007395147,0.0004915903,4.5872463768,8.5,6.0652816342,1.36986301,2.3382751699999997,0.39792936,0.58104729,94.14374758000001
56202,42.3,20.7,22.3,29.4,16.9,17.1,5.1,54467.0,15.6,27.1,33.3,4.9,873.0,24.3,17.5,36.6,8.80207108,18.5,21.7,39.2,29.799999999999997,19.88738808,17.7,60.423598150000004,23.147428927,0.0009511229,0.0007980563,4.3352501438,8.1,5.8357439847,1.62043153,7.582562750000001,1.1677675,1.22413034,86.44297666
19777,41.8,23.8,20.1,30.2,10.9,19.8,4.0,53318.0,16.5,13.3,28.9,8.4,706.0,26.6,19.0,37.9,6.2133646,21.3,23.1,41.3,29.9,19.67834277,17.8,56.47193585,26.714801444,0.0041603247,0.0002551671,3.9976178941,7.7,5.8969162782,0.9589041099999999,2.8411973600000002,0.77118214,0.8117706699999999,92.64332826
35729,41.3,23.4,17.6,46.5,14.1,15.2,4.8,75531.0,7.4,15.9,19.6,2.5,956.0,24.9,17.8,36.7,7.54142712,10.9,20.4,37.6,25.0,22.46884957,13.4,58.38827006,18.460329929,0.0006348199,0.00021907,3.6977744958,8.0,5.7236337574,2.31444744,4.19774639,0.5025657299999999,0.5766280500000001,90.66021266
23580,39.8,23.5,16.8,25.3,7.9,24.2,4.4,49364.0,11.9,15.9,21.4,9.4,694.0,26.4,19.8,41.4,9.50080515,25.4,24.099999999999998,39.0,29.599999999999998,19.34238633,18.7,40.31779291,34.516765286,0.0011047846,0.000297847,4.4950135596,7.3,6.3677356302,2.75346307,1.1685221399999999,0.37817626,0.5353956,93.65173791
11081,49.2,19.6,24.6,26.0,6.9,29.0,8.3,42758.0,13.6,27.8,25.7,5.5,626.0,25.8,19.1,39.8,9.849362690000001,32.2,21.7,41.4,29.5,18.91459727,22.6,45.553047400000004,35.938903863,0.001202479,0.0004581272,4.891682442,7.5,6.5442684228,1.00823236,1.6094718300000002,0.42549255,0.62898899,94.00610489
39265,36.8,27.3,15.6,26.2,12.2,14.7,4.8,65103.0,13.3,10.3,23.4,5.5,713.0,26.1,19.0,37.3,7.067307690000001,19.7,19.3,38.6,26.5,20.28182345,15.4,55.1242236,30.309710129,0.0008198302,0.0003775009,3.833605167,7.6,5.6699869807,1.17669753,2.50771605,0.44367284,0.88734568,93.22193287
18475,41.1,26.0,19.9,21.3,8.0,18.1,4.8,43573.0,16.0,18.5,22.6,6.5,593.0,26.6,19.8,39.6,7.2129255599999995,24.9,23.200000000000003,40.9,29.2,19.22187326,18.3,46.11782105,31.686239752,0.001339999,0.0001612037,4.1336004736,7.3,6.3596884341,0.8555378,2.90676699,0.54630727,0.8091532199999999,93.21238984
298018,36.5,18.5,14.5,45.8,21.5,15.6,5.4,52941.0,10.1,17.7,55.1,18.5,938.0,23.9,18.2,37.1,12.64503367,27.1,18.5,36.7,25.4,19.666346949999998,15.9,74.72595802000001,27.326132272,0.0060265338,0.0009682588,5.9894306868,10.3,6.0888784524,42.75396268,5.26842565,3.6134358300000002,0.31729807,45.67708001
9469,42.3,17.2,23.0,27.5,25.3,16.1,2.8,55867.0,6.5,17.3,33.6,0.9,839.0,24.3,16.9,29.7,5.92334495,15.5,14.899999999999999,31.3,22.8,23.18884482,11.4,79.29742388999999,5.9121621622,0.0020232676,0.0014699706,4.6492110874,5.3,5.259308521,0.39453718,5.36165908,0.61709661,2.0839656,89.24633283
13090,31.6,33.0,13.0,36.4,12.4,10.6,15.0,52463.0,18.7,20.1,33.4,6.5,707.0,25.2,22.2,36.2,7.825484759999999,23.799999999999997,23.400000000000002,41.4,28.999999999999996,19.94649937,16.6,58.516483519999994,51.654560129,0.0012548035,0.0005402485,4.8380728879,6.6,6.0071789541,0.41565367000000003,5.04274175,0.69798447,66.62222571000001,26.64889028
7030,33.6,29.7,15.8,8.7,15.3,19.9,13.2,58507.0,17.4,19.6,37.2,9.2,597.0,24.3,19.8,31.7,10.03236246,21.8,21.8,41.4,26.1,21.39381786,16.400000000000002,64.9670066,31.425364759,0.0021742281,0.0005730659,5.7151303148,6.0,6.2051970543,0.53630961,2.97144514,0.30439194,50.0797217,44.61516162
6977,47.4,18.7,24.3,23.5,17.0,14.7,8.2,61679.0,8.1,8.4,17.0,1.9,846.0,23.1,16.3,30.2,8.06794055,11.1,17.1,32.0,22.1,24.28042047,10.5,69.23076922999999,11.067193676,0.000747012,0.0001372119,4.4682709741,5.2,5.3582680108,0.62250996,3.7724103600000003,0.46065737,1.35707171,92.2559761
10645,50.7,17.5,26.7,13.4,18.2,16.8,4.9,66780.0,7.2,27.3,26.2,2.7,900.0,22.8,15.3,31.6,6.91489362,12.4,14.299999999999999,28.999999999999996,20.5,26.472718160000003,11.0,59.036144580000006,10.887316277,0.0010508801,0.0006453397,4.7018930344,5.7,5.0293551799,0.79691742,3.07382433,0.86697609,1.5325335,92.38987652
84423,37.9,22.3,19.0,39.0,17.6,15.1,3.3,61351.0,6.9,11.4,32.0,5.7,866.0,27.1,18.8,35.1,7.65969887,12.7,16.400000000000002,35.6,23.200000000000003,23.16189455,12.0,65.73420283,20.768431983,0.0040636042,0.0007454651,4.1754523997,5.9,5.635207389,1.39811543,5.39929329,1.20141343,4.89281508,84.08716136999999
11957,42.8,19.7,20.5,41.9,17.5,20.3,3.3,61114.0,7.4,13.4,32.7,4.4,872.0,24.0,16.9,32.0,6.875753919999999,13.4,15.9,35.8,23.9,26.21564523,12.6,63.7816245,20.125223614,0.0040050063,0.0006713662,4.3439157205,5.8,5.3571737721,0.7759699600000001,3.47934919,0.62578223,2.87859825,90.29620359
8915,42.8,21.5,20.5,4.1,16.4,16.6,3.0,68168.0,4.0,13.9,27.8,5.1,791.0,23.2,16.8,33.2,6.15141956,13.700000000000001,17.299999999999997,35.699999999999996,22.400000000000002,24.294615359999998,10.2,75.18587361,14.846235419,0.0026106697,0.0004492363,3.57024,4.8,5.1718921976,0.59023837,3.8024971599999997,0.6129398399999999,2.51986379,90.97616345
9435,49.6,12.9,24.9,39.6,15.2,25.5,3.8,46436.0,7.2,20.9,34.1,9.3,650.0,24.2,17.3,33.8,9.90291262,14.099999999999998,16.400000000000002,32.9,23.0,23.26305972,17.5,54.97026337999999,13.372956909,0.005892691,0.0008429038,4.6977522011,5.5,6.1605314151,0.45487439,3.6286570900000004,0.50656466,3.04972604,90.67507495
11496,46.7,19.7,24.9,4.5,22.1,15.0,3.1,58321.0,14.1,13.7,32.7,7.4,815.0,23.1,16.4,29.0,7.7395577399999995,13.8,14.7,32.1,22.400000000000002,24.42244113,13.0,71.24158564000001,14.329580348,0.0028882093,0.0008608074,3.9573661227,4.7,5.2077912539,0.382263,2.55691471,0.68807339,1.8178729200000001,92.83893986
105950,42.3,21.7,20.4,21.2,23.2,11.5,3.2,68025.0,8.8,16.1,25.7,3.7,1029.0,23.7,15.8,30.7,7.03115067,9.8,17.0,30.2,21.4,25.98246425,10.0,68.81803189,16.086336795,0.0038265643,0.0009220499,4.2017639542,6.9,5.2606264193,0.31492184,3.9488384,1.11981984,1.34765436,91.22441260000001
119685,33.5,19.2,13.0,9.3,33.7,9.2,2.1,83434.0,7.4,10.7,38.6,2.6,1405.0,22.8,16.7,28.4,7.466310549999999,5.800000000000001,12.3,23.7,15.7,27.29271115,9.0,80.30542109,5.4660954351,0.00477023,0.0007823132,4.1611572314,2.3,5.0586860872,0.48097840999999997,5.49327975,1.76253273,1.14390589,89.41768386999999
13781,34.2,29.5,12.4,52.1,12.5,15.0,7.9,41078.0,30.0,21.8,36.4,5.6,599.0,25.8,23.2,39.8,9.70588235,30.4,30.4,36.199999999999996,32.5,19.76247207,19.400000000000002,56.992609439999995,37.704918033,0.002718789,0.0007979688,7.5037389056,6.4,7.3941512071,0.34535969,3.11558527,0.47762509999999997,64.96436182000001,29.722977439999998
16238,33.4,27.8,15.4,23.1,17.3,11.9,3.9,58427.0,7.2,14.1,34.1,5.5,729.0,26.2,20.2,35.1,6.80876258,21.8,20.1,34.9,25.1,24.77701023,12.5,51.74358974,36.138358286,0.0040550504,0.0006798937,4.0123182332,5.8,5.8184262286,0.58982551,3.7601376300000005,0.76800197,25.36249693,67.97739002
12273,47.4,20.1,22.4,35.4,21.4,17.1,3.4,73875.0,5.7,12.7,16.9,3.1,869.0,22.7,15.4,30.2,6.754772389999999,9.6,13.700000000000001,29.4,18.7,25.800072829999998,8.9,72.02904088999999,7.0643642072,0.0013028817,0.0006415397,3.7359313483,5.9,4.8646515879,0.56713673,3.07326793,0.6591048399999999,1.8776824,91.38565297
31509,43.7,22.6,23.0,62.6,20.8,15.2,6.5,58009.0,15.4,26.7,28.1,4.0,851.0,24.9,17.5,32.1,7.6451156199999994,18.0,18.7,33.900000000000006,24.0,21.34721398,13.8,59.401831709999996,22.261798753,0.0029095927,0.0007492274,5.1948240519,8.5,5.9133508379,0.41694163,4.51136841,0.8038874600000001,22.93478913,66.2457256
71487,41.2,21.3,19.5,8.0,27.3,14.0,3.5,71967.0,5.5,9.8,29.5,5.3,1006.0,25.8,16.6,27.8,8.02117264,9.6,11.3,30.099999999999998,15.0,25.57560943,10.2,73.37039459,11.260316128,0.0059058005,0.0009415283,4.2218419051,7.6,5.2189494774,0.50259295,4.20205037,0.88387037,2.15968325,90.20010398
20157,52.5,18.0,29.5,29.9,12.2,22.2,6.9,44593.0,13.3,19.2,24.2,3.8,769.0,24.5,16.9,34.2,7.55517827,22.900000000000002,21.2,30.9,25.3,23.82618502,15.6,51.007062520000005,17.055890842,0.0024663165,0.0007308161,4.5554177183,13.8,5.4940703553,0.42932176000000005,3.1970769599999995,0.52523407,1.4615209,92.08038365
8742,54.3,15.0,30.2,70.5,22.3,14.8,2.3,61226.0,8.9,44.6,22.4,1.7,1101.0,21.6,15.0,28.6,7.00636943,11.700000000000001,14.7,26.5,19.400000000000002,26.735530810000004,9.4,69.66230937,8.2644628099,0.0008402479,0.0005607267,3.3638288979,5.2,4.6889105537,0.80873858,4.40079824,0.55666422,0.84024787,91.51349648
118541,36.7,18.3,16.4,27.8,27.9,12.3,4.5,66840.0,6.5,8.4,41.2,5.5,1068.0,26.6,17.6,27.1,7.371072519999999,9.4,13.8,29.2,17.5,28.8708657,11.200000000000001,77.57629861000001,7.0971767275,0.0065901238,0.0011544929,4.5136410991,8.7,5.5008338593,0.48338517,4.9840376200000005,1.8178237,2.73535277,87.38602697
4924,52.0,18.7,28.8,44.9,14.8,18.0,4.9,54875.0,5.8,20.2,19.2,3.3,1035.0,23.3,16.5,33.1,7.86163522,23.1,17.8,33.300000000000004,23.7,23.411333,11.799999999999999,59.80498375,16.465422613,0.0003767898,0.0002042484,4.3687697161,5.7,5.6471262369,0.99849284,4.4649585499999995,1.3187641300000001,1.95930671,89.11077619
17320,46.2,16.6,23.7,25.9,25.0,11.5,3.3,67602.0,9.6,15.8,29.8,4.4,896.0,22.5,15.8,29.2,8.11594203,12.5,15.0,27.700000000000003,20.7,24.206806529999998,10.7,73.02646209,7.0120763537,0.0039099592,0.001087392,4.4453004622,5.1,5.3468035417,0.46360945,3.63067642,0.52505167,1.34055745,92.42026476000001
4233,45.9,23.5,22.8,0.0,15.8,15.6,3.4,61250.0,9.4,21.9,20.0,2.1,523.0,23.9,17.1,34.2,5.55555556,22.0,16.0,39.4,22.0,24.68181435,10.0,68.25902335,26.960784314,0.001412097,0.0002385496,4.1558739882,6.3,5.3666234075,0.16474465,3.2007531200000003,0.35302424,9.9082137,82.48999765
5987,41.6,23.4,21.2,17.5,17.6,18.4,6.4,59861.0,7.4,21.7,33.3,5.8,785.0,25.0,18.8,32.6,9.58083832,21.9,18.2,34.4,23.400000000000002,23.81544694,15.4,58.241758239999996,18.058690745,0.002122449,0.0005005005,4.9351877479,5.8,5.6938136996,0.50612245,2.6938775500000003,0.48979592000000005,15.39591837,79.06938776
6998,45.5,14.6,20.2,33.3,13.7,21.5,4.8,60994.0,6.6,21.6,30.1,3.6,752.0,22.2,17.0,34.4,6.25,17.1,19.400000000000002,32.7,24.7,27.27703567,10.7,41.62724693,19.501625135,0.0014019347,0.0007143878,3.8922880155,5.8,5.1704211023,1.2337025099999999,3.2945464700000002,0.46263844,5.81802888,87.46670405
44876,49.0,18.8,26.2,5.9,17.3,18.6,4.4,67424.0,9.8,10.3,22.6,4.0,935.0,22.3,15.3,30.8,7.620817840000001,14.000000000000002,12.9,32.7,17.599999999999998,23.45902923,11.200000000000001,62.13072568,10.26016856,0.0026184591,0.0006092387,3.9941543614,5.8,4.9623690897,0.40847962,4.39272697,0.819054,1.2610499000000002,91.37374838
11366,38.3,25.4,16.9,6.0,11.3,13.2,4.9,67515.0,7.1,18.5,30.8,7.4,797.0,22.9,16.7,32.4,5.67010309,11.799999999999999,15.6,35.699999999999996,21.9,24.96765521,10.299999999999999,63.48333906,15.29961751,0.0014320236,0.0002658867,4.112244898,4.3,5.2606135452,0.54595901,5.6833437799999995,0.68916137,2.75664548,88.14105433
10799,30.4,33.5,11.6,40.3,14.2,13.8,8.6,51038.0,31.3,25.2,34.4,10.6,650.0,26.9,22.5,42.1,9.11233307,26.200000000000003,28.499999999999996,40.6,30.3,21.25945225,18.7,50.72356215,54.412740544,0.0020350809,0.0006468903,6.8369633728,5.3,6.6472935152,0.45547048999999995,3.09138482,0.6686694400000001,61.32377168000001,32.71634848
8310,36.4,29.1,16.5,30.6,12.1,17.9,9.2,57656.0,16.4,20.1,35.7,7.1,641.0,24.6,20.2,35.5,7.53424658,24.099999999999998,23.9,39.7,28.999999999999996,22.07471143,15.9,58.20163488,34.513274336,0.0024509804,0.0004923683,5.6300987437,5.9,6.1111546067,0.35539216,4.47303922,1.66666667,38.23529412,54.509803919999996
12615,54.7,17.5,31.9,13.5,14.1,21.5,5.2,47110.0,12.3,20.4,22.0,5.7,731.0,23.0,16.3,32.1,6.310013720000001,20.4,17.1,35.3,22.3,23.14641732,14.899999999999999,57.86308972999999,14.594866633,0.0027769658,0.0007716645,4.339815676,8.9,6.1124634913,0.3069278,3.69044139,0.6138556,3.82198188,89.33060509
35306,40.3,20.2,19.5,32.9,18.5,19.4,4.6,56297.0,7.1,12.8,29.9,6.8,793.0,25.1,18.5,31.9,10.1205857,15.6,15.299999999999999,29.799999999999997,21.9,25.2720033,13.5,62.97569922,14.53143535,0.0059405941,0.0007907147,4.9340883855,6.5,5.9840629192,0.57480748,4.65071507,0.8883388299999999,2.40649065,89.98074807
8978,48.0,20.7,24.4,4.3,20.6,17.1,2.6,78380.0,4.3,18.4,16.3,3.3,855.0,22.6,15.4,31.7,6.3829787200000005,8.7,11.600000000000001,31.900000000000002,18.3,25.811422039999997,9.700000000000001,57.91805094,7.9247152055,0.0007631091,0.0003317116,4.5118891487,5.6,5.4255912111,0.25073586000000003,3.78284095,0.66499509,1.55892293,92.25989315999999
6238,42.4,24.8,22.9,25.0,18.1,12.7,2.1,65224.0,8.5,16.1,24.0,6.4,890.0,23.5,17.0,28.5,9.60784314,17.599999999999998,16.8,31.3,22.1,23.427279910000003,11.600000000000001,67.23735409,13.036809816,0.0017107309,0.0003190301,3.4618456664,5.7,5.6028251738,0.26438569,2.22395023,1.19751166,2.19284603,91.63297045
5018,40.4,20.6,17.7,0.0,12.9,18.5,3.9,54040.0,9.3,22.9,35.1,6.8,741.0,23.2,18.8,31.3,11.68831169,16.400000000000002,20.3,35.099999999999994,25.5,24.24239475,12.0,49.27055703,17.610062893,0.0023378141,0.0005986829,4.3315433649,5.8,5.6628090922,1.6754334700000002,4.51977401,0.93512566,6.3120981899999995,83.94700954999999
7552,43.2,22.6,23.5,30.6,16.7,16.3,4.0,59725.0,7.0,33.7,24.3,4.6,675.0,23.2,17.0,31.6,5.99250936,20.7,15.8,36.1,22.7,25.22255221,11.799999999999999,71.06333527000001,19.841269841,0.0014717688,0.0009287515,3.4810424311,5.6,5.4566918825,0.58870752,2.5689055400000003,0.8830612800000001,8.68343591,84.80064223
165524,38.4,23.1,17.5,28.2,23.9,13.2,3.5,72300.0,6.2,6.0,30.5,4.6,1055.0,27.3,17.6,34.7,7.75948682,10.4,17.4,34.599999999999994,21.5,24.92523963,10.5,67.80922685,15.263684436,0.0045480353,0.0010769028,4.2213964231,7.1,5.7363653437,0.6011367200000001,6.76644639,0.85224446,5.35989183,84.64672243
31143,38.0,24.3,18.1,21.1,16.6,14.4,2.7,61502.0,5.9,7.9,31.7,5.0,812.0,19.7,14.0,29.2,7.3893473400000005,12.5,15.1,40.699999999999996,24.6,21.175112849999998,14.399999999999999,71.58995816,19.451812555,0.0043367099,0.0009024398,5.202515421,6.2,4.897616488,1.0485776199999999,12.74798537,1.38192175,1.43046701,83.05770413
6302,42.5,24.3,23.7,14.5,13.1,14.4,2.1,61924.0,6.4,17.0,24.7,3.8,732.0,16.6,13.4,28.3,5.23648649,12.1,15.1,40.8,24.7,22.421638350000002,14.000000000000002,78.93106119,9.7165991903,0.0006347191,0.0003185221,3.7251240152,6.0,4.8085076193,0.4443034,4.23675024,0.49190733,0.61885116,93.71628055
10778,40.9,25.3,19.1,67.1,15.0,13.3,4.0,67893.0,8.8,12.5,27.0,5.4,748.0,16.8,14.1,30.1,9.31899642,14.7,15.4,40.5,24.9,21.42020153,14.099999999999998,61.195826649999994,20.098258151,0.002151141,0.0004715202,4.9245845093,5.4,4.9154565588,1.82379349,13.09390198,0.70145903,4.92891882,79.11522634
50103,34.2,22.8,15.6,39.7,23.1,13.2,2.9,70093.0,7.2,7.0,33.7,4.3,885.0,18.1,14.7,32.6,8.136300420000001,8.6,17.8,43.4,26.700000000000003,22.80256802,13.700000000000001,71.81018228,11.927517394,0.0046945579,0.0008740738,4.4158569634,6.2,4.7295395831,1.08093181,10.91386078,1.493185,0.7850563099999999,84.67167683
6717,44.9,22.9,24.0,52.3,18.1,18.0,2.7,54950.0,9.6,16.5,23.0,5.5,666.0,17.2,13.7,32.6,8.38709677,12.1,16.0,40.6,24.7,22.46008269,15.5,64.07904022999999,11.041009464,0.0001486547,0.000298107,3.9332406603,7.1,4.8207220122,0.8324661800000001,3.76096328,0.46082948999999995,2.73524602,91.24423963
8373,43.0,23.5,20.5,12.0,20.1,11.7,0.7,75690.0,6.6,13.0,19.0,2.7,740.0,16.3,13.5,29.9,5.48340548,9.9,14.299999999999999,39.4,23.799999999999997,22.90786163,11.899999999999999,71.36150235,6.0472787246,0.0001182173,0.0007105637,4.105326152,6.8,4.3962970626,0.8156992599999999,6.34826812,0.34283012,0.86298617,90.88544745
26749,40.8,23.3,18.0,7.6,20.4,12.6,2.2,87673.0,7.0,11.6,17.2,3.5,970.0,18.2,13.4,28.9,7.36728061,8.3,12.9,38.1,22.2,23.363970249999998,11.5,73.10045074,9.9361249113,0.0004736574,0.0002961099,3.807815106,7.8,4.8182967566,0.801574,4.31392553,0.65583327,0.77606937,91.84216279
8375,41.7,25.6,21.6,13.6,16.9,10.4,2.0,72035.0,6.0,14.3,20.4,2.8,681.0,15.9,13.0,28.4,5.85106383,9.0,16.0,40.400000000000006,24.4,24.267231419999998,11.0,79.98779744,10.298102981,0.0001210361,0.000120048,3.5931811037,6.3,4.4834838232,0.48414427000000004,2.67489712,0.25417574,0.7020092,94.83175985999999
5473,41.5,24.1,20.8,68.4,18.5,12.1,0.4,62373.0,8.6,29.6,42.5,6.4,832.0,17.1,14.0,33.0,5.6261342999999995,16.2,19.900000000000002,42.0,28.9,21.440243849999998,13.5,70.28081123,17.823639775,0.0005462491,0.0007328692,3.6092152806,4.9,4.7467592878,0.50983248,3.35032775,0.65549891,7.9206118000000005,84.66860889
9489,41.4,22.7,20.8,25.2,16.7,15.1,2.6,54038.0,6.9,11.9,35.0,6.0,857.0,17.1,14.1,33.9,8.91089109,16.1,15.8,41.199999999999996,26.700000000000003,21.49408907,15.2,67.08407871,19.108280255,0.0013625406,0.000524714,4.2098658099,5.7,4.8844204639,0.78608112,9.118541030000001,1.17388114,1.07955141,86.62613982
6088,39.5,24.9,20.3,11.8,15.3,13.3,2.2,73933.0,8.1,12.7,19.6,2.6,668.0,16.9,13.7,29.9,4.86486486,9.9,17.2,44.2,27.500000000000004,22.438671709999998,12.7,66.78805535,16.924208977,0.0001635056,0.0003290556,4.132244143,6.3,4.5455823407,0.7684761299999999,9.990189670000001,0.31066056,1.7985611499999998,87.45912361
9000,41.8,24.5,21.6,0.0,17.4,9.9,2.6,68917.0,7.5,10.2,29.0,2.3,782.0,16.7,13.5,29.3,5.27607362,10.0,16.0,39.7,26.400000000000002,21.32982656,12.2,72.54593176,10.838831291,0.0008970621,0.000445236,3.3664176256,7.0,4.5175534765,0.44853106000000004,12.357030720000001,0.61673021,0.86342229,85.32182104
10566,42.1,24.0,22.1,52.6,19.1,14.9,1.6,62288.0,7.7,14.9,30.4,4.5,765.0,16.6,13.6,31.7,7.58082497,12.9,16.400000000000002,38.7,26.1,20.36507946,14.299999999999999,65.40244416,14.552069122,0.0012286173,0.0005736138,4.0065255451,5.9,4.3241106837,0.8033267199999999,4.044986300000001,0.34968339,0.94509026,93.09139023
21308,31.7,29.1,13.2,57.8,11.1,11.6,3.0,66112.0,8.4,7.5,35.0,6.7,959.0,15.9,14.3,34.0,7.425742570000001,20.200000000000003,17.2,45.800000000000004,33.6,17.41883326,13.600000000000001,54.199520050000004,25.352688612,0.0025390258,0.0001412363,3.6841133005,7.0,4.398187115,8.23772804,41.91743464,3.34305059,4.339853300000001,41.84690615
8279,35.3,18.0,18.9,1.0,18.1,13.4,1.5,53760.0,8.6,13.4,36.8,3.5,887.0,18.2,14.7,32.7,7.15532286,17.299999999999997,15.6,39.5,24.3,21.91829174,13.600000000000001,83.06674021,8.4690553746,0.003442764,0.000736377,4.1292176769,4.8,4.6432591117,1.6844952699999998,5.33628427,1.24185417,4.31575065,85.98303209
24037,35.9,27.3,16.8,26.8,11.5,12.9,2.1,67462.0,11.3,10.6,32.9,5.3,857.0,15.4,13.7,32.1,6.1209162599999996,13.8,16.7,41.4,32.0,19.64080909,14.799999999999999,48.09958506,28.254463512,0.0016607847,0.0005439786,4.0033176004,6.1,4.4154022903,6.676354580000001,37.52958273,1.44903467,2.53684866,52.86692962
5579,41.4,25.0,20.7,4.5,16.7,12.0,2.9,60568.0,8.1,12.0,24.8,2.6,676.0,15.8,13.4,31.5,3.82978723,9.9,16.1,40.5,26.400000000000002,20.75305878,12.9,58.04749340000001,15.35974131,0.0001821162,0.0001803427,4.3189282627,6.6,4.6399545715,0.6374066700000001,15.8076853,0.382444,1.42050628,81.56984156
37175,39.4,24.5,19.4,38.2,13.9,14.9,4.1,66793.0,6.5,10.5,34.3,4.8,890.0,16.6,13.7,30.3,7.15802244,11.3,16.400000000000002,38.7,26.900000000000002,21.79241372,13.8,58.48421541,21.369485294,0.002285745,0.000485136,3.5118649925,7.4,4.303782841,0.9573238,18.43655041,0.7583295200000001,2.1190200900000002,78.17247963
582638,35.3,25.4,13.5,30.4,26.2,10.5,3.8,76083.0,9.1,5.8,38.2,6.5,1109.0,18.9,14.6,31.8,8.824732000000001,12.4,14.099999999999998,35.8,24.3,21.30843968,13.100000000000001,74.65123971,17.63726376,0.0052854768,0.0010871646,4.4764810134,7.3,4.7612084398,11.00145876,14.69806968,4.56542389,1.42297384,66.62872748000001
2901,49.8,19.3,27.6,18.2,12.2,17.9,2.5,55625.0,6.9,18.8,16.6,3.5,605.0,17.8,13.9,31.2,5.80357143,16.8,17.9,42.3,27.900000000000002,21.66461443,15.7,69.55782313,21.696252465,0.0007079646,0.0006889425,4.5589858844,6.0,4.8906519079,0.60176991,3.78761062,0.17699115,0.74336283,93.52212389
4630,47.0,22.0,25.4,13.1,15.9,18.9,1.0,58895.0,8.2,20.9,21.9,4.5,870.0,17.1,13.6,29.9,9.582309579999999,16.2,18.2,41.4,25.900000000000002,20.89197399,14.7,66.09071274,11.549566891,0.0006584723,0.0010860122,4.3899422918,5.9,4.7862052965,0.65847234,5.24582968,0.43898156000000005,0.92186128,91.92273924
21654,42.9,22.6,21.4,28.5,14.7,15.8,2.0,60035.0,6.4,11.7,29.3,7.7,725.0,17.6,14.3,30.1,7.5360419400000005,11.700000000000001,17.9,42.6,28.799999999999997,20.68527103,15.6,66.28151261000001,15.742481203,0.001895165,0.0007401925,4.0607603417,7.3,4.992154329,0.7025977600000001,3.58694647,0.72570953,0.85975779,92.97402237
62575,36.0,27.3,15.5,41.5,14.1,12.9,2.9,63553.0,11.9,4.9,37.8,5.3,886.0,16.4,14.0,33.9,7.948877810000001,13.100000000000001,15.6,38.0,31.2,20.08679037,14.799999999999999,56.092303789999995,26.096033403,0.0044053572,0.0005808419,4.1628508379,5.6,4.6615965379,3.09178899,33.011238479999996,1.3859189299999999,2.8393652400000002,61.174976290000004
9400,41.3,24.4,20.3,1.2,16.4,10.9,3.6,73254.0,5.9,12.9,19.0,1.9,822.0,16.9,13.4,33.5,5.52699229,9.0,13.700000000000001,41.699999999999996,22.2,21.24612266,11.1,74.77814106,8.9418777943,0.0014679669,0.0010654166,3.2115706709,6.2,4.4945035838,0.46136101,4.77089231,0.37747719,0.42990458,92.62870923999999
10149,42.3,25.2,22.1,14.9,19.8,12.5,1.3,66325.0,6.0,18.5,27.9,3.0,741.0,16.0,13.3,32.2,5.292172,14.299999999999999,16.1,39.2,25.6,21.94787248,13.3,72.57838090999999,8.4825636192,0.0022788071,0.0008956115,4.1675929267,5.7,4.4879669678,0.54493213,5.96452987,0.52511642,0.90161498,91.84583375000001
7185,45.8,22.0,24.7,27.5,15.0,20.0,1.1,54494.0,9.1,15.2,29.9,6.0,681.0,17.7,13.6,30.9,6.79785331,13.8,16.6,39.900000000000006,27.0,21.326451029999998,15.4,62.34817814,27.652733119,0.0007088177,0.0005574136,3.8833438397,6.9,4.8124840856,0.5528778,5.74142331,0.46781968,1.03487383,91.38077686
5294,40.3,19.0,18.7,25.0,12.0,18.5,1.4,64352.0,5.7,17.5,28.3,5.5,777.0,15.7,13.7,31.9,3.98550725,12.8,14.899999999999999,40.300000000000004,24.2,22.814257220000002,13.3,49.89429175,26.047565119,0.0001923817,0.0001881114,3.8438617004,7.3,4.3454225149,7.13736052,11.52366295,1.25048095,1.69295883,77.52981916
6655,38.3,25.8,20.0,13.4,24.4,8.9,1.6,74276.0,4.8,9.7,23.0,3.3,784.0,16.8,12.8,29.7,8.42293907,9.2,16.1,38.3,24.9,22.19695982,12.1,70.8596713,13.236267373,0.0004431315,0.0002996704,3.6679369388,6.0,4.7350359178,0.33973412,7.26735598,0.29542097,0.6351551000000001,90.78286558
8303,49.1,20.3,27.2,0.0,13.9,14.8,2.6,59511.0,6.6,29.6,26.0,5.3,727.0,15.6,12.9,27.9,9.3220339,17.2,15.9,37.0,26.0,22.41802133,14.299999999999999,68.00254453,18.455228982,0.0014791076,0.0007247252,4.0523400822,5.7,4.547009519,0.81350918,9.46628867,0.7395538,1.06002712,87.02083077
8415,43.9,24.2,24.8,33.1,13.0,16.5,4.1,61250.0,6.4,27.9,24.1,3.6,666.0,16.8,14.1,30.9,5.0203527800000005,17.5,17.4,43.8,27.3,21.69449027,14.499999999999998,70.55869429,20.707070707,0.0007230658,0.0004761338,4.0498579545,6.1,5.0329138862,0.5181971599999999,3.09713184,0.44589058000000004,10.0626657,84.88792480000001
322063,34.1,22.5,14.6,32.0,25.7,11.3,3.2,70387.0,6.6,4.6,40.7,5.1,997.0,20.5,14.5,29.6,7.113960769999999,9.0,13.700000000000001,33.1,21.099999999999998,20.5806762,13.4,76.46673605,11.339131259,0.0044809559,0.0006933445,4.1705197079,6.5,4.6010387397,4.20059011,8.67083338,4.75397593,1.07218502,78.87400678
34532,42.2,23.2,20.2,47.6,13.2,15.3,3.4,63019.0,7.8,12.6,33.0,4.3,854.0,18.9,14.5,36.3,7.66326916,14.6,18.7,39.4,27.1,21.59238634,14.7,67.58448059999999,17.363344051,0.0031470103,0.0005273489,4.2482599458,5.9,4.9113151744,1.1029522,9.4170538,0.7822568599999999,1.2378240699999998,86.77656227
35538,36.8,25.3,16.3,45.8,16.9,11.0,2.6,61139.0,8.8,8.0,33.4,4.7,800.0,16.2,14.0,32.2,6.08850609,10.8,15.1,40.300000000000004,26.6,22.543511390000003,13.8,68.84313502,19.836085046,0.0063435035,0.0006225769,4.0993113692,6.5,4.5851407948,1.25185954,16.4903023,1.8188452599999998,2.35214865,77.93808067
7675,43.0,22.0,21.5,32.5,11.2,17.8,0.5,57873.0,8.8,11.0,21.2,2.7,707.0,17.8,14.2,30.4,5.63139932,10.6,14.799999999999999,40.1,23.7,21.95596155,14.2,73.88101983,14.015843998,0.0003868472,0.0003913894,4.0098988974,6.2,4.6646644162,0.45132173,6.1637653100000005,1.03159252,1.00580271,90.44487427
4562,40.3,23.1,20.8,67.2,13.9,14.3,5.5,57325.0,6.1,20.5,19.5,3.9,725.0,17.1,14.0,31.5,6.55737705,19.1,14.299999999999999,38.9,25.8,21.50464047,13.4,59.84630163,9.9502487562,0.0002220249,0.000437254,5.4392034505,5.6,4.8198039652,0.53285968,14.853463589999999,0.7992895200000001,2.19804618,81.57193606
7019,38.6,21.9,20.3,6.5,21.0,16.7,6.4,57196.0,8.9,13.9,30.3,6.0,657.0,18.4,14.8,31.3,6.896551720000001,12.8,16.1,40.9,27.400000000000002,20.699714059999998,15.7,69.38271605,7.7332044466,0.0004239683,0.0008493771,4.7470394029,7.4,5.0298486628,1.46975692,3.33521764,0.59355568,0.65008479,92.55228943
15995,42.0,24.1,20.3,41.2,17.7,14.6,3.2,73031.0,5.4,8.1,23.2,3.8,881.0,17.7,13.6,28.5,7.7632590299999995,9.1,15.4,37.2,24.4,21.700413599999997,13.8,69.95356459999999,19.824412348,0.0013468013,0.0007532957,4.1649954421,7.6,4.7390247097,1.0407101300000001,9.09090909,0.74074074,1.32231405,87.14416896
8966,40.4,23.9,20.7,25.4,20.2,13.5,0.8,65114.0,5.3,8.6,29.9,5.8,713.0,17.9,14.1,31.1,5.4916986,10.2,15.0,43.2,23.7,22.553491440000002,15.299999999999999,66.9865643,16.789087093,0.0016561775,0.0010070493,5.3022360939,6.1,4.6162338064,0.45268853000000003,7.209892900000001,0.49685325999999996,1.01578889,90.15126422
7301,40.2,25.2,19.3,29.0,16.5,11.8,2.4,65603.0,6.8,8.4,21.9,3.4,788.0,17.1,13.7,28.6,5.38461538,10.2,15.0,41.4,24.6,22.892916999999997,12.2,84.00239664,10.759493671,0.0001370051,0.0004102284,3.6859497063,6.2,4.952833508,0.52061926,3.12371558,0.36991368999999996,0.69872585,94.32799014
34219,38.3,26.1,17.8,18.6,17.5,11.7,1.9,69943.0,9.1,5.6,25.2,5.8,872.0,15.8,13.4,28.3,6.302131599999999,8.1,16.0,36.4,27.700000000000003,23.41163319,12.4,58.640019499999994,15.12780386,0.0023404317,0.0007593236,3.6564393939,6.7,4.3136250582,1.10375914,24.25091739,1.01129764,2.22485481,72.67473778
10690,41.5,22.2,21.0,0.0,17.2,16.3,2.3,58344.0,10.4,16.6,28.7,8.2,785.0,19.4,14.2,30.5,6.50953984,13.3,14.899999999999999,39.5,22.2,21.75536995,14.7,65.79973992,14.607679466,0.0024863728,0.0007530829,4.3662560741,5.9,4.6237808993,1.31969016,6.263746770000001,0.37295591,0.83197858,90.38921297
7850,47.1,21.1,24.2,34.0,15.3,16.7,4.7,50321.0,9.7,12.5,26.4,6.6,700.0,17.7,13.7,29.6,8.12720848,12.9,19.3,44.2,29.7,20.150902249999998,14.299999999999999,58.301886790000005,18.711018711,0.0013005592,0.0005155304,4.6222744848,7.7,4.6889676969,0.46820133,2.51007933,0.46820133,3.43347639,90.79204058
14275,38.6,25.8,15.9,22.3,15.4,12.3,2.1,71104.0,11.4,10.4,26.2,2.0,763.0,16.9,14.2,35.6,6.896551720000001,11.700000000000001,15.5,40.8,29.099999999999998,19.20223356,13.3,54.017454109999996,18.536585366,0.0010992786,0.0004227734,3.5490497056,7.0,4.6838069865,1.14050155,29.714874610000003,2.56269323,1.69014085,64.96049468
191272,35.3,26.8,12.2,26.6,26.2,9.9,2.6,95911.0,5.0,3.5,30.1,3.0,1203.0,17.5,13.5,33.5,7.37009544,5.0,12.9,38.4,23.9,21.085031830000002,10.9,81.14730676,9.0982612212,0.0013957956,0.0004963344,3.5827514896,7.8,4.3531142291,4.2974495500000005,11.82874238,2.8301131600000002,0.88600502,77.73881112
22374,40.4,24.4,18.3,20.5,20.0,12.4,2.4,84474.0,4.4,12.4,19.4,3.5,892.0,16.5,13.0,28.4,6.55737705,6.9,13.600000000000001,36.199999999999996,21.4,25.04527956,11.700000000000001,75.02805836,6.5022421525,0.000426203,0.0004388467,3.820854065,7.6,4.4057124091,0.59668414,2.81293952,0.49439543,0.50291949,94.2505221
36048,39.2,24.6,19.9,11.3,17.2,15.5,3.5,60137.0,10.0,8.3,32.2,6.0,876.0,17.5,14.1,32.4,8.17069137,20.1,15.2,42.0,24.4,20.80643096,15.2,66.68237512,24.508643145,0.0031653548,0.0006993985,4.718700223,6.1,4.8714615621,0.74231771,24.13512984,0.9916244200000001,4.2942379299999995,71.6602706
17644,37.5,23.4,17.5,21.8,22.3,11.7,2.2,79677.0,5.3,7.4,27.2,4.6,916.0,18.4,13.8,27.6,5.38047656,6.800000000000001,12.5,41.699999999999996,22.0,23.11799585,11.600000000000001,72.91005291,6.0289389068,0.001584517,0.0006248935,3.5389285026,6.9,4.6306333717,0.7865995100000001,3.05019524,0.51496803,0.5206270199999999,93.85433762
5102,45.8,21.8,26.0,34.7,16.8,18.1,2.2,53609.0,12.1,22.9,30.4,4.5,756.0,16.4,13.3,30.3,5.10204082,21.3,16.8,36.3,26.200000000000003,21.185399269999998,14.799999999999999,69.57801766,21.761658031,0.0034496753,0.0003925417,3.9208258029,5.1,4.8729280077,0.64935065,5.7021103900000005,1.0349026000000001,10.085227269999999,80.68181818
6716,28.1,35.3,12.3,67.2,14.1,12.2,10.0,63459.0,17.6,13.1,39.1,8.6,724.0,18.2,17.7,35.6,8.042328040000001,25.5,24.099999999999998,48.8,31.6,19.20240908,17.599999999999998,60.37735849,46.986236355,0.0048802806,0.0009063444,4.5605262174,6.9,5.3119735789,0.57953332,5.58182095,0.8387982299999999,56.977276190000005,36.57160287
4053,46.3,22.1,25.2,9.1,19.8,16.7,0.6,62321.0,9.6,17.1,22.6,4.2,526.0,16.6,13.3,29.6,6.722689079999999,15.9,14.399999999999999,40.2,23.400000000000002,23.46951551,13.4,71.63120567,11.961722488,0.0024925224,0.0012297098,3.4487456544,5.7,4.5331467645,0.52342971,3.7886341,0.49850449,0.54835494,93.86839482
20884,41.6,24.0,18.4,28.5,24.1,11.9,2.0,89671.0,5.0,4.3,19.0,2.7,926.0,17.7,12.9,27.1,6.527590849999999,6.5,11.5,37.8,19.5,22.24757369,11.799999999999999,76.82512733,7.1594019794,0.0004254917,0.000429205,3.9920098341,6.2,4.5116720968,0.8698941,3.58831316,0.44913011,0.5058623299999999,93.29614221
9701,31.8,19.4,16.6,43.8,21.0,15.5,3.4,64951.0,4.4,5.7,31.3,4.9,764.0,18.2,15.5,31.2,6.637168139999999,10.0,14.399999999999999,37.3,23.7,20.69873399,15.1,69.94923858,7.0228241786,0.0008102086,0.0006132461,4.6418446876,6.5,4.7397377221,1.6811829,10.16811829,0.7798258100000001,1.2862062,85.57828641
14212,39.5,23.3,20.3,10.8,16.9,14.1,2.8,72914.0,5.3,11.4,25.5,2.8,842.0,17.3,14.3,29.5,5.59930009,9.700000000000001,11.0,38.9,20.7,21.177535040000002,13.100000000000001,67.02285545,11.157156519,0.0018110894,0.000772255,3.4849081183,6.5,4.5152200384,1.71356924,6.3039844,0.6826414000000001,1.06575648,89.14739482
25409,39.7,22.2,19.4,76.8,12.4,19.8,6.3,69922.0,9.1,11.4,33.1,3.5,1142.0,22.0,18.8,35.0,8.250355619999999,13.700000000000001,18.4,33.6,24.2,21.05014817,14.099999999999998,56.871595330000005,22.249690977,0.0023640662,0.0004665086,4.2010275542,9.6,5.5027425192,2.22454753,15.715226909999998,2.92214084,5.42185017,71.32503972
2265926,37.8,22.7,15.2,38.6,17.4,12.5,7.7,69911.0,12.0,9.8,43.8,7.7,1406.0,20.3,18.7,40.9,9.313189269999999,17.7,15.7,32.800000000000004,27.0,19.26443596,14.6,59.61570537000001,16.711321974,0.0025563079,0.0005461344,4.4635605966,12.1,5.516375833,12.693204960000001,32.13402706,11.59617097,1.25846699,38.62365952
49476,53.5,15.5,30.3,29.4,20.4,16.2,3.1,84262.0,7.2,14.0,23.3,2.5,1360.0,18.9,14.5,31.1,9.20818505,12.0,12.3,30.5,18.8,24.21928806,12.2,68.13658741,7.0010183299,0.0016550611,0.0005213555,4.5004167451,9.5,5.3735798414,0.71652034,13.099202739999999,2.2181854899999998,2.12937733,80.01009184
53600,34.9,26.4,12.2,24.5,10.5,12.7,4.7,87755.0,8.9,12.8,31.6,5.7,1077.0,21.5,18.8,37.7,7.99599198,11.4,17.4,35.5,24.5,22.69275656,12.5,53.47414133,23.691186216,0.0010866963,0.0003524066,4.3088592936,6.2,5.4907769229,1.03512423,26.18017056,1.32613781,6.48518225,64.91260383000001
17266,37.0,26.4,15.4,27.3,15.4,14.6,4.3,75574.0,9.7,8.9,29.9,4.0,927.0,21.7,18.2,38.2,8.35492228,13.600000000000001,19.3,33.800000000000004,28.999999999999996,21.9404209,14.099999999999998,58.82763433,24.54642476,0.0012254902,0.0004533092,4.4309641667,6.6,5.4412991726,0.91036415,27.66106443,1.19631186,4.6101773999999995,64.39659196999999
59435,43.2,20.9,21.2,31.7,11.5,16.6,7.2,70026.0,9.6,5.3,23.6,2.7,1196.0,21.4,17.7,36.6,8.670931060000001,11.899999999999999,17.7,35.9,24.5,20.96145453,13.8,55.5735161,20.893038735,0.0015499417,0.0001313564,3.7711799983,10.4,5.7633935722,1.2063979,20.27227841,2.01172842,3.37471837,70.92341371
4568,39.8,19.8,28.8,95.6,12.7,15.7,5.8,46625.0,11.0,21.7,26.1,1.4,868.0,22.3,19.3,38.9,8.66425993,22.6,20.7,35.0,28.000000000000004,19.82279991,16.1,40.76038904,24.147727273,0.0013250883,0.0010902747,4.6066780659,9.6,6.1319808011,3.9531802099999998,13.95759717,3.20229682,16.85070671,61.46201413
51698,52.9,16.7,30.6,38.5,8.4,23.9,9.3,53602.0,8.9,12.7,24.9,4.5,1004.0,21.0,17.9,35.8,10.082458769999999,24.099999999999998,20.599999999999998,32.0,27.700000000000003,21.218802240000002,17.299999999999997,44.02999423,25.72678158,0.0015075377,0.000243218,4.5378945744,7.4,5.8638305783,3.88011486,17.90559943,2.50179469,1.95441493,70.97451543
6587,40.4,16.9,16.4,0.0,5.8,17.6,8.5,66304.0,10.4,17.9,27.0,5.4,652.0,19.6,17.6,39.1,4.15430267,18.3,18.8,34.8,24.8,22.17176127,13.100000000000001,36.29306162,16.411378556,0.0009428033,0.0002966919,4.1834264142,6.7,5.4697282252,3.8340666199999998,23.88434947,1.61847894,5.09113765,64.5663105
486674,38.6,21.1,16.9,37.9,19.7,12.0,5.0,81531.0,10.0,7.7,41.4,6.5,1401.0,21.1,17.5,37.8,8.43326125,11.3,15.4,29.799999999999997,21.0,23.03827554,12.9,64.79227165,16.959349425,0.0037769416,0.0007884198,4.2043099107,11.2,5.5721065181,2.54868259,26.483167410000004,6.41296971,2.29929602,59.77507018
8997,41.4,20.0,19.2,8.3,9.9,14.3,4.1,71297.0,4.1,19.1,26.2,1.9,983.0,21.5,18.5,37.2,8.950617280000001,14.000000000000002,19.5,33.4,27.3,22.03518647,11.700000000000001,46.72619048,32.999410725,0.0043417038,0.0007623611,4.2516922041,4.9,5.4810950374,3.07439568,16.78009857,1.26730814,5.13963858,72.04881483
58249,42.1,20.0,20.6,16.3,16.4,15.3,4.7,67465.0,11.4,5.2,38.1,6.3,1127.0,21.4,17.6,34.8,9.2481006,13.600000000000001,17.2,32.6,24.4,21.79136499,14.099999999999998,59.60497835,18.067187353,0.0030842925,0.0006441442,4.1106395109,8.5,5.5475261059,2.1676200999999997,26.66620718,2.85340134,2.94127783,63.84485492
63914,47.8,17.9,22.8,25.5,19.0,16.7,2.7,80719.0,7.0,32.5,22.9,4.0,1153.0,23.1,15.1,34.4,6.87670403,10.7,15.1,30.3,20.9,22.40142987,10.6,64.99859036,7.1306074555,0.0054131361,0.0004809184,4.5630016051,4.1,5.5668253924,0.68586895,2.37439833,1.17335876,0.32755625,94.15166008
50679,53.8,15.2,29.2,26.8,21.6,16.3,5.6,77049.0,7.5,45.7,18.5,3.0,1138.0,21.5,13.8,33.3,6.35994587,11.899999999999999,14.6,28.499999999999996,18.9,23.68394077,10.4,69.20684292,8.1201786439,0.0027646431,0.000815534,4.2613396474,5.3,5.2413819213,0.59487492,1.80178462,0.84273948,0.39658328000000004,95.21240085
76610,43.5,17.9,21.1,25.1,21.2,14.2,3.5,76551.0,5.9,15.1,29.3,4.7,1139.0,23.6,15.8,33.5,6.0401221099999995,10.8,15.0,31.2,19.7,20.645212230000002,10.7,68.24623313000001,7.3494168398,0.004041028,0.0006724515,4.0772762474,6.4,5.4875011432,0.86611843,2.71418092,1.51345508,0.36034645,92.88830547
31430,49.7,15.6,24.9,60.6,13.0,21.3,4.2,55247.0,7.9,33.8,26.9,8.1,825.0,22.6,16.0,31.4,6.98552549,17.599999999999998,17.5,35.9,22.0,21.03124528,13.3,56.897794440000006,14.219907871,0.0023906668,0.001118604,4.3351197132,4.9,6.0700427636,0.8542649500000001,2.43529262,0.7809511699999999,0.55782226,94.05839602
90836,44.1,16.0,22.0,48.1,21.2,13.7,2.8,79949.0,6.1,31.5,29.4,6.6,1197.0,23.7,15.0,31.2,6.80672269,9.8,12.8,28.799999999999997,17.0,21.61415295,10.7,71.7498343,4.837291117,0.0060013312,0.0018871813,4.8454221524,4.4,5.4136493172,1.37740751,2.9222940299999998,4.100015030000001,0.40366736000000003,89.50250145000001
422733,40.9,20.0,16.3,32.6,25.2,11.7,3.7,95112.0,6.1,5.3,32.9,5.1,1444.0,21.5,15.3,33.8,7.020377310000001,7.8,10.299999999999999,29.799999999999997,17.599999999999998,20.820740439999998,9.5,72.10336423,7.9738054015,0.0040762459,0.0008347501,4.0732517976,3.4,5.3076721087,2.81312448,8.816344299999999,4.74407634,0.358719,81.56914408
153918,42.8,18.6,18.9,34.6,21.0,14.3,3.6,88806.0,5.5,9.0,26.2,5.1,1199.0,23.6,15.5,32.0,6.43767313,8.0,12.1,30.7,19.0,22.52172157,9.8,69.2455243,5.2170283806,0.0053977327,0.0009855834,4.2298130494,5.7,5.469703866,1.80009293,2.82617137,2.3277722300000003,0.30998772,91.30315780000001
315169,44.7,18.9,18.9,14.0,27.1,10.9,3.4,110225.0,4.5,7.5,21.5,3.0,1518.0,21.7,14.4,33.2,6.52265321,5.2,12.7,31.7,17.7,24.5428228,8.1,76.14299422,3.1359001878,0.0031962431,0.0007856203,3.8784807265,6.9,5.1013786699,0.8977545199999999,3.8439110800000003,2.47903732,0.22857035999999997,91.23792834
130965,37.7,18.0,16.0,28.1,24.6,13.2,3.7,83212.0,5.7,8.5,32.9,5.1,1308.0,26.3,17.5,30.8,7.18784735,9.5,15.0,32.9,21.099999999999998,20.32491111,10.299999999999999,73.61576063000001,5.8746048472,0.0032947322,0.0006645723,4.4414750907,6.3,5.5902903709,1.26610779,3.3052392999999998,3.76455048,0.27093356,89.50188753
43356,47.0,17.7,22.7,50.8,18.3,14.6,2.9,70788.0,7.1,27.3,26.7,5.3,1118.0,24.1,15.7,33.0,6.99652107,12.0,15.5,32.300000000000004,21.4,21.87869764,11.700000000000001,54.88447507000001,13.794865245,0.0022743296,0.0007121035,4.5416841223,5.6,5.6551789069,0.9893333900000001,2.1560645,1.19629739,0.43894562,93.56364712
274339,42.0,21.0,18.8,36.3,19.8,14.2,8.3,73113.0,7.7,19.1,32.1,12.0,1268.0,16.3,15.9,37.8,8.145215199999999,15.8,13.4,33.2,25.4,19.13385981,12.2,64.20098897999999,13.126306154,0.0022964031,0.0007164522,4.7880552374,6.9,5.4715110047,14.449172099999998,20.542270900000002,8.01778986,0.73070676,54.82226494
953243,42.0,21.0,17.5,20.4,30.8,8.3,5.5,118714.0,6.6,4.4,34.9,8.0,1782.0,14.0,13.6,38.7,7.45443375,7.1,9.4,25.8,20.9,18.52309021,8.9,81.21504412,3.0810213108,0.0032796094,0.0011343871,4.8161118059,9.5,4.7060562614,5.68204599,23.29525047,17.67219777,0.6698088,51.89102216
461853,41.7,20.6,17.6,23.8,26.4,11.6,5.1,102615.0,4.1,5.6,24.2,4.8,1575.0,15.7,15.0,34.1,7.91544222,8.1,11.200000000000001,32.6,19.0,19.03176243,7.9,75.60119776,6.7812923831,0.0112966172,0.0007581811,4.0767525688,8.3,5.0751420128,17.616754800000002,9.98898047,6.1948091,0.39069244000000003,63.45075421000001
522581,38.7,22.7,16.0,37.7,20.8,14.5,7.2,82005.0,6.7,6.5,34.6,10.5,1264.0,17.6,16.2,39.9,9.108208430000001,17.0,13.3,32.800000000000004,24.7,19.17535125,11.3,68.60986547,14.420788336,0.004019378,0.0009851634,5.0863357434,8.7,5.4498701874,18.88747259,19.51930591,6.2811554,0.7611969700000001,53.16447773
95456,50.9,17.5,27.8,30.6,22.5,15.0,6.5,83870.0,5.6,56.5,21.6,6.2,1285.0,17.6,14.3,32.3,7.24307926,13.200000000000001,14.299999999999999,31.7,21.5,19.87596475,11.899999999999999,66.77106004,10.892961972,0.0013634922,0.0005331326,4.6065709627,7.3,5.0639749575,3.8452594899999997,8.389176619999999,1.01680583,0.46718106000000004,84.92231265
153588,37.9,23.8,15.6,46.8,11.6,14.8,7.8,62310.0,9.6,8.0,34.0,9.7,1202.0,16.1,17.7,42.6,9.799797459999999,21.9,16.900000000000002,36.8,28.000000000000004,17.547498989999998,13.100000000000001,43.06061047,27.083969466,0.0013523627,0.0003905563,5.0498636241,8.3,5.5343474006,17.92930951,36.114648849999995,1.65106417,1.7298425700000002,41.675748070000004
853374,37.6,23.6,13.8,35.8,21.7,11.7,8.5,73785.0,11.5,6.3,55.3,21.4,1404.0,15.4,16.0,40.0,9.32978784,18.4,12.4,29.099999999999998,25.7,16.8953548,11.600000000000001,62.67764283,13.827306834,0.0028245235,0.0007544592,6.7671157244,8.8,5.1001492505,37.24282325,25.2549297,6.715175469999999,0.9529829599999999,29.13723965
302621,40.2,21.3,16.2,29.1,23.2,12.7,5.2,99668.0,4.3,6.0,20.3,5.0,1435.0,18.6,16.3,39.7,8.00432666,9.8,12.4,36.3,20.7,19.51273118,8.9,73.06931730000001,6.1961044443,0.0016438463,0.0005320599,4.1721614951,8.6,5.2989273791,11.26115757,8.693255689999999,3.40214575,0.35438343,74.40041761
712029,35.6,20.2,12.2,26.2,27.4,8.6,5.8,86854.0,11.6,7.0,67.8,32.5,1722.0,14.2,14.7,39.3,8.31172335,22.900000000000002,10.7,30.7,25.4,19.47266037,13.0,78.28268874999999,13.130664383,0.0010560306,0.0004740463,6.0607926244,8.3,4.5647704603,11.39152227,40.76561508,17.58156241,1.3868729,28.772935
383732,39.3,21.4,15.7,34.0,24.0,10.3,6.1,92697.0,7.0,7.0,37.2,11.6,1454.0,14.8,14.5,36.2,8.083884750000001,13.100000000000001,10.4,30.7,22.400000000000002,17.4448236,9.700000000000001,68.68144307,13.683576538,0.0041003901,0.0009043841,5.5675735518,7.2,5.3287727481,18.82799584,23.32768274,12.879155079999999,0.82741419,43.075580800000004
860147,39.1,21.6,15.4,26.2,26.4,9.6,6.3,105206.0,6.7,4.1,36.2,8.1,1739.0,12.7,13.8,38.8,8.18347711,10.100000000000001,9.700000000000001,26.900000000000002,21.4,14.762038829999998,9.3,74.74675201,6.7970161461,0.0023412994,0.0009038031,4.3837104654,7.6,4.611017509,10.470193590000001,23.98662379,26.150415170000002,0.8786241199999999,37.83641705
643064,43.3,20.8,18.3,16.7,30.5,10.4,5.4,118527.0,5.0,7.7,24.4,6.9,1683.0,14.3,13.6,33.3,7.122507120000001,8.0,12.1,29.299999999999997,18.3,24.576093930000003,8.4,78.4427948,4.7292165265,0.003713447,0.0010970723,5.0202954721,7.9,4.8654755019,6.34770745,12.994108579999999,5.76727717,0.34567571,73.36710230999999
638691,41.8,24.5,22.5,10.7,21.5,12.7,5.7,82379.0,4.5,18.5,20.1,5.9,1639.0,16.1,15.0,36.4,5.82525724,14.7,14.499999999999998,33.2,23.5,18.97249021,10.6,69.24294458,6.3604863807,0.0021298641,0.0003836684,4.4514891577,6.5,5.3418222767,3.3005307999999998,10.99731947,2.06948757,0.31735581,82.4243739
519986,37.8,23.7,15.1,35.5,20.3,9.0,7.8,84465.0,12.5,4.1,47.6,14.7,1484.0,15.4,15.8,37.7,8.840357090000001,20.200000000000003,14.899999999999999,31.7,30.9,17.68664738,12.4,57.5614873,15.6397864,0.001797836,0.0005191878,5.3734125171,8.3,5.2704302176,9.59962602,44.65703795,6.19386632,1.82159935,38.473495070000006
64840,41.8,21.6,18.8,59.2,15.0,15.9,8.0,73378.0,4.8,10.8,29.4,9.5,1165.0,18.6,17.0,40.6,8.70108243,15.0,13.100000000000001,36.3,21.7,19.35670937,12.1,57.09095627000001,17.058916443,0.0012856225,0.0002459798,4.9788075071,8.3,5.9764978878,13.841868439999999,11.85833665,1.11267563,0.70862285,70.62505739
144808,44.5,19.4,18.1,17.4,25.1,11.2,5.5,111094.0,3.6,10.1,15.2,3.2,1501.0,18.2,14.9,35.5,5.96315273,6.1,11.5,29.299999999999997,19.0,22.741557200000003,8.4,76.11250073,3.5768516956,0.0024977418,0.0004534742,3.727331237,7.5,5.3339779084,2.734514,12.72069088,2.44162812,0.35926423,80.60589056
572079,39.0,23.4,14.6,33.1,22.9,9.0,6.2,95000.0,12.1,4.7,42.3,10.6,1570.0,14.3,15.0,39.3,7.38866614,11.200000000000001,11.5,28.000000000000004,24.2,17.43272386,9.4,64.87493979999999,11.191385728,0.0025457199,0.000615262,4.8566166185,9.5,4.4974507153,20.54245835,35.267824399999995,6.27979173,1.0388912000000001,36.59795434
109739,44.0,19.4,18.7,15.9,23.9,11.8,6.0,92620.0,5.0,4.6,27.2,6.3,1292.0,17.8,15.3,36.8,7.4975244,10.4,11.5,29.099999999999998,20.5,21.39780351,9.700000000000001,68.76976475,6.9504778454,0.0026336605,0.0005418537,3.9602339451,7.2,4.7871325939,6.54460145,13.684248369999999,3.23140258,0.5168446400000001,75.00089885999999
674692,38.6,21.1,17.1,43.0,19.9,14.9,5.4,62220.0,8.5,6.2,36.6,7.0,1017.0,24.6,15.7,29.9,9.67461947,17.9,13.900000000000002,28.1,19.8,18.870908540000002,14.099999999999998,70.96845741,15.890824528,0.0056716489,0.0010616955,5.1501863879,9.7,5.4678172068,2.84788545,49.14292436,3.25066336,6.9734926,38.28161993
64701,36.2,25.4,15.9,34.5,10.9,19.3,5.3,49673.0,9.0,12.9,32.6,6.0,850.0,23.7,17.3,35.5,8.792411529999999,25.1,17.599999999999998,42.0,28.999999999999996,16.200351949999998,16.900000000000002,53.06978137,33.019151108,0.0015575589,0.0006189172,5.8227712712,6.3,5.5999396316,1.6535296800000001,59.055080950000004,1.39393653,2.80203269,36.24549645
27211,38.0,23.7,16.9,64.6,8.2,21.6,7.3,49866.0,11.8,27.1,28.9,5.5,753.0,23.4,18.7,40.0,10.273619,31.0,23.200000000000003,38.3,27.0,16.1677139,19.8,58.13953488,28.248587571,0.0037341299,0.0004782225,5.9763208763,5.1,6.4973752159,1.39283047,33.46900672,0.83271098,47.89021658,19.3017177
12370,49.2,17.6,27.5,67.6,12.7,25.4,3.2,46286.0,7.5,41.9,28.3,8.7,656.0,21.1,14.6,32.7,15.04297994,26.200000000000003,15.9,35.6,24.9,17.25102859,16.2,58.97740785,22.693635915,0.0101999184,0.0004042364,3.8417007359,4.9,5.5747761605,0.84863321,47.31130151,0.9057527500000001,3.80252958,47.800897590000005
48327,31.7,26.5,12.8,61.1,13.5,17.7,7.9,55427.0,9.2,12.4,40.7,4.3,956.0,24.6,18.3,37.9,8.41354724,22.3,15.8,34.9,25.2,18.212447440000002,15.5,64.12734508,44.448701983,0.0069035619,0.0004166753,4.9253935984,5.8,5.5475156986,5.62873237,46.234805810000005,1.9694210300000001,2.3738935199999998,43.411969
219870,33.2,23.9,16.1,47.6,17.2,14.7,6.8,51232.0,10.9,9.2,35.9,5.7,858.0,22.0,15.9,31.4,8.45699785,24.2,14.899999999999999,36.0,24.3,18.11720676,16.400000000000002,66.07828371,23.290782865,0.0037387327,0.0006184878,5.4797758285,9.1,5.32082159,1.82895964,67.97522312999999,1.4763998,2.5780382800000003,27.0192265
61264,35.7,26.2,14.5,38.5,11.6,15.5,4.2,77458.0,9.2,13.5,26.6,4.7,1095.0,22.8,16.7,39.3,8.143437559999999,18.9,17.299999999999997,39.1,28.799999999999997,19.07057612,12.3,63.86318379,36.752257336,0.001509747,0.0002955131,5.5643324271,7.0,5.5990424708,1.45665699,52.074657820000006,1.01700539,2.70759021,43.43923683
28006,48.1,18.9,28.4,44.7,15.5,22.4,7.7,44895.0,5.1,22.8,28.5,4.0,802.0,21.2,14.5,31.2,9.88947062,27.200000000000003,17.9,35.0,27.1,17.47964841,16.900000000000002,56.35078819,23.311306902,0.0065521258,0.0006454158,5.3839932936,5.5,5.6134814456,0.9609784499999999,47.95064065,0.99009901,2.53712871,47.601193939999995
4413,43.0,18.6,19.5,0.0,10.2,19.7,9.8,38713.0,6.8,40.1,21.8,3.9,412.0,19.2,15.2,35.6,8.30039526,30.2,17.5,35.6,30.099999999999998,16.78033271,16.7,49.39271255,23.648648649,0.0170083877,0.0004495392,5.2612839506,4.9,5.493846414,2.09692451,77.14352283,1.42124884,3.75116496,16.93849021
73103,32.2,30.0,11.0,49.3,7.6,11.8,7.4,65855.0,13.9,12.5,31.6,4.5,1031.0,21.7,17.6,32.5,8.488098350000001,20.0,18.099999999999998,35.5,30.099999999999998,17.03479621,13.900000000000002,44.376155499999996,42.095951712,0.0013037267,0.0003013534,5.3485571283,5.6,5.3842747778,3.42158916,63.15862471,0.8460354200000001,2.12757105,31.03563057
20222,51.7,17.0,29.6,61.8,14.3,23.1,5.3,47919.0,13.0,49.0,22.5,4.5,831.0,22.4,14.2,31.2,10.59431525,28.1,16.3,30.5,22.400000000000002,18.97824112,14.7,60.48693888,24.432809773,0.0054421089,0.0006361323,4.9945044795,5.1,5.9816151381,0.69898647,33.3666184,0.79884168,4.398622,60.98656947
19253,41.2,21.5,17.8,40.1,27.9,10.7,1.9,135801.0,3.4,5.6,27.2,1.2,1235.0,20.5,12.1,27.4,6.863596869999999,3.4000000000000004,7.8,22.400000000000002,11.899999999999999,20.35023742,7.5,88.16148391,3.6558615647,0.0028286361,0.0015519917,3.1989568911,4.9,4.6262109817,1.33717342,18.1495577,7.431598440000001,1.6663238,70.17074676
25393,36.5,26.7,20.5,38.0,6.9,22.6,7.0,38241.0,8.7,22.3,33.4,8.1,572.0,22.6,17.6,36.8,8.0268881,37.6,20.8,38.7,34.5,16.2437698,21.2,42.49739493,61.490359562,0.0016590299,0.0001566661,4.0796580838,5.6,5.8946399923,1.28772318,67.64496761,1.5049770900000001,3.06920525,27.68209828
72073,33.6,28.0,12.7,76.7,7.4,15.1,9.6,44029.0,19.9,16.9,28.1,11.8,806.0,24.8,23.3,39.6,8.69098712,41.8,31.1,37.4,31.6,15.11692892,20.9,49.01366485,21.698407743,0.0019186883,0.000821956,7.5129341033,5.3,7.1454299129,0.52473218,12.37699318,1.38378127,80.86835182,8.03959475
67850,35.9,22.3,17.0,34.2,13.8,20.5,9.6,50833.0,9.2,26.1,34.3,4.9,882.0,24.0,17.1,34.3,8.69118905,30.8,18.9,38.800000000000004,26.400000000000002,17.7700878,16.5,60.86325521,33.296500921,0.0029345536,0.0004523104,4.2742961297,5.8,5.5855420534,3.66819205,40.024696739999996,1.80576741,8.1048885,46.466187260000005
8641,46.6,21.8,25.0,67.4,10.0,24.6,4.8,38998.0,10.3,31.6,31.7,8.0,710.0,22.3,16.0,33.8,7.9173838199999995,32.7,19.6,36.0,28.9,16.8522636,19.5,55.50135501,30.23255814,0.0139835488,0.0001155268,6.5996163138,5.2,5.9639323927,1.6803760300000001,45.17038778,1.28084606,2.9377203300000003,49.15393655
40285,41.7,22.9,20.2,81.3,10.6,15.8,6.0,52031.0,9.1,28.2,21.1,3.8,704.0,20.2,15.8,34.7,13.14424075,27.1,17.8,38.800000000000004,27.700000000000003,16.68838171,16.1,52.27323628,23.708136725,0.0054669475,0.0004977725,5.82873702,5.4,5.8729715231,0.68211456,66.97010732999999,0.95796971,22.10853646,14.615307450000001
19142,31.3,24.2,14.8,47.8,13.0,19.6,6.6,52644.0,11.5,18.2,39.9,6.2,795.0,24.2,18.2,34.0,7.42280285,26.1,17.5,34.300000000000004,26.6,17.434399589999998,16.5,56.89617486,25.860562642,0.0030340129,0.000420632,5.4765995106,5.7,5.7433815228,2.0865492100000003,45.270665890000004,1.59684888,2.4272103,48.427103849999995
149460,40.8,22.5,18.8,37.7,19.5,14.1,5.9,76424.0,6.6,6.8,19.0,3.0,1280.0,23.1,15.3,36.3,9.77073066,16.0,16.3,31.1,22.7,20.1757129,10.9,66.12545355,11.298588426,0.0040272932,0.0006606373,3.8082913306,7.6,5.6827863487,2.33172584,40.49738354,2.00787503,14.18851324,41.467653399999996
121798,36.8,25.8,15.7,42.6,9.2,15.6,8.9,50734.0,12.6,14.6,29.6,6.1,894.0,23.4,19.4,37.5,7.77860091,26.3,24.9,38.1,27.3,15.63643495,17.299999999999997,55.573112540000004,24.423120126,0.002817485,0.0005289562,4.8888593223,6.4,6.2742035027,0.5535529299999999,19.91464678,0.8046405600000001,43.84752434,36.48808784
27215,45.0,17.0,22.9,89.1,14.0,23.5,6.9,43490.0,6.4,22.0,28.4,7.3,727.0,19.5,14.5,35.8,11.45510836,30.0,13.600000000000001,35.099999999999994,26.1,16.188433059999998,18.3,60.72793751,22.098569157,0.0110244488,0.0004788214,6.5648796148,4.9,5.7916928453,1.72491375,75.059997,1.52617369,3.4835758199999995,19.86275686
154481,47.7,17.1,25.9,45.4,21.2,14.0,5.4,70522.0,9.8,11.5,28.5,4.2,1252.0,21.9,13.1,29.1,11.39034759,18.8,11.4,23.1,17.8,17.077556960000003,12.2,65.82568151,14.436791206,0.0080214932,0.001101797,4.9814345168,4.5,5.4844932183,1.00412937,47.68524456,1.7671651,4.41278309,45.755854219999996
11506,55.4,16.0,35.9,0.0,11.7,30.4,4.7,35256.0,4.0,34.9,26.8,7.4,729.0,22.0,15.1,32.5,9.06095552,35.4,19.6,33.7,25.4,17.63596935,21.099999999999998,51.018428709999995,34.868421053,0.0026114206,0.000434707,5.1667204128,5.3,5.8054147035,1.0184540400000002,30.240250699999997,0.87917827,3.3077994399999997,64.43245125
16453,39.6,21.8,20.0,28.1,6.4,24.0,4.4,40699.0,6.7,35.0,25.1,4.9,702.0,21.7,17.2,31.8,10.84745763,32.4,22.0,35.0,30.5,17.10264179,20.8,48.717948719999995,32.828282828,0.0020046357,0.0004291582,6.8489311164,5.3,6.1714740819,0.97099543,50.28503413999999,2.0986030199999997,15.12247071,33.28321744
34475,49.8,16.9,27.8,61.1,18.9,19.1,5.9,55145.0,7.9,34.4,19.5,4.5,982.0,20.5,13.4,29.6,11.00917431,23.1,14.899999999999999,28.999999999999996,23.3,20.45753952,14.399999999999999,61.79919908,21.201413428,0.0086905973,0.000866476,6.5230455686,5.9,5.7304435541,0.59003052,50.48103473,1.11030373,8.231361719999999,40.982415350000004
15203,43.0,21.3,21.5,63.8,9.0,23.1,10.8,50727.0,8.5,22.6,16.8,5.0,731.0,24.4,17.2,34.4,13.29534663,32.300000000000004,20.0,34.8,28.9,17.3828235,17.0,54.40174434,18.100890208,0.001791083,6.53296e-05,4.227978797,5.5,5.8800879775,1.3625024,43.72801126,0.76760699,4.5160877600000005,50.20789356
4074,39.4,21.4,22.0,53.3,9.7,23.3,5.8,41714.0,11.6,30.0,34.9,7.9,587.0,22.2,16.0,34.3,8.66425993,25.4,20.7,35.4,29.099999999999998,17.81316934,16.1,41.648106899999995,25.401069519,0.0085771948,0.0002434867,4.8882162828,4.9,5.6498875507,2.29566095,40.66599395,0.85771948,3.8345105999999998,53.17860747
76613,38.8,23.0,18.4,47.7,11.3,21.4,7.5,56246.0,7.7,12.8,17.3,2.7,873.0,21.8,16.1,34.4,10.480501389999999,23.9,15.8,35.5,25.1,18.146771010000002,15.299999999999999,59.33744222,22.402097703,0.0022870573,0.0002979661,4.4716995682,6.8,5.5985297164,1.4366763100000002,61.09601850000001,1.10941231,7.20359864,30.870218980000004
315041,38.1,18.1,17.5,31.7,22.5,11.8,5.2,78829.0,3.0,9.6,43.5,12.5,1196.0,21.1,15.4,35.6,8.48673321,14.6,12.7,33.5,21.6,23.24232125,11.600000000000001,78.04272726,7.5172997461,0.0045127408,0.0009625713,4.6358145944,8.7,5.1555914489,12.95399783,7.345125199999999,7.46986506,0.37864075,69.30199363
47222,38.9,19.6,19.3,39.2,12.8,16.4,7.3,58725.0,5.3,28.9,19.2,7.3,735.0,21.2,17.4,37.0,7.908889589999999,17.2,16.5,34.300000000000004,24.3,22.65394996,14.299999999999999,64.34896687,10.277564147,0.0026151637,0.0003470264,4.424328422,6.5,5.9795059812,1.47049367,2.20788408,1.20040299,0.37726951,93.41707573
1443229,35.0,24.7,13.3,51.5,13.5,15.8,11.2,47036.0,7.6,4.1,80.0,60.2,1401.0,15.8,16.4,43.2,10.32153115,35.5,16.3,37.2,36.0,16.766576450000002,20.200000000000003,54.94221365000001,16.633300279,0.0027866324,0.0005782667,7.321794181,8.3,5.5567565568,30.020066699999997,55.01365302,5.002816119999999,3.06839192,9.03525016
198365,39.7,19.1,19.7,45.0,15.8,15.9,6.9,58317.0,3.8,12.2,35.2,12.5,882.0,20.7,16.6,34.4,8.21000156,19.8,15.9,33.300000000000004,23.799999999999997,19.43029121,14.6,67.40778055,11.614889449,0.0026418193,0.0007858447,5.0979134563,7.2,6.0958197046,5.97826364,5.7186717499999995,5.13573749,0.31620231,80.24959582
77000,42.5,21.9,19.9,35.8,10.9,16.3,5.4,56889.0,6.6,21.8,26.3,10.4,745.0,21.6,17.5,38.8,8.056215360000001,25.5,18.7,36.5,26.400000000000002,22.16838754,14.799999999999999,52.376149510000005,14.658803707,0.0019179894,0.0004317902,4.8234150136,6.8,6.0438427421,1.46560847,2.4603174599999997,0.8981481499999999,3.7367724900000003,89.61111111
76171,43.4,19.4,20.0,54.6,13.2,14.6,4.3,63227.0,4.1,15.8,30.0,10.0,868.0,20.8,16.6,37.9,7.66578787,17.7,18.4,41.0,26.200000000000003,22.508764749999997,13.0,60.92446082000001,12.882985114,0.0022017856,0.0002899315,4.6472783379,7.0,6.0540622322,3.6477142999999996,3.7188695700000003,0.72766329,0.53030812,89.0957911
127440,42.8,20.3,20.8,44.3,13.5,17.6,5.4,54625.0,5.5,19.5,30.9,11.8,759.0,20.6,16.7,39.5,8.27111526,23.400000000000002,17.9,34.699999999999996,27.500000000000004,21.84805833,15.0,59.28185955000001,20.475670669,0.0019376897,0.00063088,4.8477991188,5.3,5.7042081917,2.05859509,9.79894468,0.67578929,0.9167994500000001,84.87641223
83584,41.7,21.0,19.6,40.2,13.5,16.1,6.3,61358.0,4.3,10.9,31.6,10.2,991.0,21.4,17.1,34.4,8.005497340000002,22.3,16.400000000000002,34.2,26.700000000000003,21.81228308,13.700000000000001,60.236810549999994,20.854700855,0.0034429757,0.0007827082,4.5677210667,6.8,5.5230051013,5.78911774,3.89917,1.54933907,0.39717184,84.85951429
47096,44.9,20.5,21.3,32.3,9.8,18.7,7.1,61741.0,3.6,18.4,23.7,8.4,798.0,21.1,16.9,38.9,7.02087287,18.7,19.3,37.5,26.6,23.83667921,13.200000000000001,52.122370939999996,19.392730496,0.0019163763,0.0003008359,4.1708017665,6.7,5.8152906215,0.9298780499999999,2.58928571,0.6119338,0.45513937,94.13545296
79839,40.9,17.9,17.8,38.0,15.4,17.3,4.7,67097.0,3.3,12.5,31.0,9.5,944.0,22.7,17.6,35.2,8.00924953,15.8,18.9,41.8,28.000000000000004,21.34631581,13.0,62.72575425,9.6587592209,0.0036356654,0.0008040605,4.8719408726,6.2,5.8697832252,3.00198425,3.44108046,1.39537861,0.49158292000000003,90.12865647
61469,49.3,16.4,24.8,22.8,19.0,14.4,5.9,81741.0,3.9,24.0,25.4,6.2,1114.0,19.3,14.3,34.3,7.243209489999999,17.5,14.6,33.0,23.200000000000003,23.066155220000002,11.0,62.50181818,9.1601482091,0.0024805689,0.0004046748,4.923698069,7.8,5.5619291603,4.269885889999999,6.37671573,2.21762858,0.41012072,84.97602117000001
46755,36.3,18.9,16.5,31.9,15.0,13.3,5.4,65029.0,3.7,11.0,34.0,9.0,884.0,23.0,17.9,36.8,7.373572589999999,16.5,17.1,34.0,25.5,23.42158634,12.5,65.40326571,8.2429238136,0.0042839657,0.0003670834,4.2927219499,6.7,5.9090400798,1.98461269,3.5626857800000002,1.14530512,0.44369644999999996,91.12607099
44637,48.9,16.2,25.2,31.8,13.3,18.5,6.1,58338.0,4.5,37.6,22.8,7.4,785.0,20.5,16.1,40.1,6.696248489999999,21.5,15.9,35.9,24.3,21.832374520000002,13.900000000000002,58.623382420000006,9.9599548208,0.0015762216,0.0003830727,4.7715339467,6.5,5.7846852836,1.9184868300000002,5.00562936,1.36680928,0.38730016,90.05404188
296467,42.9,18.6,18.4,24.2,20.6,12.9,5.0,94578.0,4.3,6.7,31.2,7.2,1425.0,18.9,14.8,35.5,7.685977619999999,8.799999999999999,11.799999999999999,34.300000000000004,19.900000000000002,20.456901220000002,10.0,69.2913935,5.9556036816,0.0034830893,0.0007101699,4.5868596068,8.3,5.5380693276,10.53979472,15.931684330000001,3.71798755,0.61248528,67.50900219
951232,40.1,20.1,18.5,31.9,20.2,13.7,5.0,68014.0,2.9,7.3,34.8,12.1,984.0,20.6,16.0,37.4,9.02912327,17.9,15.6,32.7,25.5,22.83692013,12.3,73.81249799,12.086880131,0.0041431194,0.0007321052,5.0336885774,6.8,5.5601001888,12.805092649999999,6.4454043599999995,5.04192266,0.79406266,73.12531774
37314,49.2,15.9,24.8,24.4,17.6,16.7,5.1,68090.0,4.1,37.7,23.0,9.4,875.0,20.4,15.1,34.6,7.99579169,16.5,17.7,36.0,23.3,22.32889153,12.0,57.93510324,9.1324200913,0.002039429,0.0005098208,4.4263165103,3.2,5.5853913807,1.69136642,2.88783141,0.81305235,0.55200544,92.91094494
47459,41.9,20.3,18.4,46.2,12.3,17.4,5.1,60270.0,6.0,25.3,29.1,11.0,788.0,21.9,17.3,36.5,7.12418301,18.5,18.4,36.6,27.3,23.87580754,14.799999999999999,51.67260995,17.989873963,0.00352673,0.0005268038,4.4733206566,6.5,6.0992262814,2.98481786,2.88159649,0.5784697400000001,7.696443159999999,84.90172466
53280,44.2,20.0,20.2,39.9,11.5,17.1,4.3,60557.0,3.6,21.5,30.9,10.0,855.0,21.7,17.4,40.3,8.31837223,20.200000000000003,21.0,36.3,28.499999999999996,22.65528738,14.000000000000002,62.08059079,21.391955836,0.0026419573,0.0003200542,4.2535433649,7.0,5.4950954069,1.7459892000000001,4.57364935,0.86533675,0.35800436,90.79909637
58204,42.7,20.3,19.5,24.3,13.5,15.4,4.7,68178.0,3.1,6.2,26.6,9.8,866.0,21.1,16.4,37.7,6.80041688,14.099999999999998,16.5,35.3,24.9,23.26682689,11.899999999999999,65.49789621,10.70014323,0.0020163744,0.0003111334,4.0302156508,7.2,5.6022872284,2.63519269,4.88275478,0.69008674,1.23763667,88.82998140000001
48067,47.0,16.2,23.2,27.3,16.2,13.8,2.8,70294.0,3.5,38.3,24.1,8.6,1013.0,20.3,15.5,36.7,7.12219812,18.8,14.799999999999999,32.4,23.0,21.94908342,11.4,56.70575786999999,11.339170375,0.0010411797,0.0002886657,5.1061813331,7.4,5.6271702238,4.43457567,6.82928902,1.3747822,0.55246271,84.92414262
60293,44.3,20.5,21.3,23.9,13.3,15.4,4.2,68104.0,4.7,24.0,24.0,10.1,776.0,20.4,16.6,35.8,6.829992579999999,16.6,16.8,37.8,23.1,24.564842300000002,12.7,63.61159464,15.748031496,0.0009582409,0.000266947,4.4266613378,6.8,5.4159197185,1.49788178,2.99744469,0.75146258,0.37152848,92.91742317
117445,32.8,23.8,14.2,11.4,15.0,14.6,6.4,62782.0,5.4,25.1,45.5,8.5,1143.0,20.5,17.4,42.4,7.66125841,18.8,17.9,37.4,28.9,20.65350726,13.700000000000001,66.90182949,28.825469669,0.0024828596,0.0005073305,4.0462615901,6.5,5.1836944506,5.64349621,7.95386237,1.83905843,0.66993649,80.96822811
2679620,35.9,22.6,14.5,26.2,24.1,10.3,7.3,74692.0,6.3,7.6,69.7,55.3,1715.0,16.1,15.2,39.8,7.82201705,26.700000000000003,11.700000000000001,26.900000000000002,25.5,18.12642486,15.2,72.14973314999999,11.072052187,0.0031344376,0.0006319451,6.7742097729,8.4,5.2118244708,28.61290984,18.8596082,13.143905750000002,1.0084237,37.22831848
26690,42.0,22.9,19.6,9.4,10.8,15.0,5.2,64401.0,4.3,31.2,19.2,5.6,768.0,20.9,16.8,37.3,6.53436592,15.299999999999999,17.599999999999998,35.9,25.0,24.9169384,12.6,56.974622659999994,14.092446449,0.0021470544,0.0006773793,3.9756326777,6.0,5.3084183511,0.70061775,1.81934609,0.47461201999999997,0.38420973,95.51001959
61980,41.7,17.8,18.9,42.1,15.4,13.5,4.7,70443.0,3.4,11.3,23.0,6.0,919.0,20.8,16.3,35.0,6.89265537,12.2,16.3,32.4,23.0,22.68541394,11.1,65.85863162999999,5.0115859244,0.0015697047,0.0004547079,4.0904942285,6.8,5.4885098622,1.79207953,4.73037052,1.2819255,0.51015403,90.3283299
68020,42.5,18.7,19.1,31.1,14.3,13.0,4.1,68869.0,3.3,17.8,22.3,6.1,867.0,21.1,16.3,36.4,7.49145925,13.0,15.9,34.4,22.400000000000002,23.06260899,11.0,63.063823799999994,7.4249231497,0.0024805368,0.0007390109,4.4876317214,6.8,5.7524909895,1.9127030400000002,2.7435334200000003,0.9339370300000001,0.77105841,92.09216837999999
756406,39.3,20.5,17.9,37.6,22.2,14.2,5.3,71450.0,3.2,6.4,36.3,10.9,1085.0,21.9,15.3,34.5,9.2658522,17.7,11.700000000000001,36.1,19.3,21.05685882,12.1,74.62603175,11.448703594,0.0038317555,0.0010739446,4.8620176077,6.6,5.4908368123,14.63508808,10.05261316,3.8866666100000002,0.45852806,68.85108794
49624,40.6,22.9,18.8,28.5,11.1,16.5,5.9,58033.0,5.6,17.5,31.3,12.8,867.0,21.2,16.8,42.3,7.955936349999999,22.8,18.7,36.0,29.4,22.61198676,14.399999999999999,58.46700843,22.551928783,0.0010330579,0.0005246378,4.8103125622,7.3,5.6436770388,2.65759196,15.68830011,1.15661967,0.7211148900000001,78.66634257
212230,43.1,19.8,19.7,41.2,15.9,15.3,5.8,65882.0,2.3,9.2,29.1,10.7,823.0,21.1,16.2,37.6,8.810949529999998,20.0,14.6,34.599999999999994,23.3,22.964729010000003,12.6,67.65946643000001,14.933107217,0.0017712466,0.0003827019,4.8000359518,7.9,5.6740357737,7.221529960000001,4.09487389,1.43704913,1.16634918,83.45817996
231055,40.9,21.3,19.2,37.7,15.5,14.6,4.4,66402.0,3.4,11.5,32.0,10.6,889.0,20.4,16.7,38.3,8.46185911,19.6,15.4,38.2,26.3,23.97660073,13.100000000000001,64.12297157,16.648058059,0.002245611,0.0007035097,4.5691405841,7.0,5.5293247591,6.25826723,7.239568459999999,4.45606557,0.43593856,79.71918877
472637,39.4,21.0,17.8,30.8,20.2,13.9,5.6,71479.0,3.5,8.8,34.7,12.2,1002.0,22.0,16.5,36.9,8.5278119,19.2,15.5,35.099999999999994,23.0,22.6632384,12.3,72.77362712,12.364639052,0.0035372847,0.0009234293,4.9595945991,6.4,5.8919128687,11.280411560000001,6.0616876799999995,3.95919405,0.98595132,74.90002629
112288,43.8,19.5,21.0,32.1,19.9,14.5,4.0,76603.0,3.3,10.6,27.5,6.5,1061.0,20.3,15.2,37.8,7.10584752,10.100000000000001,14.299999999999999,34.1,21.099999999999998,23.02133479,11.1,73.8792116,7.2496789428,0.0030046047,0.0008266079,4.0486299144,6.9,5.5679051435,2.4756875899999997,5.84208936,1.47030064,0.40268813999999997,88.27315234999999
401237,36.8,25.4,14.1,20.9,18.2,11.6,5.3,91806.0,4.9,8.2,32.0,8.6,1494.0,17.8,16.0,37.7,6.91189876,19.1,11.799999999999999,37.3,23.0,22.31370833,11.3,63.40606793,11.183243141,0.0028173853,0.0006674495,4.7906767077,8.1,5.0872828827,11.426853509999999,24.43689106,3.30699193,1.01185363,58.664932390000004
40148,43.2,19.2,18.3,27.0,11.7,15.5,6.1,61069.0,5.4,11.2,23.8,7.6,840.0,20.6,17.2,36.9,7.265917600000001,15.2,15.7,36.199999999999996,23.5,22.11486223,12.6,45.47314578,19.497240956,0.0007667928,7.46436e-05,4.3816477312,7.1,6.0346434988,4.28381556,5.53879971,0.6262140900000001,0.83580411,86.91084756000001
118037,40.3,20.7,17.1,45.8,12.7,15.0,7.3,65054.0,4.2,13.5,26.5,8.5,899.0,21.9,18.0,39.2,7.88508557,18.8,17.2,38.5,25.7,22.87209797,14.299999999999999,60.062089119999996,14.750643877,0.0018533877,0.0004003851,4.5788956021,6.9,5.8988554562,1.1094937500000002,3.4368071000000002,0.7709754400000001,0.52808856,92.6287639
59678,40.8,15.3,21.2,43.9,18.0,14.1,5.0,65778.0,5.1,25.6,25.9,7.0,927.0,20.9,17.4,35.3,5.88782151,18.6,14.099999999999998,35.5,23.799999999999997,22.42181086,12.2,68.03382664,4.8247481198,0.0022785484,0.0013763914,4.3298829883,6.5,5.5237982793,2.5213717900000003,4.56042311,1.6897847899999998,0.29438179999999997,89.53697236
97942,44.1,19.5,18.3,21.6,24.2,10.2,4.4,120970.0,3.5,8.9,16.1,4.1,1691.0,17.6,13.7,36.0,6.7177863,7.1,11.0,30.099999999999998,20.5,21.79430989,8.4,72.55554595,3.1951975213,0.0047929839,0.000530959,4.1523153824,8.2,4.9462984754,3.51315521,20.834183149999998,2.51070773,0.6006526600000001,71.63879258
2360826,39.9,19.9,16.5,26.0,21.4,9.9,7.0,82431.0,8.7,8.9,54.8,36.7,1847.0,13.7,13.6,36.5,8.9871011,17.599999999999998,10.6,24.7,27.0,15.779946129999999,12.5,68.33710243,9.3389730424,0.0021192649,0.0005894104,5.0021711329,7.4,4.8130940322,17.70685145,28.07673044,27.98881625,1.46372696,23.975577610000002
160943,40.0,19.0,17.6,39.0,20.6,14.5,5.6,83734.0,3.1,10.9,37.2,10.3,1141.0,20.0,16.0,40.3,8.45303867,16.3,13.0,34.599999999999994,21.5,23.56449188,11.799999999999999,72.56496168999999,11.384008605,0.0020903299,0.0004805532,4.6197471614,8.1,5.3960167793,7.65198832,6.22391011,3.1160352799999997,0.39232918,80.5009259
492925,40.3,21.7,16.6,28.5,21.1,10.3,5.4,96185.0,3.9,7.4,31.4,15.2,1602.0,15.3,14.6,40.6,8.145213049999999,17.5,10.6,29.4,25.4,18.94000858,11.5,69.58902395,7.1299843416,0.0026615745,0.0008125732,5.008744829,7.7,5.1929654787,8.97313359,19.50754758,14.54043005,0.7807421,55.38846556
337326,35.3,28.8,15.6,13.6,23.5,9.0,6.2,106173.0,4.1,5.2,31.7,9.9,1755.0,17.9,15.0,42.6,5.75364086,23.1,13.900000000000002,32.0,25.0,18.2537935,11.0,63.70930172,11.212459891,0.0034418307,0.000848989,5.4183212445,8.4,5.1233216471,10.47484353,20.82087516,6.275399269999999,0.68572535,61.08589318999999
108670,38.8,20.0,18.0,32.9,12.0,17.2,6.3,58339.0,6.0,20.0,28.7,10.4,788.0,23.6,18.2,36.3,7.63847528,21.4,19.6,37.1,28.000000000000004,22.67766192,14.899999999999999,57.455608940000005,9.7904335306,0.0024780251,0.0005460384,5.4625459765,6.9,5.5200785493,1.8112960500000002,2.55283336,1.17168506,1.1268000699999998,92.00860295
236328,43.3,19.4,18.9,17.4,24.1,11.3,3.5,97038.0,2.8,10.6,27.9,4.8,1305.0,20.2,14.7,30.1,6.51792605,8.3,10.5,32.1,16.900000000000002,23.745658510000002,9.5,77.84899678000001,4.9088062291,0.0024003921,0.0006951495,4.1608415338,8.2,5.0207066895,2.03802925,4.0458965,3.11883407,0.26391746,88.78685942
159447,39.7,21.4,17.5,26.1,18.9,12.7,6.0,75056.0,3.9,9.7,36.1,12.2,1092.0,19.3,15.8,38.6,9.168392540000001,18.7,13.200000000000001,34.300000000000004,21.3,21.00940826,11.3,71.40292568999999,14.178950167,0.0028454929,0.0007970194,4.3947831796,8.0,5.3147098928,12.1586972,8.322597589999999,5.95739891,0.75796425,69.29619392000001
29970,45.7,17.4,23.0,14.5,13.5,16.8,5.3,71479.0,4.2,25.6,22.6,6.3,883.0,20.0,16.1,38.3,4.91898148,16.5,19.2,37.6,25.3,23.35225042,12.1,62.757752239999995,10.009099181,0.0015944195,0.0003013763,4.2128650432,6.6,5.8088976106,1.55123734,4.16542103,0.86032221,0.35874438999999997,91.54957648
17855,47.3,18.8,22.1,25.3,12.6,15.3,5.7,61316.0,4.4,23.0,23.1,5.9,808.0,20.8,16.2,37.9,4.97237569,18.9,19.6,37.6,26.200000000000003,22.92546133,14.000000000000002,61.6610954,13.01659616,0.0023419204,0.0006196485,4.8935147498,6.6,6.0611326635,1.06814417,2.15342434,0.69686411,0.35985606,93.91671903
33651,43.0,20.0,20.2,19.4,13.5,17.1,4.5,64050.0,8.6,15.5,27.5,8.7,871.0,21.2,16.8,36.1,5.7885906,21.0,16.3,37.4,25.0,22.19766757,13.100000000000001,56.120943950000004,14.057198255,0.0024112028,0.0002671574,4.1509923242,6.9,5.7159801902,3.01400352,4.32470865,0.83155584,0.5657052800000001,89.67201459
93584,42.8,21.4,20.0,24.7,12.9,15.0,6.3,62506.0,5.0,17.6,27.3,9.4,832.0,21.7,16.4,37.5,6.8198342300000006,19.1,16.5,36.6,24.099999999999998,22.26657051,13.200000000000001,63.90058587,16.685384245,0.0024956056,0.0005594526,4.4849927697,5.7,5.6978831356,1.5342549,2.07243766,1.6178034300000002,0.32876890999999997,92.90596992
1524486,41.7,20.8,17.3,27.0,21.1,9.9,4.8,122498.0,4.4,11.8,18.2,5.2,2113.0,16.0,14.4,38.4,8.05724986,8.6,10.8,29.799999999999997,22.3,20.70528002,8.1,70.42122424,8.5546210257,0.0033141409,0.0007128144,4.1977385699,6.4,5.1233730977,7.85788848,23.06748426,4.8695812,0.78855282,62.68932555
78725,41.9,21.0,18.9,30.4,16.2,15.9,7.2,67841.0,5.6,39.5,30.9,9.9,996.0,19.3,15.7,40.3,8.08753568,20.599999999999998,15.1,34.8,26.200000000000003,20.96892183,13.100000000000001,60.903702159999995,17.313746065,0.0022147147,0.00032579,5.1430587405,6.9,5.514848955,8.82507508,19.33933934,2.21846847,0.87962963,67.23223223
48344,44.7,20.4,20.9,24.3,15.6,14.7,5.6,70427.0,3.4,7.3,22.1,6.5,894.0,21.0,16.0,37.8,7.076528980000001,18.0,13.8,35.199999999999996,22.3,22.76290441,11.5,60.937941429999995,16.949152542,0.0018023682,0.0002709462,4.3193402349,7.1,5.5372428933,1.11285759,2.43948444,0.93262077,0.291313,93.8740438
102555,32.6,14.5,15.7,19.5,24.6,11.3,4.7,69995.0,3.3,8.0,45.7,13.3,1320.0,22.5,16.1,34.7,6.2745098,12.5,13.3,33.0,20.7,22.70818934,11.899999999999999,84.18129399,3.2825880114,0.0044612681,0.0007987676,5.6186738053,6.8,5.1897901813,4.04507619,6.49491106,10.11703586,0.53979413,75.88211437
182153,44.2,17.3,20.5,25.2,19.5,14.5,5.1,77197.0,6.2,15.9,30.8,7.2,1269.0,19.4,15.2,35.6,7.63044519,13.0,14.099999999999998,32.2,21.7,22.58491395,12.8,63.22424833,7.768488746,0.004217558,0.0005957879,5.2266339505,8.0,5.7211885376,6.04662897,12.4003883,2.37422738,0.55831912,76.54620941
65684,46.7,17.7,23.0,42.0,17.8,15.8,4.2,74531.0,3.8,25.6,29.4,8.5,1062.0,21.0,15.3,34.2,8.2904362,15.0,18.0,34.699999999999996,25.3,23.379102539999998,11.700000000000001,67.93193717,11.751943591,0.0047568064,0.0011124996,4.6421444066,7.3,5.1319635336,1.4729275,3.10951361,1.02630774,0.3487305,92.62159682
61310,44.6,18.4,20.4,25.0,12.5,15.3,5.1,68703.0,5.5,16.6,26.1,8.8,964.0,20.4,16.4,34.1,8.134972529999999,15.5,15.7,36.0,23.9,23.91877008,12.1,52.65468792,18.289716899,0.0018318983,0.0003609161,3.909221902,7.6,5.4125199165,2.18162439,2.96101387,0.62118008,0.38136793,92.68572951
91324,43.6,21.1,19.7,27.7,15.4,14.5,4.3,71007.0,5.8,10.7,20.2,7.3,877.0,20.9,16.1,37.0,7.2547790700000006,14.299999999999999,14.799999999999999,37.2,23.200000000000003,24.845995379999998,11.4,64.50181332,13.758389262,0.0012551057,0.0002309647,4.2418888532,7.1,5.9065647786,2.84820927,5.37823823,0.77618382,0.42607536999999995,88.51027755000001
40338,42.9,19.8,19.1,12.1,11.0,13.3,4.1,65066.0,4.3,10.9,22.9,7.7,787.0,20.7,16.5,38.7,7.25238293,13.200000000000001,16.8,35.8,25.1,22.6034015,11.5,52.640122219999995,8.5529038488,0.0026307801,0.0003457558,3.8734460076,6.8,5.7894048194,4.13841951,3.7134473299999997,0.52868562,0.4730345,90.30658707
24713,41.7,22.0,21.5,16.8,14.2,11.6,3.2,63974.0,17.6,32.3,22.7,13.0,773.0,20.8,16.7,36.6,3.9250669,18.3,18.4,35.3,26.8,22.37622187,12.2,41.917808220000005,9.5372107567,0.0011850278,0.0004875472,4.2543847814,6.4,6.0835489534,1.09104282,2.4967309600000003,0.80091533,0.3023864,94.21788166
171779,39.1,22.0,16.9,44.6,19.0,12.8,5.0,60866.0,9.7,9.0,34.0,5.0,959.0,24.0,17.2,35.5,9.47462955,16.0,17.299999999999997,38.0,25.8,19.58926228,14.299999999999999,61.52509384,15.131578947,0.0019200179,0.0003853299,4.3171938505,7.4,5.1132514682,21.40205955,15.43660871,2.11704295,1.54159574,58.580079809999994
36505,43.9,19.7,20.4,9.7,11.0,17.1,5.6,62764.0,9.1,14.2,18.8,2.8,735.0,25.8,17.5,33.1,8.16491512,17.4,16.2,33.800000000000004,22.7,20.56371695,14.899999999999999,52.52115451,17.944081235,0.0009047789,0.0001910272,3.8472704757,7.7,5.2668186957,5.54656869,5.80703534,1.2749156899999998,0.60592767,85.33161516999999
10989,50.6,16.3,28.0,0.0,13.4,17.4,5.3,42115.0,13.4,36.1,19.5,5.6,708.0,25.3,16.4,32.6,8.62573099,24.5,19.6,36.6,27.200000000000003,19.395531169999998,18.0,52.54848895000001,29.792017988,0.0022923647,0.0009955652,4.3874273187,6.4,5.5497508392,2.39816611,11.523540820000001,0.76706048,0.76706048,83.88291307
22200,41.1,20.0,19.5,48.5,8.7,20.6,6.4,42000.0,13.0,17.0,32.6,7.1,818.0,23.4,18.9,39.7,15.36373507,33.0,20.1,43.1,28.999999999999996,16.409779059999998,16.1,34.85312669,30.833151104,0.0008676988,0.0004533092,4.6597134429,7.5,5.4290528787,46.89226835,4.6262045,1.7171302,0.98186966,44.36680824
26759,49.6,16.9,26.6,29.8,12.6,17.9,5.1,49176.0,11.0,30.6,20.2,4.2,730.0,25.2,16.2,32.0,8.99725275,22.0,17.4,33.900000000000006,24.099999999999998,20.96958004,16.2,61.96513471,25.101909461,0.0017736393,0.0004866909,4.3057689025,5.9,5.2628174529,0.88681964,6.12275062,0.52100654,0.5690426000000001,90.90640357999999
17679,46.5,13.9,22.7,8.8,13.6,19.0,5.0,53513.0,14.6,53.4,21.4,4.5,811.0,25.2,16.8,32.1,8.94901145,22.1,17.0,33.1,22.6,21.323780749999997,15.299999999999999,53.0867052,17.666853617,0.0047833267,0.000223914,4.7146460786,5.7,5.226335778,3.90638346,6.2183247,0.78583224,0.7915266799999999,87.50071179999999
44711,46.9,19.6,24.4,63.9,12.2,17.1,5.6,56081.0,11.3,21.9,29.2,5.8,835.0,23.9,16.5,33.8,11.6088947,30.5,17.1,38.3,26.1,18.14491298,15.7,60.07905138,23.503325942,0.0020682988,0.0005172259,5.1506526951,5.9,5.1335196043,22.85245386,7.9067467,0.66095636,1.10384209,66.72736674000001
17818,45.9,17.1,23.9,53.6,10.9,23.5,6.4,41652.0,11.9,22.5,25.1,11.3,823.0,21.7,17.5,42.0,14.11255411,33.5,21.0,43.5,29.9,16.14093966,16.0,49.46261682,32.323232323,0.000709136,0.0002856327,5.2912664731,6.1,5.3298081465,59.67970688999999,2.50561399,0.7977780400000001,0.83914431,35.00177284
29807,45.0,20.3,22.8,83.1,14.0,14.8,5.5,40476.0,10.0,25.8,30.3,7.9,731.0,24.2,17.4,36.7,11.32305195,29.099999999999998,17.7,38.6,28.199999999999996,17.36587364,17.5,56.26080126,30.996884735,0.001017501,0.0002370872,6.1479119397,6.2,5.5114526149,31.70872338,9.5373762,0.49857549999999995,3.51037851,54.00895401
139721,55.7,14.5,32.7,42.5,20.4,14.9,5.0,71193.0,8.8,32.7,16.3,2.4,1187.0,23.4,14.0,33.9,8.520900319999999,16.8,13.900000000000002,30.9,19.8,20.568514330000003,13.5,61.97049024,20.868411654,0.0012565327,0.0004368478,3.9159118485,6.2,4.9556526691,8.70945963,5.7075342000000004,0.87394664,0.82643595,82.38041059
269449,42.3,18.0,20.6,35.5,25.6,13.6,3.6,66531.0,11.3,20.9,35.6,5.4,1209.0,24.7,15.3,26.9,8.8824366,16.400000000000002,11.1,26.200000000000003,18.4,21.08425365,14.499999999999998,70.82799829000001,13.86304619,0.0089561111,0.001406822,4.5837174598,5.1,4.813131958,5.64514083,8.56031693,1.51576109,0.57701857,81.80361796
87799,45.1,18.2,21.0,42.1,12.4,20.4,6.0,53732.0,10.8,11.5,23.9,4.6,768.0,26.1,17.3,33.7,8.604459120000001,24.4,17.299999999999997,32.0,24.4,18.958313330000003,17.2,56.35497377000001,24.287836703,0.0033054857,0.0006277751,4.5535655468,7.5,5.4989310321,6.22155811,8.56596255,3.70961534,1.17842831,79.2705291
226396,37.6,25.2,13.3,21.9,24.0,10.7,4.9,83828.0,8.0,12.7,27.0,3.7,1185.0,23.4,16.2,34.2,8.84446878,12.4,12.2,34.599999999999994,21.4,19.63054579,11.5,71.10590784,13.66647738,0.0034622692,0.0007912555,4.2368651263,8.5,4.5024242116,20.813195789999998,12.957469499999998,7.03703086,0.7949470000000001,56.77079860999999
80716,45.1,19.9,20.7,45.2,12.3,18.8,5.8,52362.0,11.3,13.5,25.4,4.8,717.0,26.3,17.6,31.9,9.45747801,18.099999999999998,18.4,35.0,24.5,19.41914273,16.0,58.05681818,23.440430054,0.0011045747,0.0004971229,4.4030418251,7.4,5.3522018717,5.04505175,6.81113014,0.89855288,0.70866533,85.24958423
10547,41.1,23.8,15.8,34.3,16.4,15.5,5.7,79120.0,3.7,7.2,15.9,1.3,1151.0,24.6,16.1,33.5,9.27051672,8.5,15.8,34.300000000000004,21.9,21.45256311,12.0,74.31226766,9.6774193548,0.0005387447,0.000184587,3.476926765,6.0,4.8758644053,9.30232558,4.5793301600000005,1.78683667,0.52976565,80.98231121
68353,49.9,17.1,25.8,29.7,19.8,17.4,4.9,66965.0,10.1,40.5,27.1,3.9,1009.0,24.1,14.7,31.3,7.22175021,14.399999999999999,13.5,31.6,20.0,20.96151408,14.6,72.46063815,12.843565374,0.0020254256,0.0006127719,4.6667469051,5.7,5.0970228215,4.85527544,4.904115490000001,1.13912232,0.7196724800000001,86.40091934
22747,46.4,18.1,22.0,42.3,9.9,19.9,6.0,56999.0,9.9,18.9,24.5,4.7,678.0,23.5,17.2,35.1,10.80887616,23.3,18.3,35.5,25.8,18.98087305,14.899999999999999,52.051835849999996,22.594567149,0.000701539,0.0002201286,4.8294125615,7.3,5.055634251,30.45556189,5.3404656500000005,0.73223133,0.9646161300000001,61.14350857
161011,41.5,21.8,18.3,32.4,17.3,14.0,5.1,62070.0,11.8,9.3,29.0,4.9,866.0,25.7,16.7,31.0,8.61594078,15.6,17.0,34.1,23.3,20.35877473,14.799999999999999,64.66079455,16.907592735,0.0027453005,0.0006368915,4.2779578324,7.9,4.9570396067,8.32154028,11.66327553,4.95551034,0.64988308,72.80937775000001
76754,47.6,19.5,24.8,28.3,24.7,12.9,2.8,84222.0,8.8,8.9,20.2,3.1,995.0,22.1,13.8,28.6,8.728448279999999,11.700000000000001,13.8,30.7,20.5,19.593237560000002,12.6,70.06010518,9.4352248394,0.0017886896,0.0009372312,5.2364624478,7.5,4.6824296086,10.80197001,13.43354896,2.81534843,1.37214545,70.86396158
28868,52.9,16.1,30.7,48.4,15.7,18.1,4.9,49254.0,16.2,29.1,18.7,4.3,819.0,25.4,15.7,30.0,7.71929825,24.5,18.2,31.5,24.4,20.12504373,17.299999999999997,55.25663041,23.804324088,0.0016689476,0.0004114239,4.1197899838,6.1,5.3066146459,1.59551387,3.9720951999999996,0.73099903,1.8024633700000001,89.86615041
13835,48.7,19.6,25.6,78.5,15.1,16.5,4.3,51188.0,6.6,13.2,35.6,10.2,814.0,23.5,16.7,35.8,11.28526646,24.6,17.7,39.4,26.0,17.876289749999998,16.7,47.07925482,23.887079262,0.0015837593,0.0007287567,4.9034722222,5.7,5.31729152,31.610395219999997,4.14656972,0.82787416,0.61190699,61.35627385
99527,41.4,22.1,18.7,65.0,12.3,16.2,6.4,50723.0,11.2,16.5,30.3,6.5,794.0,25.9,17.8,35.2,10.52899288,26.0,20.599999999999998,37.8,27.200000000000003,18.40914522,16.400000000000002,56.39306943,27.781511852,0.0016374361,0.0004384261,4.7998380981,8.1,5.2651831729,20.47091085,4.97050642,1.23202273,0.52180947,71.09333386
50827,41.8,20.6,20.1,44.3,9.7,17.5,5.8,43206.0,14.2,18.8,29.2,6.2,738.0,24.4,18.3,38.2,11.55828221,30.2,21.6,39.2,28.9,17.63912795,17.0,52.47772133,35.218298992,0.0016759442,0.0003992654,4.7790830235,6.5,5.7421578066,29.20532312,5.82390615,0.61052254,3.6850821,59.29251212
101098,38.5,21.7,19.8,27.5,15.1,15.4,5.1,61676.0,9.2,12.9,32.1,5.9,1056.0,24.3,16.7,33.3,9.086918350000001,25.1,17.4,36.1,24.5,18.9347758,14.7,66.6969147,24.099429091,0.0032620054,0.0007449788,4.3340113628,5.7,5.0542578143,19.77712885,7.7565411,3.0588626,0.7315096099999999,66.05951695
335207,31.7,24.9,12.5,32.5,17.4,16.7,7.9,55551.0,10.8,11.2,47.4,6.9,1098.0,25.0,18.4,41.1,10.17401862,22.0,15.7,39.6,24.5,17.7802333,16.3,70.97684116,24.21921355,0.0046553612,0.0007063915,4.3235955056,6.8,5.178083706,38.04462991,13.115510969999999,2.82162834,1.9692799399999998,39.97129243
28616,42.5,22.2,16.7,29.8,18.6,11.7,3.2,82793.0,11.2,31.5,12.5,1.7,1217.0,24.7,15.8,31.0,7.49879052,10.5,13.700000000000001,33.2,19.7,22.09515212,12.1,66.90869974,10.249402118,0.0008229671,0.0002697872,3.8926533353,6.0,4.9287528476,5.5708543,5.44107872,1.3009210900000001,0.8166365999999999,84.81309151
37160,48.1,18.4,23.0,24.4,28.0,10.6,5.1,79742.0,11.6,53.4,22.2,1.8,1259.0,24.1,14.2,27.0,6.23281393,13.3,11.200000000000001,29.5,17.599999999999998,24.297296290000002,12.3,70.68878197000001,11.695906433,0.0021516662,0.0005816105,4.1639159185,5.9,4.6391950382,2.43243243,7.347152980000001,1.0627132,0.7189714,86.98241931
169498,42.6,21.7,18.5,46.3,14.4,15.3,4.3,58473.0,10.9,9.7,27.4,4.2,822.0,25.6,17.5,32.5,10.00649245,21.2,17.4,34.5,23.1,20.20892005,15.299999999999999,59.99706113,19.727504967,0.0012642731,0.0002812989,4.236292195,8.3,5.1346100536,10.38362967,9.197730029999999,2.02283701,0.89643258,76.26026863999999
43030,45.2,20.9,21.4,26.9,17.4,18.1,4.6,69105.0,10.2,12.6,17.7,5.0,838.0,24.8,15.8,32.0,8.24891462,13.900000000000002,16.3,34.0,23.0,20.963880879999998,14.799999999999999,62.88317256,13.767629281,0.0010314133,0.0004134794,3.8535782456,8.3,4.9035827518,6.3588869699999995,8.399291459999999,0.9798426000000001,0.71526267,82.07134689
49312,40.6,23.7,19.1,48.2,11.4,17.2,5.4,49376.0,14.8,15.0,30.6,5.2,765.0,23.4,17.3,34.2,8.943089429999999,26.8,17.9,39.4,28.4,17.489361340000002,16.5,56.546348710000004,37.289871149,0.0007471729,0.000226734,4.4357003257,5.9,5.266134138,23.73788368,23.588449110000003,0.83198708,1.6377221300000002,50.33723748
325101,35.8,20.0,13.8,27.4,27.1,9.7,4.3,74927.0,11.4,6.9,44.6,7.0,1301.0,22.9,15.3,33.4,9.02982231,15.1,10.6,32.5,19.1,20.63567042,12.2,77.90254417,14.550124451,0.0077176068,0.0011958568,4.4889165347,7.3,4.6344712143,32.98683258,15.409092529999999,6.09334742,1.15526638,42.94996616
49067,41.6,22.7,20.1,71.0,13.0,16.0,8.6,46370.0,11.6,16.7,38.1,10.4,779.0,22.7,18.2,36.9,13.01502666,39.0,18.9,40.5,28.599999999999998,15.84353737,16.400000000000002,52.47568136,30.809448231,0.0007372215,0.0003928948,4.9976649154,6.7,5.5067104778,56.620658580000004,6.307339450000001,0.53038991,0.81708716,34.85624181
383739,38.4,22.7,16.4,40.4,21.4,12.3,5.6,61229.0,10.5,10.5,38.1,6.6,969.0,23.4,16.4,33.4,10.61685039,23.200000000000003,14.499999999999998,31.8,22.0,18.100917459999998,14.499999999999998,68.87166307,16.797730691,0.0038990026,0.0011387129,4.6186132687,8.1,4.9807551524,25.59802098,15.26362806,2.8168512199999998,1.0712077,54.03885259
69680,41.0,21.7,16.9,40.1,16.2,16.8,5.9,70493.0,9.8,11.1,22.8,3.2,971.0,24.5,16.8,36.7,9.13357401,15.0,16.2,38.0,23.7,19.36173192,12.6,62.404494379999996,16.26610012,0.0014025792,0.0001255178,4.1830806846,7.3,5.1425601644,24.31916469,11.60244672,1.00648044,1.07660939,60.6070051
228972,39.9,22.3,16.4,41.5,17.6,14.7,4.9,62628.0,10.2,8.3,33.0,5.4,1005.0,25.3,17.4,37.5,10.21001616,18.5,16.8,36.5,22.900000000000002,20.31107161,14.399999999999999,65.33080036,20.967741935,0.0030180154,0.0005241363,4.6921491406,8.4,5.1127905007,18.931723729999998,10.192124499999998,1.88836715,0.7035010700000001,66.39254432
8047,45.3,20.3,23.6,34.2,10.1,19.6,7.7,46010.0,17.7,39.7,20.1,6.4,580.0,25.4,16.8,32.6,8.305647839999999,23.3,18.7,34.0,23.7,20.96514231,16.8,50.93457944000001,37.197768134,0.000993542,0.0003729952,4.5561888912,5.9,5.5378281718,1.62692499,3.2414307000000004,0.69547938,8.296075510000001,84.74913065
61161,42.5,20.2,17.1,63.4,16.2,16.4,4.7,68079.0,10.6,11.7,23.5,4.1,937.0,23.4,17.0,36.0,10.135940849999999,15.8,16.7,37.5,23.9,18.73312017,13.200000000000001,61.28203438999999,17.636086145,0.0039554927,0.0005162456,4.8581583916,7.3,5.2278382627,29.80769231,11.448417800000001,0.91812452,1.1287625399999999,55.550553130000004
20407,40.0,19.1,16.5,40.1,8.1,20.5,5.5,50320.0,16.9,13.9,32.9,5.5,826.0,23.4,18.7,40.1,11.21883657,29.7,20.4,41.199999999999996,29.5,17.286612,17.0,44.78411054,25.27357999,0.0006332197,0.0001469364,4.0283889594,6.4,5.219913366,36.171456410000005,15.932781300000002,0.6380906000000001,2.16755967,45.42620555
539557,37.2,21.9,15.5,48.4,23.9,11.9,5.2,62880.0,9.2,8.8,40.5,6.3,1049.0,24.2,16.8,35.3,10.20506056,20.599999999999998,14.899999999999999,33.5,23.799999999999997,17.86090542,13.700000000000001,71.85733957,11.77823398,0.0035354068,0.0008075072,4.6303901437,6.4,5.3674821198,35.00107299,10.19830286,5.6881131,0.83238462,46.363113919999996
48772,43.6,21.3,21.2,71.8,10.0,20.1,9.3,41629.0,10.3,18.9,36.5,9.2,760.0,22.5,18.4,38.2,13.88140162,41.6,20.0,41.199999999999996,29.799999999999997,15.59656551,17.599999999999998,52.41373145,33.415233415,0.0017548311,0.0004764667,6.0637506414,6.7,5.4270881951,52.680874460000005,3.55194723,0.8774155400000001,4.08262506,37.70138272
134718,35.2,25.5,13.2,27.1,15.1,15.5,5.3,64992.0,10.8,10.1,31.6,4.3,1022.0,26.0,18.1,37.3,8.50623995,18.3,16.0,39.4,25.2,18.53704045,14.899999999999999,65.57749432,18.690705078,0.001109721,0.0002721269,4.3032535083,7.5,5.3754312945,20.62101967,15.56224687,1.48292655,1.78827654,58.351534169999994
62152,47.7,17.9,25.1,25.8,17.6,17.2,3.5,56596.0,11.2,24.5,25.2,4.3,954.0,26.4,15.9,30.2,9.19205298,17.299999999999997,14.299999999999999,31.5,20.7,20.335073880000003,15.299999999999999,64.9818982,17.332549941,0.0040654925,0.0006882643,4.404026698,5.8,5.133644327,1.37210373,5.06757293,0.7876891800000001,0.8702695,90.68589306
116469,47.7,18.6,26.1,16.2,21.2,14.8,3.5,65508.0,12.3,12.8,25.6,3.7,1032.0,23.8,14.9,32.3,8.431562889999999,15.5,15.0,33.900000000000006,20.7,20.92813268,14.6,65.14927118,17.736769135,0.0027509855,0.0008730709,4.195447207,6.3,5.0659525491,3.01434203,12.96737398,1.29833096,0.7808437500000001,80.39251866000001
21633,41.7,17.9,20.4,63.7,9.4,20.9,7.2,46196.0,10.8,15.3,34.6,9.0,846.0,22.6,18.2,41.3,11.354019749999999,32.0,20.7,43.4,30.599999999999998,15.9753656,15.6,52.74061286,17.196456488,0.0026731095,0.0006109597,4.8069800224,6.2,5.1778756073,57.27651262,6.2098391,1.3159923900000001,1.8506143,32.77643551
52612,33.5,27.1,11.0,29.2,13.7,18.1,6.4,57141.0,11.0,9.1,30.1,5.2,1036.0,24.7,19.0,39.9,9.506638259999999,24.3,16.6,35.6,26.6,18.308117539999998,15.7,64.79095771,24.485001807,0.0020387173,0.0002071017,5.0625721133,7.3,5.3386386412,34.31289718,15.78628366,1.9009660899999998,8.456084930000001,36.41222496
187839,40.8,22.5,16.3,21.9,22.5,11.8,4.6,73103.0,9.3,9.5,28.3,3.3,1105.0,24.4,15.9,30.4,8.83003836,11.899999999999999,14.499999999999998,33.5,22.2,20.24919231,12.8,68.19567365,13.388879524,0.0026187973,0.0006771962,4.2127203364,8.6,4.9461303016,12.0314456,9.57488358,2.81207751,0.61389014,73.33383406
42388,39.2,16.6,20.4,28.0,17.3,13.2,5.9,51482.0,15.1,34.2,37.9,4.8,804.0,27.2,18.3,32.3,9.1206544,21.3,16.1,32.4,22.2,20.02611314,17.0,54.736616240000004,11.375947996,0.0047561359,0.0007141212,4.7229921983,6.3,5.3085359661,2.22999955,7.98671871,1.19127743,8.78314713,79.22331404
219042,38.4,24.9,13.6,32.4,19.1,12.8,3.7,75288.0,11.2,6.9,23.4,4.1,970.0,24.3,16.9,35.3,8.37199028,14.099999999999998,15.9,36.199999999999996,24.099999999999998,19.01533495,12.7,65.89411686,15.405157639,0.001136575,0.0002693109,4.2844518749,6.6,4.9632170803,17.829761729999998,16.933727349999998,1.25973838,1.07292678,61.55442128000001
9263,47.9,18.5,23.2,53.2,11.8,20.5,4.8,53053.0,12.5,18.3,24.0,7.8,680.0,24.7,17.6,35.4,7.564296519999999,30.3,19.1,38.2,27.700000000000003,18.78482032,16.0,56.76899849,22.144522145,0.0004254867,0.0006482982,4.654438599,5.7,5.4619350134,27.36942878,5.40368046,0.6382299800000001,0.9786193000000001,63.53579405999999
63560,39.6,23.8,16.8,56.1,14.7,17.4,5.2,60941.0,13.7,9.5,34.7,4.0,923.0,24.4,17.5,38.4,9.86998718,22.900000000000002,17.2,38.4,26.700000000000003,18.43358412,16.3,63.7075718,23.295370507,0.0021771873,0.0005145156,4.3254835997,7.3,5.2467488841,17.77091815,21.78380232,1.59560984,1.38385601,56.20572928000001
55071,42.7,22.4,20.9,72.0,10.4,23.4,7.1,43063.0,10.8,15.1,41.2,8.6,792.0,24.2,18.5,39.8,12.0268757,32.0,19.2,40.400000000000006,28.499999999999996,16.28868246,18.099999999999998,54.331997050000005,31.676198856,0.0017670097,0.0005666654,5.0389372916,6.2,5.4385434276,40.61572092,9.17934238,0.7159122,0.7159122,47.64004008
87933,44.3,20.8,18.6,25.7,18.6,15.2,4.4,75672.0,8.5,7.4,21.4,3.4,928.0,25.1,16.2,33.5,8.25258398,13.200000000000001,16.400000000000002,33.2,23.1,21.10794081,13.600000000000001,63.81525914,18.70251315,0.0008675203,0.0004349281,4.6036408138,8.4,5.1119925265,5.98170891,8.37627384,1.08701333,0.5623203600000001,82.71857852
44629,44.3,19.6,20.6,36.5,12.4,19.1,5.5,53532.0,12.6,14.7,26.6,6.4,725.0,26.1,17.4,35.2,10.07319624,20.1,22.8,33.300000000000004,28.000000000000004,20.1306022,16.8,54.74824139,22.826086957,0.0021161428,0.0003354429,4.0766046365,6.2,5.3173284186,3.90038536,7.081282160000001,1.19172254,0.9177377299999999,85.96885929
37088,50.6,17.8,28.8,18.6,16.0,16.9,3.5,51042.0,15.5,35.4,26.2,6.4,818.0,25.4,15.8,30.4,9.850483729999999,20.5,15.7,31.3,22.8,20.384309249999998,16.7,65.16382345,23.699599877,0.0022388837,0.0005590459,4.8224413743,6.2,5.2443361035,1.41362074,10.20514423,1.03613454,0.9163803,85.57742372
21414,44.6,17.6,22.9,19.6,21.1,18.5,1.7,56664.0,9.0,23.8,23.2,4.5,760.0,25.8,16.3,30.7,7.813673929999999,20.0,18.4,31.900000000000002,23.1,20.87655703,15.8,55.267358339999994,17.17921527,0.0021294912,0.0005580876,4.8495917852,5.8,5.1480453767,1.5495446499999999,3.78777581,0.56182321,0.6433781900000001,92.23868425
21992,46.7,20.3,24.3,59.4,11.2,20.9,9.6,44799.0,8.2,16.0,33.4,9.3,758.0,23.8,17.5,37.1,12.68047709,30.8,19.7,38.5,28.4,17.21197754,17.0,60.1359966,27.416038382,0.0012122908,0.000413717,4.544252845,6.1,5.4295752408,40.80757215,4.49946379,0.68541055,0.69939852,52.231081270000004
1115403,35.4,23.0,11.6,29.4,31.0,8.1,4.5,79265.0,11.5,7.2,44.1,5.6,1413.0,22.7,15.7,38.7,9.62414579,14.2,12.9,34.1,18.9,20.82574503,11.799999999999999,77.24090822000001,16.695884131,0.0041780492,0.0009275793,4.4408691801,8.4,4.8969933249,30.994731460000004,15.944731509999999,6.69484687,0.9798049499999999,43.93018482
14989,47.4,18.2,25.1,7.5,13.8,18.6,6.3,55534.0,10.6,25.2,20.5,8.4,701.0,25.6,16.2,31.2,8.543263959999999,19.8,16.400000000000002,34.1,22.6,21.26986466,16.7,69.51754386,22.382094325,0.0012667511,0.0004678206,5.0520108001,5.2,5.2122087347,0.8000533400000001,5.79371958,0.69337956,1.01340089,91.01940129
25839,43.7,21.2,21.2,26.4,13.2,18.0,3.1,55523.0,13.9,36.3,28.3,4.4,710.0,24.5,17.1,34.5,9.68432317,21.2,17.1,37.5,25.5,18.711343590000002,16.0,47.45540828,20.331453955,0.0014567759,0.0002713389,4.4934880722,7.6,5.2484674717,16.72608779,15.90952655,1.85547249,1.3801035099999999,63.6036036
100759,43.0,21.5,24.1,11.7,23.6,14.3,4.6,77981.0,8.3,14.0,22.9,4.2,1084.0,23.5,14.7,31.4,7.830958470000001,12.6,12.6,32.1,18.0,20.5837623,13.100000000000001,75.39522504,15.018373542,0.0027315759,0.0011093487,4.218961234,7.5,4.8386606229,10.3668918,7.81586185,1.8279107199999998,1.24417669,77.05476248000001
95015,41.7,21.9,18.8,20.5,15.3,15.1,6.4,56770.0,11.6,12.8,35.1,6.9,879.0,22.8,17.2,36.0,11.014453959999999,21.3,18.099999999999998,42.1,27.200000000000003,17.890724390000003,14.2,54.18164071,22.081866834,0.0015535831,0.0005043288,4.4227362956,6.9,4.8815328153,41.351202990000004,8.35516981,1.2211163,1.1517229199999999,46.8415656
228134,40.2,18.0,18.5,27.7,28.3,12.0,4.8,67515.0,10.5,12.8,40.5,6.3,1249.0,25.0,16.3,30.9,8.785427760000001,15.5,12.5,32.4,18.2,22.752084,14.099999999999998,77.76429751,10.103734067,0.0059241706,0.000921325,4.7257904028,4.1,5.2947873968,11.753303299999999,7.91954851,1.5620551599999999,0.6891296699999999,76.30582955
17528,51.3,17.6,27.6,15.8,10.8,19.0,7.6,45698.0,11.2,29.9,28.2,8.1,764.0,21.9,16.5,38.1,12.426035500000001,31.8,18.2,40.300000000000004,27.3,16.34216128,14.7,62.784265520000005,27.541652499,0.0009572241,0.000116761,6.5976814337,6.3,5.245637274,54.807059530000004,2.70415794,0.44869877,0.76577924,39.79060724
203686,26.9,24.3,9.6,15.2,17.6,16.3,6.4,59976.0,10.3,16.0,41.1,3.8,1132.0,24.4,18.9,37.3,7.116382509999999,16.2,15.299999999999999,32.1,23.0,19.78470251,15.7,68.06345605,34.550919282,0.0028875494,0.0003104385,3.8325182577,5.7,5.323969533,13.747449410000002,14.24727157,2.23469178,1.0370841800000001,65.13366031
145919,36.2,19.2,15.4,14.3,27.6,8.3,3.9,85785.0,6.3,9.3,35.3,4.7,1316.0,24.4,15.3,29.0,8.2460249,8.200000000000001,10.2,26.3,16.3,19.33618362,12.3,85.07146792,3.8375858777,0.0082987001,0.001820209,5.7702391031,7.4,4.6963992421,11.31013238,10.516776649999999,8.13538167,0.71368821,67.38478085
12317,54.2,14.5,30.3,20.3,12.4,20.9,4.6,55867.0,9.3,28.8,18.4,4.8,830.0,23.0,15.0,32.1,8.98502496,25.4,17.2,36.6,24.099999999999998,19.44309578,15.1,58.64661654,18.250134192,0.0012074378,0.0003240441,5.5233270901,5.6,5.0264118486,16.87998068,5.27247847,0.7083635199999999,0.90155357,74.13668195999999
40454,39.0,21.6,17.6,41.7,17.2,15.1,5.8,61411.0,10.7,11.6,35.8,6.2,1039.0,23.7,17.1,35.4,9.70633694,23.200000000000003,16.1,36.0,23.9,19.173291,13.3,64.85637757,18.526591107,0.002630055,0.0005634355,4.0315650421,6.0,5.0788685982,34.85184828,6.18907441,1.42360776,0.7045652,54.475919309999995
61592,42.6,22.1,18.0,47.4,19.2,16.0,6.4,74538.0,9.3,23.2,17.7,3.1,1039.0,24.8,16.5,32.2,8.3956044,14.399999999999999,16.5,31.3,23.3,20.71073794,13.8,68.56903873,14.983611675,0.0016345354,0.0003343151,4.2204062155,5.7,5.0854484177,11.96567476,8.83670699,0.9296420099999999,1.04785394,75.85411772
13053,49.8,18.6,28.1,0.0,10.9,20.9,5.0,59401.0,10.7,19.4,23.4,4.0,1033.0,23.7,15.9,32.4,7.77917189,24.8,14.7,33.800000000000004,21.9,19.50796495,15.5,60.761099370000004,23.489932886,0.0006727966,0.0001523229,4.5936143342,5.8,5.2616904026,20.58010017,3.40136054,0.70269866,0.5158107200000001,73.05075877
39131,43.7,20.6,20.3,31.3,12.7,20.2,3.7,60688.0,8.4,12.2,22.4,5.2,777.0,24.8,17.3,36.4,11.35827435,19.2,20.1,40.5,27.3,19.76694805,15.7,62.88919414,24.724179184,0.0010821149,0.0003578092,5.1236256923,7.2,5.3044686054,25.78453331,6.517854900000001,0.45297833,1.01165161,64.47894909
171196,33.2,21.2,14.1,45.3,20.0,14.8,7.5,54915.0,10.1,10.7,48.8,9.2,911.0,25.2,18.2,34.8,11.58651497,23.200000000000003,13.600000000000001,37.3,23.7,18.231809469999998,15.6,72.80332815,14.296153342,0.004865263,0.0011384163,4.8976800034,5.7,4.8780648366,35.513565060000005,8.03739172,2.24247512,0.62700221,51.78764155
19538,54.2,15.7,31.7,16.7,21.4,18.1,4.3,60465.0,9.9,21.5,23.5,3.7,984.0,23.8,14.5,27.4,6.626506020000001,19.8,11.899999999999999,32.2,18.7,21.05226664,15.4,60.37067321000001,15.398550725,0.0022432702,0.0007631258,4.951221469,7.1,5.0653901047,4.00299103,5.80757727,1.10667996,0.74277168,87.11365902
144403,41.4,22.2,18.0,43.1,11.9,17.2,3.9,56423.0,12.9,10.2,26.2,3.7,813.0,26.5,17.9,34.7,9.14852576,20.599999999999998,19.5,32.5,27.6,19.52807491,16.1,53.539849090000004,20.414068025,0.0012545945,0.0004270796,4.1646270723,8.1,5.1854669308,6.80193682,14.25219385,1.70489224,1.25256005,74.96643112
43149,40.1,23.3,17.9,60.7,10.7,16.2,9.6,42354.0,10.3,16.0,34.8,10.7,720.0,25.9,19.1,36.4,12.1305577,31.0,19.2,39.800000000000004,27.800000000000004,17.653550889999998,18.2,55.19574674,37.304708258,0.0026462527,0.0002106544,5.4714789589,7.5,5.5499689837,31.126547589999998,8.04271808,1.188451,3.53227483,54.54588413
117573,36.8,24.9,15.7,55.7,9.5,17.0,6.4,39393.0,14.5,12.9,34.4,8.0,741.0,22.9,20.1,39.2,11.66772858,37.9,25.0,41.9,33.1,14.739042,20.4,46.12693653,36.29969419,0.0028799046,0.0005071866,5.8415841584,7.2,5.6807079612,22.853491249999998,11.14216334,0.75235377,41.629105779999996,23.09887956
91209,45.1,20.1,20.8,26.6,10.6,17.6,6.5,50737.0,10.0,11.2,28.7,7.0,743.0,25.2,17.8,37.0,9.75031606,18.6,18.4,37.8,25.7,18.29185793,17.0,55.09321545,21.592135917,0.0015564539,0.0003067955,5.1011446886,7.6,5.4477531103,18.50342636,7.30128191,0.75444778,0.64960332,70.75379926000001
147067,40.7,22.0,17.7,50.4,14.6,15.5,6.3,59717.0,10.8,10.8,29.3,5.9,925.0,24.7,17.5,30.8,9.98382459,20.7,16.8,33.900000000000006,24.9,19.19963962,15.6,58.75942539,21.023327254,0.0026044929,0.0003442457,4.4845364713,7.6,5.1291574916,16.35094058,12.15342112,1.19081372,0.7839853399999999,68.17903086
64680,44.9,20.2,21.7,56.5,13.0,21.2,6.0,50512.0,11.9,19.5,26.7,6.0,729.0,26.7,17.7,33.1,10.49966982,20.3,19.8,36.7,25.900000000000002,19.0867169,18.4,57.299875570000005,23.946288698,0.0019539896,0.0004490137,4.245745614,7.6,5.587727635,9.21886211,5.95050911,0.6900026,0.45338666000000005,81.67218771
59317,39.6,24.2,18.1,61.8,10.4,14.1,5.7,49963.0,15.8,16.7,26.8,5.1,752.0,24.5,18.1,34.5,9.68256783,26.0,19.7,38.5,30.9,17.45265353,16.5,54.81195897,33.531561224,0.0006375732,0.0004238006,4.8381684249,6.6,5.0463862008,24.00798644,22.43754299,0.7113974599999999,4.03348937,49.269307559999994
34222,39.0,22.7,18.0,45.4,9.1,16.7,10.8,41948.0,12.3,15.2,40.2,11.5,736.0,24.3,19.7,40.2,14.61107218,42.9,21.3,41.099999999999994,30.3,16.23615166,19.400000000000002,47.022303980000004,38.541811604,0.0022108448,0.000584334,5.3453589774,7.2,5.5959582881,38.992320219999996,4.31987433,0.9774261100000001,13.18652548,40.49627647
62723,41.4,21.5,18.9,40.7,13.2,17.1,4.3,60634.0,11.2,14.5,25.1,5.4,816.0,25.7,17.6,34.4,9.41731637,14.499999999999998,17.5,34.300000000000004,23.799999999999997,20.10920446,15.299999999999999,60.746534399999994,20.570821315,0.0022070351,0.0003783997,4.6686188193,8.1,5.1860467015,11.6774989,5.95595062,2.03808277,0.52968843,78.45324891
44696,47.4,18.5,21.9,15.3,10.5,19.8,5.3,57539.0,8.6,10.8,22.2,2.8,784.0,26.3,16.9,31.7,8.67513612,15.2,18.4,33.1,24.3,21.64160843,15.7,59.59704212,16.195767821,0.0007467276,0.0002693421,3.9122974611,7.5,5.4353713667,4.20144074,4.0982166399999995,0.46560661,0.48098040999999997,89.41403848
71429,43.8,21.0,20.6,37.8,12.2,19.0,4.9,52743.0,12.6,13.6,27.2,5.1,706.0,27.0,17.7,32.7,9.149460130000001,16.3,18.7,35.3,25.7,19.37938441,17.9,60.298044090000005,23.64243374,0.0014972993,0.0005621767,5.0837696335,7.6,5.5050723116,3.62710252,12.61509614,0.8102208200000001,0.7024712399999999,81.51605049
14130,41.6,22.6,19.2,54.5,12.5,17.9,7.5,52818.0,24.0,32.7,27.3,8.9,690.0,26.7,19.2,34.9,8.695652169999999,23.3,21.3,36.8,27.0,19.57306998,18.2,54.00492914,38.845331433,0.0041678643,0.0006366723,5.5041349192,6.1,5.9076732878,1.9977004900000002,6.0290313300000005,0.76171314,30.41103765,59.08306985
33131,52.4,15.5,31.0,54.8,23.8,14.9,4.0,62056.0,13.6,24.7,23.9,4.6,861.0,24.2,14.5,29.3,8.461978270000001,18.4,13.3,32.800000000000004,18.8,21.43137893,15.0,63.423888299999994,15.284609979,0.0033384005,0.0006633499,4.7631558877,5.8,4.9324396518,3.08205908,5.0791379800000005,0.6885451100000001,0.5275865200000001,88.47655668
240109,38.9,26.0,13.1,17.1,25.5,9.2,4.3,95533.0,8.8,5.3,17.5,2.7,1274.0,24.1,15.8,31.6,7.7663069,10.2,11.5,31.1,19.400000000000002,21.452547799999998,10.5,70.6696523,8.6805308095,0.00147396,0.000685415,4.1614049714,8.1,4.5022809281,12.00302591,13.57953925,5.22943865,0.7264517300000001,66.97159701999999
42492,40.7,23.7,18.7,84.0,12.2,18.3,7.0,48340.0,12.5,16.9,41.0,7.8,830.0,23.1,18.1,39.7,12.457649210000001,36.7,19.1,41.199999999999996,28.499999999999996,16.239207389999997,16.2,48.18431492,35.863302205,0.002978653,0.0003792817,4.6391398047,7.0,5.3585903471,50.05319023,9.84137491,0.9763362600000001,1.1299969300000001,37.363182900000005
1132103,37.0,23.4,12.2,21.3,33.8,8.8,4.2,96734.0,8.3,7.8,35.7,4.0,1412.0,23.1,14.7,31.5,7.7711662299999995,8.200000000000001,9.700000000000001,25.6,15.8,20.50718771,11.1,81.92495683,8.9600202335,0.0042964861,0.0008641945,4.4759623063,9.0,4.716502245,19.340992630000002,11.54472706,9.36119804,0.83602529,57.12083342
18803,48.6,18.0,26.3,77.4,11.4,22.0,9.9,42282.0,11.2,32.8,29.6,10.4,726.0,22.2,17.2,38.5,12.051282050000001,30.599999999999998,21.7,42.0,30.599999999999998,16.089939819999998,17.299999999999997,48.80322499,24.219433907,0.0011679762,5.32992e-05,4.9831872099,6.7,5.4519950902,48.11000212,4.80993842,0.61053302,5.85580803,39.12720323
11051,48.0,20.2,26.0,100.0,10.7,23.6,12.7,38927.0,8.7,19.2,31.4,18.2,755.0,23.4,17.7,37.7,11.8847539,35.8,20.1,41.0,30.0,16.29414217,17.7,52.93522267,35.159817352,0.0010267899,0.0004590525,5.520504934,5.6,5.403196235,47.400354709999995,4.4338654,0.49472603,0.9987865199999999,45.44945393
54540,32.1,12.1,16.2,18.6,24.1,11.1,9.3,50034.0,9.4,35.4,39.0,3.4,1067.0,28.5,19.0,29.9,7.68558952,12.3,14.299999999999999,33.7,20.599999999999998,21.10733274,15.299999999999999,76.35324967,2.8131793189,0.0052422006,0.0007928606,6.5434559499,6.0,5.1819977209,1.78454007,5.82852342,1.3607803,0.46759699,89.20873822
117480,37.5,23.4,16.6,41.4,13.9,15.6,5.0,54323.0,12.2,11.2,38.7,7.0,899.0,24.2,17.9,34.7,10.21005052,22.2,16.0,39.1,25.5,17.44593482,16.0,61.001348619999995,28.31724399,0.0028225739,0.0005135447,4.2570883315,6.8,5.4257169446,30.805655259999998,13.96205113,1.36494616,0.8981682799999999,51.0262373
66125,45.3,20.0,22.3,45.0,11.6,19.0,6.0,49119.0,11.7,14.2,27.0,5.7,712.0,26.8,17.5,32.7,9.97030123,20.7,18.8,35.199999999999996,25.3,19.97115126,17.5,56.122519530000005,29.513108614,0.002423765,0.0003799046,3.9927342409,7.1,5.5804779511,4.39307409,7.6091073,0.6256343400000001,0.45900050000000003,85.61646948
78667,40.9,22.8,18.9,49.9,13.0,14.8,6.6,49827.0,12.0,11.4,40.5,9.2,853.0,23.8,18.1,36.7,11.781076070000001,27.0,20.8,39.2,30.0,16.036854610000002,16.5,55.243722299999995,24.320069486,0.0021907053,0.0003955646,5.5804742554,6.8,5.287820705,38.76662024,12.67696594,1.2460428000000001,0.84335824,45.16778523
37280,44.5,20.6,20.6,39.6,10.7,15.6,5.2,57486.0,12.2,13.0,23.6,4.6,711.0,26.3,17.3,32.5,10.25349981,17.8,18.9,36.1,25.6,20.65296924,15.6,58.02528597,24.585557741,0.0009530365,0.0002419875,4.6435284747,7.9,5.3932726386,3.21649812,12.63832266,0.60888442,0.8921480400000001,82.06703023
18538,48.0,18.5,26.2,29.3,14.4,18.4,7.6,53103.0,10.1,30.2,21.6,4.2,757.0,26.1,16.6,30.9,8.943089429999999,22.0,15.0,32.300000000000004,22.2,20.84824701,16.7,58.847218729999994,25.547445255,0.0023761749,0.0005864477,5.2323002559,5.5,5.396577423,0.84486218,5.8242686699999995,0.4171507,0.81846024,91.36128419
10826,43.6,20.0,22.6,0.0,21.6,13.1,3.3,64447.0,6.2,14.1,25.5,5.6,773.0,20.0,13.5,30.3,7.43670886,11.200000000000001,15.4,37.8,21.8,23.80192365,9.0,71.70526316,10.534846029,0.0008390826,0.0009254118,5.079989133,6.0,4.6704490272,2.04176767,2.13499907,1.61290323,1.6968114900000002,91.05910871
5960,31.0,35.1,14.0,51.2,14.7,13.2,2.2,63220.0,8.0,27.4,28.3,9.2,563.0,21.5,17.3,39.9,8.71613663,28.299999999999997,26.700000000000003,42.1,32.1,20.39007377,14.899999999999999,57.27051178,67.590987868,0.0003481288,0.0001721467,6.7478215708,5.7,5.6931272535,0.53959965,1.96692776,0.55700609,52.77632724,43.23759791
6411,44.3,21.7,24.6,31.5,19.7,13.6,3.5,80113.0,8.0,34.3,19.2,2.2,670.0,19.2,13.0,33.1,6.6098081,11.600000000000001,19.6,39.300000000000004,27.1,25.39895524,7.9,67.01260193,11.527377522,0.0003150102,0.0004694836,4.2426657222,5.7,4.4563073481,0.67727201,2.67758702,0.7875255899999999,4.00063002,89.62041266
98443,37.7,23.3,17.0,19.6,26.4,11.3,2.7,82141.0,4.7,7.2,28.6,5.7,975.0,19.1,13.1,29.8,6.35133488,7.199999999999999,13.900000000000002,39.2,20.0,24.61237747,7.000000000000001,76.23110313,10.436432638,0.003349598,0.0011219714,4.1712444623,6.9,4.4284467774,2.1277446700000002,3.4135903699999997,1.03587569,4.78542575,86.72359317
186328,32.7,22.2,12.5,21.3,29.1,10.0,2.8,73249.0,5.9,7.5,47.7,6.0,909.0,23.8,13.9,31.1,7.27796053,8.0,15.299999999999999,34.1,21.7,22.73869943,7.8,81.51459193000001,8.8199302718,0.0034018802,0.0009862673,4.4057712106,6.4,4.4602386501,7.17755981,3.8026705799999996,3.17423941,1.65918049,82.15286053
72927,30.3,20.9,13.5,21.7,24.2,9.4,3.4,64698.0,5.7,8.4,48.9,5.7,941.0,23.0,15.3,32.6,7.9726289,9.4,16.7,37.4,25.3,23.42400644,8.6,79.35831622,8.9892690601,0.0038372669,0.0012241249,4.2765294407,6.7,4.5609201107,4.065577380000001,5.68713209,2.7782362299999996,2.91989877,82.4558508
14081,30.5,32.0,8.9,52.6,19.3,9.8,1.7,83813.0,15.7,30.0,43.5,2.5,1192.0,20.8,15.4,40.1,6.764705880000001,8.9,18.3,35.5,27.800000000000004,23.8569183,9.3,67.29012614,17.625231911,0.0002806624,0.0001447283,3.8052031407,3.5,4.7660650666,1.7330900900000001,13.02975021,1.22088128,8.25849004,73.96154926
9781,46.3,21.8,24.6,15.4,18.2,11.3,1.4,80556.0,4.8,27.5,17.1,3.3,766.0,19.8,12.9,30.4,5.02873563,10.100000000000001,16.2,36.4,22.5,24.66519592,6.9,74.70530452,8.1537565521,0.0004068348,0.0003062474,3.7365668581,5.5,4.5139567081,0.5390561399999999,2.29861676,0.5797396300000001,7.424735559999999,88.29332791
8366,44.0,22.7,21.2,15.2,15.1,13.5,2.7,82155.0,11.7,24.2,16.2,2.3,1039.0,19.9,13.7,31.5,6.72131148,8.200000000000001,16.8,36.3,23.200000000000003,24.67958822,7.8,75.72463768,8.8797814208,0.00084246,0.0008410429,4.3948717949,5.4,4.3756795873,0.61379227,2.82825851,0.7582139800000001,3.00878565,91.49115417
33192,36.7,23.4,16.5,20.3,21.0,8.1,2.0,79555.0,5.5,13.2,26.6,2.5,973.0,21.0,14.1,33.7,6.879525999999999,10.2,15.4,35.8,23.0,24.5388989,6.6000000000000005,71.73687487,18.059855521,0.0003245316,0.0003867781,3.7457691528,5.8,4.4808301535,1.51644785,4.65555392,0.56350494,4.4165806199999995,87.0482372
9648,34.7,28.4,12.4,26.3,15.1,13.9,3.5,81886.0,17.2,29.9,39.4,4.8,929.0,20.5,16.3,35.5,5.64726325,14.799999999999999,18.0,39.7,26.200000000000003,23.31685705,9.5,57.360793290000004,35.288507392,0.0006394543,0.0005221387,4.5435186907,5.0,4.9391674184,1.6092933999999999,8.87775765,1.00181179,30.42736865,57.46562933
11613,40.0,24.1,21.5,2.8,18.9,17.4,0.8,61490.0,10.3,13.8,37.9,8.0,663.0,20.5,14.3,31.1,7.19016083,15.1,15.7,36.0,22.900000000000002,25.754414930000003,11.799999999999999,67.44966443,26.993865031,0.0050597575,0.0009505703,5.1827593234,5.9,4.4102635197,0.8374771,3.0358544899999997,1.10791241,11.77702172,81.21783128
16548,37.3,21.8,19.0,28.2,19.0,12.1,2.5,67089.0,5.9,10.0,30.8,7.2,725.0,21.6,14.3,30.8,6.21600622,10.9,17.2,41.9,23.9,24.82121494,8.200000000000001,74.45652174,7.874015748,0.0003019688,0.0004830918,4.5492139552,6.1,4.296122082,1.16559971,3.74441358,0.6220558,3.11027902,90.01691025000001
12292,31.1,33.1,12.4,72.6,11.0,17.2,6.4,53806.0,26.4,21.1,33.9,8.5,482.0,22.0,19.2,39.9,9.14089347,24.9,29.2,45.4,33.800000000000004,22.42545069,16.3,54.892435809999995,48.645660586,0.0018758527,0.000498008,7.4189526185,5.9,5.6103579379,0.50306958,1.29604366,0.2728513,77.41302865,18.212824010000002
32989,34.3,27.3,13.3,34.1,18.9,10.2,2.9,78734.0,7.9,14.1,35.7,5.2,988.0,19.7,14.6,31.8,6.87933426,9.0,16.6,39.300000000000004,25.6,25.83105797,7.5,67.57251908,20.752671519,0.0016969183,0.000605217,4.4396639511,4.5,4.4803202849,2.43628981,7.536135269999999,1.63328384,2.2150843900000003,85.02469622
21609,40.3,20.2,19.9,33.5,18.0,18.0,4.7,59167.0,7.3,12.3,35.3,5.2,746.0,20.6,14.7,29.8,6.693174289999999,11.0,17.2,40.2,26.1,22.5118709,10.8,62.16057824,11.99563795,0.0043474196,0.0007879125,5.9829584498,5.8,4.5227190232,2.02879581,3.3143231099999997,0.8087135400000001,2.22513089,90.44502618
8004,40.6,22.3,19.6,20.8,22.1,11.3,2.0,81157.0,5.4,10.6,27.0,5.8,709.0,19.5,13.4,31.4,5.85284281,7.1,15.6,38.2,22.400000000000002,24.62593607,6.5,70.26726058,6.4274236743,0.0001264542,0.0003748594,3.6238346372,6.2,4.2287745894,1.1760242799999998,4.08447142,0.7334345,1.7703591300000001,90.42741528
10553,44.6,23.2,21.6,52.0,12.5,13.5,2.3,68082.0,7.5,14.4,21.8,4.8,695.0,19.4,13.4,35.0,7.4821852699999996,11.899999999999999,19.1,38.5,30.4,23.1325541,8.4,62.45954693,11.44278607,0.0002911208,0.0003820804,3.9282003888,6.5,4.5826074195,0.66957787,13.0713246,1.1062591,2.4648229,81.83406114
69532,33.0,23.9,13.3,20.0,20.3,12.2,3.7,78143.0,6.1,12.2,38.8,4.3,1005.0,20.5,14.4,39.1,6.13021612,9.4,16.6,37.4,26.8,24.33001033,8.0,70.33365110000001,18.07795213,0.0030293274,0.0007818042,3.8638929766,4.6,4.6002713145,4.42106187,7.4240473,1.71076509,2.8259088,80.94157935
39076,31.9,29.5,9.6,11.7,18.1,10.4,2.5,86139.0,12.4,22.7,46.3,6.5,1097.0,21.2,16.0,37.1,6.02167804,8.6,17.4,37.7,28.1,26.084288100000002,7.5,55.89036947,26.640419948,0.0014061821,0.000441742,4.3933809215,5.2,4.2714665561,5.03157518,10.29069619,1.22465676,4.30036049,76.28921331000001
27509,42.2,23.9,18.2,61.9,8.1,23.0,5.8,46234.0,8.5,20.0,28.5,7.8,667.0,26.6,19.8,39.6,8.31202046,25.8,24.0,45.2,30.3,19.96572765,19.7,51.3597134,32.49918752,0.0023618328,0.0004356982,5.4631774928,7.9,6.6733439595,0.58137422,1.0137713,0.4251299,0.63224447,95.82137277
102087,39.8,23.4,18.4,43.8,11.9,16.1,6.1,58976.0,6.2,8.9,32.5,7.5,844.0,27.2,18.3,40.1,9.83740788,18.6,22.5,47.099999999999994,30.599999999999998,19.568217360000002,14.299999999999999,58.938045869999996,25.816879259,0.0031139055,0.000649159,4.1894491297,5.4,6.0412849978,11.83978262,3.74561177,0.9728475400000001,0.33915786,79.93811857
52522,41.5,22.4,19.6,27.0,14.3,14.6,3.7,62254.0,8.2,9.0,22.1,6.9,815.0,26.0,18.0,33.7,6.20723363,18.9,21.7,40.5,28.999999999999996,19.6669275,14.000000000000002,51.04472602,12.99286519,0.0025675417,0.0004396361,3.6729450369,7.6,6.1849295161,0.98103085,1.85667752,0.78367503,0.33148113,94.74803602
97666,42.6,21.8,19.6,56.8,10.3,17.2,7.6,53663.0,10.0,16.7,26.6,8.5,811.0,27.7,19.5,37.2,7.859848480000001,27.900000000000002,21.9,43.1,27.400000000000002,19.41628413,16.900000000000002,46.4381337,21.583827329,0.0023852548,0.0002876604,4.30409666,7.5,6.5858181237,3.7276059700000004,5.09990191,0.51319118,0.38721669000000003,88.00144560999999
61276,32.2,14.9,14.3,35.6,15.6,17.3,5.7,48750.0,6.0,14.5,39.3,6.7,907.0,30.5,20.9,36.5,8.18345324,21.2,17.7,38.3,23.599999999999998,19.8057798,18.3,71.72917263000001,7.8902229846,0.0066500813,0.0006284646,5.6179969497,6.1,6.7192773939,2.79399101,2.28845724,2.9438969200000003,0.38114375,89.31362229999999
46263,40.7,23.7,18.8,16.4,12.6,12.2,2.9,75231.0,4.2,5.5,22.7,3.6,815.0,24.8,17.2,37.3,6.481979559999999,10.2,18.5,42.6,23.0,21.287747000000003,11.600000000000001,67.22336257,16.308752026,0.0006948969,0.0003467632,3.6344047455,7.7,5.6743674987,0.69489685,1.93485342,0.55374593,0.29967427,95.17698154
66554,44.1,18.7,21.1,35.0,11.2,16.1,6.0,56943.0,6.5,17.9,25.5,6.9,754.0,26.0,18.1,39.0,8.5056391,21.0,23.200000000000003,43.0,31.2,20.65178757,15.9,53.6364201,21.59220574,0.002572476,0.0002733527,4.3454273209,7.7,6.5507808784,4.53187098,1.3755815,0.53452047,0.25262639,91.47231893
43715,41.9,22.8,18.5,43.7,9.5,17.0,4.4,66677.0,6.5,12.5,25.4,5.9,785.0,27.3,18.9,40.3,8.214709370000001,22.5,22.6,42.6,30.2,21.11673799,16.6,49.39817511,23.24051743,0.0051168422,0.0002519353,5.0758988558,8.6,6.0532073595,0.9594079099999999,1.2563675,0.38833177,0.33122416,95.84713434
388327,37.2,23.3,15.4,30.3,20.5,12.1,5.1,77062.0,6.3,6.2,30.5,4.9,1048.0,25.7,17.8,37.5,7.95264487,13.3,19.1,36.5,24.9,20.256316169999998,12.9,63.56934809,14.760112257,0.0029080788,0.0005202007,4.5230960192,10.4,6.2175399463,9.69995649,6.99999746,5.02616762,0.36688098,75.46222678
26761,45.9,20.5,21.8,20.6,8.4,17.6,3.9,59872.0,10.5,15.3,23.4,7.0,756.0,25.5,18.3,40.4,7.70528684,18.7,24.6,40.699999999999996,29.4,20.057060970000002,15.1,46.21687587,18.515189646,0.00056058,0.0002622607,4.0665914221,8.2,6.5095884835,0.7848120199999999,1.36034083,0.36624561,0.38493161,95.55273189
38715,41.7,22.1,18.8,20.3,12.3,13.8,4.5,70486.0,4.9,7.5,23.7,4.9,856.0,25.5,17.7,41.4,7.985989490000001,12.3,19.0,39.7,25.2,20.966941289999998,13.200000000000001,55.46985334,20.889885519,0.0011069636,0.0001550428,3.554150804,8.0,6.1267020595,2.09293345,1.8303514,0.46080577,0.47367744,92.79186510000001
135877,41.4,22.4,19.9,56.6,11.6,17.2,6.8,58954.0,6.9,9.2,31.5,7.1,820.0,26.7,18.8,38.8,9.51121649,21.4,21.8,41.8,28.999999999999996,18.75965731,15.9,57.55313037999999,28.632924602,0.0021395142,0.0004497431,4.3525750278,7.8,6.6523352328,9.11670753,4.3258301800000005,0.7867171799999999,0.41378798,82.23906099
208851,40.5,22.5,17.4,26.6,19.1,14.5,4.1,79573.0,5.6,4.6,26.2,4.8,984.0,25.7,17.2,37.5,7.72134084,11.3,19.2,40.1,25.6,23.25920759,13.0,67.3222504,15.451360694,0.0014152813,0.000658265,4.359322408,9.6,6.228550617,2.04460967,2.6173268199999997,1.53841073,0.22550147999999998,91.90459117
42077,40.5,22.8,17.7,31.0,12.8,16.2,4.7,64210.0,5.7,8.6,29.3,4.0,837.0,26.2,18.4,41.2,8.126680610000001,15.9,22.6,41.6,29.299999999999997,19.65426639,15.8,58.319570600000006,21.505376344,0.0034097954,0.0006189887,4.3068129041,8.7,6.6138842371,2.0721064399999998,2.35824312,0.7320329999999999,0.43397396,92.20515999999999
101723,44.5,20.2,20.9,35.5,11.0,17.3,4.9,55473.0,7.4,10.6,26.8,7.2,696.0,25.1,17.9,41.4,8.0474934,20.3,23.3,47.0,28.499999999999996,19.65364105,15.8,52.270455829999996,20.455139942,0.0016669661,0.0002961208,4.6233401751,8.5,6.3921611519,2.379669,2.01633028,0.36234054,0.27350222999999996,93.32814278000001
36629,40.6,23.7,19.5,22.7,10.7,16.8,6.1,52048.0,10.3,9.8,28.3,9.7,694.0,27.7,18.9,38.6,6.834075019999999,21.5,21.5,40.5,27.400000000000002,18.99799668,17.8,49.05349794,20.058062813,0.0010849223,0.0003550167,4.6345227475,7.8,6.6039537472,1.09848382,1.34259134,0.46922889,0.3336136,95.14226044
41861,42.9,21.9,20.6,41.9,9.4,16.4,5.5,52486.0,6.7,8.6,30.6,5.5,746.0,26.9,18.6,40.0,8.85995554,17.299999999999997,23.599999999999998,44.0,29.299999999999997,19.5235507,16.1,54.08184901999999,27.662353081,0.001420694,0.000359247,4.1419381693,7.4,6.19467207,1.17989838,1.96248405,0.79462544,0.29377062,94.48096511
1256620,40.4,20.5,18.7,45.4,20.3,15.1,7.2,60074.0,5.5,10.3,41.6,12.3,952.0,23.9,16.1,37.7,10.66407371,23.0,17.7,37.8,22.7,20.951953749999998,15.1,70.30079618,18.242511084,0.0051034476,0.0011125456,5.4166529673,10.8,6.0050751884,29.41566214,7.166560700000001,3.5535176699999997,0.28132623,57.427693729999994
51751,41.7,23.6,20.0,30.5,10.9,13.5,2.6,60237.0,6.9,7.0,28.2,5.0,731.0,26.6,18.3,33.7,5.63245823,11.3,21.5,40.1,26.700000000000003,21.86527947,14.000000000000002,53.62042021,18.879631271,0.0009724788,0.0004651433,4.0790404483,8.5,6.1008904355,0.8480015599999999,1.96246232,0.5737625199999999,0.27034912,95.00729359
38300,40.8,22.7,19.0,15.4,12.1,13.9,4.9,69302.0,6.9,7.9,22.6,5.1,808.0,25.0,17.2,37.5,7.22642808,12.9,18.4,42.199999999999996,25.4,21.18564129,13.4,61.400878230000004,17.356778219,0.0022967506,0.0005505453,3.6778956676,7.8,6.0154271386,1.7904215099999998,11.25929793,0.56113794,0.59245726,84.89103484
216074,39.8,25.4,14.4,14.6,34.8,8.2,3.0,123995.0,4.4,4.5,21.1,2.6,1338.0,21.0,13.5,32.2,6.70615468,5.5,12.3,32.2,17.7,20.72906001,9.3,84.13148097999999,3.4647438899,0.0015930166,0.0014768506,3.9470851712,8.2,5.0513295485,4.67069022,3.5024780300000002,9.55809978,0.24305376,79.94525894
75299,44.8,20.0,22.5,44.9,17.4,15.2,6.1,65171.0,5.5,16.2,28.6,5.9,884.0,24.5,16.8,35.2,8.24408972,18.6,15.6,36.7,24.2,22.94803688,14.299999999999999,62.176414189999996,17.81011781,0.0028229891,0.0007748624,4.6147626033,7.7,5.9247396825,8.66887283,4.71263592,0.8212331999999999,0.35658809999999996,82.2367799
159371,39.5,23.8,16.2,28.5,20.4,14.2,3.7,82969.0,6.0,6.4,25.1,4.0,1042.0,25.3,16.6,40.3,7.637715439999999,11.1,21.099999999999998,39.0,27.800000000000004,21.66736277,12.2,66.56015221,12.582133371,0.0020258829,0.0005587841,4.0252973871,8.3,5.8934235542,10.52189163,2.86707789,3.2389937100000004,0.27515723,80.75411224
28901,41.2,23.4,17.7,57.0,8.6,19.6,4.3,56773.0,7.9,8.4,35.5,6.6,772.0,26.8,19.2,39.5,7.6173605,18.4,23.400000000000002,40.6,30.2,18.04604144,17.299999999999997,48.48749273,27.435982707,0.0016656835,0.000311354,4.4818735218,8.2,6.3400123801,2.34236735,2.51934622,1.31866607,0.30884546999999996,91.24128119
1318149,34.6,23.1,12.5,31.5,25.6,11.5,4.7,71070.0,8.0,6.9,46.5,7.1,1169.0,25.8,18.1,36.6,9.22933052,19.8,14.6,36.1,23.3,19.92367234,13.5,71.55905587,16.652641229,0.0046415593,0.0010155788,4.4824297804,8.2,5.8015204572,24.41068034,7.53290002,5.90062463,0.37298379,58.66719756
42602,41.4,23.3,18.5,41.6,11.6,14.6,3.5,71453.0,5.7,4.7,18.3,2.5,807.0,24.7,17.1,36.7,7.15178014,11.0,21.2,42.4,29.099999999999998,20.69019107,12.8,61.55006031,16.148656122,0.0015711667,0.000376914,3.7976815337,8.0,6.1968619476,0.7665389100000001,9.42461971,0.5737139,0.49515557,87.65443855000001
29276,40.2,23.3,19.2,19.4,10.3,19.1,4.1,55533.0,11.0,16.0,24.1,9.1,803.0,28.3,19.6,38.2,9.4047619,23.7,21.9,40.1,30.9,18.050463089999997,17.2,56.308654849999996,28.844621514,0.005174912,0.0007545099,4.9523809524,7.9,5.9991368441,2.12861381,1.15918029,0.70033809,0.48989167000000006,93.41406196000001
95455,44.6,22.4,21.3,9.9,24.9,9.9,3.1,97162.0,8.1,5.7,12.9,8.9,1009.0,23.3,15.2,33.9,6.56991261,6.4,17.8,36.3,20.7,23.22138807,10.6,66.27869728,4.6963341237,0.0027042041,0.0006906294,4.082290109,8.4,5.7792659609,1.31646525,2.05016403,0.73474693,0.15931745,94.75824625
167567,38.6,20.6,17.8,29.8,21.1,13.6,4.6,81243.0,5.2,6.5,33.0,4.5,1027.0,24.2,16.3,37.0,7.340292280000001,10.7,15.2,39.2,22.0,20.213457169999998,13.200000000000001,78.54570961,10.262284352,0.003747989,0.0008966107,4.5662427937,9.3,5.961127451,7.090535150000001,3.3967623500000004,3.2134880499999996,0.31940409,82.88713014
38409,42.6,22.1,19.8,56.5,9.7,17.5,4.6,53901.0,9.7,15.1,27.4,6.9,801.0,27.3,19.1,40.1,7.42459397,21.6,24.4,41.5,30.3,20.16627138,17.1,49.97791519,26.859504132,0.0026516842,0.0003656594,4.297032918,7.7,6.4774664408,1.5910105300000001,1.4124812900000001,0.45157395,0.40169078,94.04289952
827671,36.8,22.8,16.0,41.5,24.2,12.2,5.0,68249.0,5.6,8.2,40.8,10.4,961.0,25.4,17.3,38.8,9.80884077,16.900000000000002,18.4,38.6,26.5,24.85380434,13.3,72.55807849,19.838295138,0.0049706308,0.0010966678,5.3742378327,10.8,6.209478308,26.15548124,4.87474881,2.91890049,0.3130373,63.24622941
75072,39.4,21.9,17.9,10.0,18.0,12.8,3.7,67006.0,4.8,7.1,31.1,4.9,877.0,25.1,17.4,37.4,8.00267872,10.8,16.7,37.0,23.200000000000003,20.50090117,13.3,67.9394198,14.971252917,0.0023158064,0.0005223961,4.2688467938,7.2,6.1982258128,2.08958021,6.15094239,2.08690298,0.40158492,87.55086742
30622,35.6,23.0,16.0,15.3,11.5,13.1,4.7,55876.0,12.4,9.9,25.6,8.2,755.0,27.1,19.9,40.3,7.978311389999999,17.9,26.400000000000002,45.300000000000004,31.6,19.74224567,16.3,47.25189658,17.013655697,0.0006915174,0.0002939159,4.2438997702,7.0,6.5975579988,1.0899631200000002,2.53227081,0.9253161200000001,0.33258693,93.20337197
14528,46.1,20.8,22.5,31.1,7.5,17.1,4.5,54056.0,12.9,21.7,22.2,7.3,682.0,26.8,18.7,39.0,5.46296296,19.7,21.4,41.4,28.000000000000004,20.46054011,16.400000000000002,46.97627798,20.715001671,0.0004237587,0.0002072253,4.412725023,7.7,6.3201660302,1.9492901999999999,1.23596299,0.34606963999999996,0.26131789,94.21569319999999
27601,41.8,23.3,19.0,33.1,12.4,12.9,4.5,71616.0,5.4,7.2,20.9,3.7,846.0,24.8,17.2,38.3,7.45920746,10.8,20.1,42.8,27.900000000000002,21.3746725,13.3,61.75157765,13.675502279,0.0013444767,0.0002905077,3.4999863652,7.6,6.0665828239,0.86119186,8.36119186,0.58866279,0.58139535,88.75726743999999
43285,40.8,23.8,18.4,43.4,9.9,17.5,4.4,60522.0,9.1,12.2,27.2,8.8,736.0,27.4,19.2,41.5,6.86008677,18.0,24.6,43.1,31.7,19.723810880000002,16.5,53.21759952,24.316109422,0.0024074838,0.0002767911,4.4373577189,8.3,6.8787942861,1.43531893,1.28169854,0.43563993,0.39207594,94.66455725
28104,42.6,21.6,19.1,38.8,10.6,17.8,4.7,59007.0,7.0,13.4,21.1,4.1,773.0,27.1,19.3,43.7,7.422266800000001,21.5,25.0,42.699999999999996,31.0,19.55163345,16.6,55.609224059999995,23.995915589,0.002432825,0.0004270919,4.2518719718,7.6,6.6942532546,0.77342048,0.9985475699999999,0.46840959,0.44299201,95.90777052
44273,32.2,30.3,14.0,10.0,7.4,7.8,2.0,72987.0,41.8,8.3,22.0,31.3,749.0,29.3,21.5,38.0,4.20182841,10.100000000000001,26.8,42.699999999999996,32.7,20.22803586,11.5,22.07211493,8.08,0.0002027666,0.0002032934,3.5662377373,8.1,6.5620383963,0.36948587,1.07691614,0.27486144,0.11940702,97.46541702
58518,40.1,23.8,17.9,49.9,10.4,15.4,4.4,64144.0,6.9,9.5,26.6,4.5,805.0,25.7,18.0,38.1,7.4018451,20.0,18.5,41.9,23.400000000000002,20.31568336,14.899999999999999,55.06861125,16.768759571,0.0017182426,0.000548255,3.9452225021,7.5,6.1314179294,1.15465901,7.42108971,0.47423494999999993,0.34364852,89.04104882
32563,40.1,23.5,17.6,49.4,10.8,21.6,5.9,56549.0,7.3,13.8,25.6,7.0,744.0,28.9,20.0,40.9,7.84530387,22.400000000000002,21.9,43.7,30.2,19.1664272,18.2,43.676414740000006,32.547864507,0.0033122738,0.0004306235,4.6372329428,7.8,6.6128130906,0.7697969699999999,1.03661903,0.53057719,0.43550267000000004,95.47629271
65280,44.3,19.3,21.9,30.9,12.4,17.3,5.5,53124.0,4.9,13.7,28.9,8.6,760.0,27.8,18.7,41.9,8.666666670000001,22.0,20.9,40.1,26.1,19.679907150000002,17.5,63.525404480000006,18.40867253,0.0031705869,0.000385868,4.8184863578,8.2,6.5285393269,5.33845625,1.9554556,0.56227158,0.25614594,89.29497392
62657,39.4,22.8,18.5,26.0,15.2,13.8,3.3,71246.0,10.4,10.6,27.0,6.0,878.0,25.7,17.7,32.8,6.52131212,14.099999999999998,18.5,35.8,26.200000000000003,19.15756917,14.499999999999998,57.709313939999994,14.701523505,0.0022109918,0.0003974752,3.7845811541,7.7,6.3823574335,1.01389766,2.1004422,0.6490840200000001,0.30953885,94.50726469
232236,43.9,19.6,20.7,23.4,19.7,13.5,4.4,76835.0,5.2,5.8,25.3,4.4,1027.0,24.6,16.2,38.9,7.50303357,15.1,16.900000000000002,40.9,24.7,19.76207932,12.6,69.9577785,8.9318620331,0.003160076,0.0004137521,3.9667720626,6.2,6.1096451619,5.496891730000001,5.44854084,1.5908306,0.22016923,85.53790364
57994,41.9,21.8,18.7,65.1,11.1,23.2,3.8,51846.0,4.9,15.5,27.1,5.5,806.0,27.4,19.6,41.9,9.944367179999999,20.9,24.4,44.9,33.5,17.817090460000003,18.5,53.10779484,25.278233112,0.0081079155,0.0004700148,4.6529619603,8.3,6.6996045498,2.18290032,1.15827364,0.49003885,0.28689547000000004,94.12487972
178844,40.2,22.9,16.9,34.1,19.9,15.2,3.3,78505.0,5.3,7.5,26.5,5.2,960.0,25.8,17.1,37.5,7.52429013,11.899999999999999,19.900000000000002,36.0,24.7,21.2347173,13.200000000000001,67.2555205,14.114343424,0.0016539211,0.0003713948,4.2329297147,8.3,5.918582922,4.66809679,2.52127445,4.40117685,0.36462683,85.69276368999999
46098,41.8,22.9,18.7,37.9,12.3,13.5,3.5,69125.0,5.1,19.2,23.4,5.4,802.0,25.4,17.9,36.9,6.9143167000000005,14.499999999999998,21.2,38.7,28.599999999999998,19.43350101,13.4,54.501416690000006,23.885844277,0.0011724602,0.0003910068,3.8453837597,7.5,6.0679094582,1.94541546,2.35794776,0.9813926199999999,0.37562151,92.12280435
313101,41.9,21.7,19.0,51.7,17.1,14.1,4.4,67272.0,5.6,7.5,27.1,5.7,886.0,25.2,17.4,38.9,8.91396206,14.899999999999999,19.400000000000002,39.6,28.1,20.88284396,14.7,65.46084434000001,16.215179415,0.0022396276,0.0005164847,4.6711663067,6.8,6.2692283916,7.80629738,11.18775754,1.5963637499999999,0.38910383,76.47258658
430014,38.1,22.8,16.7,48.8,17.5,15.3,6.8,57265.0,5.9,9.5,38.5,8.6,879.0,26.2,18.3,40.9,10.035631120000001,24.2,19.8,42.4,27.200000000000003,19.17019034,15.8,65.4514621,23.605263995,0.0047357832,0.000864417,5.060996921,9.4,6.5532854462,19.95609706,7.97397787,1.7939569999999998,0.42492785,66.87819048
43961,41.4,20.1,15.8,32.0,14.0,15.0,3.4,77062.0,6.8,6.1,24.1,3.0,899.0,24.7,17.6,39.0,6.6902541,11.799999999999999,22.3,41.699999999999996,26.900000000000002,20.5672341,13.0,52.810819620000004,16.638120871,0.0012555491,0.0003154148,3.6822605646,8.2,6.2084345326,6.336038739999999,3.3182368499999995,1.59185687,0.42150575999999995,86.57010896
227979,43.3,20.2,21.6,39.5,16.7,16.2,7.2,54279.0,5.0,9.7,30.2,8.1,753.0,24.5,17.6,40.9,10.80347448,27.700000000000003,21.6,39.7,27.900000000000002,18.974365770000002,16.1,61.26846942,20.848087819,0.0047385592,0.001027509,4.9971335333,7.9,6.2337969855,14.5374918,7.059522329999999,0.99381195,0.29433146,74.92863349
65366,40.7,21.1,18.2,44.5,9.1,18.3,5.7,55106.0,5.6,11.3,32.8,7.6,837.0,27.3,18.7,42.9,8.036602349999999,20.3,23.200000000000003,45.2,27.900000000000002,19.726122439999997,16.8,46.84065934,38.678688801,0.0026522336,0.0002756888,4.3312840193,7.5,6.4807896203,6.504140260000001,3.33842192,0.62296649,0.35003315,86.99788747
182347,42.7,21.7,18.8,11.1,23.5,11.6,3.0,89968.0,3.7,4.0,20.2,3.5,1053.0,23.9,15.8,35.1,6.06633442,8.7,16.1,36.0,22.3,23.13231504,11.4,73.54503518,5.1726800144,0.0019071734,0.0006226378,3.8665104843,6.5,5.6842379117,1.6539702900000002,2.80642462,1.4578194100000001,0.21136480000000002,92.47074037
22242,43.2,21.9,20.2,59.6,8.0,22.6,6.4,46255.0,8.2,17.3,25.0,6.6,689.0,27.7,20.3,40.3,8.90365449,29.5,25.1,48.699999999999996,31.1,19.81018184,19.400000000000002,42.652614830000005,25.896001657,0.0013782331,0.0001360606,4.7609543356,7.8,6.9915166672,0.9096338500000001,1.0796159300000001,0.33077595000000004,0.36752883000000003,96.08122387
42321,39.4,25.7,18.5,22.4,13.7,11.0,2.0,73278.0,4.3,10.5,21.2,4.4,749.0,24.9,17.1,37.4,5.6189836600000005,8.200000000000001,19.6,37.8,25.2,22.45600051,11.0,70.98922004,12.245352332,0.0010839087,0.0004963483,3.8150708607,8.0,5.4875361989,0.4877589,2.19373689,0.6079313799999999,0.31339098,94.23878979
108818,41.1,22.9,19.0,32.9,15.3,11.9,3.4,71440.0,5.0,5.6,26.6,4.7,906.0,25.3,16.9,36.6,6.71936759,11.4,16.400000000000002,39.800000000000004,21.2,20.56109607,12.4,61.48348755000001,18.451664661,0.0014520726,0.0004484551,3.9158349301,8.8,5.6863368592,2.8554421199999998,2.1979508599999997,1.9490241400000001,0.21916375,90.53356903000001
13401,46.1,20.5,23.2,66.9,7.1,19.4,5.5,55381.0,7.1,22.2,19.9,9.0,668.0,26.6,18.5,36.8,6.70454545,22.1,24.3,43.0,29.4,20.44289972,17.1,49.20913884,19.638648861,0.0003041131,0.0001500488,4.2202866925,7.3,6.3899729933,0.9731620200000001,0.62343192,0.27370182,0.16726222,96.3126283
536121,39.0,22.0,18.2,53.7,17.9,15.1,5.9,61942.0,6.9,9.5,37.7,9.0,925.0,25.9,18.0,39.5,9.29587078,21.5,19.900000000000002,41.5,29.4,19.38678435,14.6,68.82313801,21.996660056,0.0040240092,0.0009480442,4.6566924428,10.3,6.2084300953,21.6485324,4.30595209,2.51519307,0.28849973,68.26952619
13851,44.6,20.8,21.8,60.7,7.4,21.2,4.9,51056.0,7.2,22.5,24.4,5.7,689.0,26.5,18.5,39.2,5.4192229,22.0,19.3,41.8,26.400000000000002,19.76961333,17.5,53.697009529999995,22.784810127,0.0019786018,7.30887e-05,4.7687282835,7.5,6.7476267769,2.82866774,1.24578631,0.2271728,0.36640774,91.30148029
35049,42.7,22.2,18.3,40.3,11.8,16.4,2.6,70412.0,10.0,8.9,18.3,4.5,895.0,25.4,18.1,36.6,6.60237389,13.100000000000001,23.799999999999997,42.6,30.0,20.209737859999997,13.8,49.43641264,17.701385326,0.0008709088,0.0001991408,3.2767118329,7.5,6.024122417,0.89900267,2.01713724,0.48321392999999996,0.25846327,94.74083438999999
86393,40.5,22.5,17.9,51.0,11.9,16.1,4.6,56810.0,6.1,9.8,31.1,6.9,776.0,27.8,18.9,40.6,8.19884726,24.2,19.6,41.199999999999996,27.3,20.139086419999998,16.1,54.55160091,26.315789474,0.0022710156,0.0005323581,4.8381878362,7.8,6.2497785092,3.80742715,1.3741961599999999,0.51908928,0.31979607,90.82208447
14216,51.9,18.8,28.4,21.0,8.6,21.8,4.5,51547.0,8.1,21.5,20.3,10.2,716.0,23.4,16.3,38.1,6.666666670000001,15.2,25.4,44.800000000000004,30.5,20.74579494,18.0,40.36850921,26.349892009,0.0011878974,7.05418e-05,5.4174743709,7.4,6.5252242289,3.19334777,1.36258822,0.31444344,0.43323318000000005,93.50848997
40367,49.8,17.8,26.1,33.6,17.2,15.6,3.4,69515.0,4.5,37.1,17.6,3.9,846.0,23.6,15.5,35.3,8.46189808,12.0,17.4,41.199999999999996,23.400000000000002,21.4018417,13.700000000000001,66.89247444,12.581115084,0.0012561867,0.0004737682,4.0891889517,8.2,5.7495492559,0.9974122599999999,5.33879356,0.41956635999999997,0.27636108,91.72424189
18827,41.4,23.5,19.0,46.6,10.8,16.9,3.9,65331.0,5.9,11.0,18.7,4.3,718.0,25.7,17.8,38.5,7.340067340000001,13.900000000000002,22.5,39.4,29.299999999999997,21.37329923,13.600000000000001,56.188289319999996,19.307746645,0.0006415054,0.0002119654,3.7108022742,7.7,5.9537676608,1.05313803,5.9446167,0.37955736,0.53993371,91.05099968
35451,41.1,23.5,17.3,36.0,10.2,18.1,4.9,62899.0,7.5,10.9,24.3,7.3,695.0,27.0,18.8,41.0,7.686980609999999,18.2,23.7,42.9,30.4,20.781256579999997,16.400000000000002,50.07612133,24.06452466,0.0018564879,0.0002820079,4.8224037055,7.5,6.65975974,0.65539647,0.9788754199999999,0.25315744,0.36848471,96.03105398
58809,39.5,21.4,15.9,25.6,13.6,15.6,4.1,67600.0,5.5,5.9,27.2,6.0,906.0,26.9,18.5,41.1,7.14285714,14.499999999999998,19.6,42.9,25.8,21.65081907,14.499999999999998,53.024779089999996,18.993586581,0.0023409619,0.0004044967,4.0120939771,8.2,6.5017025603,3.82084275,2.07576204,0.62371083,0.29794061,91.33844089
27151,40.9,23.6,17.8,31.5,9.4,25.0,5.2,50832.0,5.5,12.9,34.4,6.1,817.0,29.2,21.0,37.5,8.35795694,25.900000000000002,25.1,40.6,31.4,18.5292173,20.4,43.35081765,38.096879848,0.0134809822,0.0002584075,6.2617330586,7.8,6.9253851507,1.2629161899999999,1.0740342999999999,0.34443169,0.72960261,94.47057516000001
161217,39.1,18.3,17.3,45.2,18.7,12.9,5.6,69796.0,5.5,10.0,29.3,7.1,990.0,24.6,17.8,38.3,7.71178394,15.1,17.5,38.5,23.200000000000003,18.12201322,13.3,65.28480584,6.7399787159,0.00251437,0.0003941324,4.6655824759,8.8,5.8881443081,5.21562721,2.35822088,2.4184674,0.22992039,87.49024068
40929,43.0,22.1,19.6,33.5,11.6,15.0,3.4,66355.0,5.4,8.2,20.1,4.1,803.0,26.0,17.9,36.8,7.4460682,14.499999999999998,21.6,38.5,26.400000000000002,21.77682335,13.4,53.81401328,17.561749377,0.0010109478,0.0001712873,4.0121692954,7.7,6.2432342215,0.9147845,1.16382286,0.69286912,0.38958476999999997,95.50251504
34400,40.3,25.4,17.9,5.4,17.6,9.5,2.2,79453.0,3.1,4.7,13.7,2.6,807.0,24.2,16.4,33.0,6.61411926,6.0,16.0,40.0,21.7,23.87065579,10.4,72.75521967,10.028459141,0.000614053,0.0004662276,3.4827795172,7.1,5.4647609789,0.54095149,6.719494719999999,0.27486184,0.37720401,91.55823269999999
125008,40.9,21.7,19.6,50.3,11.0,16.0,4.8,56557.0,6.7,9.0,32.0,7.6,768.0,26.2,18.8,40.4,7.88636845,20.3,18.6,39.800000000000004,26.0,18.932209399999998,15.2,51.56457845,26.606631191,0.0048135355,0.0004712648,4.2202187064,7.5,6.5459286837,9.46475405,2.34280049,0.8643574500000001,0.23268086999999998,84.66065375000001
76957,41.3,21.1,17.2,34.1,10.1,18.7,5.7,58048.0,6.6,7.8,29.1,6.5,827.0,27.9,19.2,39.4,8.59119039,22.8,23.400000000000002,42.199999999999996,28.999999999999996,17.63178058,16.3,50.987728229999995,28.759411246,0.0060914236,0.0006632766,4.3948569219,8.1,6.5850629989,5.63391328,1.47710487,0.56339133,0.37646567000000003,89.14001124
58885,42.3,21.8,19.4,58.8,12.6,15.9,4.8,60814.0,5.5,9.3,25.9,4.6,756.0,25.0,17.6,40.0,7.32117139,13.900000000000002,21.0,42.199999999999996,28.499999999999996,21.130231220000002,15.2,55.61120124,20.621097601,0.0018225485,0.0003065656,4.453097087,7.8,6.2230098577,3.09492582,11.05622647,0.56550103,0.44115894,82.59381015
73716,40.6,21.6,18.3,36.9,10.7,23.2,7.5,46360.0,6.0,15.6,31.5,7.2,723.0,29.3,21.0,43.0,8.294010890000001,24.099999999999998,23.599999999999998,43.7,30.599999999999998,18.1472056,20.9,50.506377619999995,29.190623618,0.0091706151,0.0005589944,5.6344597065,6.6,6.7086619045,2.81649043,1.5881838,0.45019383,0.5724687,92.62321277
55062,40.6,21.6,18.3,31.0,12.2,14.4,4.2,62476.0,5.4,8.6,28.0,5.7,789.0,25.4,18.0,36.4,8.08325266,17.1,22.400000000000002,47.099999999999994,28.499999999999996,20.21738753,14.399999999999999,60.59464972000001,17.63618262,0.0017789352,0.0003642589,4.1060680809,7.4,6.3679441124,2.38230601,5.81546757,0.85829039,0.35945495,88.20034112
48145,40.2,24.6,17.2,50.5,13.3,13.5,4.9,73502.0,4.4,7.5,25.9,4.0,865.0,25.6,18.1,38.3,6.51216686,14.899999999999999,20.3,37.9,25.2,21.59563022,13.5,58.533936649999994,22.0,0.0009421124,0.0004585531,3.7858198352,8.0,5.9608213088,2.4034334800000003,1.7565162799999998,1.08447608,0.26588506,92.02554171
374199,41.8,21.4,19.9,48.5,15.5,14.0,4.3,63130.0,5.9,7.4,31.8,6.8,838.0,25.1,17.7,34.6,8.4791868,16.8,17.0,38.3,22.7,19.56802591,14.499999999999998,63.912184120000006,20.2594521,0.0037481621,0.0007730704,4.2877883642,9.1,5.8193225198,7.93580099,3.1152405599999997,1.04637311,0.33000998000000004,84.65909701
539361,41.1,20.7,18.6,41.1,21.8,13.4,5.3,68360.0,5.7,7.3,33.1,7.8,956.0,25.8,17.2,37.6,9.08743795,19.7,17.5,39.5,23.5,19.848444970000003,13.600000000000001,70.18485131999999,16.501740134,0.0037948008,0.0009765026,4.817245509,9.4,6.2305098189,15.143924310000001,2.79542235,4.63925127,0.20943267999999998,74.50651724000001
201749,44.0,20.5,21.9,42.1,13.2,17.2,4.8,53537.0,7.0,10.1,28.3,8.0,752.0,25.6,18.5,40.0,8.9749013,25.4,24.2,44.6,30.3,20.456914230000002,16.7,52.429689700000004,23.115887995,0.0023605975,0.000451983,4.5858418367,6.3,6.794536266,8.637890330000001,2.39104071,0.59439146,0.26500576000000003,85.81495511
92840,41.1,22.9,19.8,37.1,13.2,15.1,5.5,61953.0,8.6,7.4,30.4,7.1,844.0,24.9,18.4,40.5,6.84135795,17.0,23.200000000000003,43.7,30.0,20.56595759,14.799999999999999,49.0600896,28.193879735,0.0019809739,0.0003567568,4.2363838725,8.3,5.8469200674,0.8315736799999999,4.70426889,0.41143305,0.65524523,92.41569976000001
63411,38.4,24.2,13.0,33.0,25.8,10.4,2.9,104496.0,4.6,3.4,19.6,2.9,1144.0,24.2,16.1,34.8,7.00079554,5.3,14.399999999999999,37.4,20.1,20.4634356,10.100000000000001,73.74708006,9.2022263451,0.0013354969,0.0005694848,3.5898068712,7.9,5.4977352924,2.8863966000000003,3.6747706,6.66743254,0.23263494999999998,84.81267142
28833,41.3,23.2,19.2,49.6,10.5,14.1,3.8,64841.0,3.7,7.1,20.6,4.2,769.0,25.7,17.8,35.6,7.322264790000001,14.399999999999999,18.9,42.3,24.7,20.55592699,12.5,63.18849005,17.619734102,0.0015328874,0.0004524572,3.4706766483,7.7,6.0352313212,1.11134337,4.22240803,0.39367335999999997,0.51560758,92.65607581
12790,43.6,21.7,18.6,54.1,10.7,23.2,3.6,50967.0,7.7,14.2,25.4,4.5,675.0,28.1,19.6,38.8,8.66462793,27.0,26.5,41.199999999999996,32.5,19.41949699,19.1,56.728778469999995,27.593818985,0.0012826679,0.0001575299,5.006005244,7.5,6.6853884247,0.57720058,1.06621773,0.34471701,0.48901715999999995,95.94356261
243189,39.5,24.0,14.9,13.5,26.7,10.7,3.0,103128.0,3.7,5.1,21.1,2.6,1254.0,22.7,15.2,34.9,6.60792952,6.1,13.4,34.1,20.8,20.61083194,10.4,74.07906992,6.9402534701,0.0025540556,0.0008517438,3.81792831,10.0,5.2701078727,3.7339181800000003,3.56814252,7.53168774,0.21852246,82.88068912
59639,44.1,19.7,21.3,49.0,12.8,16.5,5.2,59053.0,6.7,12.1,25.9,5.2,794.0,25.8,17.6,37.1,7.099292510000001,16.1,21.2,44.7,27.700000000000003,18.52578498,15.9,61.93874517,18.927694623,0.00308995,0.0007236255,4.4773917732,7.9,6.4318429345,1.35889513,1.28719463,0.79724124,0.30216637999999996,94.38858255
116680,38.8,24.0,18.2,22.8,14.5,12.5,3.3,70320.0,14.1,5.2,24.7,10.0,824.0,25.4,17.8,32.7,6.48008827,11.600000000000001,19.0,40.1,24.0,20.0401751,12.6,54.397565469999996,10.750035246,0.0040511544,0.0004969583,3.8216002434,8.4,6.243050027,1.58527165,2.5122307100000003,1.09003519,0.22658999,93.05381512000001
36973,41.5,22.3,19.2,46.9,9.2,17.5,3.5,60632.0,5.4,7.2,24.9,4.5,771.0,25.8,18.2,37.1,6.110914869999999,13.900000000000002,20.0,41.5,26.400000000000002,20.566013050000002,14.299999999999999,58.32309925,21.577189828,0.0009838485,0.0004085412,3.5530189246,7.9,6.1615403108,1.30633216,5.6134021999999995,0.61217239,0.36894318,91.11530158
131564,35.4,20.2,15.9,19.8,22.3,11.9,4.9,70537.0,4.4,5.5,35.9,4.3,907.0,27.6,17.4,36.0,7.10751237,9.3,15.7,35.699999999999996,23.5,21.48180637,13.600000000000001,75.03257588,7.663807542,0.0022314361,0.0006793889,4.5594269377,8.3,5.6723806604,2.7621560499999998,6.637014700000001,2.14097248,0.34602337,86.42216359
21818,42.3,22.2,19.9,42.2,13.3,13.8,2.8,68552.0,3.6,8.8,26.4,4.6,753.0,24.6,17.0,36.9,8.01033592,11.5,18.0,40.0,25.6,22.78966462,12.3,58.25053575,13.990672885,0.0008388871,0.0002763958,3.8498570067,7.2,6.0156106727,0.47536934,3.03863541,0.75499837,0.34021531,94.43538239
19726,38.1,26.5,15.6,30.1,6.6,21.1,6.4,44955.0,23.2,15.9,31.4,10.1,608.0,26.3,21.2,40.5,7.642031169999999,30.7,25.8,43.6,37.1,14.50520978,20.0,39.72132905,48.017533373,0.0023946604,0.0002575461,5.0858997932,8.6,6.8651164038,0.74896826,7.464207470000001,1.3094207,44.67824935,39.66474754
5683,43.6,19.7,18.9,61.4,14.2,17.1,4.0,75028.0,10.4,27.0,20.3,1.9,654.0,22.6,16.2,34.6,7.079646019999999,21.5,16.5,37.7,26.8,17.52758679,13.600000000000001,48.08055381,15.642458101,0.0005288207,0.0003502627,4.6250902266,8.3,5.4227079891,5.69363652,6.6455138400000004,0.66983959,4.4244667699999995,80.27498678
14117,40.6,21.6,18.6,25.0,9.8,23.4,5.6,49181.0,19.4,19.4,23.1,7.0,669.0,24.8,18.8,38.2,7.90216369,24.099999999999998,23.1,42.8,33.6,15.75692515,18.2,40.81580948,45.370711914,0.0111531842,0.0001396258,5.0962378871,9.0,6.0234164728,5.32185886,4.58519793,1.05335628,15.407917379999999,67.19449225000001
22295,36.3,23.4,13.8,41.4,10.3,13.8,6.2,51499.0,13.7,20.9,33.9,5.6,793.0,24.3,18.7,38.5,9.59488273,29.799999999999997,17.7,42.699999999999996,32.5,15.457572119999998,17.4,41.219908430000004,35.608308605,0.0031303874,0.0004989567,6.0916698783,7.2,5.8028768018,5.00861991,13.887124579999998,1.3065965000000002,3.75192814,74.41702205
8661,41.3,23.9,18.8,4.1,13.8,17.2,6.8,56843.0,12.7,24.7,29.7,2.2,844.0,24.6,17.4,36.7,6.86528497,21.7,20.4,43.6,33.5,15.499229849999999,15.2,44.1826215,30.31761309,0.0036304017,0.0005839757,4.0791927092,8.4,6.0040789165,3.4313151399999997,12.90549245,0.39817309,9.56786509,70.2189952
46528,36.8,23.3,17.5,41.5,16.0,19.7,4.8,54289.0,19.4,12.0,36.4,5.2,877.0,27.0,18.9,39.3,8.02730697,22.400000000000002,19.5,41.199999999999996,30.0,15.80910768,17.2,53.44291789,33.591967138,0.0083117201,0.000382125,4.267811576,9.0,6.4692929576,1.9890946999999999,8.1993996,0.73927339,15.16123103,67.68027447
26910,37.4,23.0,15.7,47.8,11.1,19.6,6.0,52443.0,18.5,22.0,27.6,8.1,686.0,24.2,19.0,40.8,8.51154833,23.200000000000003,23.0,41.0,35.8,15.508001609999999,17.599999999999998,38.26199741,33.90393884,0.0005722133,0.0002275485,4.200166113,8.5,6.1845467144,3.92538338,17.23506523,0.67139696,23.216601819999998,54.074158849999996
156681,36.2,25.8,13.4,24.5,22.4,13.2,4.1,82364.0,9.5,5.9,24.5,3.3,1129.0,24.8,17.3,35.9,7.18240311,8.7,13.200000000000001,42.4,24.8,15.96229492,12.3,69.4575205,14.013704785,0.0020190071,0.0003462411,3.4447819788,9.9,5.5081918431,4.83879224,12.52808126,3.5107974200000003,5.23463137,70.25405365
48202,38.4,25.1,17.0,47.1,11.4,21.6,4.2,56390.0,15.6,13.3,32.6,5.1,908.0,25.5,18.4,38.4,9.53135612,22.8,19.3,40.699999999999996,32.300000000000004,15.23287247,17.2,54.818351,34.734917733,0.0047946333,0.0005798182,4.6094523574,9.5,6.0832442883,6.08486295,8.99250967,1.4322166399999998,10.587291140000001,67.50349823
47412,36.5,21.6,17.2,47.2,18.1,20.8,5.6,52410.0,19.9,18.7,33.3,6.5,773.0,25.3,19.6,40.7,8.09684978,24.099999999999998,21.9,44.3,32.6,15.21007254,19.1,60.46140195,23.186589378,0.0049185431,0.0007348773,4.5549778714,8.6,6.697236366,1.49631628,8.17474318,1.21407077,36.731347930000005,45.7445263
14285,41.7,24.4,20.4,33.3,9.6,26.0,6.9,43252.0,16.7,18.3,33.4,8.3,662.0,25.3,19.3,37.0,9.34230194,31.1,22.2,45.4,34.699999999999996,14.482001389999999,20.7,49.81238274,46.276432731,0.0082656206,0.0004193751,5.7735040118,8.7,6.5125069757,9.78565424,5.51975343,0.77752872,19.67637994,57.600168110000006
295060,34.8,20.8,14.1,20.6,20.9,14.6,4.7,71757.0,10.0,6.1,36.1,4.1,1073.0,25.5,17.5,35.1,7.71819029,13.700000000000001,14.299999999999999,36.9,26.400000000000002,17.35074661,13.900000000000002,70.01548611,12.147448511,0.0036621037,0.0005141181,4.1285385466,9.9,6.1312452804,5.66447427,11.28777893,4.92275717,5.50510802,67.7980564
5287,40.7,24.1,20.7,39.4,10.4,24.7,5.6,47117.0,23.4,19.3,27.7,6.4,679.0,27.5,20.0,40.0,8.206106870000001,29.799999999999997,24.4,43.2,36.7,14.45989791,20.3,43.10494363,44.854881266,0.0017090771,0.0001895375,4.7170204325,8.9,6.6623344257,1.2723129499999999,4.99430308,0.36080517,22.06608431,63.5966578
121777,33.5,23.7,13.1,41.8,15.0,20.9,6.6,57150.0,12.9,15.5,45.2,8.3,903.0,25.1,18.9,43.3,8.14667474,26.0,18.4,43.8,31.3,13.64170419,17.299999999999997,59.471731549999994,30.768081849,0.0037837038,0.0007045542,4.4890046526,7.4,5.9331605423,15.37170777,14.99251485,2.81721421,6.947209109999999,54.66382614999999
14144,41.2,21.9,18.8,34.3,8.4,21.9,4.6,48018.0,17.0,18.8,30.6,5.2,810.0,26.0,19.7,38.8,7.333333329999999,27.800000000000004,23.3,43.6,35.8,14.988434219999998,18.7,40.58823529,32.030975009,0.0058644957,0.0004250797,3.9641857161,9.1,6.4344045884,3.08403477,4.3052297500000005,1.6351593800000002,21.62963985,60.86656548
72076,40.4,23.4,18.1,46.7,12.7,15.1,3.7,61657.0,11.8,12.0,24.8,4.6,880.0,24.9,17.9,39.2,8.30541351,20.0,18.4,39.4,28.000000000000004,15.01534034,15.299999999999999,52.5460579,24.558019929,0.0025091365,0.0002221328,4.5762958984,9.5,6.2758204008,2.2132220599999997,5.70283096,0.8113783899999999,10.850651829999999,73.81497845
28391,32.4,24.8,13.8,37.3,20.8,12.5,2.9,58669.0,10.4,17.1,35.1,4.0,732.0,25.9,18.4,37.8,7.078957600000001,21.099999999999998,16.7,38.800000000000004,29.299999999999997,15.31747845,14.299999999999999,61.167002010000004,23.624865768,0.0061911838,0.0005326137,4.8261845281,7.8,5.5576822175,2.48708696,20.07004882,1.60263214,8.76317838,66.25274181
40791,46.8,19.9,25.0,33.5,12.8,21.9,5.2,53290.0,16.5,31.4,25.1,4.3,833.0,25.4,18.5,36.0,7.4785591799999995,29.599999999999998,22.7,43.0,32.9,14.869552950000001,18.3,42.58590565,29.495718363,0.0021101599,0.0003902439,4.6941059114,9.1,6.3954568141,0.6306500700000001,4.68551423,2.00704985,23.837613599999997,62.55425269
62456,35.7,25.7,16.5,23.4,15.6,17.8,4.6,64165.0,14.6,14.2,34.3,4.1,868.0,22.9,16.9,36.2,8.53511935,20.5,17.7,42.3,31.1,15.390208320000001,16.1,50.58837729,28.47986015,0.0045628235,0.000419856,4.2570615587,9.3,6.1974826495,2.80379859,15.60388888,1.4494623,3.4406591100000004,69.78056527
25806,38.8,24.9,18.0,38.9,10.6,16.4,2.8,53600.0,16.7,18.2,31.3,4.0,791.0,25.9,18.7,38.4,8.26805918,22.2,20.5,42.4,33.4,15.38005268,15.9,44.64399237,32.748538012,0.0018171274,0.0003487831,4.3135172047,9.5,5.9416408707,2.09936207,10.767446360000001,0.64179393,9.75449449,72.37579741
55314,39.7,23.4,16.5,40.5,16.3,17.9,5.0,74349.0,12.6,12.2,25.0,4.0,841.0,23.9,17.7,35.5,8.41423948,15.6,16.8,41.0,28.999999999999996,16.529612320000002,14.499999999999998,54.042222689999996,21.798792441,0.0013769063,0.0002342005,4.4366261152,9.4,6.0798391298,2.23616558,7.351633990000001,0.54553377,6.53420479,79.26971678
5531,41.0,21.1,17.1,23.8,7.7,21.6,5.8,55204.0,13.2,23.0,28.4,8.1,641.0,23.9,17.6,38.5,9.04255319,30.5,20.9,41.5,33.4,16.04020394,17.2,41.90948543,23.877745941,0.0034760337,0.000182249,5.3111111111,6.9,6.0632106366,7.79363337,13.06256861,0.42078302,3.95170143,72.39297475000001
2499,40.7,24.1,19.4,25.0,10.3,18.5,7.4,55729.0,18.5,29.8,24.8,5.2,727.0,23.2,17.2,36.9,10.66666667,36.8,16.5,43.5,33.7,14.22151049,16.2,49.14383562,50.57096248,0.0004180602,0.0004135649,4.5183945071,6.5,5.9339334839,7.14882943,33.77926421,1.75585284,3.80434783,50.50167224
11651,41.3,23.3,20.3,36.2,10.3,23.4,7.7,46239.0,18.2,20.4,24.9,5.4,730.0,25.4,18.8,40.7,6.4921466,25.4,24.0,43.7,34.599999999999994,14.99570778,20.0,48.809087579999996,37.887948408,0.0028735632,0.0002585761,4.4868630755,8.7,6.538002863,0.98039216,5.45131846,1.5043948600000001,18.509127789999997,67.95977011
13409,39.2,21.1,18.9,52.5,9.0,20.3,6.3,44799.0,19.0,32.9,26.1,4.7,604.0,25.3,19.3,38.3,8.98258478,30.099999999999998,22.400000000000002,47.599999999999994,36.4,15.142797199999999,19.0,42.7642736,50.356859635,0.0013396844,0.0002237971,4.0665362946,9.2,6.188015871,6.41559988,6.3560583500000005,0.42423340000000004,19.98362608,60.948198870000006
24776,34.7,25.2,15.1,41.4,16.0,15.5,4.2,60954.0,13.4,18.3,39.3,6.4,842.0,24.6,17.5,41.1,7.95316916,23.3,17.2,42.699999999999996,32.4,15.014360069999999,15.6,61.70909632,36.212749906,0.0025132758,0.0007264802,4.2876853833,7.2,5.5755205214,6.06023755,25.22599214,1.71875633,3.1780777500000004,61.57525639
10410,39.5,23.5,18.8,48.6,14.8,25.3,5.5,48476.0,16.2,17.6,29.9,6.8,690.0,26.9,19.8,36.8,9.54022989,24.7,24.2,43.7,35.099999999999994,14.436315259999999,20.7,51.58798283,27.492668622,0.0089075959,0.0002912339,4.4143995726,9.1,6.3834852445,2.74079875,6.36256852,0.72435395,15.994518399999999,66.74823805999999
43859,38.2,24.8,19.0,47.0,12.6,19.0,6.2,53746.0,13.0,20.8,32.6,6.5,786.0,26.5,18.6,35.6,8.25615242,27.0,17.8,44.0,30.099999999999998,15.131075229999999,17.4,53.949386499999996,33.492822967,0.002566394,0.0003887314,4.1352030138,9.3,6.3248062079,1.99812103,9.179441350000001,0.72179831,11.590018559999999,71.73300337
15290,38.1,27.4,16.5,7.1,16.1,12.7,2.5,65167.0,15.0,13.8,26.5,3.2,905.0,23.6,17.0,35.8,7.1253071299999995,15.5,17.2,41.3,31.0,16.77715578,13.8,54.80360934,20.297699594,0.0017440734,0.0004604052,4.0192834114,9.1,5.5230964436,1.5632065099999999,18.36444674,0.51676248,4.31496673,72.81183386
8446,41.6,24.2,20.2,2.9,13.2,22.0,4.4,42679.0,13.0,29.9,25.8,2.8,572.0,25.4,18.4,40.7,8.82778582,30.0,20.9,45.4,35.5,14.85357457,19.6,52.34791889,37.333333333,0.0015479876,0.0003567182,4.8428253096,7.5,6.4769921118,3.40557276,12.836389619999999,0.46439628,8.347225530000001,71.7909026
9537,40.9,22.1,21.0,23.0,8.8,21.9,7.8,42735.0,20.1,18.0,30.6,3.9,694.0,26.2,19.9,37.2,7.5835475599999995,29.299999999999997,24.8,46.400000000000006,36.5,15.03503014,19.1,47.5772958,26.851450845,0.0071383582,0.0002121566,4.6928865255,8.3,6.8164013619,1.54314508,4.2620197399999995,0.78731892,25.152214989999997,61.66281755000001
48525,38.8,24.1,17.9,37.0,10.3,21.2,5.2,46750.0,19.0,15.7,29.1,5.9,753.0,25.9,19.8,38.3,8.90151515,25.3,23.0,42.699999999999996,37.5,14.209329749999998,19.2,43.65278475,34.713656388,0.0033470441,0.0002888027,4.3962461371,9.0,6.150977351,2.11105734,8.276877169999999,0.99806436,15.11412211,68.75756109
33734,41.0,23.5,18.8,30.3,11.3,20.2,3.0,57656.0,12.9,12.1,19.4,2.9,731.0,25.5,18.0,38.1,8.346581879999999,31.2,20.4,42.3,32.0,15.85401658,15.9,48.18490139,23.899207689,0.0019385452,0.0002364835,4.5993027121,9.3,6.1060899771,1.9703720800000002,4.24743938,0.59024362,7.3809386,80.30785255
49919,39.9,22.3,16.6,36.6,21.1,15.6,2.9,80565.0,12.5,10.0,13.2,3.2,869.0,24.5,16.9,34.9,6.877579089999999,14.000000000000002,17.1,42.199999999999996,27.500000000000004,17.08545586,13.700000000000001,63.31642104,12.235328596,0.0015651813,3.93043e-05,4.8234880656,9.3,5.4504199178,6.986743099999999,9.36091573,0.81464859,3.97895491,75.08344491
10158,39.0,24.4,18.2,39.4,12.1,22.2,5.4,60758.0,15.2,21.7,28.5,3.6,812.0,24.8,18.0,36.1,7.710557530000001,18.7,17.299999999999997,43.5,31.5,15.79459209,16.5,46.696574229999996,33.540372671,0.0006798757,0.0004894283,4.080589494,8.9,5.9644663064,2.1756021800000003,18.67715618,0.9518259499999999,7.94483294,67.61849262
42393,38.8,25.2,15.4,13.3,18.1,14.3,4.1,80150.0,10.6,7.1,20.6,1.3,920.0,25.2,17.1,37.7,7.28539753,12.6,15.7,37.9,30.3,17.00196588,12.1,61.6400035,16.806722689,0.0013383753,0.000436621,3.952908737,9.5,5.351344992,1.4233514600000001,10.0760537,0.7074269200000001,7.26971448,75.90712101
31003,38.2,25.8,17.9,44.3,11.4,21.7,4.9,47046.0,20.4,19.7,28.2,7.8,677.0,25.5,19.5,38.6,7.88973384,29.299999999999997,23.9,45.1,37.9,14.40426677,19.0,46.84412733,40.658554044,0.0038486628,0.0004533092,5.0047219047,9.0,6.4963734433,7.76581866,7.23744292,1.09262883,18.193085449999998,58.959556430000006
19159,47.4,19.8,25.4,26.1,9.2,23.5,4.0,43467.0,23.9,38.0,22.4,5.2,700.0,26.1,18.9,36.5,8.55018587,28.199999999999996,22.8,42.1,34.2,14.75204956,20.3,40.084493040000005,36.625971143,0.0015813906,0.0001039231,5.1432197653,8.9,6.4526849155,2.86690813,3.61169209,0.7396827,19.17053512,66.35208897
7678,42.2,25.3,20.9,26.2,13.2,17.4,1.8,67621.0,10.9,14.5,17.9,3.5,628.0,24.2,16.9,33.4,5.94855305,16.7,17.599999999999998,41.6,28.9,16.66115337,14.399999999999999,49.67589864,20.487264673,0.0006595436,0.0005216484,4.2727716047,8.4,5.8145584436,0.81783406,11.528822060000001,0.96293365,3.81216198,81.59873368
15494,42.0,22.8,21.6,51.9,11.6,23.0,5.8,53734.0,19.0,35.7,22.6,4.1,761.0,24.6,17.8,37.9,7.8871201200000005,19.400000000000002,21.099999999999998,43.7,35.099999999999994,15.21812507,18.4,46.31578947,37.240184758,0.00338134,0.0002565089,4.8924522476,8.8,6.2648869198,1.7720726400000002,18.28428303,0.54477145,11.17094552,64.03256105
39324,40.3,23.2,18.5,42.1,11.5,23.9,5.9,56552.0,16.0,17.7,25.7,4.4,788.0,25.1,19.0,37.4,8.99224806,22.8,21.9,43.1,33.800000000000004,15.58655098,18.2,52.450567940000006,34.523809524,0.0025821655,0.0003575168,4.5815869746,9.2,6.6069171545,0.7972122599999999,4.09887438,0.74456617,22.49743037,62.876983630000005
13837,41.5,22.9,19.8,23.0,12.9,23.3,2.1,60213.0,12.7,22.7,27.0,3.4,824.0,24.5,17.5,36.1,6.509433959999999,17.5,19.2,44.4,31.4,16.84052783,17.0,43.949241719999996,39.278131635,0.0009451796,0.0002915877,4.6547438254,9.1,6.1507553479,1.8612767200000002,7.336047699999999,0.6180020399999999,15.15922641,69.15806311
66606,38.1,24.3,16.9,51.1,14.3,22.1,5.7,50289.0,15.5,13.0,33.3,7.8,793.0,26.1,20.1,39.6,8.85816692,26.5,18.6,44.6,32.800000000000004,14.380265940000001,17.9,52.26354318999999,31.553866959,0.0050242212,0.0004535422,4.491758604,9.2,6.4015370289,9.851972940000001,7.79279212,1.03783913,20.63080223,53.85665222
10981,41.1,24.0,20.7,31.2,13.4,18.3,4.0,66813.0,8.3,16.3,20.2,1.6,710.0,25.3,17.3,36.9,8.01033592,17.4,17.599999999999998,40.5,27.700000000000003,16.76705641,13.8,59.029759479999996,25.828669824,0.0007385524,0.000457331,4.5082030496,9.2,5.9250548584,1.77252585,4.96676514,0.6739291,9.9704579,78.96971935
9460,42.1,23.0,19.8,48.1,12.2,18.6,4.3,50960.0,16.6,15.7,28.1,5.6,741.0,25.7,18.7,39.0,7.39348371,24.9,20.3,41.199999999999996,31.0,15.454074519999999,16.6,50.79513564,29.440628067,0.0025429116,0.0001074922,4.5190852602,8.9,6.3603502277,2.45814791,3.19983047,0.7628734899999999,19.06124179,64.8018648
11349,40.1,22.3,18.0,51.4,8.2,21.4,3.5,45429.0,16.0,19.8,28.6,6.9,677.0,25.7,19.9,38.8,7.6374745399999995,28.1,24.0,44.6,37.3,14.528406960000002,20.9,41.13879004,43.459365493,0.0033628319,8.93096e-05,5.3357617992,9.1,6.5198920197,7.2477876100000005,4.21238938,1.08849558,21.79646018,59.46017699
795822,35.1,25.2,14.1,32.5,21.6,14.0,4.6,62505.0,14.0,10.0,41.1,6.2,1008.0,25.0,17.4,36.0,9.20492951,22.2,16.1,39.4,27.200000000000003,17.65424173,15.299999999999999,66.30110065,27.651625316,0.0071297347,0.0008126976,4.7362660944,9.9,5.8292207474,15.07406666,20.358749160000002,3.7386909599999996,4.91243296,52.65977307000001
36900,39.3,23.5,18.4,57.8,11.0,22.4,7.2,50819.0,15.3,16.5,29.7,6.5,765.0,25.7,19.5,38.2,9.295499020000001,25.8,21.5,44.2,32.9,14.726386150000002,18.3,55.964135739999996,28.370378644,0.0033751856,0.0002985642,4.7115616487,9.2,6.3401149855,7.371405429999999,5.446199539999999,0.68853787,16.98663426,61.212366679999995
46004,43.2,21.2,20.5,27.3,13.6,19.7,5.6,58189.0,12.5,14.8,21.7,4.1,773.0,24.0,17.4,36.5,8.1158384,18.7,18.9,40.300000000000004,30.8,17.35714949,15.0,53.60776627,17.135735798,0.0007153696,0.0001747793,4.4332120863,9.7,6.0878071936,10.44439627,4.96639931,0.6156514200000001,14.782137440000001,62.90483416
30472,37.6,24.9,18.1,39.1,10.2,20.8,3.8,46186.0,17.2,14.5,32.5,5.6,742.0,27.0,19.8,39.9,8.64109,26.5,22.400000000000002,44.0,34.1,14.86165984,18.8,53.715589789999996,32.925062558,0.0054808994,0.000461437,4.2502095557,9.6,6.7329305263,1.23485324,6.22709413,0.84854888,21.395318120000002,62.38980421
15682,41.5,23.5,19.2,18.3,12.6,17.1,3.5,56279.0,14.2,18.8,22.3,3.3,842.0,26.0,18.2,37.1,7.218167070000001,22.400000000000002,18.5,40.699999999999996,29.099999999999998,16.02664916,16.3,43.76534789,31.845322718,0.0020801815,0.0002541135,4.5337966143,9.0,6.1579008177,1.05900151,4.1225416,0.51059002,13.237518910000002,74.55244579
82058,27.2,18.4,12.9,24.6,21.2,13.0,4.8,46658.0,11.9,13.3,48.5,5.6,899.0,26.0,19.1,37.3,7.6206140399999995,20.0,16.0,38.5,26.400000000000002,16.17367045,17.0,68.96707943,11.034579702,0.0034192341,0.0004634768,5.7810101235,9.3,5.9690451858,4.0682887,6.527737790000001,4.3790191,5.69872349,74.10140129
43758,40.4,22.8,19.9,35.3,12.6,23.1,6.3,53054.0,16.1,21.5,28.0,7.1,798.0,25.0,18.2,42.1,8.00118099,24.099999999999998,21.0,41.4,33.2,16.302107900000003,19.0,52.79261338,33.068325844,0.0084178569,0.0004354502,4.8735483295,8.5,6.5897058823,2.83355183,5.9453989300000005,0.64398905,16.74831528,67.74994825
38116,37.3,24.6,16.9,27.7,17.5,15.8,4.3,59457.0,17.7,15.1,34.2,6.4,847.0,25.3,17.9,36.5,8.05987334,15.7,19.900000000000002,43.3,31.4,15.28051104,15.299999999999999,60.0,27.677240792,0.0061985624,0.0007074915,4.1747479426,9.3,6.2322707025,1.85956871,7.029378059999999,0.88550891,21.35899573,62.566413170000004
72734,37.7,23.2,16.3,40.1,13.7,18.9,5.8,58270.0,13.3,12.1,30.1,4.8,848.0,25.9,19.2,37.6,8.04674457,22.400000000000002,20.4,42.6,33.2,14.839530949999999,16.900000000000002,54.88738128,25.060133132,0.0035912239,0.0003012914,4.5257563042,9.5,6.3987309857,3.15756664,6.53331707,0.8727351600000001,13.928527869999998,70.18471087
10845,44.0,21.4,22.8,48.8,8.0,30.1,9.0,42274.0,21.7,25.9,24.6,8.8,557.0,27.0,19.2,36.9,9.1383812,29.5,23.7,43.5,36.4,14.37008069,21.3,43.02229562,36.91588785,0.0102777778,0.0001849283,5.3443285292,8.2,6.4643473924,1.42592593,4.62037037,0.5555555600000001,18.648148149999997,69.0
95870,39.3,23.0,16.7,26.4,17.5,16.6,4.7,75312.0,11.8,7.9,22.7,2.7,980.0,24.6,16.9,34.2,7.99667958,12.0,16.6,40.9,26.8,16.71303744,13.8,58.451369220000004,16.85102377,0.0027132711,0.0003723047,3.7785471718,9.7,5.2424420927,1.2937914,6.41708563,2.06388157,13.41373394,69.59739845
23592,38.9,24.3,18.1,34.5,10.5,23.8,7.2,43239.0,20.5,20.9,30.9,7.0,695.0,27.6,20.3,39.6,8.3414161,25.0,22.8,43.0,35.5,14.843056409999999,20.599999999999998,50.18201675,35.883216441,0.0031402504,0.0003394577,4.9260557769,9.3,6.3977392292,3.81922342,5.834924679999999,0.61107575,19.915128369999998,62.847443240000004
39538,40.8,23.7,18.4,33.8,10.8,23.6,5.2,47494.0,18.8,17.7,28.4,4.7,788.0,26.8,20.3,37.0,8.42792281,32.7,23.200000000000003,41.199999999999996,36.3,15.088917130000002,19.0,49.57718994,39.49160236,0.0031272493,0.0003543586,4.5120470676,7.1,6.5849066715,1.93591621,5.28157653,0.97044005,23.32779033,60.79273287
43140,40.7,22.9,20.4,33.7,12.2,21.6,4.9,57065.0,14.2,16.3,25.3,6.7,831.0,25.4,17.9,33.7,9.87149533,20.0,18.099999999999998,42.3,32.1,16.0994078,17.5,46.42717688,31.476997579,0.0012496024,0.0003941663,4.7610412637,9.0,6.0285192526,2.09933203,9.03121734,0.9042577399999999,6.27527605,77.60485299999999
21144,33.1,28.4,11.8,12.3,16.1,12.0,2.7,55682.0,18.3,18.7,32.0,3.7,865.0,22.2,16.9,36.4,6.51121865,15.2,16.900000000000002,41.3,35.3,14.447767240000001,16.5,49.64485981,37.458968913,0.0018653969,0.0003834172,4.7941228614,6.5,5.4683107751,3.9664228599999998,52.510922390000005,2.9060919899999997,2.179569,38.86407147
7013,40.8,24.1,20.2,88.4,12.2,24.8,5.9,46306.0,13.3,31.5,26.8,7.9,682.0,23.4,17.2,38.7,7.1844660199999995,28.799999999999997,19.1,42.4,34.2,14.75876072,17.8,44.747081709999996,31.715210356,0.0024748872,0.0001413228,4.6196611189,7.6,6.0005656536,5.604891540000001,27.68962003,0.6260008699999999,5.7650313,58.480128109999995
668923,36.0,24.9,14.8,32.0,21.7,13.6,5.3,65229.0,13.9,9.8,40.1,6.2,1002.0,27.2,17.9,35.0,8.641413069999999,19.8,16.5,37.0,28.199999999999996,14.337951590000001,15.1,64.31233744,23.371067177,0.0049262815,0.0010537142,4.6148660152,8.9,5.8222096912,10.281049920000001,15.83556412,4.10621086,7.180890010000001,57.77851649
82269,38.9,23.7,16.8,17.1,17.8,18.3,4.9,75082.0,11.6,8.7,19.9,2.6,1000.0,24.5,16.7,38.8,7.69230769,12.2,16.6,43.5,28.000000000000004,16.67322506,13.700000000000001,64.28635187,15.290011634,0.0014560932,0.0002736466,3.8312887626,9.7,5.7177731003,3.83064516,9.21931004,2.24350358,10.19601254,67.95026882
52579,39.7,23.8,19.7,19.9,20.6,17.5,3.8,59426.0,12.3,14.0,27.5,4.7,879.0,26.5,17.2,39.9,6.899879370000001,19.1,20.4,41.6,32.6,14.886514880000002,15.8,59.672747199999996,20.353746334,0.0033329609,0.0004358372,4.9847151635,8.0,5.9339661668,2.4671358899999998,7.06811157,1.82661155,11.45309649,70.57684429999999
10930,40.4,24.4,18.5,54.4,12.1,20.5,5.8,60600.0,13.7,21.7,25.0,3.5,752.0,24.9,17.2,36.4,9.30760499,22.400000000000002,19.6,40.699999999999996,32.6,16.24379982,15.7,50.75728155,27.765912003,0.0004657228,0.0002748511,4.3991874423,7.7,5.9289622259,1.07116244,9.60320417,0.6240685499999999,4.41505216,82.73099850999999
8661,33.7,20.6,17.1,1.1,22.5,15.9,5.0,50724.0,9.7,23.8,31.0,9.7,793.0,26.0,17.9,36.6,7.8369906,19.3,17.1,40.699999999999996,27.800000000000004,16.54701355,15.299999999999999,53.56820235000001,14.671083767,0.0042036432,0.0005825469,4.3491748651,7.8,5.5369595931,3.18776273,7.636618400000001,1.28444652,3.51471275,81.72582905
20411,36.8,24.4,16.0,24.1,13.3,18.0,5.3,61207.0,16.1,14.6,28.7,3.8,839.0,24.1,17.4,36.7,8.49790545,19.1,18.8,42.0,32.5,16.59217381,15.9,46.278089890000004,34.849513465,0.0042111596,0.0002969562,4.0573910139,7.3,5.7664956675,1.93512809,15.55121071,0.7820724899999999,3.8752694599999997,76.84864892
16685,47.4,20.1,27.2,39.6,17.3,22.6,5.5,51657.0,6.2,19.2,27.8,4.8,765.0,25.7,16.7,31.3,8.77025739,20.0,16.3,34.300000000000004,20.9,23.886528300000002,15.0,65.50040683,20.007550019,0.0082781457,0.000712293,5.0376375953,9.8,5.9084038433,0.72138127,5.33349101,0.6918164600000001,1.77980132,89.19110691
95615,33.5,15.5,16.9,27.4,28.4,11.9,6.8,72882.0,5.3,5.6,44.0,7.7,1315.0,26.7,18.0,25.2,5.92311131,11.5,12.4,26.400000000000002,16.3,22.59684233,12.8,82.88056512,2.6822805927,0.0137443329,0.0011664601,5.5525251066,11.4,5.7580548259,1.21580547,9.43784348,6.41265748,1.16156499,78.42559332
420925,41.9,21.1,18.9,14.5,25.2,12.6,5.0,95740.0,5.3,5.7,28.9,4.9,1605.0,27.5,16.5,31.7,6.128595089999999,6.9,10.5,28.999999999999996,15.9,21.71335835,10.299999999999999,75.23980433,6.3147379562,0.0042677581,0.0009158961,4.1675481886,30.4,5.6796242199,1.32404478,10.22631406,5.76903536,1.12199975,78.3582601
41190,44.9,18.3,23.6,18.8,16.4,19.5,4.8,68025.0,8.4,25.2,38.2,8.6,1096.0,26.4,17.0,29.2,6.99013158,18.6,12.7,30.3,16.5,23.14258585,13.600000000000001,67.58767269,13.080801199,0.0042333706,0.0006218608,4.2882533743,7.4,5.9758684868,0.7152936599999999,10.42771641,1.69091528,1.52790618,83.25628923000001
52865,43.1,20.5,19.4,16.1,12.2,16.6,4.5,83265.0,5.1,6.6,23.4,4.4,1211.0,27.3,18.0,33.1,6.754772389999999,11.5,17.2,36.9,20.200000000000003,22.15867537,11.899999999999999,55.783582089999996,10.730858469,0.0043429844,0.0002637826,3.9470453211,10.1,5.8160872527,0.73682257,7.149220489999999,1.27876763,1.6945063100000002,85.87973274000001
64908,48.4,18.0,26.8,38.0,12.7,22.9,5.8,57563.0,6.4,10.8,30.8,6.5,952.0,26.4,17.4,30.7,7.1298937,20.9,14.799999999999999,31.1,19.3,22.07985281,16.2,54.86452336999999,17.34637387,0.0055752819,0.000830782,5.0809593941,9.9,6.1365595203,0.51547997,7.5515479999999995,1.43586868,2.93091634,84.00454744
24987,47.0,19.7,24.7,29.6,14.6,18.3,4.1,74969.0,7.5,8.4,24.7,3.7,1129.0,26.7,17.1,30.8,7.079646019999999,16.8,16.900000000000002,33.0,20.7,24.199165880000002,12.3,65.11159898,15.358771298,0.0053057287,0.0003496639,3.8005265729,16.2,5.9908113047,0.41926388,8.02166815,0.72721876,1.7475511999999997,87.12897002
23404,56.8,14.2,34.4,26.7,14.0,21.6,7.2,64300.0,5.3,14.6,23.4,4.4,1105.0,25.3,16.1,30.4,7.251566700000001,22.6,17.7,31.7,22.400000000000002,21.96545461,14.6,56.796116500000004,20.622160084,0.0058808379,0.0006755901,4.6507906768,9.5,6.0499899965,0.59666896,7.87259615,1.0688530200000002,2.6614011,84.68406593
199352,42.6,19.4,20.5,19.3,25.2,12.0,5.2,82042.0,7.1,14.2,30.3,4.2,1550.0,24.8,15.7,24.8,6.82418778,10.299999999999999,11.0,27.0,13.8,23.29788327,11.1,75.04230728,7.3851510727,0.0069108401,0.0009863233,4.1081703392,15.8,5.4449955073,0.52514711,9.34330234,1.49391165,1.1303851599999999,85.18605554999999
111322,46.6,19.3,26.0,28.5,12.4,20.8,6.1,56440.0,5.8,7.4,28.5,5.1,957.0,27.2,17.8,33.3,7.35583685,21.0,19.3,35.099999999999994,22.400000000000002,20.97023817,15.4,58.6323764,18.315963265,0.0042424512,0.0006429834,4.402719945,19.3,6.5423918566,0.48739272,6.907101879999999,1.2629519299999998,2.21105528,86.0443812
7237,51.7,17.0,31.0,7.2,13.2,22.9,7.5,56045.0,8.7,18.4,22.1,3.5,803.0,25.7,16.9,31.0,8.46325167,21.0,16.400000000000002,30.9,20.7,22.94996695,16.2,62.60586319,11.690647482,0.0060984061,0.0009625963,4.1927555471,8.2,6.1146404964,0.29106029,4.11642412,0.87318087,1.8849618799999999,90.51975052
7496,45.5,19.5,25.5,4.0,7.9,21.9,5.4,45462.0,7.9,16.3,30.9,6.4,665.0,27.1,18.5,33.7,8.644400789999999,20.8,18.7,34.8,22.8,20.83617658,14.899999999999999,59.25925925999999,15.426497278,0.0084677419,0.0005280528,4.5896592244,11.9,6.3333883818,0.9408602199999999,5.80645161,0.49731183,4.9193548400000005,85.43010753
23965,40.2,22.6,17.1,31.9,21.9,12.1,3.3,80254.0,9.2,10.8,31.7,5.4,1281.0,23.9,16.1,29.2,5.46347452,12.8,13.0,30.5,18.9,22.675518710000002,10.0,66.89700559,10.346124906,0.0049694673,0.002203101,4.2867787637,15.5,5.4854076887,0.5222152,30.69698884,1.6761423500000001,1.41924616,63.86186565999999
222604,42.3,20.4,22.5,19.4,18.3,16.0,5.5,67690.0,6.3,6.7,35.0,5.4,1208.0,26.3,18.0,34.2,7.348413870000001,14.000000000000002,18.2,35.9,21.099999999999998,20.90223168,13.8,63.65226801,14.040303931,0.00721119,0.0009609626,4.2766504902,15.6,6.2544232744,0.84840194,15.09186114,1.78875562,1.74300623,78.01674156
24659,41.1,23.0,19.5,30.8,14.7,20.1,7.0,69345.0,9.5,16.6,29.8,4.9,940.0,25.5,18.1,33.6,6.910569110000001,19.1,17.1,34.9,21.2,23.11186358,14.6,55.20464067,24.990003998,0.0032214976,0.0006382639,4.1496136012,18.4,5.8389507317,0.77787381,21.69010765,0.8643042400000001,17.470731519999998,60.62308478
87994,47.4,19.1,26.5,24.1,11.9,21.1,8.1,56068.0,7.7,7.0,29.4,4.7,1093.0,27.0,18.1,31.4,7.310612750000001,20.7,18.5,32.800000000000004,20.599999999999998,20.910683380000002,16.0,58.21572061,19.101943357,0.0095762972,0.0007357436,4.9486658815,14.5,6.2714456809,0.58300407,9.06161396,1.19561381,1.72282256,84.49573564
69506,41.1,21.7,21.4,34.2,13.4,19.6,7.6,57219.0,8.5,14.2,33.0,5.1,921.0,27.3,18.7,33.2,8.794353300000001,23.599999999999998,17.2,38.4,23.3,20.26295798,16.400000000000002,58.28649192,20.282588879,0.0058140365,0.0010404196,5.2426111187,19.7,6.2693501972,0.70282702,14.39652586,1.2028055899999999,4.9969287,76.15959316
8201,46.1,18.8,25.4,8.5,13.0,18.9,7.7,54663.0,7.0,20.4,37.5,7.7,816.0,26.2,17.5,32.1,10.80550098,21.099999999999998,18.7,34.1,22.8,21.87261421,17.299999999999997,56.95399260000001,22.512708787,0.0026528397,0.0004833253,5.3588742999,7.8,6.2028306182,0.73556011,11.443385990000001,1.20583625,2.6287230200000002,81.22512963
382218,40.1,17.8,20.1,30.2,19.5,17.2,6.7,65157.0,6.6,4.9,40.7,7.4,1210.0,27.4,18.8,30.1,6.875141630000001,14.000000000000002,17.0,32.5,18.9,21.42211098,14.6,70.25445111,8.2440811725,0.0116873611,0.0008220486,4.5819074334,15.0,6.6261819099,1.1700478300000001,10.76601405,3.2601310100000003,1.6472489399999999,79.44021344
50334,52.4,16.0,30.5,44.3,17.3,22.4,7.7,57794.0,8.9,29.9,29.3,4.8,1057.0,26.5,16.5,32.2,6.9892473100000005,21.3,15.8,32.0,20.0,23.03496065,15.6,62.07033185,17.741731086,0.0055095335,0.0005701703,4.440834564,8.9,5.8587866553,0.74378702,10.41105055,1.57218473,4.11444088,80.84453277
128598,40.0,22.1,19.0,20.0,13.4,18.2,6.2,69523.0,7.4,4.2,33.0,4.4,1160.0,30.5,18.8,33.9,6.3546798,18.4,16.3,34.8,21.0,21.82641558,13.700000000000001,63.2237459,14.303482587,0.0026388635,0.0005853403,3.9599061699,21.0,6.1616254766,0.67834763,10.97828071,1.38711444,1.80081523,82.36904545
31538,35.9,25.2,16.7,27.2,9.8,16.2,6.2,48371.0,10.3,14.7,41.4,5.8,761.0,24.8,18.9,35.1,7.87518574,23.799999999999997,18.5,38.3,27.3,18.77899617,16.1,49.63369963,27.215536105,0.0055548621,0.0002524217,4.7807321071,10.6,6.0704017222,1.3075770800000002,34.46511047,1.43864686,2.12520285,60.01747597
345815,37.0,24.0,16.2,29.2,16.3,15.5,5.4,70926.0,8.7,4.3,38.2,6.2,1228.0,27.2,18.4,34.2,6.48663893,18.5,16.6,39.4,24.2,19.72105602,13.600000000000001,59.570362200000005,17.461120243,0.0048768389,0.0007144524,4.1778822962,24.9,6.1661629636,1.2577110900000001,29.31640619,2.7807499,2.8577526200000003,61.93470054
12140,37.0,27.1,16.1,31.2,7.1,16.7,3.2,64975.0,8.2,11.1,30.2,1.5,837.0,25.9,19.3,34.8,5.78291815,15.4,17.8,37.4,26.5,19.80797488,14.6,38.084112149999996,31.364698031,0.0100796618,0.0004064049,4.0101938082,12.0,6.2780524952,0.62591449,42.196390830000006,1.18679889,2.72313445,53.18647374
808098,38.2,18.0,14.1,20.7,28.6,13.2,5.5,83668.0,6.3,5.6,45.5,12.5,1515.0,29.9,18.1,28.7,7.1449633299999995,13.0,13.600000000000001,28.9,18.0,23.23950284,12.5,79.20941642,10.968514839,0.0114816044,0.0014712893,4.8799932957,10.7,6.069883627,5.8529969699999995,13.734744169999999,8.33229918,1.56350909,66.50757631
87600,37.1,22.2,18.5,29.0,18.9,15.9,5.3,77353.0,5.2,5.0,34.9,5.1,1219.0,27.0,17.6,33.3,6.668923490000001,11.3,15.2,34.4,21.8,20.23101558,12.7,67.76167472,8.7927547701,0.0031735427,0.0005719797,4.625191154,12.1,5.7039785732,0.94538166,16.04810423,2.2604532,2.76599298,75.30427036
27345,48.7,18.3,26.8,42.1,15.8,21.4,5.2,63098.0,4.7,39.3,26.5,4.9,1148.0,25.4,16.6,29.2,5.944272450000001,16.2,14.799999999999999,30.8,18.6,22.73233834,14.099999999999998,60.02991524,14.779445202,0.0033191086,0.0005405795,4.0824738771,7.9,5.7410721367,0.53251632,11.401685089999999,1.0686800200000002,1.7106175000000001,82.91570923
79904,36.9,24.7,16.0,29.6,11.5,17.5,6.7,70322.0,6.3,12.3,33.5,5.5,930.0,23.5,18.4,33.0,6.49093402,21.8,17.0,37.8,24.5,21.695858349999998,13.4,53.68363287,24.187285033,0.0048717725,0.0004625694,4.3787255563,14.7,5.9581477191,0.98684621,30.02760671,1.28040173,4.21096024,62.71595068
26286,39.7,21.9,20.9,17.7,16.6,17.1,6.3,61946.0,7.3,8.5,33.4,7.4,930.0,27.3,18.6,31.5,8.34248079,16.400000000000002,16.8,35.6,20.9,21.3282528,14.299999999999999,62.99137105,13.044861597,0.0048180697,0.0008393102,4.2193983033,9.8,5.8624011009,0.70921986,5.53885291,1.19873574,1.33749615,87.63876041
26639,40.4,21.8,20.7,22.6,13.3,18.5,7.1,61316.0,8.7,12.9,34.9,6.6,925.0,26.4,17.9,29.9,6.50918635,18.3,14.299999999999999,32.9,21.4,21.03495859,13.700000000000001,57.26684319,18.346732632,0.0072152812,0.0010476689,4.3801235658,16.8,6.0558396619,0.58861505,21.061026090000002,1.1316598900000001,3.5848554999999998,71.7692629
599541,37.5,22.1,14.0,19.8,28.0,10.6,4.6,100121.0,5.5,3.1,39.1,5.6,1695.0,24.9,16.1,29.2,6.694011110000001,8.7,9.6,29.599999999999998,16.6,21.42890083,10.4,76.76874736,7.2193966531,0.006044768,0.000922087,4.0148942384,11.1,5.3858010398,2.55533384,18.72492131,12.969367049999999,1.18624398,60.97217236
107674,39.4,21.5,18.0,36.1,18.6,16.4,4.1,80125.0,6.4,4.6,30.6,5.5,1302.0,24.8,16.9,33.4,6.53532609,10.0,14.299999999999999,34.5,20.200000000000003,22.70449113,12.6,62.87179853,9.2942421037,0.005292515,0.0005820453,4.2469337694,12.7,5.8907354062,0.9526527,18.0212437,2.07834763,2.0083943900000003,74.68613085
50658,43.9,18.2,20.0,17.6,27.4,10.4,4.1,105875.0,2.1,10.7,26.8,6.1,1264.0,23.4,14.5,31.8,6.791467130000001,7.8,13.0,25.6,17.9,23.9271823,7.9,78.20710974,1.4951035359,0.0025669088,0.0020071628,4.5642505005,6.5,4.6846054126,1.32922097,4.37767386,2.86140683,0.3422545,89.33439459
170168,43.6,18.4,19.5,28.8,20.6,14.8,4.6,85732.0,3.1,5.1,27.9,6.0,1226.0,24.7,15.8,34.6,6.848384909999999,10.5,13.5,32.9,20.599999999999998,21.73082968,9.4,71.85038933,6.9821833941,0.004390523,0.0008435111,4.5340890775,4.6,5.398618972,2.53389227,7.45221219,3.2169922599999996,0.59552307,84.54208947000001
85442,46.4,16.2,23.9,47.7,30.2,11.7,6.5,96319.0,3.6,17.6,33.2,7.4,1544.0,22.4,13.9,27.4,6.810740010000001,14.2,11.899999999999999,27.6,18.2,24.67049128,8.7,78.43618513,6.0712200817,0.0040915164,0.0008327078,4.6339837239,6.0,4.7938986382,3.58216433,6.711041130000001,2.0922798,0.6620383599999999,84.72421033
657984,37.6,20.3,15.7,35.1,18.9,14.2,6.3,72579.0,5.3,8.2,44.2,11.3,1161.0,23.1,17.9,37.3,8.271832719999999,17.299999999999997,13.600000000000001,32.4,25.4,19.72601221,11.799999999999999,66.97263447,12.748597654,0.0058657463,0.0009662408,5.013898214,8.4,5.4570080464,9.141027679999999,25.99093269,4.43526108,1.66254172,57.73120501
129998,44.9,15.8,21.9,9.7,26.8,10.6,5.9,99510.0,2.2,21.7,23.2,4.4,1284.0,22.1,14.4,30.4,5.97090663,11.1,11.0,25.0,15.299999999999999,24.08993707,7.7,79.8031829,2.3492160768,0.0038082196,0.0008193457,4.3197469973,4.0,4.8443560085,1.40557923,3.93439092,2.29416381,0.9024326399999999,89.8832146
24368,44.5,19.8,22.1,19.9,13.5,12.4,2.8,49759.0,10.5,17.5,24.0,6.5,791.0,23.2,17.6,36.9,9.28527795,22.0,17.599999999999998,38.7,25.6,18.76765692,12.8,55.92105263,18.191451784,0.0006138987,0.0005350014,4.6178231919,8.3,5.6813966712,25.36220021,2.27551772,0.40108045999999997,0.45837767,69.85757551
169865,41.8,21.3,20.1,43.9,18.8,15.7,6.2,63212.0,9.0,12.5,24.7,5.8,973.0,22.7,15.6,37.1,9.26623474,17.7,17.599999999999998,37.0,28.000000000000004,19.92684602,12.5,62.521060250000005,20.850151713,0.0017162536,0.0003396262,4.6703645008,9.8,5.5678570993,24.57629989,7.31609552,1.24880032,0.6300457300000001,64.24659854
204592,40.6,22.6,18.1,40.9,16.4,15.2,5.5,62347.0,10.4,10.6,25.3,5.9,904.0,25.9,17.7,34.2,9.546509440000001,18.4,15.7,38.5,24.6,19.7713611,13.100000000000001,62.32157975,21.991045562,0.0019054234,0.000657297,4.4597974556,8.8,5.7872767288,15.452233009999999,5.32486061,1.23946385,0.41205955,75.80487713000001
13311,40.8,18.9,22.6,36.8,10.0,19.7,11.0,43920.0,14.8,30.6,26.2,15.4,772.0,20.1,17.7,39.8,11.90987124,36.3,21.4,44.3,31.6,16.63856634,15.0,56.67972925,17.433941705,0.0006166179,0.0003791038,6.6179612003,8.0,5.7232752125,58.18560197,1.79589949,0.87097271,0.62432557,37.20517959
20653,40.9,23.5,18.7,77.9,9.1,20.0,5.9,42470.0,11.5,15.9,28.9,11.6,763.0,22.4,18.9,43.9,11.047510019999999,45.800000000000004,21.4,43.4,32.7,17.28454303,16.7,44.4028298,33.545647558,0.0020051841,0.0002429543,7.4133727373,8.6,5.6147945875,42.49034088,3.16427838,0.8411992,0.8069643499999999,51.117523350000006
189071,46.8,17.8,27.7,25.4,24.9,13.1,3.1,81260.0,8.8,23.3,24.5,3.5,1435.0,18.0,13.1,30.4,8.44518172,14.000000000000002,13.0,27.900000000000002,19.0,24.08609689,11.200000000000001,63.91638027,16.638513514,0.0019901598,0.0006936187,4.2612638214,8.7,4.9441578472,15.428261269999998,12.11936938,1.5338302,0.42165253999999996,69.00326165
231419,36.7,23.6,14.4,37.3,18.3,13.4,3.8,77874.0,10.2,7.9,26.0,3.4,1410.0,22.4,16.7,36.8,9.208832560000001,12.6,14.6,36.6,22.8,20.75985389,11.0,68.40795278,17.216962046,0.0016064761,0.0003295297,3.835415535,8.0,5.281747651,23.63361375,9.17258647,2.69221878,0.705674,61.378748279999996
14145,46.8,18.7,23.6,61.0,12.6,17.3,7.3,55550.0,9.3,15.7,17.2,5.3,968.0,21.2,15.8,37.0,11.060948080000001,24.3,19.5,38.4,28.299999999999997,18.7192771,13.100000000000001,66.34679021,22.23869533,0.0002114761,0.0002117896,5.1809124972,7.8,5.6729945593,37.79077964,4.05329198,0.54278866,0.66262512,55.67460877
409840,38.9,19.4,17.3,30.4,29.6,10.7,3.7,78795.0,8.9,15.2,36.8,6.1,1427.0,21.3,14.4,30.0,9.49407528,14.2,10.100000000000001,28.799999999999997,17.5,25.571323330000002,11.200000000000001,78.59924053,15.790734925,0.0046681292,0.0012396374,4.9573639001,7.1,5.0105249007,22.88278778,7.005492889999999,1.9426581200000002,0.51394194,66.23865663000001
56200,40.0,22.7,16.9,64.1,10.2,15.6,5.9,47011.0,11.0,14.1,29.2,6.1,828.0,24.1,18.7,39.1,11.31824234,23.5,18.5,32.300000000000004,28.1,18.147918830000002,14.899999999999999,52.979461959999995,31.23561013,0.0008639842,0.000338971,4.5438653891,8.1,5.6635113377,19.69883979,5.7763515199999995,0.70705646,0.62065804,71.46559932
32171,41.8,22.4,18.6,60.0,8.7,16.3,6.2,50022.0,11.8,12.0,22.6,6.8,831.0,23.0,18.5,38.1,11.338518220000001,30.8,19.8,42.0,28.1,17.159068650000002,14.000000000000002,51.374933899999995,32.472552961,0.0005585552,0.000279425,4.562302494,7.5,5.7357301375,34.86936014,3.31409421,0.57096754,0.73232793,58.521069940000004
43536,42.6,22.1,18.9,57.4,8.1,19.1,8.7,46326.0,12.4,16.8,27.9,9.3,796.0,23.1,18.4,38.9,11.34710503,30.0,19.2,39.800000000000004,27.500000000000004,16.78092305,15.1,47.72659437,30.005396654,0.0013853876,0.000300453,4.9241158521,7.1,5.9279324478,31.9593014,6.14112784,0.66771139,0.9697713,58.43610184
31163,45.5,18.9,24.1,62.3,10.7,20.2,10.1,48677.0,10.1,26.9,25.7,11.7,670.0,22.0,17.5,36.3,11.8844697,29.7,19.2,45.6,30.599999999999998,18.70284213,14.099999999999998,49.658246659999996,25.215660252,0.0011933944,0.0003223311,5.398679345,7.5,5.7700434297,44.26203071,3.17378403,0.78054445,0.54186557,50.22900271
38561,41.6,22.4,19.9,48.5,10.3,16.8,8.6,46795.0,15.8,21.3,27.3,9.4,826.0,22.6,17.8,38.1,12.64809478,33.6,21.3,44.800000000000004,30.9,17.78696832,13.4,47.06404706,36.234687299,0.0015177239,0.000415995,4.6769167504,8.1,6.0392971764,34.64269177,4.75124762,0.59679992,0.96979987,57.277357620000004
63025,41.4,22.2,19.2,75.0,11.9,16.8,6.5,44317.0,8.9,15.3,30.9,9.9,804.0,22.9,17.8,37.6,12.64125646,30.099999999999998,18.6,41.4,27.700000000000003,17.14359936,14.299999999999999,56.85455811,27.329358966,0.0015861318,0.0005417895,5.2412490922,7.4,5.7026966166,41.38842604,2.5346065099999997,0.65367854,0.52390413,53.45904896
28255,37.5,25.2,16.9,14.4,7.0,16.8,7.2,42454.0,15.0,18.9,43.4,10.6,716.0,22.8,20.2,39.9,13.14055637,34.599999999999994,28.199999999999996,42.3,38.6,15.216663950000001,18.3,43.61828436,41.101880192,0.0016607697,0.0003916403,5.269399173,7.0,6.449172221,46.10441187,3.6103689799999996,0.61376273,3.0868654799999997,44.465304350000004
162139,37.7,24.1,14.7,44.3,19.2,13.5,5.5,73686.0,10.5,8.2,25.2,3.1,1259.0,21.7,16.2,37.4,9.11589896,12.8,15.9,36.4,23.0,20.34843734,11.3,66.56941671999999,17.01080268,0.0014955868,0.0003183797,3.9582011312,8.1,5.477675619,25.39612443,7.282448049999999,2.35937656,0.7295402000000001,61.60169107
26181,42.9,17.5,19.0,44.9,11.8,15.6,6.2,60033.0,10.5,15.5,24.7,7.5,786.0,20.6,17.1,38.0,11.43939394,22.400000000000002,19.400000000000002,39.1,29.2,19.65117222,13.0,49.2371706,18.522329697,0.0006520085,0.0003441288,5.6617372826,6.7,5.655441237,31.70934908,7.16847176,0.84398884,0.60854131,58.39823233
20942,46.6,18.7,22.4,86.9,9.1,18.0,6.9,44521.0,7.5,19.6,24.9,6.6,830.0,20.6,17.2,39.7,10.89696071,33.1,22.3,41.099999999999994,34.2,16.794409260000002,12.8,48.06100218,23.207839092,0.0011752032,0.0004349928,6.183720813,7.2,6.0681752031,54.1230046,2.70296739,0.8373322900000001,0.4651846,40.16746646
137015,39.0,23.5,17.5,58.4,14.8,12.7,4.5,56088.0,10.5,14.2,35.3,7.4,871.0,22.7,17.6,37.4,13.22108994,28.000000000000004,16.6,38.800000000000004,29.299999999999997,17.819027509999998,12.3,62.42953694,26.230569948,0.0030098969,0.000988982,5.4759703405,6.7,5.6477712298,43.39717522,3.41728978,1.75783812,0.47371259,49.483288879999996
63594,51.0,17.5,29.2,61.8,19.4,16.6,5.0,59782.0,10.0,28.1,18.2,5.1,1046.0,19.8,14.0,34.3,10.52929522,22.8,15.9,33.900000000000006,23.5,20.59693359,12.8,63.23675497,18.75,0.0009584519,0.0006257724,4.9339812815,6.9,5.0380064478,27.59884986,3.6223395399999996,0.68004442,0.33621883,66.92580365
528251,38.5,22.8,16.3,29.4,24.9,12.3,4.1,71328.0,10.2,7.8,31.1,5.1,1122.0,21.8,16.0,32.1,8.56818232,14.6,11.1,30.0,20.1,19.566029569999998,11.5,71.35743115999999,16.750389895,0.0031144944,0.0011164519,4.3947948963,8.1,5.1588796958,17.10319764,11.65462443,2.84067695,0.5901052999999999,66.19160771
69309,40.2,22.4,19.0,66.0,15.6,12.5,5.5,47553.0,8.3,12.0,34.9,8.3,849.0,23.6,17.1,39.4,11.24454148,23.7,18.3,40.5,27.6,17.741353330000003,13.100000000000001,58.08819032,24.550288494,0.0040742874,0.0011698271,5.2925897992,8.3,5.8417817808,31.12294846,7.38554564,1.21940685,0.63633746,58.57615894
18890,40.2,20.5,18.3,74.4,7.2,21.0,10.7,40157.0,12.1,18.0,25.1,10.3,808.0,21.1,18.4,43.2,13.03724928,32.1,21.4,43.7,34.4,16.33201687,13.4,35.73750508,36.07161664,0.0012691756,0.000330033,4.4806253547,8.4,6.1188014041,51.263657429999995,4.48625979,0.87186845,0.45248869,41.51307803
356578,47.6,17.3,25.2,41.6,16.4,17.5,5.6,59880.0,13.6,31.1,24.8,4.3,1128.0,21.5,16.6,34.6,8.65645125,19.8,17.5,34.699999999999996,23.599999999999998,20.91959812,13.900000000000002,62.147578069999994,18.096813637,0.0018038734,0.0006236682,4.0943402671,7.0,5.2623468416,11.60793805,7.30153619,1.51781985,0.58946659,77.09382658
29444,43.6,19.0,21.3,39.4,16.9,14.0,6.3,60452.0,13.5,10.4,26.5,3.6,1259.0,20.6,15.8,35.8,10.92061126,29.2,18.0,37.5,27.6,18.58949711,12.6,56.27215708,40.672663277,0.0010732173,0.0002308403,5.0587613891,8.7,5.1664650916,32.09217744,17.204269019999998,0.85857381,1.22823754,48.17553065
65779,40.6,23.0,18.6,34.0,12.9,16.4,4.7,61343.0,8.7,13.6,18.2,3.5,844.0,21.9,16.7,38.8,9.65013456,17.8,17.299999999999997,36.5,27.6,21.82381109,12.6,63.450834879999995,24.778262706,0.002002718,0.0005746257,4.7820372399,7.5,5.8465166288,25.01108647,6.135469570000001,0.9627351399999999,0.56219155,65.52607110000001
97611,42.2,21.4,21.3,42.6,19.4,14.1,5.0,72186.0,7.9,8.5,18.4,4.1,881.0,22.1,15.8,37.7,9.27063853,13.700000000000001,16.2,36.0,24.2,17.86799589,11.700000000000001,65.74579131,21.130750057,0.0006653421,0.000408627,4.9708271068,7.3,5.3520101975,19.447396389999998,7.64958647,3.71759922,0.45372638,67.24206441
67456,41.2,21.8,18.7,45.6,11.9,17.2,5.2,52077.0,13.7,18.0,28.7,6.3,826.0,23.4,17.9,34.4,10.27384325,24.0,19.0,41.0,25.900000000000002,19.18765609,14.899999999999999,48.76063183,32.918395574,0.0008711687,0.0005014527,4.5795143639,8.3,6.0891692823,23.54188143,6.90691563,0.64756871,0.53867263,66.95657224
16557,41.5,18.9,19.6,78.6,9.1,19.0,9.2,39099.0,10.4,18.0,26.3,12.4,753.0,21.1,18.6,42.5,15.90136054,33.800000000000004,24.4,49.1,35.4,15.79669686,16.0,47.52333094,31.116534472,0.0011899543,0.0001228501,4.9521359616,7.4,5.8302597872,61.24506795,2.64295109,0.53234797,0.60750297,33.79470157
295934,39.4,22.9,16.5,43.4,20.6,13.9,4.4,71280.0,9.3,7.9,23.6,4.7,1061.0,24.4,16.2,34.4,9.00216441,14.399999999999999,14.499999999999998,39.0,23.5,20.82374089,11.600000000000001,68.09549098,17.968860247,0.0021096637,0.0006297124,4.1598464331,7.8,5.3742731809,16.08998217,8.090059700000001,2.5312734199999998,0.5896074,70.88340958
9612,57.9,10.8,36.3,50.0,14.6,18.4,6.4,55569.0,5.5,27.7,16.1,5.1,736.0,18.8,13.9,35.4,12.694300519999999,32.6,17.5,38.3,26.1,19.23144191,12.1,48.31061055,26.743075454,0.0005029675,0.0005122951,4.8446313947,8.5,5.3973832965,37.601850920000004,1.9515139300000002,0.73433256,0.25148375,58.21345941
29212,41.6,22.5,20.3,84.9,8.6,16.4,6.8,35972.0,13.7,21.5,40.1,12.3,643.0,21.6,19.1,38.8,14.850195399999999,35.9,22.3,42.4,34.8,15.46607122,16.2,35.99939293,36.960985626,0.0018240494,0.0003821568,5.3331467749,7.0,6.4602162849,55.59842851,2.85183106,0.62438614,0.9260558400000001,38.73649502
26585,41.5,19.9,18.1,58.4,5.4,19.5,7.8,34275.0,13.6,21.4,36.8,13.3,680.0,21.8,19.4,43.6,12.26864093,35.6,25.7,46.0,37.3,16.29596182,18.5,32.82508631,38.113287008,0.0032679739,0.0001137139,5.3836455331,7.4,6.105147274,50.41627762,2.91394336,0.41627762,4.92141301,39.165110489999996
37918,42.6,21.4,20.0,30.6,13.4,16.4,3.9,56706.0,9.3,17.9,25.7,6.0,855.0,22.1,17.0,35.7,11.55447606,28.299999999999997,17.0,38.7,27.700000000000003,20.0802029,12.8,55.25157607,25.817939016,0.0007469414,0.000657964,4.5563193868,7.9,5.9042463669,27.95106246,9.47327753,0.7623953600000001,0.87057308,60.103026400000005
78775,46.2,19.4,23.7,19.7,16.5,19.3,5.8,56710.0,10.6,19.0,24.8,5.5,852.0,25.0,15.8,35.3,9.060472899999999,20.1,14.899999999999999,31.6,23.1,19.9243573,14.899999999999999,63.53398735,23.841414412,0.0012065845,0.0005176572,4.7843704218,8.2,5.732400963,7.030201549999999,6.27054579,0.86061487,0.4678593,83.7677448
84159,40.5,21.6,20.3,66.6,10.2,13.9,9.2,41020.0,10.1,21.0,34.6,8.5,771.0,21.4,18.0,39.5,12.79369166,29.099999999999998,19.8,47.099999999999994,31.6,16.39465318,14.7,52.36482796000001,22.99929594,0.002330355,0.0004821485,6.450367893,8.1,6.1267722678,60.584399899999994,2.79401111,0.98043951,0.67737262,33.54745231
131106,36.1,18.5,17.0,29.4,14.9,15.0,4.2,57628.0,8.8,11.2,30.5,6.8,896.0,25.4,18.0,35.9,8.05145307,17.599999999999998,18.7,36.8,27.800000000000004,19.909781770000002,13.900000000000002,61.81806144000001,12.91976674,0.0014686889,0.0005898857,4.9649666653,8.2,5.7579290547,6.81722573,5.49319163,1.9609579700000002,0.32104506,83.76176243
416161,33.9,21.5,13.4,43.4,23.2,13.9,6.8,59850.0,9.0,10.9,40.2,6.7,1142.0,22.3,16.6,41.6,11.230128109999999,19.900000000000002,14.899999999999999,33.900000000000006,23.1,18.34043713,11.600000000000001,73.60894942,13.015672462,0.0041680584,0.0008247531,5.102634214,6.9,5.3266019155,48.20246602,6.46190178,3.08582155,0.4003406,39.66806072
18952,43.3,21.7,20.0,23.9,11.1,16.1,3.3,51041.0,16.1,21.2,22.4,5.1,709.0,21.4,16.5,39.9,9.15360502,24.4,17.9,38.9,28.7,18.203846249999998,14.000000000000002,56.6539924,33.12172233,0.0005752236,0.0001593964,4.4978336769,8.2,5.7221894969,21.9578518,17.408356429999998,0.54384772,1.74658788,58.568216279999994
330119,38.0,23.1,16.3,39.3,15.5,15.1,4.7,61955.0,10.8,9.2,27.2,4.5,960.0,24.1,17.3,37.9,8.96840149,19.7,15.9,36.4,27.6,17.43871155,12.9,61.19267086,19.478471163,0.0015138857,0.0006192983,4.3787053842,8.0,5.7814329328,19.69312976,9.499072040000001,2.67144756,0.4928539,65.85514917
105199,36.9,23.8,17.0,53.7,13.7,15.2,7.2,53970.0,10.8,13.0,33.9,8.0,995.0,21.0,17.4,41.9,11.4511041,23.9,16.7,40.9,29.099999999999998,18.26023041,12.3,63.785512700000005,29.726671309,0.0018240292,0.0005345654,5.1967336921,7.7,5.5341522437,47.332597320000005,4.53319253,1.43714299,0.52800845,44.12134594
27158,44.2,21.0,20.5,57.4,10.3,22.1,10.2,42305.0,11.5,14.3,30.5,9.0,782.0,23.4,18.8,39.4,12.135665079999999,34.8,23.400000000000002,42.9,32.6,17.10612837,16.900000000000002,47.005503399999995,30.709426628,0.0010890383,0.0003331359,4.9577790304,7.8,6.1205278905,30.0123925,2.21938488,0.54451913,0.39430696,64.51237373000001
30879,43.2,19.5,21.4,47.6,8.8,20.2,4.5,40848.0,11.3,18.9,26.0,14.2,786.0,20.0,17.9,39.1,13.585858589999999,31.6,20.9,47.199999999999996,34.1,15.61617824,14.7,43.489045059999995,23.889690556,0.0013716503,0.0001968246,6.6127058468,7.2,5.9646583474,62.31641631,2.62620856,0.87317253,0.55535111,32.725569570000005
282987,39.2,23.8,14.7,24.6,23.5,10.1,4.7,80158.0,8.1,5.5,27.3,3.7,1204.0,21.9,15.9,33.9,8.75711667,12.0,15.4,31.2,23.599999999999998,20.27254165,9.9,73.83793969999999,13.298189183,0.0020213194,0.0004816438,4.3001178614,6.7,4.8871399446,18.75100563,7.60894342,3.70910432,0.82964602,67.08467418000001
19089,37.5,27.3,18.8,36.6,16.6,12.5,2.3,63813.0,5.4,11.8,29.9,7.0,807.0,20.4,15.4,31.3,7.79087647,19.3,19.2,34.699999999999996,28.799999999999997,19.39907642,10.4,54.929577460000004,50.188882893,0.0027053239,0.0004706867,4.4935133704,5.7,4.3804767704,1.01066816,14.843550610000001,11.77071104,2.3684344900000003,68.10270022
34631,27.7,20.5,12.9,5.9,27.8,9.0,3.9,64438.0,4.7,10.2,41.7,5.8,870.0,23.5,15.9,30.0,6.14285714,7.3999999999999995,13.4,37.8,21.0,24.37316339,10.100000000000001,79.49820789,6.1616527727,0.0016120067,0.0005773839,4.0736669857,4.4,4.3950434257,1.6370205700000002,4.84991662,3.37409672,1.5536409100000002,87.34296832
38278,37.3,23.2,17.7,34.1,24.1,11.9,3.6,70379.0,6.9,10.7,34.1,6.3,748.0,20.2,14.8,29.6,6.468305300000001,9.9,14.899999999999999,35.9,22.8,23.76767462,10.9,69.63845081,11.202068074,0.0045583442,0.0006299047,4.3298708129,5.6,4.3567716989,1.57421885,4.74120796,3.10603451,3.91169533,84.99191689
5247,41.5,24.5,19.1,30.0,19.4,14.7,3.2,64821.0,9.4,17.2,35.0,5.0,755.0,20.3,15.2,29.5,6.597938139999999,14.6,20.200000000000003,36.8,25.4,21.47407924,12.5,70.30201342,21.663778163,0.0015063077,0.0011446013,4.915581089,5.2,4.676503861,0.50837884,2.54189418,0.58369422,12.050461310000001,81.13349652000001
1859,24.0,38.0,7.5,72.2,5.2,14.0,14.9,42917.0,39.6,16.3,51.0,14.2,575.0,22.6,23.1,38.8,8.064516130000001,38.1,35.199999999999996,44.4,37.8,18.56386741,22.7,39.06633907,50.071530758,0.0026539278,0.0,8.0547214182,5.1,6.033473473,0.63694268,1.8046709099999998,0.21231423,79.72399151,15.12738854
10369,40.3,23.4,19.6,19.5,12.7,15.2,5.8,58106.0,15.0,13.0,19.8,3.8,885.0,21.3,15.7,31.2,6.31808279,15.1,18.7,34.9,24.4,22.68029954,9.9,55.39538715,20.054694622,0.0005523336,0.0002869166,5.0381290347,5.2,4.4389302191,0.66280033,4.225352109999999,0.55233361,2.81690141,89.33996134
9302,35.4,30.8,18.2,49.2,18.6,12.0,7.1,60729.0,17.8,19.2,26.1,5.3,713.0,20.9,16.8,31.9,6.33036597,26.1,20.1,38.5,25.6,20.6242564,15.2,62.42105263,34.055727554,0.0011904762,0.0003274037,5.5483565535,5.8,4.8588196518,0.60606061,2.96536797,0.42207792,30.649350650000002,64.25324675
14953,24.6,17.3,11.9,45.6,21.0,12.7,8.2,55963.0,7.9,12.0,48.9,8.2,758.0,24.3,17.8,31.4,6.551724139999999,14.6,18.3,39.900000000000006,24.0,22.599724900000002,13.0,75.48324742,5.1882597095,0.0011664831,0.0004620462,5.7657408828,6.3,4.7373272894,1.8210096599999999,3.36983993,2.66346964,4.0632493,86.30678504
28402,39.6,23.5,18.4,46.8,14.1,11.3,1.5,65747.0,7.3,8.2,32.9,5.5,863.0,21.3,15.2,30.6,6.80486706,11.799999999999999,17.4,39.800000000000004,24.9,24.24441448,10.6,63.61831845,14.237288136,0.0035897967,0.0009498012,4.0233505011,6.7,4.330017256,0.69724897,3.5000517799999997,0.82841462,3.25843084,90.75627351
8515,56.8,13.6,31.5,55.9,18.0,19.4,3.0,75943.0,10.8,22.4,14.2,0.7,948.0,18.8,12.4,27.8,6.18762475,13.3,14.6,37.5,20.8,22.69432168,10.7,63.522012579999995,18.744906275,0.000548426,0.00046463,3.9558870368,3.3,4.3069148903,0.85554459,3.42217835,1.16266316,3.59767467,89.51409455
19966,39.7,23.4,20.0,21.8,18.5,14.6,1.4,55606.0,8.0,11.1,37.2,7.7,772.0,20.4,15.2,29.8,7.86314526,11.700000000000001,18.7,36.9,25.2,22.412391630000002,13.100000000000001,63.267015709999995,15.322217215,0.0016062644,0.00080491,4.7189791947,5.7,4.5637273904,0.87340628,5.35086839,0.99387612,3.92028913,87.77231202
5275,27.1,37.8,9.6,44.0,12.4,9.1,14.6,55077.0,23.6,13.4,39.3,6.2,670.0,22.1,21.1,36.3,8.78504673,29.299999999999997,26.6,40.8,31.0,20.03642854,19.5,45.71657326,58.246474555,0.0007680492,0.0001906214,5.3003241819,4.9,5.971487297,0.65284178,2.30414747,0.42242704,72.61904762,20.103686640000003
7079,54.7,16.7,31.4,100.0,11.9,20.1,2.7,54886.0,15.2,21.3,24.2,5.7,813.0,20.0,14.3,31.7,8.97832817,20.0,18.9,36.5,25.1,19.78190713,15.299999999999999,66.05809129,19.7856554,0.0063573651,0.0006942516,6.1042368926,4.3,4.9421901401,1.1226836199999999,3.7062085799999998,1.9207358300000001,6.33031246,84.52590288
7533,43.8,21.8,23.0,11.5,16.4,15.0,3.3,70851.0,9.0,12.0,18.5,5.3,493.0,19.4,13.8,27.9,6.19621343,11.600000000000001,15.0,33.1,21.9,23.39721618,10.6,73.66730892999999,10.479041916,0.0001323977,0.0007979785,4.2209609028,5.9,4.2198203024,0.7943863400000001,7.62610883,0.45015226,1.94624652,89.05070832999999
3983,45.7,23.8,25.2,14.7,11.9,12.8,2.6,48272.0,7.2,28.0,23.6,4.4,565.0,20.1,14.8,29.9,7.975460119999999,17.4,19.6,36.8,25.900000000000002,22.75951461,11.4,60.05361930000001,12.674271229,0.00024888,0.0010057833,4.3168209256,5.3,4.6992701073,0.42309607000000005,2.09059233,0.47287208,7.81483325,86.56047785
17812,39.2,24.6,17.1,81.9,24.8,12.5,0.4,83750.0,6.5,7.0,26.5,7.5,920.0,20.3,14.4,27.3,7.7930582799999994,10.8,13.3,34.8,19.5,23.58706535,10.4,67.61177753999999,23.195129023,0.002950522,0.0007912287,3.7832606704,4.0,4.2003119502,0.81139355,3.3079891100000003,0.74330458,12.76100772,80.3790286
7401,41.7,26.0,21.9,8.2,19.3,13.0,1.5,69139.0,4.5,9.0,23.3,4.7,660.0,20.3,14.4,28.3,5.42082739,13.700000000000001,17.4,34.1,22.400000000000002,23.1220928,10.6,73.92156863,10.645375915,0.0004057344,0.001214411,3.5809186882,5.9,4.317386612,1.04138491,2.94833649,0.3922099,1.8934270999999998,93.06194212
11207,44.3,20.0,23.4,22.6,24.9,12.9,1.6,74884.0,4.0,20.3,26.6,2.5,819.0,19.4,13.6,30.5,5.5952381,8.9,15.2,35.8,20.1,24.48616341,10.2,71.05704698000001,8.6385625432,0.0015411114,0.0006451018,4.3109361384,5.6,4.2723433524,1.16036624,5.36669386,0.9246668499999999,2.04877164,89.54763847
26047,43.0,16.9,23.4,9.5,24.9,17.1,2.5,62977.0,10.8,20.3,34.3,4.5,888.0,20.4,14.0,28.8,6.6347469199999995,11.4,15.8,35.0,21.4,22.75473965,12.0,72.28123418999999,6.3918184724,0.002637864,0.0009554749,4.5784623019,5.3,4.4215682966,0.9446405,3.98531351,1.5684597000000002,2.25644316,89.65529533
65801,35.9,27.1,13.7,12.0,28.4,7.9,1.4,92317.0,4.2,2.7,27.3,1.5,1206.0,19.7,13.6,26.6,7.125715339999999,3.8,10.100000000000001,32.6,17.1,23.21068933,7.9,79.5960202,7.1306332002,0.0031267921,0.0013260645,3.3135688915,6.5,3.4999151961,2.27887162,3.31112264,1.90747972,0.9489609200000001,89.97924575
29970,36.5,21.8,15.9,24.5,20.8,14.0,3.5,70256.0,9.9,8.1,27.1,2.5,1109.0,22.6,15.8,27.9,6.86535391,8.5,14.499999999999998,33.300000000000004,20.8,24.277434200000002,9.9,73.58401324,15.172900494,0.0035859663,0.0005965598,3.8572501878,5.9,4.4540279529,1.8317503400000001,5.04296698,1.3406991,3.4179750600000003,86.12457194999999
197742,35.6,25.3,13.5,26.3,23.9,10.4,2.4,73110.0,8.2,5.8,36.6,5.1,927.0,22.3,15.7,28.1,7.2258458999999995,10.299999999999999,11.5,33.900000000000006,20.8,21.79135163,9.6,72.03891781,16.76594927,0.0025274247,0.001021609,3.8625243678,6.3,4.2367446082,6.82356352,6.845793259999999,2.18286377,3.04112502,79.13642293999999
6346,40.6,26.2,19.5,19.2,17.3,12.9,1.7,71469.0,8.0,8.0,30.4,3.8,644.0,19.3,14.2,31.0,7.26978998,11.1,16.8,32.800000000000004,22.7,22.61837699,10.5,68.37916064000001,11.379800853,0.0012403101,0.0004750594,4.1499162717,5.6,4.3837602012,1.1627907,6.31007752,2.0,13.81395349,75.00775194
110386,39.6,22.3,19.1,30.0,21.3,14.9,3.5,67823.0,11.1,9.9,30.8,5.6,996.0,21.0,14.8,31.7,7.40997917,16.3,16.6,34.599999999999994,21.5,21.541821159999998,11.799999999999999,70.91092461000001,28.239809907,0.0035719524,0.0011358961,4.2401550028,6.8,4.9132554743,1.29418566,5.93858658,1.43395771,10.203359709999999,79.21796675
10242,37.0,28.8,19.9,55.6,11.8,9.9,5.2,59022.0,18.7,24.1,32.1,4.2,596.0,20.5,16.8,34.7,5.31813865,19.900000000000002,21.8,42.8,28.199999999999996,21.53255295,14.299999999999999,62.47075339,35.968028419,0.0010777974,0.0002951884,3.9767125616,6.0,5.3175427479,0.61728395,3.00803449,0.52910053,36.80188125,56.848912399999996
6355,45.0,23.2,22.9,31.7,20.3,11.2,1.6,65795.0,6.8,16.0,26.0,4.2,651.0,20.2,14.2,30.2,4.9001814900000005,12.6,16.8,36.8,22.8,22.95108485,10.7,62.59204713,9.6774193548,0.0006487188,0.0004785452,3.9444193548,5.7,4.4511258243,0.8595523799999999,2.98410639,0.16217969999999998,1.89750243,93.75608174
9353,25.1,39.4,7.3,44.2,9.2,7.8,15.1,33792.0,27.6,16.7,57.0,16.9,519.0,24.2,24.8,40.3,8.63422292,37.9,33.800000000000004,44.3,37.2,17.47847408,26.700000000000003,41.5649979,61.533888228,0.0009783672,0.000215378,6.614265525,4.9,6.1647962986,0.46744211,2.4785302799999998,4.48961844,84.25915859999999,8.05522339
5607,44.7,22.8,23.0,8.7,13.6,8.6,4.9,56758.0,10.9,22.0,29.1,5.6,800.0,20.6,15.9,31.6,8.64,21.4,22.900000000000002,41.199999999999996,28.499999999999996,21.98670244,13.900000000000002,53.85839300000001,36.639857015,0.0042697029,0.0008978273,4.6883680556,4.9,4.764204144,0.51592243,1.51218644,0.55150329,15.26418787,80.39494752
16700,40.1,24.3,18.4,26.1,22.1,11.3,3.0,82036.0,5.1,4.5,30.0,2.5,1008.0,19.9,13.8,31.2,6.54281099,5.6000000000000005,13.4,32.6,20.200000000000003,24.86623433,9.700000000000001,75.28534824,6.5508402165,0.0004655764,0.0004741584,3.8426743427,6.1,4.1495803078,1.38508991,5.13879998,1.51312344,1.1464819899999998,89.39649654
5317,40.9,22.6,23.0,2.2,19.7,13.0,3.6,57697.0,11.7,19.0,26.6,2.9,832.0,19.8,14.5,29.2,5.43259557,18.8,17.2,34.8,23.9,23.26041721,12.4,69.81412639,23.900573614,0.0020876827,0.0011432927,4.4600501987,5.2,4.624891852,0.41753653,2.4672613400000003,1.84095654,15.031315240000001,77.77566901
23311,41.7,21.3,19.9,27.3,17.4,13.8,1.6,68847.0,7.7,5.9,29.6,5.0,765.0,20.2,14.4,28.7,7.05679862,12.2,15.5,35.3,21.3,23.47201703,9.9,65.63411079,14.715291107,0.0078241272,0.0010301756,3.6507338129,6.1,4.2294633503,1.6456180599999999,6.16150019,0.7101245899999999,3.28698388,87.00939746
77337,42.1,21.2,20.2,27.5,13.5,20.6,5.4,60633.0,9.9,11.5,30.2,5.4,937.0,30.2,19.9,36.5,9.49122807,18.2,17.299999999999997,38.3,25.1,17.61232845,16.7,64.08662315,26.260226973,0.0011840367,0.0005027328,4.9488039788,7.7,6.648976263,3.97587058,4.28496647,1.55046489,0.5421641700000001,87.48410898
50533,37.9,25.1,14.6,27.7,12.0,15.4,4.6,59955.0,13.8,6.8,29.6,3.9,863.0,29.6,20.4,40.0,9.008824129999999,19.0,22.0,41.3,29.799999999999997,18.12726452,14.399999999999999,47.64318297,39.087371772,0.0007350862,0.000293433,3.8867904584,7.1,6.5410667982,7.631702949999999,16.31137499,1.1817924800000001,1.5342569,72.63217415999999
15933,47.9,19.5,23.6,76.4,6.3,25.0,6.5,47737.0,10.4,21.1,26.1,4.2,779.0,29.4,20.5,39.6,7.46003552,27.3,24.099999999999998,39.800000000000004,30.4,17.45991073,18.7,48.15049004,34.52991453,0.0004347016,0.0002520161,4.0081290096,6.8,6.8963921529,2.54610942,3.11122151,0.65826244,0.7948829399999999,91.28112774
14816,44.6,16.4,19.3,55.2,6.4,26.6,6.7,51783.0,17.0,17.2,19.4,5.2,751.0,29.0,21.0,39.8,8.35266821,28.1,26.1,42.8,32.2,16.83487183,21.3,23.89168464,40.120361083,0.0003320053,0.0001312853,5.0224916172,7.0,7.0068921449,5.4116865899999995,3.86454183,0.33864542000000003,0.8100929600000001,88.12084993
135951,43.8,19.9,20.6,20.5,16.5,13.4,4.1,70935.0,9.9,11.0,23.7,3.0,957.0,29.3,18.5,37.9,8.19653825,13.100000000000001,18.099999999999998,33.4,24.3,18.356980949999997,12.5,57.76493373,20.9847249,0.0017390567,0.0006831147,3.7183760804,6.6,6.0398559621,2.85954643,4.82977039,0.9508257000000001,0.51606153,89.3281303
108859,39.9,21.7,17.1,39.2,14.8,18.2,5.4,60692.0,10.9,8.0,32.0,4.7,917.0,28.7,19.7,37.1,8.06375443,19.3,17.8,39.2,24.6,17.611639789999998,15.5,61.1391387,22.447615678,0.0015146219,0.0004811096,4.3361937314,7.9,6.3535166179,4.91848825,8.62886385,1.3299993700000001,0.79943359,82.85609299
39397,44.2,20.5,20.6,40.5,7.6,28.3,7.1,48258.0,10.2,19.4,32.7,6.2,704.0,31.0,21.5,37.3,9.15631131,25.7,23.200000000000003,39.2,30.7,17.635881440000002,20.3,43.48015226,37.041884817,0.0005966735,0.0003537319,5.2414586743,7.4,7.0290237025,0.58672899,1.67068593,0.44501902,0.35303185,95.6865475
14481,40.7,21.4,17.4,7.7,11.7,19.6,3.3,57651.0,11.4,9.0,23.4,4.9,689.0,30.3,20.5,39.2,8.35360908,21.8,22.5,36.199999999999996,29.4,18.38470281,16.1,52.0716386,29.728725381,0.0002655514,0.0002061431,5.3309799888,6.9,6.6359269056,2.17752108,3.3326694499999996,0.53774149,0.51782513,91.7745469
28381,41.7,21.8,20.1,28.5,11.9,20.1,4.6,49700.0,10.5,15.8,25.5,6.6,723.0,29.7,20.2,38.9,8.70361887,21.9,25.3,40.6,32.300000000000004,16.80956682,16.400000000000002,55.86443854000001,26.930815663,0.0005544006,0.0003517164,5.3676374428,7.0,6.6724497457,9.830214830000001,3.3056133100000005,0.48510049,0.62716563,83.80803881
56315,46.0,18.0,22.1,39.9,13.5,22.2,7.2,47994.0,12.9,14.1,26.7,5.9,727.0,31.5,20.2,42.9,9.152542369999999,23.0,23.1,41.3,30.3,17.3753248,18.0,58.015035309999995,25.883716438,0.0006839465,0.0003028468,4.8161011444,6.2,7.0067950056,2.03079513,2.7375399000000002,0.54540353,0.46999404,92.87117253
41184,40.9,21.4,15.5,12.2,15.0,14.6,3.7,77014.0,10.2,6.9,18.8,1.8,1190.0,28.7,18.9,37.8,8.1702392,12.4,17.9,37.4,25.2,18.66161509,12.5,60.670032119999995,16.759776536,0.0008756567,0.0005779929,3.7895144904,7.8,6.2658736633,2.99853268,4.87764472,0.58929332,0.62005964,89.28148814
17392,38.0,21.6,17.3,67.2,10.0,11.8,6.9,57471.0,10.6,15.5,23.4,4.0,658.0,30.8,21.2,41.3,7.3302469100000005,21.3,24.7,39.2,31.7,17.18546136,14.000000000000002,57.550622100000005,15.992292871,0.0009655799,0.000285649,4.5312056145,6.7,6.664382138,8.93445416,3.5385663999999997,0.7383846399999999,0.6588663,84.20992843
32092,42.0,18.9,19.7,23.7,10.9,25.9,6.1,42406.0,9.1,12.2,28.4,5.1,710.0,30.9,20.8,38.6,8.91438658,27.0,24.6,41.099999999999994,30.2,17.64190585,19.2,53.9636086,23.500925794,0.0002143688,0.0005268541,4.592120394,7.5,6.8965230643,1.2280271900000002,1.81294788,0.97690941,0.45629938,94.30085135
36186,45.5,20.4,21.7,51.2,7.7,23.4,6.2,45110.0,12.8,18.4,29.2,4.3,763.0,31.1,21.2,41.4,8.07722616,28.7,25.0,41.5,33.900000000000006,16.55654128,19.5,38.68030435,35.155096012,0.0005614373,0.0003844253,4.2410901468,6.8,7.145244907,2.04256229,3.21623356,0.55609026,0.65501016,91.80568923
58080,39.3,24.0,17.4,54.5,13.8,18.7,4.6,57424.0,9.7,9.1,31.0,4.3,844.0,29.8,20.0,39.7,9.04047668,19.400000000000002,24.5,39.6,30.4,16.97122579,16.8,49.761839959999996,30.829141652,0.0021770323,0.0005251389,3.8929597198,7.0,6.8832451214,3.9565913,6.53934326,1.3045701200000002,0.64486336,85.44686887
61552,52.6,16.9,31.5,37.4,11.0,21.1,5.7,56002.0,9.1,11.9,21.0,5.6,786.0,29.1,18.3,35.2,8.30836284,24.3,21.3,37.4,29.099999999999998,17.8531302,16.1,42.30574751,33.952594491,0.0004014824,0.0006405022,3.6768343249,7.0,6.4459111372,0.79369981,3.71525633,0.73347746,0.51729463,93.23656578
709786,34.7,20.4,12.8,32.9,28.4,11.4,4.6,71863.0,12.1,9.3,45.8,6.7,1394.0,28.2,19.2,37.0,9.13736742,17.299999999999997,18.0,32.300000000000004,27.1,19.408048450000003,13.200000000000001,74.60268986,24.27244582,0.0043434681,0.00090489,4.3765094588,9.7,6.1135614261,25.38317699,13.74804516,3.8029912899999996,0.62246081,54.585349009999995
11483,45.8,20.2,23.5,28.7,12.6,16.0,7.9,48466.0,9.9,33.7,21.8,3.8,705.0,30.4,20.6,41.4,6.97368421,24.0,25.5,41.5,33.2,16.98442675,17.1,47.80666125,15.81027668,0.0012868909,0.0002633658,5.2067572948,6.5,6.7829378335,2.53088538,3.94646534,0.8407687,0.5748112599999999,90.82875772
20209,42.1,21.6,18.7,57.6,14.0,21.4,5.0,46907.0,9.7,15.6,31.4,8.7,745.0,30.1,20.8,38.5,10.1543943,22.0,25.3,41.699999999999996,33.300000000000004,16.93701411,18.9,44.8856799,32.681420484,0.0004711425,0.0003906632,4.8421783031,6.9,6.7476583773,1.63486455,7.835100120000001,1.24381625,0.60777385,87.26501767
54563,39.2,22.7,16.3,44.5,12.3,17.2,3.8,68492.0,9.8,10.6,20.2,1.9,947.0,29.4,19.6,38.7,8.034528550000001,13.600000000000001,20.200000000000003,35.099999999999994,27.200000000000003,19.54846873,13.600000000000001,59.413037599999996,24.961423255,0.0012163091,0.0003074586,3.3791182171,7.2,6.6783593484,3.87103598,5.1966366399999995,0.72449717,0.59757796,87.75582154
36818,40.5,23.7,17.6,35.2,13.1,18.4,4.5,53150.0,9.4,10.1,36.7,6.4,734.0,30.8,20.7,42.2,10.47499214,23.9,24.7,41.3,32.0,16.57957532,16.3,53.15836298999999,33.714854441,0.0008219628,0.0003277345,5.365571629,6.2,6.599986036,15.18713354,4.137213,0.69866842,0.48769796000000004,77.54397501
42228,46.8,18.4,22.0,33.1,17.4,17.2,5.3,81074.0,8.4,7.6,18.4,5.0,871.0,25.8,17.6,36.5,9.93468546,18.5,16.8,36.8,24.5,16.83535763,11.600000000000001,62.61369577,17.992289019,0.0003169213,0.0003035114,4.6808425707,8.4,6.1734210442,27.4770798,3.96604414,0.94850028,0.46632711,66.21165818
18642,46.3,20.5,22.7,5.8,11.3,24.0,5.3,47884.0,8.5,17.4,22.6,5.5,645.0,30.4,20.6,39.1,8.54961832,26.6,26.400000000000002,40.1,32.4,17.17387637,19.0,53.046776230000006,29.207232267,0.0004061738,0.0003183024,4.4756077926,6.7,6.9212276463,0.5838749,2.34565394,0.59910642,0.47217709,94.97867586999999
42980,42.4,19.7,20.3,34.3,13.2,20.0,2.6,57933.0,9.1,14.2,24.0,5.5,828.0,30.1,19.6,39.5,8.42034355,19.1,23.1,39.0,29.4,18.62255572,15.8,50.42088439,19.624255952,0.0006270435,0.0005553627,4.2368984721,7.1,6.6211835427,4.71850226,3.81600752,0.949523,0.5643391400000001,87.92269449999999
50455,39.8,24.2,17.5,55.9,11.5,21.1,5.4,55455.0,10.7,11.0,33.7,9.2,756.0,28.5,20.2,40.3,8.37619398,19.2,22.5,40.0,30.8,17.4790166,15.4,53.73390558,25.36101083,0.0003918111,0.0003957183,4.6598144365,7.2,6.6468107682,17.47085905,3.6007444399999997,0.55441277,0.36046626,76.01332158000001
30317,43.7,20.4,20.7,5.4,12.3,15.5,5.1,56877.0,8.1,18.6,26.8,4.0,817.0,29.1,19.8,39.9,10.19462465,21.9,23.200000000000003,38.2,30.7,17.7667517,14.299999999999999,51.477795930000006,22.310513447,0.0006510205,0.0003601598,5.1374157395,6.9,6.6128506872,9.534194849999999,3.11513297,0.50779597,0.5761531200000001,83.98489632
23648,45.6,19.6,20.7,40.7,8.0,23.3,5.8,47098.0,10.8,19.5,23.0,6.6,648.0,29.9,20.1,39.5,9.506618529999999,21.7,25.7,38.0,32.9,17.338336169999998,18.0,50.28944910999999,30.350719424,0.000202585,0.0001262467,5.293490769,7.7,6.7415327437,1.04128682,3.71135691,0.30387748,0.5712896599999999,93.35116081
70399,44.7,19.1,21.8,43.8,11.2,22.2,5.4,51975.0,10.1,14.0,24.6,4.9,689.0,29.3,19.9,40.2,8.58416945,19.8,23.400000000000002,38.0,32.2,17.62765225,17.2,47.66650161,26.174730247,0.0011573915,0.0005239235,4.5348971523,6.9,6.9135189227,2.28033675,4.013668239999999,0.59660774,0.41748763,91.30440773000001
64531,41.2,23.2,18.2,14.2,11.9,19.4,6.6,49656.0,13.3,8.5,32.8,4.9,799.0,30.1,20.6,39.5,8.51023859,21.7,20.9,38.7,29.799999999999997,17.41018888,17.2,50.893843849999996,32.133856063,0.0022502114,0.0005739282,4.6443979058,7.5,6.9928121493,3.5036849100000005,15.14135556,1.14775885,1.07375861,77.82107044
367193,39.7,20.8,18.1,32.6,22.4,14.7,4.4,69069.0,9.6,9.0,35.4,5.9,1079.0,26.6,17.9,36.9,8.93120998,19.0,18.2,33.300000000000004,25.8,19.50063403,13.4,73.33135421,20.233041279,0.0028115325,0.0010917415,4.5470171891,8.5,6.0995730949,17.74108628,8.17345155,2.34426005,0.7018301299999999,69.52356633
25519,40.7,19.0,18.5,49.4,7.0,23.2,12.8,43566.0,10.4,15.8,29.4,7.0,773.0,25.8,20.7,44.1,11.648846370000001,29.5,24.5,47.5,33.5,15.18023748,15.1,37.72337132,32.292557742,0.0015254038,0.0001573193,4.5702146256,7.4,6.3990730583,41.09594399,2.2216138,0.9152423,0.39112918999999996,53.694215199999995
26824,45.5,20.0,23.0,58.0,11.0,19.2,3.3,46902.0,13.2,27.4,24.4,4.5,735.0,30.2,20.6,38.0,7.788516199999999,24.2,21.2,37.5,28.1,17.48620329,17.8,48.79795396,22.655007949,0.001138492,0.0005577867,4.8622617028,6.8,6.9774067348,3.24653862,2.56711594,0.5876087999999999,0.59128135,91.55312351
57107,45.5,19.3,21.5,29.2,11.3,23.0,8.6,53647.0,9.7,16.0,21.8,5.0,737.0,30.7,20.1,37.1,8.82191781,22.2,20.599999999999998,37.5,27.700000000000003,17.95127102,17.599999999999998,54.65399419,27.694213414,0.0002559727,0.0003142019,4.6433059671,7.2,7.0035869191,1.4556314000000001,2.22525597,0.59044369,0.43515358000000004,93.98634812
17806,43.1,22.0,19.7,47.2,7.2,25.0,8.5,44890.0,11.4,13.0,41.9,9.7,715.0,26.7,20.9,43.1,10.97834205,28.9,25.8,44.3,36.3,14.41341018,17.0,45.58541267,24.566088117,5.77101e-05,0.0002260653,5.6180200757,7.4,6.9285493771,50.548245609999995,4.88804247,0.38088643,0.5251615900000001,42.63042475
27845,40.7,22.9,18.5,10.1,9.4,18.0,5.4,51576.0,11.9,16.8,28.7,4.6,759.0,29.0,20.4,37.7,8.69363087,18.2,23.3,43.0,33.4,17.5800935,16.8,39.88948626,27.423249396,0.0005700036,0.0001788717,5.1396163141,6.7,6.982110122,7.588172429999999,3.11364446,0.46312789,0.5450659099999999,85.97434984
32305,45.7,20.2,23.4,18.8,12.4,22.9,4.0,48025.0,11.0,22.6,24.6,6.2,727.0,30.4,19.8,38.4,9.11627907,26.200000000000003,23.0,39.4,29.799999999999997,17.53482774,17.5,46.32085094,25.818944651,0.0019045279,0.0006824033,4.731948376,7.3,6.7316944386,7.03753763,3.0503164,0.66658475,0.47613196999999996,86.7205259
24996,41.8,20.6,17.4,13.5,8.8,19.9,3.7,54669.0,9.1,15.7,20.6,3.2,796.0,29.7,20.5,38.4,7.77366473,21.8,22.5,39.7,29.799999999999997,18.15928298,15.5,47.77727204,25.092554504,0.0006582514,0.0001975738,3.7469665792,6.6,6.6178672101,4.54580655,3.60876636,0.48788043000000003,0.75505305,88.92976071000001
8253,44.1,21.7,20.1,41.5,7.1,19.3,4.2,51544.0,11.4,23.5,20.0,4.2,719.0,30.1,20.1,37.9,9.52380952,22.6,23.1,38.1,30.099999999999998,18.50526701,16.0,45.617740229999995,19.825072886,0.0029786727,0.0002404713,4.240511484,6.9,6.7297750215,3.12164899,3.45526034,0.65530799,0.58381985,90.05123317
19032,43.0,22.2,20.2,0.3,10.8,17.2,10.2,54185.0,10.8,24.3,20.8,3.3,814.0,30.1,20.3,37.1,8.61709521,20.1,23.9,37.7,30.2,18.13874289,14.6,52.23048327000001,31.662995595,0.0005205893,0.0001561605,4.0888093353,6.8,6.6708936927,2.86844708,3.12353584,0.84335468,0.76006039,90.80118694
55017,44.4,19.1,20.2,11.6,13.0,20.4,5.4,60393.0,9.4,16.4,25.5,2.6,832.0,30.1,19.5,35.8,8.11188811,18.099999999999998,19.6,38.800000000000004,26.400000000000002,18.36149822,15.0,55.360100970000005,19.698526893,0.0006397178,0.0004494463,4.2741974249,7.8,6.4075353024,1.9122376300000001,4.7978837400000005,0.76074553,0.5186901300000001,90.68432518
17982,46.2,16.5,23.1,65.0,9.7,21.9,4.4,47571.0,13.2,21.4,23.8,5.1,647.0,30.1,20.4,38.2,8.54947166,28.000000000000004,23.400000000000002,39.1,30.0,17.63445171,18.7,31.35298213,30.731190392,0.0008707483,0.0003302146,4.3918610165,5.9,6.8138575746,2.53605442,3.39591837,0.32653061,0.41904762,92.07619048
481406,37.4,20.8,16.1,22.2,23.9,12.3,3.8,68580.0,8.0,8.1,35.1,5.6,1097.0,30.7,19.0,34.1,8.22832935,15.8,17.0,37.5,22.3,17.874887140000002,13.200000000000001,71.76949226,15.735985138,0.004408102,0.0010931275,4.6132016461,8.7,6.2294652923,8.40215791,6.374870420000001,2.61310367,0.39826712000000003,80.03231676
25171,38.9,22.3,16.0,77.4,6.4,22.7,6.1,46702.0,10.6,14.8,38.0,8.3,694.0,27.9,21.8,45.7,13.32007952,36.6,26.5,44.5,35.199999999999996,15.008622699999998,16.8,36.56750572,44.114886428,0.0002844372,0.0001593118,4.9691665409,7.6,6.5464866882,34.811052419999996,2.90125965,0.5851280000000001,0.8898821600000001,59.459569280000004
44377,39.0,24.9,17.6,50.3,9.4,17.5,6.3,51038.0,13.8,11.7,24.6,7.1,715.0,32.0,21.2,39.6,8.92590751,20.1,21.3,41.0,28.9,17.68781185,16.3,52.16551724,25.985844287,0.0009541571,0.0003792273,4.6709543942,5.3,6.7743712899,1.8996400199999999,2.89716789,0.50526955,0.51828078,92.51203539000001
12637,42.2,21.9,20.4,55.9,6.6,21.5,5.2,44613.0,12.7,10.7,21.4,2.8,744.0,30.2,20.6,38.3,8.2815735,21.4,26.8,39.0,32.800000000000004,17.64870663,18.0,54.96977837,37.17472119,0.0004592071,0.0001555573,5.3520318244,6.1,7.0601538184,2.10469922,3.4976274299999996,0.8878004,0.61227614,91.34394612
35365,43.2,22.2,19.3,66.9,11.6,16.5,4.3,61374.0,9.5,10.6,23.7,4.6,755.0,28.3,19.3,38.5,8.45175767,18.9,20.0,40.5,27.200000000000003,17.35795586,14.099999999999998,44.732254049999995,24.937308442,0.0003870718,0.0004233342,4.7743160202,7.2,6.5573209276,6.77375653,4.28267301,0.73820122,0.84326357,85.37974509
55507,48.5,19.1,26.9,16.4,17.9,14.0,3.0,75008.0,8.2,9.3,18.4,3.1,960.0,26.7,16.9,35.9,8.100785689999999,15.9,19.0,36.3,27.0,19.36904242,13.5,54.02288732,25.155246816,0.0005611394,0.0005468337,4.2372652141,6.4,6.3433270943,1.36323876,10.5279662,0.99024608,0.69317225,85.54900893
53532,42.3,21.1,19.8,13.2,11.3,19.2,5.3,57982.0,11.2,11.3,25.9,3.5,803.0,29.2,20.1,38.1,8.331344,19.5,20.3,40.400000000000006,27.200000000000003,17.67121634,15.8,52.81114849,31.337535014,0.0008082187,0.0004994543,4.1408450704,6.9,6.4549979222,3.676497,4.757714,0.76331765,0.59628579,88.19461906000001
25895,42.9,21.6,20.7,12.7,6.6,16.5,6.2,46920.0,10.1,21.1,20.9,4.8,706.0,30.2,20.9,38.4,8.65733541,21.2,23.599999999999998,43.1,31.6,17.383791379999998,16.400000000000002,46.70549085,24.907749077,0.001375989,0.0004253674,4.3869417009,7.2,7.1704461427,6.0314184200000005,2.30095937,0.47012957,0.56568436,89.0226656
25365,39.1,24.5,15.6,16.7,6.5,17.3,3.6,51215.0,10.4,14.3,28.2,3.3,789.0,30.7,21.8,37.7,8.810949529999998,22.400000000000002,22.8,40.400000000000006,31.5,18.05474881,16.6,34.23671719,40.053660406,3.73232e-05,0.0001945601,4.3946286995,7.5,7.1168707898,1.2764528000000002,7.01302579,0.9293472199999999,0.95174113,89.06430784
98644,38.4,22.2,17.3,32.0,15.7,16.6,7.4,55280.0,10.4,10.4,37.9,7.7,994.0,26.9,19.5,36.6,10.85491309,27.700000000000003,19.5,39.5,28.000000000000004,15.07467964,14.499999999999998,57.971486760000005,22.76721209,0.0031554646,0.0013869906,5.1119487046,6.3,6.2158399947,37.718387390000004,5.41066406,1.2894055,0.42140069999999996,53.5612392
28852,43.6,20.7,20.0,23.2,9.3,21.5,5.7,58139.0,8.7,14.4,22.3,4.5,824.0,30.4,20.2,38.0,9.12037037,21.5,21.4,40.8,29.4,17.7488639,17.0,52.566947770000006,31.387762299,0.0002722755,0.0003462964,4.4738358928,7.6,6.7190452229,3.8492954900000003,2.77380709,0.7759853,0.60921653,90.25593900999999
34567,39.3,23.2,16.4,30.1,14.4,12.0,5.8,65325.0,6.8,9.3,23.1,2.1,887.0,30.1,20.0,40.4,8.41750842,15.2,23.9,40.1,31.5,17.75123434,14.499999999999998,54.960821100000004,20.624079282,0.0007304997,0.000171507,3.702560812,6.9,6.6315735161,5.93598658,7.461919320000001,0.6736830699999999,0.52758313,83.55563973
102002,39.4,23.0,16.6,14.6,17.6,11.6,2.5,71500.0,9.1,8.9,28.0,2.6,1126.0,27.9,18.9,39.2,8.4053847,13.8,19.6,40.699999999999996,26.1,18.59659253,11.700000000000001,63.52034755,22.061834562,0.0022029614,0.000486827,4.0533848319,5.7,6.1088354092,10.8531961,8.28006501,1.42109065,0.5886601699999999,76.93391116000001
12839,45.5,20.2,21.1,46.4,7.3,21.9,7.5,59434.0,11.7,14.6,23.4,4.3,832.0,30.2,20.4,35.3,7.849829349999999,23.1,19.6,38.0,26.0,18.374690530000002,17.0,39.833159540000004,31.85483871,7.30407e-05,0.0003831711,5.3047614353,7.5,6.6941251364,2.20582865,2.5783361300000003,0.38711562,0.9422248200000001,92.57176247
46489,44.6,20.8,21.5,39.0,10.7,22.5,6.6,52123.0,11.1,11.3,27.9,4.9,668.0,30.8,20.4,36.1,9.82495765,21.2,24.099999999999998,36.1,31.1,17.8739552,17.2,46.42186326,35.573985159,0.0005967815,0.0001927277,4.7864347182,7.0,6.4648421504,1.95085813,4.932707740000001,0.61324443,0.70584846,90.16751039
222305,31.4,26.7,9.5,27.4,19.4,15.5,6.1,67890.0,8.6,7.7,37.4,3.6,1128.0,28.6,20.0,44.8,8.7510008,15.7,18.4,42.6,27.3,17.66157558,13.4,69.91782298,23.679604654,0.0023470851,0.0004036858,3.7176676018,6.8,6.2277863826,21.44393677,11.64120864,2.38502201,0.77124466,59.54425694
21124,41.6,19.2,18.3,58.6,7.3,23.2,8.4,51971.0,11.0,17.0,18.5,4.4,742.0,30.0,20.8,41.0,9.32330827,19.6,25.4,40.2,31.6,17.31365601,18.6,39.73688953,28.009084027,0.000185417,0.0001881999,4.3255994445,7.0,6.9264906665,3.55537014,2.18328466,0.3291151,0.53307375,91.96681036
30670,42.3,21.8,20.4,55.2,10.9,22.7,5.0,50638.0,8.8,12.5,34.3,7.3,732.0,30.2,20.4,40.8,8.422402739999999,27.0,23.5,40.9,30.3,17.05739529,17.299999999999997,51.14700692,26.286442568,0.0004932426,0.0004267052,4.4300045188,7.6,6.6319326806,10.53566144,5.6591365,0.48337772999999995,0.38801749,80.8062872
22576,43.1,21.1,20.1,26.1,8.9,17.3,3.5,46580.0,7.3,14.8,21.1,4.6,777.0,30.6,21.0,38.0,6.737588649999999,19.1,23.799999999999997,38.0,31.6,17.685319059999998,16.7,41.15203022,18.447694038,4.28688e-05,0.0003940628,5.3091856816,6.9,6.9776849972,0.87452308,2.45209414,0.33866335000000003,0.59158915,94.6156814
8432,42.8,22.3,21.7,3.9,7.1,18.7,10.9,55978.0,16.4,38.6,23.8,3.6,699.0,30.2,21.0,38.5,7.008086249999999,26.1,23.3,38.800000000000004,30.7,17.87530715,16.7,44.807280510000005,37.110669317,0.0005623664,0.0002360718,4.7755936986,6.2,6.9124843567,2.92430548,2.3057024,1.07974356,0.73107637,90.90091103
17620,46.3,19.5,20.9,20.1,8.2,21.8,7.8,53775.0,15.5,18.2,21.1,5.7,678.0,30.5,20.1,39.3,7.98611111,19.8,22.8,37.6,28.9,17.99339961,15.9,50.84183673,32.656943564,0.0002772695,0.0003375338,5.019673283,7.0,6.6984368349,0.91498919,2.26251872,0.43254034,0.60999279,94.51561027
80157,36.3,20.6,16.3,29.7,17.4,13.9,4.5,54371.0,9.0,7.8,39.1,4.1,842.0,28.9,20.5,36.0,7.38663676,18.6,20.4,38.4,27.500000000000004,17.73991527,15.6,61.26135217,18.683587652,0.0026835552,0.0006651229,5.215311672,6.1,6.4640994013,2.21005677,8.60049616,1.53737894,0.9923190700000001,85.63642002
33031,40.9,22.0,18.9,22.9,11.7,21.5,7.9,55568.0,11.1,16.0,26.5,6.6,780.0,30.2,20.6,40.7,7.316162750000001,21.4,24.4,39.300000000000004,31.900000000000002,17.552067609999998,17.2,42.12384916,31.975587104,0.0003537319,0.0003621439,4.2852867427,7.3,6.7208039101,2.07817474,6.4791887699999995,0.68682938,0.66619502,88.44181111
53777,47.4,18.7,23.0,9.6,13.0,18.6,4.9,66460.0,7.4,13.8,22.7,5.4,753.0,29.6,18.7,38.3,9.050312589999999,16.5,19.3,39.4,27.0,18.57958838,15.1,51.38571065000001,26.222177051,0.000641757,0.000425989,5.0293341492,6.8,6.5798183194,2.73816315,2.7203365699999997,0.72910724,0.45992584000000003,91.65002852
73297,39.4,23.7,14.9,17.1,15.6,13.8,3.8,74440.0,9.4,5.4,23.7,3.0,1065.0,28.3,19.5,38.2,8.25688073,13.600000000000001,19.6,37.7,27.200000000000003,18.37544284,12.4,56.16804519,20.18623836,0.0007033448,0.0003508867,3.6625147012,8.1,6.3624463547,7.464572260000001,10.22715432,0.945608,0.7697718,79.29561321
343727,34.0,24.4,10.8,33.4,23.0,11.1,3.9,78291.0,9.3,7.1,34.8,2.5,1311.0,26.8,19.6,38.3,8.80456929,11.5,18.6,33.800000000000004,27.800000000000004,17.67550095,11.5,68.99177015,15.426997245,0.0013592989,0.0004372739,3.4364412811,8.1,6.0775158977,16.45568931,12.353820879999999,4.03131563,0.67855985,64.2626961
21917,40.7,23.8,16.9,16.2,6.2,26.7,9.6,39744.0,12.0,12.4,28.4,4.2,646.0,32.7,23.1,41.7,9.675645959999999,25.1,26.6,41.199999999999996,33.300000000000004,16.34949486,22.6,39.97783115,35.209905204,0.0005863515,0.0002281334,4.3967572454,6.9,7.2160227434,0.36534211,1.33507735,0.44652925,0.45103964999999996,96.38717243
16065,44.4,19.9,20.6,23.9,12.2,21.4,3.3,53038.0,12.2,14.3,23.4,3.7,786.0,31.3,20.7,37.5,8.9092423,21.9,25.900000000000002,38.9,33.7,17.86315407,19.2,43.00106045,29.449838188,0.000174815,0.0001829715,5.0806705339,7.1,6.8621672135,1.0372355899999999,5.01719014,0.5244449600000001,0.57106229,91.32917662
98455,43.9,20.4,20.0,31.2,13.4,17.4,3.5,60103.0,13.2,32.7,27.8,3.6,968.0,29.4,19.7,37.2,7.24286484,18.3,19.3,39.4,25.7,18.80557583,15.2,55.22304271,26.272934535,0.0009153548,0.0003617472,4.3260572988,7.7,6.3990143311,1.34788513,9.63939043,1.4706030300000001,0.83588996,85.74259418
926440,35.9,25.0,14.2,56.3,20.2,12.7,7.3,59621.0,11.9,10.8,44.8,8.4,1103.0,24.9,19.2,41.6,11.92552493,28.1,19.400000000000002,42.6,29.4,17.51742198,13.4,63.763494200000004,30.470464739,0.0020284778,0.0008567219,5.3478364525,10.0,6.4904848689,53.33468126,8.89585316,3.03293694,0.43195808999999996,33.04473859
20034,40.5,22.4,16.4,28.4,11.5,17.0,3.5,57677.0,9.6,10.5,25.2,5.3,809.0,30.0,20.1,37.4,7.12418301,16.5,20.599999999999998,36.9,27.3,18.96687753,15.7,51.99365205000001,19.464720195,0.0002921414,0.0003965893,4.5149621835,7.2,6.5281636579,2.51728503,3.4131853199999997,0.67679424,0.6378420499999999,91.25036518
13724,44.3,22.0,20.5,51.3,12.1,18.4,3.8,57257.0,10.9,25.1,18.6,5.6,725.0,29.0,19.2,38.4,7.79487179,17.5,21.7,36.6,28.199999999999996,18.959148719999998,14.7,50.59055118,20.104244229,0.000351568,7.21761e-05,4.5256378601,7.3,6.4751621188,2.02503164,3.1078610600000003,1.0336098999999999,0.84376318,90.83110674
158722,45.2,19.1,22.0,38.5,17.4,18.8,6.2,54357.0,9.3,10.7,27.5,4.9,793.0,30.6,19.3,36.5,8.11850712,19.0,18.099999999999998,40.699999999999996,26.6,15.364980919999999,16.3,62.620460099999995,24.097596943,0.0015049187,0.0012118168,4.6579882134,5.8,6.9142645383,2.3554445399999997,2.7828661300000004,0.8906158399999999,0.42865513,92.02393067999999
196845,39.8,23.2,16.3,34.7,21.2,12.9,3.5,81883.0,7.9,6.0,27.1,3.3,1245.0,29.3,18.4,36.9,8.150289019999999,11.899999999999999,17.5,38.4,24.3,19.90165632,12.0,66.97155052,17.884726781,0.0011538794,0.0004686947,3.8623032814,7.1,5.982092656,8.45360924,7.47713876,1.7837052999999998,0.49280268,79.98836505
61116,38.4,24.0,15.0,22.0,12.4,17.8,5.4,70674.0,9.3,7.0,24.2,4.3,1013.0,28.7,20.0,41.1,9.69593876,24.7,20.7,39.4,29.2,17.64574721,13.100000000000001,60.016220600000004,23.807841752,0.0005966298,0.0002786703,4.1240766245,8.3,6.0567748682,18.305248730000002,3.21857615,0.84011933,0.53535435,75.00765944
11596,34.6,16.5,12.8,52.4,5.4,12.1,0.8,62018.0,8.7,5.9,23.3,2.3,822.0,29.2,21.4,39.7,7.35294118,16.5,22.2,38.6,28.799999999999997,18.92103622,12.5,34.432748540000006,27.325581395,8.1493e-05,0.0003323639,4.0080871889,7.4,6.4416983034,11.00154837,4.36802217,0.47265911,0.57045066,81.71298183
17845,47.4,18.2,23.4,63.5,11.6,22.2,5.4,49855.0,8.9,12.4,26.7,5.5,664.0,29.9,19.9,39.3,8.75486381,22.0,26.6,36.8,33.300000000000004,17.83503298,17.8,58.63291139,23.720349563,0.000225276,0.0004520285,4.7949947763,5.7,6.7398869925,0.64766839,6.84275738,0.42239243,0.69835549,90.43140347
19860,42.6,21.5,18.2,52.6,7.0,21.9,5.7,57094.0,8.6,21.4,19.5,3.2,838.0,29.9,20.4,36.8,9.24895688,23.400000000000002,22.900000000000002,37.7,29.4,18.40362498,16.6,44.67731895,36.910097548,0.0004339231,0.0001497006,4.0749190462,7.7,6.8106356501,0.65570609,2.52157562,0.26999663,0.64124198,94.85077865
41163,40.3,23.4,17.8,18.2,9.7,18.9,3.9,52948.0,13.6,12.3,29.0,5.1,734.0,29.7,20.7,38.7,7.83236994,22.5,26.3,39.2,34.300000000000004,16.62540242,17.1,40.80614203,26.256479603,0.0009381303,0.0004575777,4.0663128882,6.9,6.759211625,3.33036259,10.09897275,0.9475116100000001,0.54177025,83.5522304
133282,40.1,18.7,18.5,24.9,19.2,16.5,5.0,58507.0,9.9,8.7,35.7,5.5,890.0,30.9,19.7,37.0,8.13026908,18.099999999999998,21.5,37.1,28.000000000000004,18.507966279999998,15.8,70.07768469,15.247447991,0.0042623898,0.001854942,5.1642420235,6.6,6.4634043751,4.1106776499999995,5.02311805,1.71073544,0.49848287999999996,86.78948129
16325,44.3,18.1,19.0,41.3,8.4,19.4,4.6,49360.0,12.7,20.0,19.7,6.6,606.0,29.0,20.7,41.8,8.59538784,23.5,26.400000000000002,40.300000000000004,32.6,17.240396660000002,18.0,50.25802109000001,26.467203682,0.000746919,0.0001828265,5.1763399324,6.4,6.5674084071,6.30524088,2.93165692,0.32988921,0.54774057,88.80243994
32946,37.9,18.7,18.4,26.7,12.6,19.9,4.0,47769.0,11.6,12.5,34.8,6.7,723.0,30.1,21.5,38.6,7.08872046,20.9,20.200000000000003,40.0,28.199999999999996,16.94563325,17.1,55.51214066,15.066724064,0.0004231653,0.0006054002,4.2647645208,7.5,6.78333929,8.26079071,3.3188248099999997,1.41155846,0.5289566,84.92624834
27420,43.0,21.9,20.4,43.5,9.0,16.7,5.4,48220.0,12.9,10.8,24.1,4.1,835.0,31.4,20.7,37.8,8.71029836,19.7,24.9,39.800000000000004,30.9,16.70758313,16.3,51.75894315,30.025631637,0.0008016172,0.0003616637,3.9769325153,6.8,7.0267814666,1.69036665,3.37724801,0.56113202,0.54022027,92.23128398
149096,40.0,23.3,15.8,22.4,24.5,12.8,3.7,89462.0,7.0,6.7,22.9,2.4,1268.0,27.0,17.7,38.2,7.66541823,8.4,18.0,36.8,23.7,17.87586265,11.5,71.9649314,13.581907874,0.0009042365,0.0003291271,3.7713807985,8.2,5.5634190422,7.72999988,6.747559170000001,2.8880579699999998,0.5517064399999999,80.26320613
58077,39.3,19.0,14.8,29.3,9.1,16.8,3.9,57445.0,17.4,16.7,31.3,6.5,972.0,22.0,18.4,41.8,7.4017744,24.6,18.4,39.5,27.900000000000002,20.2118916,16.6,45.80573337,35.849249311,0.0006235278,0.0003766994,4.3790887401,8.3,5.7470674123,20.40494665,19.64978523,1.0807814900000001,0.8556186800000001,56.85707358
18362,32.4,30.6,9.6,12.0,14.8,11.9,2.7,86458.0,24.9,5.3,27.5,1.6,1345.0,22.1,18.2,38.9,8.3499006,13.200000000000001,16.3,39.0,31.1,19.97344669,15.5,44.69084759,42.596764284,0.0001607372,0.0004880694,4.4725708139,6.5,5.6546736284,1.46806687,58.1600943,0.7661808800000001,1.7198885600000002,38.26082297
86608,37.8,25.4,16.3,42.3,11.8,19.1,6.0,57055.0,18.6,13.8,35.5,5.6,985.0,24.3,19.6,41.6,9.32971014,24.9,19.7,41.099999999999994,31.1,17.34181025,18.7,53.779110630000005,32.168634387,0.0016491256,0.0006589138,4.4183633207,8.8,6.0743799877,14.77112656,23.82871998,1.1406452200000001,0.8268532599999999,58.73979317
24048,51.0,17.4,27.6,46.5,15.7,16.9,4.4,58168.0,15.5,26.8,21.0,5.1,1076.0,22.4,15.7,37.6,8.58339149,27.900000000000002,19.0,40.300000000000004,31.1,21.58747382,19.0,51.72597865,25.721912157,0.0009458501,0.0003263974,5.0425759257,9.3,5.8354004278,1.5882399299999999,27.29565697,1.85228975,1.4542445,67.12776858000001
49403,35.8,26.9,14.8,44.6,11.0,11.8,6.4,67442.0,21.4,15.6,24.9,5.5,977.0,20.7,17.0,37.6,8.01437936,22.6,16.2,43.0,33.900000000000006,19.20214043,16.3,45.811700890000004,36.462065122,0.0006565735,0.0002002443,5.3174689247,8.6,5.6300341132,1.16252124,66.01073691,0.79175035,1.5661208100000001,31.01923374
30406,41.0,23.6,20.0,21.2,17.9,13.0,3.8,73556.0,14.0,14.1,20.3,3.5,1046.0,22.1,16.8,36.3,7.773707770000001,18.0,16.8,36.3,26.900000000000002,19.27236728,15.0,52.72417707,19.907888872,0.000441961,0.0001974984,4.7298848742,9.2,5.3556494143,8.574044259999999,28.24446759,0.8997064100000001,1.0796476899999998,60.668623919999995
21182,53.4,16.8,27.9,30.8,17.1,18.8,6.7,70965.0,13.9,25.6,12.5,1.5,927.0,22.7,15.5,35.9,7.90322581,18.6,16.0,36.0,24.7,22.16691644,17.0,57.497243659999995,14.875105248,0.0019437205,0.0003246,4.6772737046,8.0,5.7564851608,1.40036224,21.59738481,0.72447763,1.56822901,74.20152847
98435,38.0,25.5,15.4,28.6,15.7,12.1,4.4,80151.0,19.2,9.8,22.2,2.9,1195.0,21.9,17.0,33.8,7.318765180000001,16.2,15.1,40.2,26.5,20.02709106,14.799999999999999,51.40238822999999,25.677419355,0.0007492462,0.0002351604,4.1384902249,8.4,5.3061024422,5.9903591,45.90442146,1.1319937199999999,2.15024644,45.18586723
30977,35.6,20.2,12.6,33.9,6.8,15.2,6.4,50283.0,17.2,19.1,32.7,5.0,985.0,19.6,17.5,41.4,10.126012600000001,28.199999999999996,18.5,43.0,33.900000000000006,19.48811739,19.6,39.84934437,34.456237502,0.0005186386,0.0001616867,4.9175647306,8.9,5.671596155,8.41815235,61.66936790999999,0.77795786,1.0502431099999998,28.17179903
372821,31.7,27.5,11.3,30.7,17.6,14.8,7.7,62858.0,14.5,9.6,45.5,5.8,1095.0,24.7,18.9,42.4,9.04676174,15.7,15.7,39.0,28.199999999999996,18.46557001,16.6,67.42872392,24.917038237,0.0027899785,0.0007217801,4.3700352814,7.8,5.9409545643,22.4907361,26.642386820000002,3.33169716,1.12896211,42.867243310000006
2014059,34.2,25.1,12.3,36.4,18.8,14.3,5.5,67275.0,16.0,7.9,41.3,6.4,1212.0,22.2,16.7,41.0,8.87701992,19.1,14.099999999999998,37.3,27.6,19.980475480000003,17.4,64.99700741,22.109194495,0.0024764344,0.0007356146,4.5539001739,8.7,5.6216796671,8.07772651,59.80972171,3.6594227399999997,1.30139739,26.63388385
18404,46.1,20.9,24.9,41.8,13.5,19.3,3.9,63868.0,18.2,21.9,24.3,2.9,886.0,22.9,16.5,36.6,6.25978091,19.400000000000002,19.2,37.0,29.2,20.832006370000002,16.8,56.56513949000001,24.644030668,0.000473784,0.0005404529,3.7462883142,8.2,5.7982994622,1.85302169,19.57780585,0.75805433,1.12128869,75.82122552
92747,38.2,23.7,17.1,56.2,14.1,12.6,4.0,56628.0,15.5,13.0,37.1,6.2,900.0,23.6,18.6,41.9,11.31679139,19.5,18.2,40.9,28.4,19.04554564,16.900000000000002,50.78183172000001,34.755695368,0.0013742406,0.0007236906,5.2802661546,9.3,5.8474940031,25.4474462,8.724246619999999,1.33933927,1.15501652,61.390382499999994
374600,36.3,25.9,12.2,28.7,20.2,9.7,4.6,91972.0,13.4,11.0,25.9,2.7,1333.0,19.9,16.1,42.1,8.47867328,12.1,12.9,39.6,25.4,19.83945489,12.9,66.89897377,16.81676266,0.0011731146,0.0006531661,4.1533847871,10.4,5.254585588,16.84221608,31.838029969999997,7.92829964,0.8941239,41.47511643
234548,26.3,19.9,9.5,39.7,23.5,9.6,4.6,57562.0,12.2,11.3,53.2,5.5,1120.0,24.2,19.5,33.9,8.21576323,18.9,15.0,36.9,25.6,17.662975929999998,17.1,71.35638895000001,13.41056782,0.0014997773,0.0008311114,6.1072631973,8.1,5.4694746834,10.75834787,27.45654937,5.71999526,0.731499,54.193450840000004
9454,46.1,18.2,23.9,25.3,28.5,12.2,3.0,47747.0,11.9,16.3,40.1,6.1,780.0,20.1,14.3,34.3,7.9086115999999995,19.8,12.1,35.9,23.7,20.406431620000003,17.8,79.61165049,15.411973918,0.0017870283,0.0012698413,4.4247028007,5.4,5.19332774,2.40723221,42.04772417,2.55439924,2.03931462,50.60443603
38159,41.2,20.8,20.1,19.3,14.7,21.3,3.8,53792.0,17.3,20.9,31.7,5.7,862.0,23.5,17.7,37.8,8.37867247,21.5,16.900000000000002,38.3,28.1,20.71890605,18.4,54.74002689,25.917235495,0.002040869,0.0005236699,4.7676032208,7.3,5.9587533266,3.6244801,22.8990674,0.818931,1.07726885,70.71223746000001
17958,44.1,21.8,21.7,66.7,16.3,13.7,3.8,71745.0,13.8,19.1,21.3,3.4,977.0,22.1,16.7,36.9,9.98603352,21.099999999999998,17.5,38.4,28.000000000000004,20.782053519999998,15.1,57.03632427000001,26.397079472,0.0001026958,0.0003877902,4.0769960474,8.6,5.8426697987,10.43902439,23.1732991,0.8267009000000001,1.34531451,63.563543
49684,44.7,20.5,23.1,28.4,19.4,15.9,3.4,71482.0,17.4,21.7,20.6,3.3,1232.0,22.2,16.1,37.0,8.09232481,14.000000000000002,16.1,41.699999999999996,27.0,20.72653173,14.299999999999999,50.828485810000004,21.573478476,0.0008890371,0.0004121364,3.7978626825,8.0,5.7098548795,1.68917042,23.50391732,1.1872349100000001,1.27613862,71.80641218
46141,37.8,23.1,15.2,45.6,11.9,16.1,2.4,66779.0,24.5,8.7,28.5,4.5,1084.0,21.4,17.5,37.2,8.36791148,19.400000000000002,16.900000000000002,39.0,31.6,19.10417847,16.7,42.620624410000005,34.226323806,0.0008223189,0.0002564596,3.9631546991,8.9,5.7044458719,5.18462063,57.5924106,0.87647165,1.81110732,35.139092240000004
20127,38.4,23.5,18.4,27.8,10.1,18.8,3.4,62267.0,9.5,24.8,23.8,4.1,968.0,20.1,16.1,37.0,7.4566474,21.9,13.700000000000001,36.7,27.200000000000003,19.65616086,15.9,51.292517010000005,33.578856153,0.0002538587,0.0005069195,3.4699947912,9.2,5.4287871324,2.1933387499999997,49.66490658,5.10763607,1.11697807,41.74451665
13869,43.5,21.4,20.6,55.2,17.5,21.1,4.8,63906.0,17.2,19.0,18.0,3.4,888.0,23.9,17.3,35.7,9.59332638,17.8,16.8,36.4,25.2,22.67135351,15.7,58.01825293,23.347701149,6.95701e-05,0.0001416932,3.6555823144,7.0,5.7829557996,1.73925143,11.785167659999999,0.75135662,1.05746487,83.06664811
421854,32.0,29.5,13.7,41.9,13.5,12.2,5.7,47435.0,27.5,14.8,34.7,6.8,855.0,18.9,16.5,39.8,8.656998,33.900000000000006,17.4,47.599999999999994,41.5,16.10531722,21.9,53.902963719999995,34.685023148,0.0009725575,0.0004916921,5.2403731045,12.6,6.091075302,0.64352839,89.15797613999999,0.9479506000000001,0.67586886,9.008460079999999
12543,39.0,26.4,18.2,55.0,14.7,17.4,5.4,53968.0,22.3,23.3,21.7,5.0,767.0,23.5,18.9,38.9,7.42534302,26.400000000000002,17.9,39.900000000000006,30.2,18.367047210000003,18.5,51.91062176,34.094564169,0.0006923077,0.0007133798,5.1730088919,8.7,6.0166062442,14.76153846,27.88461538,1.48461538,1.42307692,53.28461538
28637,44.3,22.4,22.2,40.0,12.3,21.0,7.2,54303.0,13.7,17.3,22.0,6.1,834.0,24.0,18.6,39.8,8.80184332,23.3,20.599999999999998,38.6,30.0,19.788166490000002,18.8,50.02400384,28.426727659,0.0003489305,0.000210084,5.2189809225,9.1,6.2987070698,15.984507479999998,5.77131093,0.71530758,0.94909104,75.00261698
7381,34.8,29.0,16.4,26.6,14.9,8.2,3.6,59886.0,23.5,21.2,35.4,3.2,841.0,20.1,16.6,38.3,6.54843111,21.7,15.4,40.400000000000006,32.1,18.97832361,15.299999999999999,51.13846154,32.035485461,0.00013837,0.0002712232,4.596627451,6.1,5.5806377081,1.9510170199999999,65.61505466,0.99626401,2.2692680199999997,30.482911299999998
47037,35.4,27.3,12.1,19.1,15.9,10.9,7.5,106103.0,15.9,9.1,16.3,2.5,1339.0,23.4,18.0,39.6,7.532956690000001,10.299999999999999,14.7,38.7,25.0,21.09208473,15.6,70.23955111,15.231901421,0.0004083451,0.0001432518,3.7909281051,9.7,5.5884022656,8.6197936,27.33499146,1.56099191,1.1749201900000001,60.845274329999995
50824,38.2,25.4,17.7,46.2,10.2,12.6,5.8,56971.0,20.8,13.6,28.0,6.1,883.0,23.6,18.5,39.5,8.66947622,27.700000000000003,19.400000000000002,39.1,30.8,18.88457558,16.7,45.61153359,39.946515126,0.0011107494,0.0005088361,4.8935014472,8.6,5.8324985359,13.17961583,24.187525139999998,0.71432675,1.63165253,59.82725932
6781,32.6,18.5,13.9,21.2,10.5,16.3,8.6,56063.0,20.3,30.8,28.9,2.1,858.0,21.9,18.3,40.4,7.643312100000001,23.7,19.2,41.099999999999994,30.9,19.25903188,16.400000000000002,43.82978723,32.958199357,0.0010312316,0.0014845606,4.0578769692,6.4,6.0235106639,9.67884502,31.26104891,1.10489098,1.1638185,55.539186799999996
10290,46.8,20.2,22.3,48.1,16.3,20.5,1.8,75227.0,15.8,18.2,18.6,3.3,787.0,23.6,16.8,34.6,6.82539683,17.1,15.4,34.5,22.8,22.25825313,16.1,57.421697679999994,22.537971583,0.0002793816,0.0003897496,4.1640488656,8.0,5.8474860467,1.2944682399999998,7.3477370099999995,0.9685229999999999,1.65766437,86.7200596
7808,48.4,21.7,25.5,72.0,15.7,21.0,6.3,51034.0,25.0,34.8,27.9,6.8,684.0,23.3,17.0,36.8,9.94575045,26.900000000000002,17.9,38.2,27.3,20.86777229,19.400000000000002,44.01820546,31.64556962,0.0001275185,0.0005171299,4.8464146146,6.9,5.9078721771,3.14970671,16.94720735,1.18592196,1.4537107900000001,76.6386126
1079153,37.1,25.2,11.2,18.1,33.8,7.5,4.2,113255.0,10.1,5.7,35.5,2.9,1689.0,20.0,14.6,34.9,7.4695488899999996,6.6000000000000005,8.799999999999999,28.599999999999998,17.4,18.20852946,12.1,82.1552463,6.9086655487,0.0018262296,0.0009734448,4.0407738869,9.4,4.5487581715,11.468102889999999,16.09466277,19.68839487,0.67778801,49.910027029999995
2865,38.3,29.5,20.4,84.3,20.1,15.7,2.8,52045.0,30.3,32.8,23.6,4.0,651.0,23.4,18.0,38.8,10.294117649999999,31.8,18.4,39.4,30.9,19.59366259,19.3,46.124031009999996,21.308980213,0.0007803355,0.0003824092,4.4266139228,6.3,5.9491128928,5.61841592,31.3304721,0.6632852100000001,3.5505267299999996,58.837300039999995
20582,43.2,23.3,22.3,10.4,15.8,14.2,5.7,63352.0,15.0,26.7,17.8,5.6,892.0,21.1,16.2,36.2,8.18746471,22.2,16.900000000000002,39.7,28.999999999999996,20.08387873,13.200000000000001,54.27518428,25.170068027,0.0003788417,0.0005332041,4.3644792931,8.7,5.6613583908,11.21371407,31.01292797,0.8239806800000001,1.20282237,55.23511862
165201,41.7,22.2,18.3,16.7,26.2,14.4,3.7,93744.0,11.2,9.8,24.1,2.5,1390.0,20.3,14.7,34.8,7.4147798,9.1,13.100000000000001,39.1,22.7,23.950584199999998,13.8,73.6195604,13.603138317,0.0018666722,0.0005943333,4.3369417827,9.0,5.2280582599,3.01658347,28.81739615,1.7692133200000002,0.88795842,64.42133163
13651,44.2,22.6,23.5,26.9,12.6,19.1,7.3,57383.0,17.5,23.2,17.6,4.3,795.0,22.5,16.8,37.9,6.16113744,27.200000000000003,17.299999999999997,39.1,29.2,20.86159937,17.2,50.804519000000006,32.313509797,0.000569395,0.0005807623,4.7217899586,7.5,5.703833792,0.9252669,29.80071174,0.85409253,1.53024911,66.78291815
3235,46.4,18.3,24.5,13.3,8.7,21.6,2.3,55750.0,10.0,42.7,19.2,4.3,927.0,20.0,16.9,39.3,9.33333333,26.6,20.599999999999998,39.4,33.5,19.83144966,17.599999999999998,37.51339764,20.637898687,0.000303306,0.0002993116,3.5920336134,6.7,6.0174721581,11.70761298,31.48316652,1.57719139,1.0615711300000001,53.92781316000001
41860,40.4,23.1,18.9,41.9,15.6,13.7,3.9,66374.0,15.0,8.5,30.9,4.8,1064.0,23.7,17.5,37.7,6.798002220000001,18.8,16.3,37.3,26.400000000000002,21.35402066,16.400000000000002,53.89072021,33.999298984,0.0006852131,0.000260392,4.275314937,8.8,5.8025486862,3.15198027,21.14110822,1.14202184,1.5257411699999999,72.0867023
82927,32.2,22.6,10.7,22.7,12.0,19.4,7.1,63281.0,12.4,12.7,42.2,4.2,1046.0,24.0,19.6,42.0,8.5106383,15.8,18.9,37.7,30.9,19.58065339,16.8,62.56630824,26.19096721,0.0007422418,0.0001780796,3.5406501604,8.4,5.6625547044,16.217394379999998,21.111477649999998,2.47178303,1.36431113,55.31822145
5157,39.4,25.5,18.4,37.5,11.5,21.4,4.9,50268.0,20.0,25.3,29.1,6.1,649.0,21.6,17.8,39.2,8.492569,33.0,19.3,41.3,35.4,18.10258761,21.7,40.29008864,44.786564031,0.0004067521,0.000391696,4.1368171021,5.9,5.783467458,3.39637991,56.64022778,0.44742729000000003,1.72869636,37.929631889999996
7165,30.8,31.7,9.5,17.8,12.5,10.5,2.6,71969.0,25.3,23.3,28.3,3.4,1105.0,22.3,18.9,39.8,5.41702494,15.7,17.7,40.1,31.7,19.19886806,13.900000000000002,39.45349952,68.926553672,0.0004145364,0.0008365867,2.2713408639,5.7,5.9099481579,1.7825065599999999,54.89843858,1.43705956,3.2472018800000004,40.41729999
2604053,33.8,25.6,11.2,35.1,21.0,10.2,4.9,70732.0,21.6,7.8,49.5,6.7,1374.0,19.3,17.1,35.6,8.531816840000001,19.5,13.5,34.8,28.299999999999997,18.720620320000002,15.6,62.956566540000004,27.106146267,0.00219847,0.0007207904,4.3769196627,8.8,5.4753395746,23.022739010000002,41.35475633,7.36844286,1.1472714,26.56580562
12342,34.0,25.5,14.1,48.4,11.5,16.4,9.5,45268.0,19.9,15.5,28.4,8.3,805.0,21.1,18.6,40.5,11.12019624,26.1,19.3,42.6,35.8,17.61482943,20.8,44.12001072,62.476334722,8.33056e-05,0.0004028035,5.2521910389,6.2,5.9830727133,6.439520159999999,56.381206260000006,1.19126958,1.42452516,34.90503166
18585,32.0,30.8,12.9,41.5,8.8,8.2,2.1,51942.0,23.2,13.8,35.6,3.4,842.0,20.9,18.4,41.5,7.01519214,22.3,20.599999999999998,43.6,40.699999999999996,17.86172995,16.7,25.89519651,59.085625726,0.0001090096,0.0001091167,3.7494715984,5.9,5.8104020242,1.0192402,77.12977599,0.6486074,2.23469777,20.3084973
914870,36.5,23.9,10.9,16.7,31.7,8.8,4.0,104180.0,10.9,4.8,34.8,3.1,1496.0,20.8,15.8,35.8,7.4282919099999996,5.8999999999999995,10.5,30.7,20.1,19.584180370000002,12.5,78.47702118,9.1847527748,0.0018070801,0.0005362944,4.071547022,7.4,4.6995290801,11.81727156,20.499492410000002,12.0772688,0.83377741,52.906163819999996
19826,41.7,22.3,19.6,6.3,10.1,16.6,5.2,61100.0,17.3,28.3,29.3,7.7,931.0,21.5,17.2,37.9,8.60969388,24.2,17.1,41.0,29.599999999999998,19.6825123,17.599999999999998,46.09673314,41.379310345,0.0003010688,0.0006024701,4.8760259708,8.7,5.7530057739,7.66721863,36.073059359999995,0.59711978,1.13402579,54.483416129999995
8672,36.4,27.8,17.0,30.0,8.1,18.3,4.7,27374.0,17.3,30.1,35.0,14.9,664.0,20.9,19.2,43.0,7.6419214,36.3,21.099999999999998,49.9,46.5,14.534011990000002,28.499999999999996,41.393078970000005,38.575667656,0.0003633281,0.0003540659,8.3810485568,8.4,6.0680579601,1.52597796,87.44095919,1.0415405100000001,1.2716483,9.725081750000001
17812,41.5,20.9,21.6,22.9,15.0,19.2,4.9,52902.0,16.2,24.8,30.5,6.3,745.0,24.1,18.0,37.9,7.794015310000001,24.3,19.3,37.2,28.599999999999998,20.49829075,19.1,58.726790449999996,28.689415344,0.0005544159,0.000223914,5.0985417587,7.3,6.110794389,2.06242723,17.2423352,0.89815379,1.35831901,77.52952265
162300,31.0,30.3,9.5,32.4,11.3,10.2,5.8,70566.0,21.8,8.2,35.1,5.2,1232.0,21.2,18.0,37.8,9.45043156,14.299999999999999,15.7,40.300000000000004,32.6,19.51688301,16.900000000000002,53.325606459999996,42.730564024,0.0005653702,0.0005711058,4.9924030248,7.3,5.4777070918,4.54910209,64.53974005,1.49975075,1.52649945,28.072148530000003
195509,36.2,26.3,12.9,27.3,19.1,12.0,3.9,93248.0,16.1,5.7,24.1,2.9,1345.0,22.6,17.3,40.8,7.42982304,9.0,14.399999999999999,37.6,25.900000000000002,19.44222713,13.100000000000001,63.207305940000005,18.021870609,0.0010770591,0.000379913,3.8490796394,8.3,5.3954039112,16.52836929,28.4128188,1.16053117,0.8930615,51.87879494999999
863832,32.8,26.5,12.5,36.8,16.9,13.9,6.8,55417.0,21.8,7.9,37.0,6.5,978.0,19.9,17.5,37.6,9.04457639,23.799999999999997,14.399999999999999,39.300000000000004,31.0,19.71501935,19.400000000000002,66.11905666,27.936539896,0.0013990435,0.0004965741,4.9248763707,9.3,5.8929658634,3.46220168,82.83464386,1.5176805999999998,1.1445256799999999,11.11107279
42788,31.6,20.6,14.2,32.5,22.0,12.9,5.6,59654.0,14.8,12.6,36.8,4.1,1070.0,24.9,19.3,39.3,7.3664825,17.5,17.9,39.7,28.4,21.713602169999998,16.7,61.906626210000006,10.994616039,0.0013123657,0.000576329,4.8262159419,7.8,5.9907462276,1.9165063900000001,22.402986759999997,1.19017988,1.46622921,72.61681186
17013,40.0,21.0,18.7,5.7,8.8,18.7,7.4,45172.0,16.9,26.2,21.6,8.9,691.0,23.1,19.1,40.5,8.65900383,25.0,20.0,42.699999999999996,32.6,17.6467611,17.0,59.04370925,36.754966887,0.0001735509,5.77601e-05,5.2276638948,8.4,6.1750593171,21.364109680000002,25.85329168,0.7404836300000001,1.34212658,50.26032628
36052,40.4,21.2,18.1,22.5,13.3,15.2,4.7,65835.0,15.6,13.4,25.0,3.2,979.0,24.5,18.4,38.7,8.667476709999999,19.2,17.2,37.8,26.900000000000002,20.96889719,16.1,48.96885956,24.32205759,0.0010380347,0.000191419,5.1195484864,8.8,5.8944420712,6.50235554,13.744643479999999,0.8410742299999999,1.41066248,75.90428788
24564,48.0,20.0,26.1,28.6,17.7,15.6,3.5,72881.0,11.0,29.5,18.7,4.8,885.0,21.3,15.4,35.0,7.73774365,13.200000000000001,16.5,36.0,24.8,20.93321788,15.0,57.801706620000004,19.392243103,0.0005103243,0.0003240572,4.2706480711,8.6,5.6235665829,5.67637591,22.17555154,0.64379367,1.47601476,69.88694355
5386,35.7,26.2,18.3,76.5,12.3,15.6,4.1,49321.0,24.3,26.1,30.4,10.2,697.0,21.0,17.3,38.8,8.29787234,31.900000000000002,19.2,41.099999999999994,36.9,18.58873982,18.7,52.86916603,31.417624521,0.0003929273,0.0005607477,6.9562961255,6.1,5.7966299952,3.67387033,58.683693520000006,0.53045187,1.61100196,35.893909629999996
832607,36.9,27.0,11.8,16.2,29.2,7.3,5.2,109987.0,11.8,4.3,22.3,2.8,1669.0,17.5,14.3,37.3,8.70354418,10.100000000000001,10.8,33.1,22.2,16.77782123,11.1,77.4516631,7.6227627568,0.0011889465,0.0008467992,4.0630463889,10.6,4.5617366883,21.72717932,24.74884869,22.657939,0.6388678600000001,28.87012996
10445,42.9,23.2,22.1,57.7,19.9,16.4,6.5,67915.0,15.2,26.5,19.9,1.9,951.0,22.9,16.3,34.2,6.949806949999999,21.0,13.8,34.5,21.4,22.82602607,14.6,61.52520465,23.424190801,0.0003726129,0.0002866972,4.6056503136,8.5,5.5214333136,4.60176991,14.4201211,1.16441546,1.32277597,77.40102469
19599,41.8,22.5,19.9,15.9,11.9,19.8,3.5,55902.0,11.4,26.2,23.9,3.3,785.0,22.7,17.7,38.9,7.6558265599999995,20.8,19.2,39.300000000000004,29.4,20.36738986,17.1,53.03571429,26.497695853,0.000342449,0.0003034287,5.3554944597,8.4,5.9804380758,14.0942224,17.42086982,0.9686414600000001,1.50188347,65.60833619
21523,29.3,35.5,8.9,5.9,8.2,12.1,3.4,73299.0,29.5,8.9,26.5,4.1,711.0,23.8,20.1,38.8,5.85723002,19.3,17.7,40.300000000000004,31.4,20.043950029999998,15.5,25.32699168,38.695329874,0.0002219953,9.13451e-05,5.0712268164,6.1,6.0035938096,1.57172668,40.678417620000005,0.74146428,1.1410558100000001,56.00497269
350801,38.1,23.9,14.9,26.6,22.7,12.9,5.9,83913.0,13.8,13.7,32.2,5.4,1301.0,21.7,16.6,36.8,8.80804388,14.799999999999999,13.5,39.800000000000004,23.799999999999997,20.51943756,15.1,68.95002867,16.784463387,0.0015867575,0.0007041024,5.0990149406,8.3,5.3189592425,12.720045110000001,26.73354638,3.7438077799999996,0.8177053400000001,54.79786811
26953,49.7,19.9,29.0,6.9,22.0,14.7,3.5,70162.0,17.9,21.8,30.2,5.5,1275.0,21.0,14.4,33.2,8.31422018,13.200000000000001,15.2,34.2,25.0,22.116351549999997,15.2,56.9748208,22.284681791,0.0009375113,0.00117229,4.4237029502,7.6,5.3386657121,0.61298814,23.31518408,0.67428695,1.3089099599999998,74.06699599999999
19736,36.8,26.6,16.9,37.6,9.2,16.4,1.0,64255.0,18.9,17.2,33.0,8.3,895.0,21.8,17.9,37.8,8.472012099999999,24.9,17.2,39.5,32.5,19.47478422,16.5,35.85118377,37.102822183,0.0004014049,0.0004073112,5.2560849417,8.7,5.9059022723,5.72503763,51.16407426000001,0.71249373,1.8163572499999998,41.078775719999996
21272,36.6,25.2,16.1,65.1,12.3,13.3,5.4,54563.0,19.5,19.8,29.6,3.2,846.0,23.2,18.4,38.9,8.46501129,22.400000000000002,19.900000000000002,40.5,31.5,19.92830459,17.8,47.472368180000004,32.92607165,0.0004302926,0.0002853067,4.4263912748,6.2,5.9364562432,4.69018933,32.25760184,0.76018359,1.8215720000000002,59.59552496
137008,39.2,23.7,17.9,26.7,15.2,13.8,3.9,66608.0,16.6,11.6,32.9,3.8,1096.0,24.3,17.8,40.7,7.89428815,14.799999999999999,18.4,37.2,26.5,20.532764410000002,15.7,55.74218054,26.729609901,0.0015451953,0.0004234369,4.0945950084,9.0,5.7406733699,5.8622121499999995,16.72350535,1.5887602399999998,1.8848659399999999,71.87063925
124245,35.8,25.7,15.7,61.3,15.2,13.1,3.7,63811.0,17.0,11.7,40.5,5.2,1008.0,23.7,18.8,39.4,8.98818252,22.900000000000002,17.9,39.900000000000006,27.800000000000004,18.74872509,16.7,58.47944143,31.577500601,0.0024001331,0.0009098155,4.4719647577,9.1,6.0342824181,20.361525,20.46846162,1.46621991,1.00599637,55.31871074
29442,40.3,22.4,18.2,2.9,12.0,14.4,5.6,63484.0,18.2,18.8,21.8,3.2,910.0,22.6,17.8,39.3,8.799999999999999,20.9,18.6,41.6,29.799999999999997,19.76485418,16.2,56.65394055,29.077322937,0.0002161561,0.0002641397,4.5327948653,9.0,5.7589422856,13.194787550000001,25.719491109999996,0.58670949,1.00049407,58.64006917
173828,37.3,24.5,14.2,27.7,19.6,13.7,4.3,88111.0,11.5,7.2,22.2,2.7,1278.0,22.1,16.4,37.0,7.77463951,10.7,12.0,39.4,24.4,22.715761009999998,13.8,61.6913405,16.421924459,0.0006049222,0.0002598342,3.7966188644,9.1,5.5770901894,8.04758721,39.465864350000004,2.2573147799999997,1.1058401500000001,47.69864264
32525,33.4,27.0,13.9,77.5,9.2,12.3,4.7,50721.0,22.3,17.9,38.3,3.7,757.0,21.3,18.3,41.0,8.38404327,28.799999999999997,19.0,42.699999999999996,35.6,18.45617346,18.9,45.77490111,40.603911701,0.0015427726,0.0004034761,4.5201377248,6.6,5.8509812344,4.7542583700000005,61.950190490000004,0.63600013,1.87336671,31.46311514
8244,45.0,21.1,25.8,4.1,17.9,20.0,2.8,54890.0,15.1,28.1,16.7,3.4,865.0,23.2,17.0,38.0,8.14940577,21.5,19.0,37.5,28.199999999999996,20.64317473,18.4,43.389830509999996,21.026592455,0.0010442047,0.0009721716,5.0020652078,7.7,5.9860858402,1.05580694,14.537649380000001,1.00939784,2.04200023,81.84244112
5270,33.9,28.8,13.6,8.3,24.8,11.9,4.3,62350.0,17.0,22.8,24.6,4.7,823.0,22.0,17.2,35.5,7.69230769,13.200000000000001,13.900000000000002,36.8,27.0,20.18984892,13.900000000000002,68.00670017,23.106546855,0.0007887991,0.000581508,4.6580959226,6.4,5.5846067169,0.94655886,50.02957996000001,0.47327943,1.8339577999999999,47.03214356
3541,44.1,21.0,20.0,42.4,13.2,21.4,2.5,60455.0,14.9,28.3,32.3,4.1,612.0,23.1,17.7,36.7,6.2992126,25.4,17.8,37.1,28.1,20.63384299,17.299999999999997,44.47439353,28.758169935,0.0011461318,0.0011261261,4.3306606799,6.6,5.8608439747,5.93123209,24.32664756,0.88825215,1.51862464,65.73065903
56576,39.4,24.5,17.2,31.6,14.1,18.6,4.6,70164.0,16.5,14.2,17.4,4.8,955.0,24.8,18.5,39.5,8.780385579999999,15.1,18.0,37.5,25.6,20.71601035,17.4,59.82894192,28.165661695,0.0005492525,0.0001755217,4.6952457956,8.9,6.0262852106,5.82379293,7.176327220000001,0.94574415,0.7071626,84.05622972
4726177,34.1,26.2,11.0,35.5,20.8,10.0,6.4,70789.0,21.2,8.6,45.4,6.7,1269.0,19.7,16.5,41.0,9.09935591,22.400000000000002,15.8,35.199999999999996,29.2,17.40622655,16.400000000000002,63.6306991,22.507554619,0.001776376,0.0005824836,4.8884187582,11.6,5.6731837668,19.74838293,44.06328689,7.668343630000001,1.20263695,26.993800569999998
69098,38.8,24.3,17.0,48.8,15.1,17.4,6.1,63427.0,16.3,14.7,26.0,6.4,912.0,23.5,18.6,37.8,9.280655979999999,23.200000000000003,17.2,39.900000000000006,27.3,20.13463761,17.0,59.98259356,27.847023773,0.0005501093,0.0003036876,5.1431034483,8.4,5.966058761,20.63050991,15.07440581,0.85901686,1.37104168,61.39078919999999
5408,44.3,17.4,23.4,51.6,11.9,23.3,6.3,52786.0,20.4,32.6,30.0,5.2,862.0,22.9,17.7,37.8,11.4379085,29.2,20.4,39.7,30.8,19.96256638,18.6,48.89240506,35.928143713,0.0012999071,0.0009240436,4.5478684343,6.8,5.9516947744,4.25255339,26.815227479999997,0.96564531,1.4856081700000001,65.44103993
245351,33.2,22.7,11.4,16.6,26.3,11.1,5.1,79990.0,12.9,6.0,37.2,2.8,1355.0,21.9,17.0,35.1,7.09371884,9.1,14.399999999999999,34.4,24.8,21.739856630000002,14.7,71.49321884,12.313078999,0.0013476608,0.0004424484,4.5201412249,9.2,5.1940515158,4.1627746100000005,39.58664604,2.53452935,1.29917358,51.70418488000001
3371,40.8,25.1,18.8,0.0,18.1,18.9,4.1,67798.0,18.2,19.9,26.6,3.6,1025.0,21.5,15.9,36.4,5.69105691,13.4,16.7,36.6,26.3,21.87165651,15.1,61.79310345,13.6,0.0009407338,0.0012228676,4.8122543039,6.5,5.370607941,0.72122923,32.92568203,1.4738162399999999,1.94418313,62.62151145
82627,43.9,21.4,22.2,18.6,13.1,17.8,5.5,59778.0,18.7,21.9,24.0,5.4,958.0,24.2,17.9,36.4,7.737092080000001,23.599999999999998,17.7,37.3,27.1,19.98334618,17.299999999999997,51.83571195,35.431179438,0.0006731818,0.0003585643,4.8378431296,8.3,6.108567974,6.06211843,15.371758860000002,0.83335268,1.05039578,75.23967594
873167,29.8,31.7,11.2,33.7,14.0,12.1,7.6,49371.0,31.0,13.1,32.2,5.6,875.0,20.2,18.2,40.4,9.15648249,37.3,17.1,47.599999999999994,39.300000000000004,17.27834387,22.900000000000002,52.0741298,33.908071952,0.0009115486,0.0004634489,5.4573589063,10.8,5.9518997825,0.64643155,91.93841537,1.15106665,0.5785384299999999,6.11449897
36138,41.2,23.1,20.5,43.5,12.0,17.4,4.5,60669.0,17.9,17.5,24.7,5.5,893.0,23.5,17.8,40.7,7.81569966,19.3,18.3,37.1,28.4,20.83158242,16.7,54.40980225999999,26.77392244,0.0004199365,0.0002467714,4.4972422246,8.6,6.1600942796,5.57203223,23.474449489999998,0.7795071,1.06821343,67.99559067
21495,35.3,26.6,15.0,35.2,11.3,15.7,5.3,53283.0,20.0,13.7,27.2,5.9,765.0,22.0,17.8,40.8,9.18518519,19.8,15.9,41.3,31.3,19.41546391,17.299999999999997,53.76902417,31.596286313,0.0008387698,0.0006085288,4.6842246915,6.0,5.9473461708,3.3131407299999998,49.89282386,0.53122088,1.5936626299999999,44.673811740000005
62459,46.5,20.7,25.2,34.5,21.4,12.9,5.8,80013.0,14.4,12.9,19.6,2.5,1255.0,22.6,15.5,32.6,6.9547134900000005,11.899999999999999,12.6,33.5,22.0,23.87007167,14.399999999999999,62.9516317,19.080440447,0.0012541683,0.0003737037,4.3798881095,8.3,5.2092503414,1.30581049,14.18095435,0.98857969,1.04612388,81.52388821999999
37008,39.7,24.2,18.3,16.9,14.8,14.3,4.8,63766.0,18.8,12.2,29.9,4.1,958.0,24.1,18.2,36.8,7.47398297,18.7,17.299999999999997,37.6,26.400000000000002,20.68978107,16.400000000000002,52.77998863,28.122415219,0.0008907052,0.000241864,4.211068471,8.6,5.8920681186,6.669810330000001,19.24709211,0.89594467,1.13957875,70.90275595
22107,43.9,19.7,22.1,45.3,10.5,22.4,4.5,51043.0,16.3,31.1,30.6,7.8,819.0,22.7,18.2,40.3,10.124101889999999,28.199999999999996,19.900000000000002,40.400000000000006,30.7,18.261902250000002,18.2,45.14203003,35.113748764,0.0004078673,0.000134886,5.5107146229,8.5,6.2203592957,23.10341702,14.68322306,0.76588417,0.9244992299999999,59.66645518
34488,37.6,21.8,12.7,51.7,9.4,16.2,5.2,67243.0,16.6,14.1,33.2,5.2,981.0,22.0,18.0,39.1,10.045343560000001,21.7,17.2,41.6,30.099999999999998,19.90606146,18.099999999999998,47.26847794,45.386233844,0.0022910257,0.0002051102,4.8733705773,6.7,5.6353796633,4.6573280100000005,47.915166590000005,1.27315572,1.69208614,44.14479283
101596,37.6,23.8,15.9,26.3,14.6,15.4,5.8,66885.0,16.3,10.9,30.1,4.8,1120.0,23.3,18.5,37.6,8.32604895,17.1,17.7,41.8,28.299999999999997,20.59163234,16.2,55.53237492,23.682350169,0.0008557792,0.0002708088,3.9898158044,8.7,5.8955630404,8.31517376,22.162915650000002,1.69303113,1.3683644,65.19713799
20595,38.3,25.0,17.2,64.3,11.4,16.6,4.3,62211.0,15.6,34.1,18.1,4.2,881.0,23.4,17.9,37.1,8.72641509,16.900000000000002,15.5,37.7,25.8,21.36910297,16.0,55.93055014,30.285267683,0.0004492587,0.0002439619,4.7618995233,6.2,5.8009971761,2.40103829,25.27329906,0.6788798500000001,2.18140069,68.39714471
8588,39.2,21.9,17.3,0.0,11.6,13.8,8.2,58861.0,18.6,21.5,27.2,10.8,889.0,24.0,18.9,37.8,6.58978583,17.2,18.4,38.1,28.199999999999996,20.51909866,16.6,45.54227941,19.275700935,0.0002253521,0.0003443526,5.5859867591,7.7,6.0310267798,3.52676056,18.783098589999998,0.85633803,1.28450704,75.25633803000001
15010,40.4,25.2,19.3,16.0,10.5,15.0,5.5,67176.0,15.3,25.2,26.0,6.7,896.0,22.4,17.5,38.7,8.03212851,19.2,18.0,39.5,30.7,20.48402201,15.7,47.00118765,39.941690962,0.0003284935,0.0001322664,5.4584541063,8.7,6.020029108,5.9917219600000005,33.42093161,1.24827541,0.91321201,57.65718415
33032,42.3,23.5,20.5,56.9,8.4,13.9,12.5,48818.0,20.1,19.9,20.4,5.9,777.0,24.5,19.4,40.5,8.58493998,23.599999999999998,22.1,40.699999999999996,31.5,18.978593269999998,19.6,42.45647969,36.178237184,0.0005505597,0.0003639121,5.5600584707,8.6,6.4265999098,15.50437389,7.264329849999999,0.703493,0.9023062300000001,74.19098305
254942,36.8,24.3,14.9,39.8,13.9,15.1,5.4,57294.0,20.8,14.3,38.3,7.4,1004.0,21.1,18.6,40.6,10.79996511,23.599999999999998,18.8,38.1,34.300000000000004,19.47614952,17.8,53.8113649,31.836515192,0.001387696,0.0004769337,5.1500925735,8.5,5.7713233305,33.25500207,24.56619588,4.02829468,1.13242358,36.548891430000005
39060,35.6,27.0,15.8,59.8,12.0,17.3,5.2,46626.0,20.2,20.2,32.1,7.6,849.0,20.0,17.2,40.8,9.59956116,29.9,16.5,42.6,36.1,18.235741559999997,21.5,46.65318504,37.2406639,0.0010604728,0.0003089042,5.3420769123,9.2,5.6611041683,0.74233097,79.62857586,0.65438932,1.2389426300000002,18.21944028
182690,37.1,25.7,14.0,22.5,14.8,10.8,3.5,77058.0,16.5,6.6,25.6,2.4,1271.0,23.2,18.0,40.7,6.92211055,12.8,17.7,41.6,31.1,21.255056240000002,14.6,55.650058349999995,22.199890371,0.0009856781,0.0004058095,3.9769417153,8.9,5.4556855126,5.75833144,25.891792260000003,1.38438489,1.01229141,64.3514731
19758,38.4,16.3,15.6,60.6,8.8,17.4,4.7,59361.0,19.3,16.1,17.8,3.6,954.0,21.4,18.4,41.5,7.53363229,21.6,20.9,42.6,32.5,20.27436728,16.7,38.389540929999995,28.641823221,0.0002453265,0.0001006391,4.1055911618,7.0,5.8086500924,12.1731024,28.766988859999998,0.74088612,1.6142485599999998,56.88631569
14805,35.6,20.6,14.4,84.8,11.4,13.5,5.3,57798.0,16.3,25.4,32.5,8.8,868.0,20.4,18.0,40.1,8.23529412,26.5,17.0,40.5,32.9,19.32689633,18.099999999999998,40.03152088,32.623169108,0.0001331735,0.0002711129,5.7918426803,8.5,5.5277051024,10.17445732,53.555733120000006,0.65255027,1.21853775,34.90478093
149773,34.6,28.1,11.2,33.1,17.0,10.9,4.9,84075.0,13.6,6.3,22.6,3.2,1286.0,22.2,18.3,41.3,8.051624740000001,13.4,16.6,37.5,29.7,20.542501220000002,13.3,62.32963684,20.207170459,0.0010662933,0.0002091679,3.8218732555,8.7,5.6968206811,20.75232915,28.0505143,2.35446174,1.07221714,46.64279175
45376,42.6,22.7,19.6,45.4,30.9,11.5,4.8,104196.0,12.0,8.6,23.6,2.6,1455.0,20.4,14.3,31.9,7.19944885,8.799999999999999,10.100000000000001,32.800000000000004,19.0,22.00070808,12.7,77.25433525999999,8.6671973114,0.0023744979,0.0008549201,4.9970525188,8.1,5.0231706671,1.4682312,24.82933296,1.9273007899999999,0.78952055,69.82804678
52810,48.2,18.6,27.9,36.9,18.4,16.1,3.3,66713.0,18.1,12.8,29.3,4.4,1048.0,21.4,15.4,36.1,8.51540616,19.400000000000002,15.9,34.9,28.1,21.30796909,16.6,56.63068982,24.276466108,0.0033942317,0.0008088636,4.3106402459,7.7,5.9581825257,1.49680052,27.14272466,1.3428544900000001,1.2222943499999999,68.20921821
4316,48.4,19.2,28.0,59.0,18.9,18.8,0.8,62386.0,17.9,36.3,20.8,4.2,716.0,22.5,16.2,35.1,9.75609756,34.699999999999996,18.0,37.6,29.599999999999998,20.04775945,16.6,49.282786890000004,38.653366584,0.0009004953,0.0009163803,6.2939896117,6.8,5.7835972759,1.01305718,22.962629449999998,0.92300765,1.62089149,73.41287708
30860,28.6,24.3,13.1,56.3,14.9,14.2,7.5,52487.0,17.3,14.4,45.9,6.1,978.0,21.0,18.0,38.6,8.42572062,29.099999999999998,15.0,41.5,33.4,17.41368545,23.0,60.924261869999995,26.748542881,0.0006651369,0.0004243512,5.9457087458,10.5,5.5514839967,3.46203731,71.87136253,2.26811667,1.0642189599999998,20.97841631
50149,40.3,23.8,19.3,35.6,13.9,18.9,3.9,58246.0,19.0,11.3,33.3,7.1,847.0,24.6,19.0,38.6,8.19450698,28.7,19.400000000000002,38.6,28.599999999999998,19.289245190000003,18.099999999999998,58.21992151999999,32.00588614,0.0012517848,0.0004391393,6.024004801,8.7,6.1436400183,13.12809279,9.95364485,0.8488665499999999,2.0263266,71.62360397
13024,36.8,27.4,17.1,53.3,9.8,16.3,2.8,54519.0,25.4,21.5,27.1,4.9,796.0,21.4,17.6,38.3,8.44709898,25.2,18.4,41.699999999999996,34.9,18.774164600000002,18.8,45.5570745,40.190532897,0.0003933601,0.0002325942,4.2131842867,6.1,6.06201888,3.6267799500000004,58.39823775000001,0.70804815,2.0454724300000002,36.02391629
21829,43.8,21.3,20.5,28.7,14.1,22.9,5.3,73269.0,13.6,18.4,19.5,4.4,867.0,23.6,17.3,40.1,6.576271190000001,17.1,17.9,38.3,27.500000000000004,22.42398919,16.2,57.41429162,18.166804294,0.0008167827,0.0004493978,4.3010599204,7.8,6.014031116,4.01083312,21.00421288,1.4960020600000001,1.37563408,69.89940676
20379,43.4,23.6,23.7,38.3,13.8,14.4,3.0,58530.0,10.5,21.6,23.7,3.6,871.0,22.8,16.9,35.7,6.84505289,16.2,18.099999999999998,37.7,27.500000000000004,20.79900263,14.7,51.18250781,22.120017521,0.0003402849,0.0005841121,4.8715541491,8.6,5.8132393415,5.60497788,20.110835639999998,0.65626367,0.7437655,72.3688688
17543,41.9,21.5,20.5,51.4,11.8,15.6,2.8,66448.0,13.8,19.9,21.9,4.7,1037.0,22.9,17.8,39.6,7.7081899499999995,15.9,18.0,38.6,28.999999999999996,20.43716684,15.4,36.56515898,25.261860752,0.0004385965,0.0002259121,4.4792208758,8.5,5.884327774,8.9747807,26.951754389999998,0.625,1.19517544,61.716008769999995
93523,34.1,27.9,12.6,37.4,7.7,16.2,6.9,59605.0,24.5,14.0,19.2,4.6,978.0,23.7,20.1,39.3,8.270356569999999,20.4,21.0,39.800000000000004,33.6,19.033748759999998,18.4,41.69852023,34.388669929,0.0002955519,0.0002151176,4.7740819003,9.8,6.1191175106,7.95127087,41.79381558,0.87003103,1.6061400900000002,48.018878380000004
22222,42.0,22.3,20.6,70.9,12.0,16.8,3.6,53102.0,19.1,21.4,25.2,3.9,784.0,22.8,18.1,39.5,10.78539823,25.6,21.099999999999998,40.1,33.6,19.38548427,19.2,54.413727359999996,37.434375713,0.0005393258,0.00040689,4.5399334443,8.5,6.1131688512,16.1752809,23.9011236,1.0786516899999998,1.38876404,56.7505618
21637,57.4,15.9,37.1,0.0,22.2,21.7,6.0,64241.0,14.8,37.5,21.2,3.3,974.0,21.5,14.5,33.7,8.04059329,21.2,17.2,38.5,25.1,21.84675026,17.2,51.54338963,33.733376581,0.0006120219,0.0006825007,4.6321723309,7.7,5.5742117086,1.1846994499999999,14.05464481,0.79125683,1.04043716,82.14644809
311509,31.2,23.6,12.7,40.1,20.0,12.9,4.6,61911.0,13.5,9.1,44.4,5.6,1087.0,22.7,18.2,34.5,8.644477629999999,19.900000000000002,16.1,36.3,27.6,19.673314650000002,17.0,67.45225038,24.127929083,0.0022215991,0.0007886761,4.9381939592,5.4,5.6958472656,7.22502648,36.607465569999995,2.48519973,1.21611516,51.96267215
5619,36.6,27.3,15.8,25.3,17.2,19.7,3.6,52996.0,16.7,19.0,27.7,4.2,887.0,22.9,18.0,38.7,9.09090909,21.4,19.1,40.5,34.0,18.924669050000002,18.9,64.20308483,29.545454545,0.0005207429,0.0010548523,4.6450285798,6.0,5.9320462429,2.27391078,40.28814442,0.48602673,2.08297171,55.372331190000004
7638,44.4,22.1,22.6,48.8,12.7,21.0,8.7,53214.0,18.9,24.7,30.0,4.8,816.0,22.7,17.0,37.6,7.557117750000001,28.000000000000004,19.7,39.300000000000004,31.5,20.23546736,18.6,44.29708223,31.806615776,0.0002683843,0.0003982477,4.9027737924,7.0,5.9600727745,2.32152442,30.24691358,0.79173376,1.4626945800000002,64.81481481
261090,33.6,24.1,14.8,35.4,16.4,13.4,4.4,59781.0,14.1,10.5,40.4,5.2,1048.0,23.6,18.4,38.9,8.76908641,20.200000000000003,18.4,39.0,28.199999999999996,19.02663879,16.900000000000002,63.58697306,22.423925994,0.0021483117,0.0007677251,5.1898188782,8.7,5.7518753433,13.928655200000001,27.163297749999998,1.9666174,1.1344724,54.77599103000001
13556,36.2,21.7,15.2,40.2,10.2,16.5,6.3,65768.0,13.3,19.7,28.7,8.7,814.0,22.0,18.9,39.8,7.92326939,22.5,18.5,40.400000000000006,30.3,20.21064693,15.9,43.1844751,39.468963043,0.0002183088,0.0002186908,4.5020398912,8.5,5.7206445003,17.65390773,26.56818513,1.0842672100000001,1.25891428,52.73613739
36251,37.1,25.8,17.4,49.1,14.0,17.4,6.7,56412.0,17.3,24.6,30.6,6.6,960.0,22.0,17.4,40.3,9.20419145,26.400000000000002,19.7,41.199999999999996,34.1,18.48666964,20.7,54.8115747,39.045013678,0.0005500701,0.0003576932,6.0472851029,9.5,5.7976174416,10.135042219999999,44.07161913,1.9747517799999998,1.4851893600000001,42.44616189
57806,30.1,31.0,11.8,27.1,11.6,12.1,7.1,48497.0,28.1,10.8,31.9,7.8,757.0,19.7,18.0,40.4,8.29675775,29.2,18.2,45.2,42.1,16.84559741,22.3,52.24846774,42.276613187,0.0003635608,0.0002411465,6.0848127396,7.9,5.7993817591,0.55399744,94.69374329,0.57477234,2.00650947,2.89290537
51432,39.4,22.7,17.0,24.3,13.3,18.7,2.4,73060.0,13.7,11.7,17.9,4.7,1038.0,20.6,16.0,37.2,8.58880779,18.3,15.6,40.300000000000004,29.9,19.9302751,15.9,53.518547999999996,23.195444649,0.0005839736,0.000288567,4.6668222897,8.5,5.1642467418,3.4436191800000002,52.09956749,0.9106337900000001,1.20079566,42.15376754
169393,32.1,28.9,10.3,27.6,20.6,10.8,3.4,90123.0,15.4,7.0,33.0,4.7,1375.0,21.4,17.2,39.3,7.924784999999999,13.8,12.7,38.4,26.3,19.41030803,14.499999999999998,65.7309878,33.814048624,0.0009993902,0.0003810227,4.9693244919,7.1,5.136860712,6.72527497,47.05772749,2.34150914,1.22467647,42.1940285
25080,41.5,23.4,20.7,16.8,12.6,15.8,5.8,56985.0,16.2,15.5,23.7,4.0,911.0,22.7,17.3,37.3,7.60815515,22.5,16.1,37.5,28.499999999999996,20.387320719999998,16.7,46.4756141,33.769063181,0.000231205,3.98311e-05,4.3408856849,8.5,5.7708903273,8.35035259,25.952757119999998,0.88243228,1.37566953,62.79526801000001
4501,50.8,18.8,28.1,46.9,18.5,16.1,2.3,59315.0,13.5,30.9,14.8,1.6,655.0,21.9,15.5,34.1,4.7058823499999995,22.400000000000002,16.7,34.9,25.2,22.06063996,14.499999999999998,46.72774869,12.795275591,0.0013192612,0.0002232143,4.4249883883,7.3,5.5378931885,1.47317502,17.37027265,0.90149516,1.18733509,78.62796834
20197,44.1,22.7,21.6,7.8,12.8,19.8,5.1,63336.0,15.6,23.1,20.3,4.6,974.0,24.4,17.9,37.4,8.47222222,17.5,16.7,37.2,26.1,21.62739381,17.299999999999997,48.991935479999995,24.879227053,0.0001852023,0.00024499,4.5414993307,8.5,6.094338199,0.93527178,12.44559681,0.56023706,1.48624873,83.47069173
629989,37.4,25.9,13.4,21.5,25.0,10.1,4.3,95946.0,14.3,7.5,27.3,3.3,1416.0,21.5,16.4,38.5,7.49190435,13.5,16.2,35.4,26.5,21.125694929999998,13.8,67.92869628,15.208248184,0.0012876852,0.0006318521,4.5690215573,10.3,5.2276696601,7.08100327,28.2579419,3.8096362699999995,1.01046736,58.81558268
21284,30.7,31.3,11.2,43.7,7.9,10.9,2.5,59041.0,21.4,14.6,35.1,7.7,879.0,21.3,18.4,39.0,6.7612999600000006,20.7,19.3,39.0,36.1,18.621937380000002,15.6,40.77313276,52.316076294,0.0003775366,0.0003314708,4.3685715307,6.0,5.7583506195,4.84190656,61.49126947,4.28975932,2.0198206699999997,27.98017933
11993,43.0,23.0,21.7,44.1,7.9,20.7,5.9,51532.0,13.5,16.1,26.5,5.7,783.0,23.4,18.5,38.5,10.123966939999999,30.5,18.9,40.6,29.299999999999997,19.50503023,18.3,55.31669866,31.436530044,0.00033151,0.0002493766,4.1580751904,8.8,6.0564366497,21.1503398,11.61942649,0.93651583,1.60782364,62.597381070000004
64768,31.7,23.1,15.3,45.3,15.9,16.6,6.6,51153.0,15.5,13.9,40.9,6.0,863.0,24.4,19.8,37.4,8.15013405,24.5,16.8,40.6,28.000000000000004,18.25841428,19.0,58.94283958,19.042504854,0.0015449331,0.0007113255,5.528,8.8,5.938834343,16.52313576,21.83709369,1.4042065,0.89024857,58.132313579999995
52834,37.5,25.6,16.6,44.3,11.4,17.4,5.6,56261.0,18.1,15.7,32.1,5.1,978.0,23.3,18.9,39.8,8.15352697,21.6,17.9,42.3,30.5,18.95355746,17.9,53.05678615,37.502011911,0.0007549205,0.0002798977,5.0438081956,8.5,6.1458921149,11.73721578,32.767142989999996,0.99577604,1.13957041,51.14406399
12333,45.5,21.6,22.2,50.4,4.9,15.4,10.6,38871.0,24.3,25.9,19.4,7.6,876.0,25.0,20.3,43.5,9.397590359999999,26.900000000000002,24.9,42.1,35.099999999999994,18.396368499999998,20.4,42.24640497,32.183016673,0.0002491901,8.16927e-05,4.7916528834,8.7,6.7460459521,16.57945012,3.90397874,0.61466899,1.11304926,75.82025085000001
14657,36.6,25.9,19.2,38.6,9.2,19.6,6.6,47437.0,17.1,20.3,34.6,6.8,810.0,23.1,18.6,39.6,7.79712339,27.700000000000003,19.2,41.8,33.900000000000006,18.75713511,18.6,46.59400545,44.224614489,0.0009087096,0.0004795506,5.3515483587,6.6,6.0015843274,4.58548861,37.87921152,0.88773941,1.30015378,54.858101500000004
353245,36.2,24.1,15.0,41.3,14.4,13.1,5.7,64027.0,18.1,14.3,40.6,7.0,1175.0,20.0,16.5,39.5,8.8857684,24.7,16.7,44.0,34.4,21.74735278,18.7,58.50020903000001,26.766931275,0.0016406984,0.0007901914,4.9607746157,9.6,5.9402766659,3.71144146,62.91709364,2.52803806,0.87939164,29.638734109999998
9924,33.0,30.3,10.7,44.6,12.3,14.3,1.5,62240.0,23.7,14.9,29.5,3.3,858.0,22.1,18.0,37.7,7.248018119999999,15.4,15.9,38.7,30.599999999999998,19.03791095,16.5,44.89402697,25.369978858,0.0002061006,0.0004089143,3.9809013235,6.5,5.7199614266,0.6079967000000001,57.821516900000006,0.71104699,2.41137675,39.44765045
84761,37.7,25.0,15.7,35.0,12.8,16.7,5.8,71910.0,16.3,16.4,24.8,5.3,974.0,25.0,19.0,41.3,9.170718529999998,19.3,18.4,41.6,28.4,21.20597248,16.8,56.546061540000004,28.725511776,0.0003732997,0.0001652073,4.9289161611,8.7,5.924702988,8.96269336,10.02543104,1.18872635,0.8107603600000001,77.71167262
28569,41.3,23.2,19.8,58.5,11.9,16.5,7.3,65242.0,18.7,29.7,27.9,4.0,963.0,24.0,18.3,38.6,7.078559739999999,26.400000000000002,18.5,36.9,28.299999999999997,20.12515518,18.0,49.939631750000004,38.344783512,0.0002689347,0.0004880429,4.2936044362,7.8,6.0375149407,2.26241302,20.755034119999998,0.9379097100000001,1.22365281,74.03771809
22540,39.2,23.1,20.2,43.1,11.7,16.8,2.9,58205.0,19.9,25.2,19.5,3.1,799.0,23.5,18.1,40.0,8.2837033,18.7,19.3,38.3,27.900000000000002,20.563264949999997,16.400000000000002,58.57872006,26.186887717,0.00026272,0.0002205072,5.5597393193,9.0,6.0098833514,15.01007093,10.59637446,0.64804274,0.87135476,71.49049829
151188,39.4,24.6,15.7,26.3,20.2,12.3,3.9,95721.0,13.8,8.4,18.0,2.8,1291.0,24.0,16.9,37.8,6.56422248,9.3,13.5,36.8,23.1,23.56603426,13.600000000000001,67.39693288000001,16.240487506,0.0007262499,0.0003827409,4.2419051161,8.5,5.783762476,1.82369419,15.13885206,1.00695125,1.02078458,79.62350283
9809,36.3,27.6,15.3,0.0,13.7,11.6,2.1,65575.0,24.2,14.7,28.8,1.9,839.0,20.1,16.7,37.6,7.29366603,17.299999999999997,16.5,40.0,32.800000000000004,19.12736498,13.900000000000002,46.0251046,36.560867818,0.0001039825,0.0001019056,3.0575803213,5.9,5.5339923906,1.23739212,66.76718310999999,1.0190288,1.75730477,30.39409379
15114,36.7,24.6,13.6,0.0,6.9,8.5,1.2,59325.0,17.2,12.9,29.4,8.5,986.0,19.6,17.4,40.3,9.78970268,24.0,16.0,42.0,34.4,18.42977897,19.2,41.14799447,43.053435115,0.0002735417,0.0004630242,6.7744995731,6.3,5.5441119629,3.91848458,71.37386309,1.61389592,1.627573,22.12268344
50536,43.8,20.1,18.8,42.8,8.8,24.2,9.3,57315.0,16.7,27.9,22.0,3.6,920.0,24.8,18.8,39.2,8.38926174,30.0,19.5,40.400000000000006,30.599999999999998,20.1591396,19.5,41.08629358,38.288288288,0.0006459233,0.0004817048,4.4981514226,8.7,6.2320270985,8.865758679999999,15.577824530000001,1.03163179,2.10570996,71.36160632
117905,34.5,26.9,13.5,41.6,11.9,13.2,3.7,47974.0,21.5,12.5,44.2,8.6,943.0,23.0,19.2,41.1,9.81999644,22.8,20.4,38.6,34.9,18.51729484,18.8,48.11920035,41.270535096,0.0030615716,0.0008751834,4.8633877291,5.4,5.8780826659,10.31863023,39.85102096,4.90985372,1.32319206,42.8253683
6168,41.9,29.9,22.8,66.3,15.0,15.2,12.3,29012.0,33.0,33.0,26.0,13.9,391.0,18.7,16.2,39.2,6.06060606,35.199999999999996,20.4,44.2,42.699999999999996,16.03297166,27.6,47.62376238,59.589041096,0.0008628128,0.0004885993,5.3898418854,5.4,5.9534514204,1.8809318400000001,82.41587575,1.79465056,2.12251941,13.2700604
12257,47.6,19.2,24.0,61.0,14.6,20.2,2.3,60291.0,16.3,18.9,20.0,4.1,896.0,23.3,16.6,37.2,7.48847926,20.8,17.599999999999998,37.5,25.4,21.65090988,16.6,61.68543158999999,26.36282395,0.000539042,7.99424e-05,4.2540399166,8.1,5.940853645,2.75681503,10.6961343,1.1858925,1.5786231299999998,82.1115047
141489,36.4,23.9,15.4,13.9,21.7,10.6,2.8,78038.0,9.6,9.2,30.5,2.8,1072.0,23.6,17.2,35.5,7.84962144,10.7,14.399999999999999,33.900000000000006,23.0,21.5605496,13.900000000000002,72.3914936,18.011796864,0.0013220465,0.0005491679,4.0518582783,6.1,5.4260975021,3.7610873199999997,25.312468380000002,2.1834002200000002,1.01042123,66.72962126
2830,52.3,23.9,34.1,100.0,16.1,30.5,1.6,46842.0,19.8,45.4,25.8,3.7,836.0,22.7,16.6,37.2,8.0952381,34.2,19.5,41.3,32.1,18.59562813,23.400000000000002,29.06574394,38.054968288,0.0003503854,0.0007077141,4.5158782666,6.9,6.0961170862,1.8220041999999999,27.71548704,0.5606166800000001,2.59285214,66.81850035
11627,48.9,20.1,25.9,20.7,9.3,16.8,3.8,44583.0,18.9,24.7,25.0,3.4,688.0,23.7,18.2,40.1,8.81670534,27.1,20.599999999999998,39.900000000000006,30.4,19.50534588,19.0,53.60779106,34.516765286,0.0003425244,0.0002596279,6.0775735294,8.8,6.3641378056,15.088200030000001,7.97225552,0.53091283,1.8838842299999998,73.13752355000001
16912,40.6,23.8,20.3,56.6,12.6,18.7,8.7,59410.0,13.4,25.7,24.8,7.9,781.0,22.2,17.6,39.5,8.75258442,25.2,17.0,37.9,28.599999999999998,19.77894259,16.2,47.09076804,30.78677309,0.0002316558,0.0001179384,4.9625347636,8.5,5.7402648581,18.09810621,22.69068165,0.91504025,1.2509411,56.38501187
110631,37.6,26.6,12.4,17.2,27.9,7.7,3.9,121303.0,8.7,3.6,16.8,1.8,1779.0,21.8,15.5,35.3,7.08131712,6.5,11.899999999999999,34.9,20.4,22.709344549999997,10.6,77.00599181999999,7.6498233337,0.0018658564,0.00066162,3.3143351405,8.8,4.8367905207,9.92102477,21.48628786,4.03253444,0.89789577,62.11854661
9858,40.9,23.4,20.6,45.0,13.0,19.0,3.0,55424.0,15.4,24.5,23.1,2.4,897.0,21.9,16.8,38.2,11.28010139,23.3,16.3,38.1,29.099999999999998,20.683750840000002,16.5,50.693240900000006,33.050468959,0.0005066883,0.0007040129,4.2404355822,6.9,5.7461154215,2.13822456,35.417511149999996,1.26672071,2.02675314,59.77908391
52755,38.8,22.4,16.8,27.0,10.4,15.4,5.5,61661.0,15.8,16.0,20.8,3.9,963.0,22.7,18.4,39.6,8.124223599999999,17.1,17.5,39.6,26.900000000000002,20.50046916,15.5,50.71794143,27.05861201,0.0003014375,0.0002275183,4.3026941905,9.0,5.8213096311,15.9328548,19.51054089,0.74417378,1.10213079,61.71367207
9980,54.1,17.6,30.0,38.4,9.5,26.3,8.4,47061.0,13.2,41.4,15.2,4.5,725.0,23.1,16.8,36.6,9.26694329,30.4,21.0,38.6,28.999999999999996,20.55084182,20.9,46.51410325,46.958377801,0.0002968534,0.000199223,4.7224460371,8.2,6.3836655323,6.669305359999999,4.6605976600000005,0.72234316,1.0884623,84.74173757999999
7920,48.6,19.6,28.2,72.7,7.5,24.7,10.3,45888.0,21.6,36.3,27.5,11.7,718.0,24.3,19.5,39.5,7.86713287,31.8,23.799999999999997,42.8,34.5,17.66340057,23.200000000000003,29.61672474,45.193687231,0.00025533,0.0002524615,5.5930342945,8.3,6.5681621382,20.96259415,8.37482446,0.45959403000000004,1.0085535600000002,68.08374823999999
68942,36.0,26.3,15.1,51.1,11.9,19.1,4.4,63842.0,16.9,19.1,32.2,6.7,1265.0,20.7,17.5,41.1,9.01810027,25.6,16.0,43.3,31.8,18.98462156,19.6,51.13280829,29.974222169,0.0004953297,0.0002295585,5.0725534308,9.7,5.6548368463,1.7138409300000002,56.569487689999995,1.40107557,1.09114067,39.09000849
5779,41.9,19.3,22.7,28.0,14.0,19.0,3.8,54087.0,22.7,29.5,23.9,2.0,918.0,21.9,17.3,37.9,6.84210526,25.900000000000002,18.0,39.4,29.5,20.333842060000002,17.2,41.81818182,32.846715328,0.0003421728,0.0003432298,3.5092886911,7.2,5.8400848715,4.3798118,30.67579127,0.71856287,1.6766467100000002,62.08725406
16883,36.2,25.3,15.0,22.3,13.5,15.4,2.2,58932.0,19.1,17.6,19.1,0.9,1025.0,22.1,17.5,39.0,8.78661088,21.3,18.099999999999998,39.1,31.1,19.85792196,16.1,57.83236371,37.529319781,0.0005551443,0.000594389,3.9229087101,6.5,5.6924356644,3.68245744,43.91808537,1.09178386,1.43103874,49.75326918
3134,42.9,23.8,19.7,46.1,26.3,17.6,7.2,60924.0,14.2,16.4,19.0,5.6,486.0,23.2,16.2,35.3,9.3220339,18.9,15.5,38.1,23.200000000000003,22.121201239999998,15.299999999999999,56.23145401000001,24.360535932,0.0003096934,0.0003113325,5.5669910505,6.8,5.6717762003,1.51749768,13.10003097,0.52647879,1.17683493,82.56426138
24157,39.7,26.0,17.8,42.5,10.0,15.4,4.0,49231.0,20.4,21.8,24.8,6.3,833.0,23.9,19.4,39.5,8.36148649,24.0,21.5,40.9,33.6,18.345059199999998,19.1,49.84756098,34.464842397,0.0007858059,0.0001670914,5.1027640303,8.8,6.1637429459,16.535009719999998,20.14144506,1.6708714199999999,1.08772075,59.870135239999996
234667,37.2,24.2,17.0,24.5,18.1,12.4,4.7,69053.0,17.2,16.7,31.3,4.3,1129.0,23.3,17.7,39.1,8.06813302,17.1,17.4,39.7,27.400000000000002,20.23268361,14.899999999999999,64.375183,22.891461398,0.0018514818,0.0009865675,4.3420977513,8.7,5.7941223301,17.047498259999998,21.133808300000002,1.7597233399999999,0.8980094500000001,58.01866979
9337,43.1,21.6,18.4,38.7,21.3,11.7,3.9,87899.0,12.7,15.0,17.8,2.9,853.0,23.1,16.5,33.9,7.96610169,12.7,12.3,33.2,20.7,22.47448709,13.700000000000001,65.09519492,12.356979405,0.0005056634,0.0007392544,3.6648136819,7.9,5.3022831674,1.15291262,18.042071200000002,1.09223301,1.6686893200000001,77.447411
65716,28.6,32.6,11.5,34.0,9.2,15.5,11.5,35979.0,33.1,18.4,27.4,10.7,670.0,21.2,19.5,42.2,9.88357378,37.0,18.4,47.8,43.9,15.584971040000001,27.200000000000003,50.66332457,44.414811776,0.0003185003,0.0002573847,6.6501503759,9.7,6.0838157861,0.22295022,96.98183032,0.25176692,0.46410046,2.48278582
9260,40.9,22.0,19.6,27.3,13.9,18.0,8.6,44712.0,17.5,27.2,21.4,9.3,688.0,22.8,17.7,38.8,10.04366812,26.1,19.7,38.800000000000004,30.7,20.77365124,18.0,51.46678171,39.70354685,0.000642192,0.0003270468,4.9263137852,7.0,5.8818296409,3.22166328,25.730493420000002,1.10242963,1.59477684,67.92250883
2113854,34.9,25.8,11.7,32.3,22.4,9.8,4.9,78872.0,16.9,7.0,40.3,4.4,1352.0,22.7,17.5,39.5,8.773285040000001,14.2,14.6,37.7,25.8,18.02140843,14.2,65.21075897,19.201636972,0.0019634009,0.0005826538,4.2546312525,9.7,5.5371287445,18.380611159999997,30.50628348,6.38338906,0.94693091,42.15810095
143029,32.9,24.5,14.6,39.8,18.4,14.7,2.4,61806.0,15.5,11.6,41.3,4.6,1063.0,23.4,18.4,36.9,9.05543109,15.299999999999999,15.6,36.5,27.0,19.97070306,17.0,63.065209509999995,27.202884917,0.0023291291,0.0006698017,4.3606666433,7.1,5.4333605817,8.03072816,25.44267073,2.2038192299999997,1.05764254,61.62317143
11816,35.4,27.4,14.8,22.2,8.1,14.0,4.8,42694.0,21.8,12.9,34.2,7.9,763.0,21.9,18.6,41.2,8.209538700000001,29.4,20.1,42.8,36.6,18.66552536,20.3,47.30869001,49.465240642,8.66026e-05,0.0003403097,4.9075404366,5.9,6.0739350251,3.77587252,57.19234433,0.7014809000000001,1.35100026,37.34303282
31301,34.4,28.8,14.5,41.2,10.8,13.0,4.0,57634.0,19.8,10.4,33.1,4.7,808.0,22.5,18.7,40.9,7.38581147,20.200000000000003,18.099999999999998,40.2,32.6,18.17119023,18.099999999999998,44.797270700000006,29.291087303,0.0009248334,0.0004168938,4.4734230754,8.8,6.1443444171,9.21325382,45.438020220000006,1.34579201,2.24192365,42.54233504
119276,35.0,24.1,15.9,29.9,16.4,14.2,3.2,67215.0,13.8,11.7,32.5,4.7,1024.0,23.0,17.4,38.2,8.41201717,17.1,16.2,37.6,28.499999999999996,20.9365065,15.7,62.7006524,25.778517902,0.0021586299,0.0007202017,4.3539180073,6.9,5.5395057015,3.5201626100000003,41.22731129,1.4648445700000001,1.1700278,51.858353560000005
1289054,35.1,20.7,10.4,24.0,33.4,9.0,4.2,92731.0,12.5,5.9,47.1,5.5,1561.0,22.1,15.9,32.3,7.48516994,12.0,12.1,29.4,21.5,23.83147195,14.6,80.07457219,18.286781878,0.0040315785,0.0008374491,4.5941327795,9.6,5.3084070232,8.6077421,32.37263111,8.81119374,1.2297737499999999,47.90199864
13735,50.1,19.7,26.4,58.5,11.3,23.2,7.0,51165.0,17.3,28.0,23.6,9.7,776.0,23.7,17.7,37.2,9.129967780000001,28.599999999999998,18.7,38.9,28.000000000000004,19.95880662,18.8,56.33911368,32.870708546,0.0004217037,0.0001446445,5.1118071374,8.5,6.0084711303,8.46921563,11.9623278,0.65364071,1.14562834,76.53219005
19962,42.6,19.1,22.1,32.8,8.7,25.2,12.6,50898.0,15.9,28.4,19.4,7.0,927.0,24.3,19.3,37.6,8.04347826,23.799999999999997,19.5,40.300000000000004,28.7,19.94566671,20.5,34.8146672,39.363709895,0.0003434403,0.0002490412,5.2376272845,8.4,6.2112113858,11.25502895,8.85094691,0.68197429,1.00088313,76.87665587
41261,40.9,23.8,18.3,66.7,12.2,20.0,4.3,60456.0,16.4,13.9,21.7,3.9,958.0,24.9,18.9,38.5,7.757065539999999,18.6,20.4,40.5,29.299999999999997,20.47187826,17.8,57.785365850000005,26.964047936,0.0004620965,0.000215445,4.887106943,8.9,6.3412991897,7.675423400000001,10.70908713,0.82022134,1.2130034,77.91178577
24833,34.2,26.1,16.3,24.6,14.2,19.6,3.2,55000.0,19.3,16.7,31.7,7.2,1014.0,20.6,17.0,38.3,8.13484793,32.4,15.5,41.6,34.4,17.95355465,22.2,59.885872920000004,39.289871944,0.0008413462,0.0003235068,5.0929947996,7.9,5.6693085846,0.92147436,71.14583333,1.26602564,1.30608974,25.82932692
47693,31.7,28.0,13.9,38.2,12.2,13.7,3.4,57250.0,20.6,10.3,34.1,4.8,913.0,19.5,17.2,38.5,6.607846820000001,30.099999999999998,15.8,42.1,35.699999999999996,17.914963059999998,18.4,53.296229520000004,43.799819213,0.0006496228,0.0003363889,5.1697090828,7.5,5.4944495404,1.58424141,81.24895222,0.86336966,1.03520536,15.553227159999999
60053,42.0,22.8,20.1,25.9,12.2,15.3,3.1,62334.0,17.7,12.4,20.3,2.9,981.0,24.7,18.1,36.7,7.13804714,16.8,18.0,36.1,27.500000000000004,21.091229419999998,16.1,57.110140990000005,23.42076099,0.00040625,8.15993e-05,4.475239699,8.3,6.0995295062,2.9515625,14.018749999999999,0.6375,0.965625,80.215625
91209,36.3,25.2,16.4,44.3,13.9,15.3,5.2,66308.0,16.4,12.1,32.9,7.2,1084.0,21.6,17.4,38.5,8.59568447,20.0,16.900000000000002,39.1,31.1,19.39055373,18.099999999999998,58.86649874,30.066663643,0.001789143,0.0007255618,4.7787070855,9.0,5.8401162157,5.70998429,48.39849887,1.40513179,0.93711817,43.10307209
77182,36.5,14.2,13.5,35.1,12.5,11.6,7.0,47193.0,15.0,14.6,45.1,6.7,976.0,22.8,19.5,42.2,8.90843482,22.6,19.5,42.199999999999996,30.099999999999998,19.51596155,16.3,49.336609339999995,13.065890879,0.0006275533,0.0002693102,4.7113550728,8.7,5.8369895641,21.66904563,21.730570460000003,1.2046562,0.8896490599999999,53.80346508
57463,28.7,23.3,11.5,35.5,18.3,11.1,6.1,71643.0,18.3,9.0,30.6,3.6,1109.0,21.6,18.9,38.2,7.71772939,18.5,16.1,41.5,28.7,20.01606615,13.900000000000002,59.17011902,11.902276049,0.000314698,0.0001170941,4.3778638628,9.7,5.4685222938,23.68574261,33.96692524,2.4373357700000002,1.45862508,38.2027599
11347,35.2,29.0,13.4,5.3,8.6,12.9,5.5,70771.0,12.0,16.8,19.6,3.9,1061.0,21.3,17.9,39.8,8.24345146,18.7,17.4,40.8,33.1,19.51355889,15.6,43.31432193,43.463381246,0.0001823819,8.93336e-05,4.3027771099,6.9,5.655471943,4.057997449999999,57.08553711,1.01221959,1.7326281200000002,36.09337954
35807,41.9,21.4,21.7,39.2,19.1,14.2,2.7,70043.0,13.4,15.2,26.5,6.0,1025.0,21.7,16.4,36.8,8.29402516,20.3,16.3,37.1,26.3,20.62724842,14.899999999999999,59.718420019999996,14.353126229,0.0008917232,0.000612967,4.7197410557,8.6,5.6010085186,15.753776310000001,18.7072716,1.64023023,0.62150404,62.561137079999995
267282,29.4,31.8,9.7,43.1,14.7,13.1,5.9,59984.0,28.4,8.8,36.7,6.2,964.0,19.1,17.2,37.5,8.20106655,31.6,12.0,41.5,33.300000000000004,17.1547685,20.0,53.28847747,40.910578566,0.0005870376,0.000306033,4.9754540177,10.2,5.2405394972,0.49340883,94.90874909,0.64648446,0.58852379,3.9034286000000002
41614,37.7,25.8,17.2,38.0,12.9,15.1,5.7,59712.0,19.0,13.0,33.2,6.4,894.0,21.5,17.3,39.2,9.10728068,21.3,17.7,41.4,31.0,19.57421587,16.8,55.68268497,33.362344067,0.0005989602,0.0003834999,5.3377136972,9.2,5.6538713727,12.49430988,42.34409066,0.75229402,0.7786482699999999,43.62107382
4980,40.0,24.6,20.0,0.0,14.5,16.3,6.6,58158.0,22.3,27.0,26.5,7.0,896.0,23.4,17.8,38.0,6.9892473100000005,20.9,19.0,39.800000000000004,30.5,19.75795506,18.6,56.12416107,17.641597029,0.0008326395,0.0002029633,4.0439982181,6.6,6.1285207275,2.76852623,25.04163197,0.91590341,2.22731057,68.60949209
129584,34.8,22.7,14.9,30.7,15.1,16.0,4.2,58862.0,14.7,12.6,39.4,6.6,937.0,23.9,18.6,38.6,7.99417281,23.599999999999998,17.0,38.9,26.700000000000003,21.62054767,17.599999999999998,59.384380130000004,27.582716518,0.0022123214,0.0008303285,4.6289978678,8.1,5.8658537423,10.56153019,20.911814409999998,2.28145644,1.49101244,62.949761869999996
12795,37.2,22.8,17.8,42.9,12.7,24.8,9.3,50769.0,11.4,21.1,40.9,5.5,795.0,23.7,19.2,39.5,8.378870670000001,25.0,20.4,41.4,33.6,18.25666593,21.5,46.78548695,39.173789174,0.0019166267,0.0003141937,5.3952383309,7.0,6.2623242459,7.63456317,30.8097748,3.37805462,1.60517489,55.190864080000004
20308,33.7,24.1,14.6,59.1,7.7,15.1,8.7,42839.0,28.3,20.6,30.9,5.6,695.0,19.5,18.4,41.0,8.1257414,34.9,17.7,48.8,40.400000000000006,16.71861933,23.9,33.99691093,37.006408931,0.000449169,0.0003937783,6.3473455449,11.2,6.0962390462,2.21590058,87.1737286,0.9232919100000001,0.70369816,9.48744822
617396,36.9,24.7,12.6,17.6,29.9,10.0,4.4,102851.0,9.7,4.2,32.3,2.6,1597.0,20.4,15.5,33.1,7.420599,7.199999999999999,10.7,29.599999999999998,19.1,20.64904908,12.6,79.03150729000001,9.3904765988,0.001784303,0.0006827096,3.6508012209,9.5,5.2758926392,7.306462649999999,24.88586341,11.7055441,0.8603094400000001,53.40688563
50381,39.9,23.7,16.2,20.0,18.1,12.3,3.4,89708.0,12.2,8.8,14.4,2.2,1054.0,20.9,16.0,37.7,7.84521601,13.8,15.7,42.1,28.499999999999996,21.35937728,14.2,65.44903493000001,15.806988353,0.0004983113,0.0004682287,4.2171555399,8.6,5.5001612034,1.9507963799999999,40.69357548,0.90618829,1.07044645,55.017256339999996
70062,39.3,24.5,15.2,39.1,14.9,15.8,4.3,85385.0,16.2,10.1,18.4,1.6,1137.0,23.5,17.9,42.8,6.670158900000001,12.1,17.7,40.400000000000006,27.3,20.79477675,14.899999999999999,57.37534815000001,18.005371094,0.0007298616,0.0003764955,4.1376856207,8.7,5.6563304495,1.82849533,21.49762475,0.75034893,1.2177164299999998,73.50986594
45341,48.4,18.8,26.9,28.0,12.8,20.0,5.3,61748.0,15.1,19.4,19.5,5.5,882.0,23.2,16.7,34.5,7.15782123,22.0,17.299999999999997,35.9,25.4,21.2073871,17.299999999999997,52.46283559,25.726695623,0.000584295,0.0003269755,4.5856708347,8.6,5.9248093271,4.054589849999999,11.67963941,0.76584378,1.12476785,81.49662987
7630,30.0,32.3,10.0,16.2,8.6,9.0,3.9,80317.0,19.8,11.8,33.8,2.4,983.0,20.9,17.3,39.8,7.2434607600000005,17.0,18.8,40.699999999999996,36.6,19.3717254,15.8,54.87341771999999,31.315240084,0.000401714,0.0002629157,4.4595186643,5.9,5.7570492324,1.23192287,65.81414033,0.68291377,2.1692554900000003,30.8650241
17903,40.3,23.9,20.9,52.2,16.1,15.4,2.6,65565.0,18.9,11.6,26.3,5.1,823.0,23.4,17.3,37.8,5.87833219,20.1,18.8,38.7,28.599999999999998,21.176388409999998,17.1,60.54421769,32.085561497,0.0008276319,0.0008343995,4.5504162812,7.3,5.8565026301,1.48973736,21.00529684,0.81659678,1.35731627,74.98344736
7102,33.8,30.8,14.1,13.0,21.8,12.9,3.6,80268.0,11.9,21.1,19.5,2.7,948.0,25.3,16.9,35.2,8.23863636,14.000000000000002,10.100000000000001,32.5,20.0,15.315296749999998,12.4,61.85452526,21.7503884,0.0008295313,0.0008277004,3.5530555556,5.2,5.1286915804,0.82953131,14.48914697,0.82953131,1.94939859,81.26641781000001
58291,33.1,31.0,12.6,10.3,18.6,11.3,2.6,72769.0,8.1,6.2,23.9,4.2,927.0,26.5,17.9,37.6,7.3886462900000005,9.0,10.299999999999999,32.0,19.3,13.57307575,12.5,59.45243677999999,14.137976175,0.0046104269,0.0002848144,3.452046003,7.9,5.2407696055,0.43870844000000003,10.35670985,0.8343436900000001,1.10394997,86.05864335
134428,25.5,29.6,9.7,11.8,25.4,8.5,2.4,72719.0,6.5,5.7,35.9,3.3,1025.0,27.7,17.8,32.3,6.3711721599999995,8.3,10.6,35.0,19.900000000000002,11.57143895,13.100000000000001,74.91071935,6.5553599084,0.002380735,0.0004147958,3.627125037,9.6,5.2988254102,0.91717992,11.90999558,2.3849487,1.002156,82.2343795
20338,37.8,25.8,18.4,18.9,11.8,16.8,6.7,53734.0,7.0,16.9,33.0,4.4,786.0,28.5,17.8,34.6,10.57571965,16.900000000000002,13.900000000000002,35.0,23.3,12.68657195,17.5,65.78086671999999,17.360496014,0.002474647,0.0003926959,4.7701346059,6.0,5.9801102518,0.52404289,13.508661259999998,0.59197438,1.78562764,82.53190354
363032,32.0,31.1,10.5,13.0,25.5,9.2,2.5,101285.0,5.9,3.4,22.3,2.4,1407.0,28.9,17.2,33.6,7.41429634,5.800000000000001,7.8,30.2,17.8,13.769398059999999,10.9,76.03855101,8.301739461,0.0027089524,0.0004574105,3.2691261784,9.5,5.6303079173,1.2513162899999999,11.98289421,2.40938675,0.8558253199999999,80.66167033
19779,33.1,32.8,12.3,29.0,9.8,13.8,4.3,70821.0,14.2,27.2,22.7,4.7,894.0,25.6,18.6,31.8,7.92079208,13.5,12.1,33.0,22.3,13.409402519999999,15.0,52.10617426,19.582245431,0.0020510817,0.0004042446,4.2154381525,7.6,5.6601661956,0.32719637,7.7306246,0.58113982,4.77120672,85.25174586
9898,38.4,28.6,17.7,7.5,9.1,15.4,3.6,67056.0,7.8,15.9,21.7,2.7,662.0,27.1,17.3,36.9,6.77339901,13.600000000000001,13.0,34.5,21.9,13.630870580000002,14.899999999999999,61.091549300000004,15.489233094,0.000887224,0.0001003311,3.9416918712,5.8,5.4586759155,0.30559937000000004,7.32452681,0.56190852,1.34069401,89.40260252
5121,40.4,22.1,22.9,0.0,21.0,14.8,4.4,56481.0,14.5,45.2,26.8,2.5,779.0,24.7,15.4,34.8,7.4742268,14.899999999999999,10.7,36.3,19.5,14.03436975,17.7,70.80561715,10.082493126,0.0013172751,0.0003899396,3.8714655692,4.8,5.2921607392,0.63981935,7.43319533,1.1102747499999999,3.0109145699999997,86.77079413
9680,40.3,18.4,19.7,0.0,21.5,12.2,1.2,59171.0,12.2,17.4,33.0,2.1,1020.0,25.3,16.4,35.9,6.676342529999999,15.1,11.4,30.9,20.0,14.282899299999999,16.2,70.45291157,18.192154633,0.0032969297,0.0012418504,5.1202487906,5.2,5.8090373838,0.83453534,13.1155986,2.33875953,5.23387595,77.84875335
58068,29.5,27.8,12.9,9.9,20.3,11.1,3.3,63005.0,10.0,15.6,32.0,3.4,935.0,27.5,18.4,31.9,7.57602391,13.8,9.700000000000001,33.300000000000004,17.4,12.508288749999998,13.8,66.91826465,13.140876403,0.0030524365,0.0003304747,3.9394740194,5.4,5.4783277245,0.6805687500000001,10.70844559,1.0917132600000001,2.3438351699999997,83.63831741999999
11943,30.1,33.7,12.5,3.8,14.7,12.4,1.9,88048.0,7.5,6.9,20.4,3.9,969.0,26.4,18.3,34.9,5.96797671,10.100000000000001,9.700000000000001,34.4,18.4,14.12444659,12.4,58.39631942,15.205724508,0.0050679567,0.0008227067,3.468246669,6.2,5.3735172858,0.38393611,5.62082469,0.53751056,1.17484451,90.72410350999999
7814,42.9,22.8,23.8,6.9,22.1,18.3,3.5,70327.0,7.8,47.2,22.0,4.6,1124.0,25.0,15.5,33.6,6.55462185,12.9,10.100000000000001,36.3,18.4,13.749507790000001,15.7,70.43153969,12.006861063,0.0022551929,0.0005005005,3.8584531264,5.1,5.2880174935,0.72403561,5.22255193,0.9495549000000001,1.88724036,89.72106825
13027,34.4,31.2,17.3,0.5,18.0,13.5,4.4,69403.0,11.1,15.5,24.0,3.7,801.0,25.4,17.1,30.9,7.50773994,13.3,12.1,35.4,23.400000000000002,12.86151884,13.600000000000001,49.85924304,15.478164732,0.001786113,0.000607718,3.1214285714,5.9,5.3137586252,0.33489618,13.351194459999999,1.71913374,2.2400833500000004,82.01979609
12367,32.1,34.3,12.0,2.8,24.0,6.5,1.7,120854.0,5.0,6.5,13.1,0.8,1276.0,24.7,15.6,35.6,6.740442659999999,4.3999999999999995,9.0,31.8,17.2,15.241417779999999,8.200000000000001,78.78031384,3.0903940252,0.0002307692,0.0007900766,2.7117039706,7.0,4.7892977063,0.35384614999999997,2.9230769199999997,0.66153846,0.43846154,94.55384615
1180643,33.4,26.1,11.3,18.0,24.3,9.9,3.6,90011.0,9.9,5.3,32.9,5.2,1394.0,27.8,17.5,35.2,7.74226422,10.6,8.5,32.800000000000004,19.7,16.61804496,12.2,71.37441477,14.150457412,0.0058618011,0.0007627984,3.7978506084,10.6,5.3286230082,1.95351206,20.70031278,4.853632070000001,1.49585137,67.71286872
14524,33.2,28.2,15.5,22.8,12.9,22.0,12.1,52108.0,19.0,19.7,20.3,8.8,861.0,26.4,20.5,38.0,5.41195477,22.8,14.799999999999999,37.3,23.3,12.76427037,19.8,60.65178033000001,18.133569217,0.0018108372,0.0006211609,4.3316253675,5.2,6.2547606184,0.44574452999999997,5.88522078,0.60593397,46.489761810000005,46.35046664
28816,33.1,24.8,14.1,9.0,13.2,11.7,4.6,64356.0,10.8,16.5,22.2,2.8,910.0,26.8,18.6,36.6,8.24665676,13.900000000000002,13.100000000000001,32.9,21.4,12.91328014,14.000000000000002,57.121581369999994,10.034028444,0.0097103412,0.0004122861,4.0651529801,5.8,5.4728381698,0.93140007,10.496416420000001,0.87855468,1.7207781500000001,84.81355484000001
21667,36.2,28.8,16.5,15.7,15.3,14.7,4.9,66972.0,9.4,14.0,20.4,4.1,791.0,27.5,17.6,35.8,8.30860534,14.099999999999998,11.5,35.099999999999994,20.599999999999998,13.983112140000001,14.000000000000002,62.62117823,17.863459498,0.0027747941,0.0004564959,3.7019461554,5.3,5.7572044969,0.46544934,5.47798067,0.44307197000000004,1.5932688899999998,90.95059076000001
74032,31.7,31.7,9.0,25.1,14.8,11.1,3.9,95545.0,7.5,5.3,17.9,3.8,1079.0,27.8,17.3,39.6,8.11634349,7.7,10.2,39.0,19.2,15.375810179999998,10.7,63.40803195,11.910410933,0.0011821916,0.0001435282,2.8819841819,7.7,5.4191729665,0.9152844,15.855991999999999,1.0030347,1.43691119,78.328113
35951,32.4,32.1,11.3,9.1,13.4,12.5,6.3,67983.0,13.8,15.6,26.3,3.1,797.0,27.2,18.7,37.3,8.32402235,12.7,12.9,34.5,22.2,13.970745870000002,14.6,56.00000000000001,23.052706408,0.0018014677,0.0003866976,3.9065308945,6.6,5.4597833983,0.5112989099999999,8.85368374,0.75237767,7.25355657,81.59588841
666021,25.2,32.2,7.7,7.9,29.8,8.5,3.4,91263.0,7.8,4.2,31.4,2.5,1330.0,26.4,17.1,31.3,6.638336000000001,7.5,5.8999999999999995,30.7,13.900000000000002,9.38926465,11.600000000000001,79.88517695,6.6472224106,0.0034386671,0.0004087675,3.5705040657,8.5,5.2514844384,0.7447432700000001,14.627475409999999,2.0750194,0.94413869,78.54761157
35009,35.5,30.0,12.7,27.9,30.8,7.9,2.4,104855.0,7.4,22.6,22.6,2.4,1586.0,22.4,14.5,28.2,7.05173636,5.7,6.800000000000001,25.8,13.5,13.97927584,10.5,76.08427659,8.0814441646,0.0012922679,0.0004976087,3.6406711654,6.7,4.6958670665,0.48190825000000004,14.57839759,1.4188025,0.7053629100000001,81.71710101000001
183297,38.6,24.9,21.9,12.4,20.6,12.5,3.1,71976.0,12.2,15.3,27.6,3.0,1321.0,25.4,15.6,33.1,6.49739086,12.7,8.5,29.099999999999998,16.0,11.83717429,13.0,72.01145796,12.167583803,0.0034477308,0.0005386297,3.9461698296,5.9,5.1854728335,0.68361883,12.36638808,1.24720922,1.68731354,81.91867701999999
262960,33.2,27.3,11.9,25.5,18.8,11.5,3.1,82291.0,8.5,6.9,25.8,4.5,1188.0,28.2,18.6,33.5,7.9268782600000005,9.5,8.1,34.4,19.3,14.88444838,12.3,63.03823938000001,14.935095147,0.0030008164,0.000438094,3.5422995555,7.4,5.4649326548,1.32903805,19.3890985,1.72142421,1.36765149,74.57837794
37434,43.9,16.2,21.4,10.1,24.3,15.6,4.1,85870.0,4.7,17.4,20.5,4.1,1153.0,24.7,15.1,27.6,7.1953010299999995,8.6,11.799999999999999,26.400000000000002,14.7,23.19606186,10.299999999999999,66.19556914,5.2098988077,0.0037115589,0.0011272142,3.9259775147,6.5,5.3722052808,1.2062566300000002,3.27942736,1.9114528100000001,0.3340403,91.43955461
37326,46.7,18.9,23.3,30.9,21.4,17.5,4.2,68558.0,4.6,30.2,25.7,8.5,974.0,29.2,16.1,31.6,8.42950326,14.299999999999999,13.600000000000001,28.299999999999997,18.6,23.896865310000003,12.8,70.17635532,11.172498465,0.0052174381,0.0011524443,5.3191443774,5.6,5.4871235485,1.3204959299999999,2.94489417,1.4979964000000001,0.40878896000000003,92.40782078000001
30418,45.4,19.0,22.2,33.7,19.2,17.1,2.6,62964.0,4.5,20.1,22.8,7.5,919.0,26.7,17.1,34.5,7.718501699999999,16.0,17.4,29.7,20.4,23.55270754,12.8,61.25347782,8.8588588589,0.0043123162,0.0007893958,4.6653100915,5.3,5.9270866141,0.8395949,2.19536099,1.15975172,0.50637047,93.68507024
168309,36.7,17.4,15.9,24.6,32.1,11.2,3.9,89494.0,3.3,5.3,36.6,6.9,1511.0,27.0,15.9,25.6,6.05408728,6.2,12.4,24.5,16.400000000000002,23.74805795,10.5,82.0738755,3.3653745031,0.0081012031,0.0017469576,4.4881925869,6.8,5.1453881226,2.77789251,2.89707991,4.99584024,0.25961612,86.62386934
50101,40.6,21.6,16.8,29.4,17.5,14.2,3.3,73633.0,4.2,15.3,22.2,6.2,1125.0,25.4,17.0,32.8,6.96699843,10.7,14.6,31.1,18.9,23.01898873,11.600000000000001,65.27482539,11.893680836,0.0030199631,0.0006756085,3.9782559648,6.3,5.2401562606,0.82362631,2.0492607,0.9707024399999999,0.9255990900000001,92.9893713
7335,48.6,17.2,21.8,4.5,25.1,12.2,3.5,86639.0,4.0,42.5,10.2,2.0,1206.0,25.1,15.0,28.8,6.58823529,12.1,14.000000000000002,27.1,16.0,24.13264617,9.6,68.05721097,10.924369748,0.0009374581,0.0006737636,4.4522389833,6.4,5.1980516061,0.8972813700000001,2.42399893,0.6696129599999999,1.5401098199999999,91.29503147
25977,41.0,20.3,17.8,20.4,27.2,12.7,3.9,69886.0,6.3,19.9,26.5,5.1,1066.0,27.5,15.7,29.9,5.40872772,11.1,14.299999999999999,25.4,18.9,23.00628145,11.0,70.9429028,9.5271700776,0.005295472,0.0008803491,4.0030503442,5.4,5.5805104687,1.20874904,2.53645434,0.72524942,0.37989256,93.43821949
29439,46.6,17.9,22.2,29.0,19.1,15.5,3.1,74534.0,4.5,15.4,17.6,4.2,1125.0,26.2,15.4,27.3,7.656612529999999,11.4,11.799999999999999,26.700000000000003,16.5,23.03236474,11.0,64.88244862,7.1104088485,0.0041412016,0.0008124302,3.7891837757,5.6,5.2648074425,0.6913135,1.94035334,0.60782153,0.45085663,94.82349798
27459,45.6,19.4,23.2,46.2,17.3,17.4,6.1,63981.0,3.5,30.1,20.0,6.3,898.0,24.8,17.0,34.4,7.51445087,17.599999999999998,16.3,32.9,21.9,23.4698964,12.7,58.94502701,18.055555556,0.0031981393,0.0007260582,4.1309634551,5.5,5.3377552791,0.93763628,1.9588603,0.57057712,0.68323884,93.98168338
60585,47.7,17.6,23.4,43.4,20.0,16.1,4.3,62641.0,4.5,25.3,27.7,7.1,891.0,25.3,16.3,29.6,8.196230929999999,12.4,14.499999999999998,30.7,18.6,19.55591977,12.9,63.309462139999994,9.6795184643,0.0038990559,0.0007261805,4.857776775,7.6,5.4776654539,0.79972126,2.28634003,0.78644788,0.28537771,94.41688374
59768,43.8,18.3,20.5,35.8,27.1,14.0,3.0,77278.0,2.9,18.0,27.3,7.7,1077.0,27.6,15.5,25.2,7.34992679,8.1,15.1,26.8,16.400000000000002,26.51878279,11.5,75.14012303,6.6505943969,0.0065345349,0.0009671664,4.3930799941,5.7,5.6844617884,0.9444315099999999,2.7850753200000002,0.9760234099999999,0.32755811,93.05144491
45857,47.0,17.0,24.0,28.2,21.2,17.0,4.4,65473.0,4.1,35.3,28.2,6.1,1031.0,26.1,15.7,27.6,7.68896612,11.1,14.000000000000002,26.0,17.1,23.076082200000002,13.0,65.76352226,9.8484848485,0.0084192664,0.0008895639,4.3410130442,6.7,5.9141385602,1.5511465,3.20889353,1.34882304,0.33720576,91.63512161
57832,47.8,17.8,24.3,14.7,24.1,15.0,3.7,69492.0,5.0,29.2,23.4,5.1,1054.0,26.6,14.8,30.1,6.83311432,10.0,11.799999999999999,25.6,15.1,24.48042114,11.0,68.82612667,9.0787165996,0.0059551471,0.0010997319,4.8004313983,5.9,5.4076215844,0.9776079599999999,2.45951016,1.18242371,0.29775735,93.46827076999999
33367,47.3,20.5,24.9,51.6,12.2,16.8,3.7,52694.0,10.7,34.5,33.1,8.0,974.0,21.7,16.9,35.6,10.70125659,24.099999999999998,21.7,44.0,29.7,17.40290464,13.0,44.354722419999995,26.473099915,0.0013538313,0.0003609457,4.2156937946,6.4,6.0176465272,26.523060259999998,11.19768946,0.95369897,0.83636692,59.34594904
112513,39.7,19.6,19.7,13.4,30.1,9.3,3.1,97708.0,5.8,7.3,32.8,4.7,1570.0,20.9,14.3,31.6,6.36590091,8.7,11.4,31.7,17.299999999999997,21.993719940000002,9.700000000000001,81.27419298000001,4.4316996872,0.0023254608,0.0013916413,4.3398762197,6.9,5.3299323236,9.25516097,7.40170822,6.02112798,0.43224177999999996,74.56430028999999
15159,48.0,18.9,25.1,52.6,8.7,17.5,3.7,52546.0,7.4,20.5,16.8,6.7,662.0,24.5,17.5,34.6,8.35443038,19.400000000000002,19.1,40.9,24.3,20.67867433,13.600000000000001,48.17351598,18.463810931,0.0003425831,0.0004003737,5.0179254302,6.5,6.1966726093,4.57005824,1.68550874,0.44535800000000003,0.38369305,90.86673518
31426,43.9,19.8,21.2,46.4,13.4,15.8,4.5,64454.0,7.7,11.4,24.3,5.4,811.0,23.3,17.5,36.2,7.89237668,16.2,17.2,36.1,24.099999999999998,20.01631622,11.799999999999999,61.21995276,16.449410304,0.0006370238,0.0002238353,4.9652321065,7.0,5.7871973419,18.05007007,3.03223341,0.60835775,0.9268696599999999,74.80252261
16253,43.1,21.8,20.5,62.0,14.2,14.2,3.5,60041.0,8.3,10.9,22.2,3.4,861.0,23.5,17.5,37.3,8.73715125,15.8,20.200000000000003,42.4,27.3,19.88457094,12.1,58.401048489999994,24.335574768,0.0005929791,0.0001223017,4.3510535098,6.9,5.9380825313,17.534392790000002,2.60317837,0.42694497,0.45066414,76.62476281000001
77433,44.8,18.8,21.7,36.5,15.6,14.2,3.0,76124.0,6.8,8.0,21.3,4.5,1019.0,24.7,16.9,35.4,7.3035268,10.299999999999999,16.8,37.8,22.3,20.796982540000002,10.8,53.83263197,11.3988179,0.0008434828,0.0005286026,3.7610667427,6.8,5.4173565725,4.7746239500000005,4.1956880100000005,0.74124248,0.299053,88.59381189999999
79761,46.8,19.6,22.2,20.8,19.9,13.1,2.9,74773.0,6.1,12.8,15.7,3.6,939.0,23.3,15.9,34.4,7.367744699999999,12.1,15.4,35.199999999999996,21.099999999999998,22.53383272,10.7,67.2519859,12.501570549,0.00125115,0.0007487739,4.0087126209,7.4,5.6263828792,6.97454768,2.95369519,1.4707145,0.44280895000000003,86.53296535
33734,47.5,18.8,23.2,17.3,17.2,12.5,3.1,77680.0,4.8,13.5,13.3,3.7,869.0,23.6,15.7,33.8,6.59722222,7.6,15.299999999999999,35.699999999999996,20.1,21.84984391,10.0,61.597122299999995,9.5812084686,0.0005860806,0.0005610347,3.5148330485,7.0,5.5316557278,3.1179487200000002,2.63736264,0.99047619,0.38095238,91.38754579
15965,44.6,15.6,21.9,82.1,9.9,18.0,5.2,52678.0,7.9,22.4,26.8,7.6,841.0,20.8,18.2,44.5,14.238042270000001,26.700000000000003,21.2,45.300000000000004,29.799999999999997,17.65164934,11.700000000000001,39.24946896,23.357086302,0.0008889453,0.000250941,4.7817423744,6.6,5.8851965406,52.701758840000004,3.0097149,1.02863674,0.44447265999999996,41.43120198
20246,47.6,16.9,23.0,12.9,5.5,33.7,6.0,39591.0,7.2,28.0,18.4,4.9,728.0,26.6,19.6,38.2,9.06040268,26.400000000000002,26.0,44.6,32.1,18.40412905,21.7,47.13978495,30.795072788,0.0005239168,0.0002523214,4.8004655803,6.7,6.8026676777,4.36422696,1.16833447,0.49248179,0.19384922000000002,93.0371457
16869,43.3,18.0,19.8,46.6,7.8,17.6,5.0,59894.0,11.0,17.9,24.5,6.4,844.0,22.8,18.1,40.6,6.723585910000001,22.6,21.0,41.3,28.4,19.09537365,12.4,45.416938820000006,12.716763006,0.0006478973,0.000118015,4.2933028919,6.9,6.0560213659,31.947225820000003,2.6740487699999997,0.48297797,0.45941806999999996,62.463187649999995
55518,43.1,19.7,20.7,30.1,16.4,14.5,4.9,59022.0,6.5,11.4,25.9,5.2,792.0,23.1,17.2,34.6,8.23685081,17.8,18.6,42.5,24.6,21.671592359999998,11.200000000000001,60.1770559,16.280894468,0.000307581,0.0001441649,4.057801737,7.3,5.7037661483,14.98462095,3.5299439100000005,1.14709607,0.36909716000000004,77.89578433
31181,39.2,22.7,16.4,24.9,13.8,12.9,4.6,83562.0,6.7,9.0,18.3,5.0,1212.0,22.8,17.4,38.8,8.75050875,12.0,16.400000000000002,41.6,23.9,20.295362869999998,9.8,53.60520821,19.132217287,0.0004595588,9.57488e-05,3.9460290046,6.9,5.7243017568,25.263480389999998,8.33026961,1.17034314,0.9620098,61.24693627
29126,48.7,17.9,25.1,45.4,11.3,16.5,4.8,49113.0,9.1,27.0,21.6,4.2,643.0,25.8,17.8,38.1,7.116104870000001,22.2,21.8,38.9,27.0,20.27581982,14.6,55.52788845,19.786910198,0.0005814152,0.000929496,4.4454696519,6.6,6.0645110008,0.9439447300000001,4.35377407,0.28044735000000004,0.3933103,93.04695783
11563,45.4,22.3,22.3,56.7,9.7,22.0,3.6,51548.0,8.9,24.1,30.9,8.0,732.0,24.0,18.6,40.5,10.3626943,32.2,21.2,40.699999999999996,29.7,18.873744249999998,15.7,60.00864678,23.427331887,0.0007939308,0.000524109,6.9534914018,6.9,6.3384107088,25.82921665,2.8669724800000003,0.28228652,0.61750176,68.95730415999999
366019,38.9,23.6,15.5,34.7,25.9,12.5,4.7,95757.0,7.3,3.9,22.6,3.1,1460.0,21.2,16.1,33.8,8.03286334,8.5,11.700000000000001,37.7,19.7,18.88768671,8.5,73.09030466,9.8322796026,0.0026727381,0.0008066083,3.7619913854,5.6,5.3814330796,24.44174681,12.15574821,3.9387719000000003,0.7124696500000001,56.677677169999995
14882,48.4,19.0,21.5,19.8,22.2,13.6,3.5,107475.0,6.0,12.2,22.1,2.0,1260.0,23.3,14.9,34.7,4.77178423,7.9,14.299999999999999,34.1,20.200000000000003,23.03529551,9.700000000000001,70.04008016,9.154040404,0.0009052114,0.0003359989,3.7040119926,6.8,5.5221348552,3.9764645,8.37967154,1.6358463699999999,0.75649812,83.35704125
52822,39.5,24.5,16.2,58.2,17.6,12.5,3.9,92359.0,9.4,5.7,25.7,3.4,1383.0,22.5,16.7,37.9,7.547974409999999,11.899999999999999,17.2,38.2,24.2,21.34265195,9.8,58.06693682,20.942838371,0.0021465083,0.000335846,3.8821397035,6.9,5.8532636551,12.620741090000001,15.85505612,2.0228112,1.00958652,66.25798119000001
9697,46.3,19.6,22.7,12.4,9.8,15.0,3.2,56497.0,8.6,12.9,22.4,6.9,803.0,22.7,17.2,37.5,9.44055944,22.0,17.7,38.6,24.8,20.390163049999998,9.3,61.964735520000005,13.616557734,0.0007086455,0.0003098853,3.6298784978,6.7,5.7300929988,28.821623810000002,3.0674225600000002,0.60741041,0.68839846,64.51710872999999
14089,45.5,19.3,23.4,55.3,9.3,36.4,3.4,40143.0,5.9,24.8,22.8,7.1,680.0,26.4,19.3,37.2,7.5682382100000005,23.200000000000003,21.6,42.9,27.700000000000003,20.51282073,21.2,50.957613810000005,22.485207101,0.0008797654,0.0002175963,5.1599436322,6.7,6.8955835593,0.6964809399999999,0.78445748,0.21994135,0.23460411,97.30205279
28057,43.4,20.4,18.5,41.8,11.0,14.6,4.7,77225.0,6.6,11.9,21.5,2.8,1154.0,22.7,17.4,38.8,8.65384615,17.2,18.5,38.2,24.9,20.23594318,10.5,61.08847496999999,9.8089829633,0.0002469746,0.0001433075,4.1615803506,7.0,5.7608882334,30.194404260000002,4.54433193,0.9596725800000001,0.55745687,61.85654306
10602,46.9,17.4,23.5,76.1,10.1,16.8,9.9,52335.0,9.7,26.2,34.6,5.3,942.0,22.8,17.7,40.6,13.779527559999998,20.8,20.599999999999998,39.0,29.099999999999998,17.679648110000002,13.3,42.97284421,18.41868823,0.000660502,0.0003783221,5.829340417,6.2,6.2312717827,35.7992074,5.048122289999999,0.9530099999999999,1.10398188,54.46310625
73290,40.8,23.1,16.7,10.9,24.1,9.6,2.3,122785.0,7.7,7.8,22.5,3.1,1468.0,22.1,15.3,31.7,6.07170393,6.6000000000000005,12.8,33.4,17.2,21.8056371,8.7,66.53933865,7.7653149267,0.0013437105,0.0004470636,3.7926461204,7.1,5.495039855,7.00192909,13.23488326,1.9636799,0.69979379,74.86729196
15532,48.4,18.1,24.2,0.0,13.6,12.7,2.6,57146.0,7.3,16.3,13.7,5.6,809.0,23.7,16.3,34.0,7.003089599999999,15.2,15.299999999999999,36.8,20.5,20.87137741,11.0,64.15770609,12.816072047,0.0011480324,0.0003212129,4.673755711,6.4,5.8559167563,2.0090567,3.01039607,0.55488233,0.23598444,92.38471841
27442,43.1,19.8,20.4,13.9,22.5,11.6,3.0,90766.0,8.0,8.8,11.6,2.7,1363.0,23.5,16.0,36.6,7.5221238900000005,9.3,16.400000000000002,38.7,22.2,21.634824950000002,8.200000000000001,65.62979495,10.378732702,0.0011243061,0.0002164268,3.5883496462,6.9,5.8604950851,14.59489846,4.98910828,1.03646968,0.53755885,76.28768182
54838,48.4,18.7,24.0,44.7,15.3,15.2,2.8,66275.0,7.2,22.2,20.0,5.5,809.0,24.0,16.6,35.1,8.1381733,15.9,15.0,33.5,20.7,22.31088519,12.7,58.5600907,17.864848537,0.0012241444,0.0003458444,4.6251740054,7.1,5.9170389466,7.802120649999999,3.85605501,0.59947074,0.54726458,85.73151632
92007,40.6,22.7,18.1,36.3,17.0,11.6,4.2,92443.0,8.0,6.8,22.5,3.6,1347.0,22.3,16.1,35.2,7.43071161,8.3,15.5,37.6,22.6,22.07211423,9.8,60.73072988,12.89578528,0.0010208971,0.0004481578,3.6647027903,7.2,5.5327358061,4.66904182,13.109152660000001,2.32827052,0.8458861999999999,77.51213618
16711,45.4,20.1,21.7,11.9,11.3,13.0,2.2,61987.0,6.4,17.5,22.3,5.6,758.0,24.9,17.5,35.0,8.40035746,15.0,18.4,36.9,24.0,21.384968309999998,11.899999999999999,49.94600432,22.303696914,0.0004253509,0.0004830335,3.8710578298,6.6,5.9990780274,1.76824452,1.8350853699999998,0.58941484,0.32205141,94.12408094
38875,44.3,19.9,19.6,16.8,16.0,17.2,3.4,83750.0,5.0,12.9,20.9,2.4,1133.0,24.1,16.2,31.7,7.78097983,11.0,15.5,36.6,20.599999999999998,22.28509412,10.9,60.74997314,12.83513976,0.0022218339,0.0004607233,3.5783828584,6.3,5.7221509523,7.59168185,4.506078840000001,1.00356991,0.53423871,83.99780313000001
24906,49.0,17.0,23.0,0.0,25.0,12.6,2.4,105600.0,3.6,7.9,15.5,2.7,1407.0,21.0,13.8,34.9,7.09046455,8.200000000000001,11.1,31.7,16.2,22.4864962,8.0,73.66622366,4.2763898267,0.0011766004,0.0007062147,3.9095090202,7.0,5.2591707047,13.43162849,3.8791043099999998,1.8752068199999998,0.35298011,78.83957789
15356,49.0,16.3,25.4,27.8,10.3,20.2,4.3,43348.0,10.2,31.3,19.2,5.0,703.0,24.9,18.3,37.7,7.369758580000001,23.0,22.7,42.4,28.7,19.49961657,15.5,46.98758704,22.213407378,0.0005233889,0.0001302168,4.534149812,6.4,6.4821628845,6.18907426,4.501144910000001,0.28132156,0.35982990000000004,87.26856395
20631,41.7,23.4,18.5,25.0,17.3,12.3,3.8,81338.0,6.7,10.4,21.8,2.1,1277.0,23.8,16.7,34.9,6.18622449,11.5,16.1,36.8,22.5,21.63733396,11.200000000000001,61.00339796000001,11.521843495,0.0011736538,0.0002384586,3.5579561696,6.6,5.7830587212,7.41279752,7.71794751,2.2815830200000002,0.57274306,79.50800432
11373,40.8,16.3,15.7,80.0,8.7,17.4,6.3,51823.0,7.8,19.7,30.3,8.6,979.0,19.4,18.4,42.7,12.757201649999999,26.900000000000002,20.200000000000003,46.2,28.799999999999997,17.50791589,10.299999999999999,37.88215675,32.327586207,0.0008982305,0.0003497421,3.7834178228,6.6,5.7355159053,59.6963981,3.00008982,0.78146052,0.33234528,35.00404204
34013,46.6,20.1,24.9,36.9,11.4,20.1,3.7,49145.0,8.4,22.2,27.3,6.4,724.0,22.4,17.9,37.7,10.601598650000001,27.3,19.6,43.1,26.6,17.753883209999998,12.8,53.916004539999996,24.790963767,0.0012562814,0.0003853222,5.4730687831,7.3,6.0350291283,34.553720989999995,2.81466858,0.6730079,0.47260109999999994,60.00538406
110513,42.4,21.6,18.5,22.0,26.5,11.1,2.9,104678.0,4.1,4.5,17.0,2.7,1392.0,21.7,15.0,33.9,6.719931519999999,5.800000000000001,14.7,38.1,20.8,22.87910806,8.4,76.95557794999999,5.5489964581,0.0022777447,0.0007257869,3.7960593705,7.4,5.1782768515,9.18719557,4.12709815,2.66320917,0.51336861,81.59757508
333120,39.3,22.3,16.2,31.8,26.7,11.7,3.9,82424.0,6.3,5.1,35.4,5.5,1380.0,20.8,15.5,36.4,8.39744326,12.3,12.3,35.099999999999994,19.900000000000002,20.72134346,9.3,75.05177973,9.479091538,0.00421496,0.0010493054,4.2173303632,7.2,5.4419300412,30.02867726,6.98261441,10.007169320000001,0.38415581000000004,50.11948859
50760,48.3,19.4,24.4,57.5,9.3,21.6,5.2,43694.0,8.1,19.9,26.8,6.5,686.0,23.7,18.1,38.9,9.19230769,24.9,22.8,43.4,30.5,19.06102151,14.399999999999999,55.925676329999995,18.183729241,0.000241439,0.0004577297,4.564429749,7.4,6.4183290147,22.206349850000002,7.19890548,0.53116575,0.43257817,67.82020844
38898,44.2,21.1,19.3,15.4,17.7,14.7,5.5,91680.0,6.1,8.2,21.7,4.7,1223.0,22.2,16.0,36.2,8.60339506,9.700000000000001,14.6,38.9,22.5,20.87853614,10.2,68.60516442,8.9715251593,0.0006877748,0.0004073527,4.7505011895,6.6,5.4477616832,22.38215716,4.595809490000001,1.19132421,0.53793815,68.8609958
78818,47.1,19.6,26.1,37.1,26.2,13.1,3.7,100711.0,5.2,10.0,22.4,4.2,1435.0,21.4,13.9,29.2,7.73888363,8.4,11.0,33.800000000000004,16.7,20.97346186,9.6,72.12402546999999,10.654390003,0.0044159992,0.0011141434,3.7427976119,6.5,4.6703857312,13.82026278,7.40557021,3.06821206,0.46942677,72.68976698
26985,38.3,24.7,13.6,19.8,20.5,9.4,2.6,103264.0,3.8,6.3,24.8,1.8,1385.0,23.1,16.7,34.8,7.992388200000001,7.5,14.299999999999999,35.199999999999996,19.7,21.109088449999998,8.6,73.8380913,12.225342805,0.0007350882,0.0002182691,3.5450683089,6.5,5.2798244686,15.800896110000002,7.329879590000001,1.9077289300000002,0.87160459,70.89050686
17845,40.8,22.8,16.4,50.2,18.6,12.7,4.0,79398.0,5.8,7.7,13.9,3.2,1239.0,23.9,17.1,37.8,6.32490013,8.6,17.0,38.5,22.2,21.80112792,9.3,60.97910692000001,12.9395218,0.0006831319,0.0003301965,3.9428602407,6.7,5.652654697,14.519180239999999,3.5733053100000003,1.40304782,1.43983184,76.58959537999999
10866,59.2,14.7,39.4,40.0,18.3,19.8,9.3,62674.0,7.0,29.7,17.8,4.0,959.0,20.7,14.3,34.3,13.12741313,21.7,16.400000000000002,40.6,23.599999999999998,20.62433813,12.6,63.56329537999999,23.80952381,0.0010129846,0.0003660322,4.9602906086,6.0,5.7361156194,26.880928259999997,2.11805875,0.9485219600000001,0.30389539,68.47776037999999
22287,45.2,18.7,22.2,23.9,8.5,29.7,8.1,41619.0,10.8,23.7,27.8,9.0,651.0,25.8,19.4,38.2,8.08605341,28.499999999999996,20.7,40.5,28.000000000000004,18.892138929999998,21.2,46.310199600000004,33.854834573,0.0016095654,0.0003184279,5.580865054,7.1,6.3952073851,4.11128995,2.48792826,0.28972178,0.46447459,91.59806852
38106,45.0,20.0,20.2,46.3,14.7,16.5,6.4,76594.0,7.1,17.3,20.1,3.5,1137.0,23.0,16.6,36.2,7.53424658,13.200000000000001,15.1,38.9,19.8,20.74917647,11.3,57.16600065,14.73377097,0.0005361016,0.0001029654,4.0933610504,6.9,5.8345973511,14.367521990000002,4.35460682,0.78465775,0.50685966,77.44474499
11988,44.0,19.6,22.3,35.6,7.4,21.2,4.0,54438.0,10.9,22.4,30.2,7.7,802.0,22.8,18.0,40.2,9.346991039999999,23.200000000000003,20.4,42.699999999999996,27.700000000000003,19.65056203,12.9,47.56348662,24.390243902,0.0008307028,0.0001677008,4.9063996739,6.8,6.0626598458,31.78268815,6.53763084,0.48180761,0.75593952,58.21565044
8537,53.7,15.1,30.7,100.0,21.7,21.2,8.2,79054.0,8.4,31.7,16.2,0.6,966.0,23.1,15.0,32.4,9.794988609999999,14.6,13.8,33.300000000000004,20.5,23.31718816,11.200000000000001,75.0,10.295126973,0.0011745361,0.0003510414,3.90013414,6.0,5.5553993729,7.89288231,2.8071411800000003,0.9396288500000001,0.42283297999999997,85.24782711
30367,48.6,18.4,26.2,57.5,13.1,19.7,3.6,51265.0,7.4,31.6,29.1,7.5,784.0,22.7,16.7,39.4,10.04854369,20.8,18.0,41.4,26.400000000000002,18.82368221,14.299999999999999,60.96374195999999,22.545183529,0.0013051423,0.0005620206,5.7947882736,7.0,5.8007275831,32.55024798,3.36400418,1.23009658,0.42090838,60.68911511
10738,54.9,15.8,33.6,0.0,20.0,17.1,4.6,69389.0,6.4,33.9,15.7,2.8,1056.0,21.8,14.6,37.4,9.64630225,19.3,17.5,40.1,24.099999999999998,24.10705617,11.0,58.740894899999994,20.382165605,0.0007323325,0.0003710231,4.4852964402,6.2,6.2313078408,15.19589894,3.19480044,0.5950201399999999,0.63163676,77.58147199
99373,29.7,15.1,13.2,15.2,21.7,10.3,3.3,65270.0,5.3,13.4,45.1,5.5,1161.0,25.3,18.5,31.9,7.460317460000001,12.7,15.8,35.8,21.4,18.237758109999998,13.5,76.45991707,4.1542693538,0.0035574565,0.0007210098,6.2524038462,6.8,5.694449154,4.1412442,4.63482861,6.4540976599999995,0.35675917,82.04244623
14773,50.7,17.3,28.5,45.2,18.2,14.3,3.2,64028.0,8.6,38.2,21.0,5.8,921.0,22.5,15.2,33.8,7.17092338,17.8,14.799999999999999,34.8,22.400000000000002,20.64680081,12.3,53.15865039,21.539688871,0.0013600816,0.000811359,5.9621396318,6.2,5.8748970961,10.465827950000001,4.88269296,1.03366202,0.65283917,81.22407344
23296,43.2,19.1,18.0,2.2,23.6,10.7,3.1,113120.0,3.7,5.6,7.7,1.5,1391.0,22.5,15.8,35.9,7.30140187,6.9,12.3,37.2,18.4,22.57858706,6.9,65.30481966,5.8679706601,0.0014540445,0.0002929238,3.2419989257,6.7,5.528435998,14.8542129,4.121068340000001,1.3009872199999999,1.0714012400000001,75.83224918
12132,51.3,19.1,27.6,40.2,17.5,20.1,4.8,54693.0,10.3,27.9,35.7,10.3,763.0,20.8,15.5,34.3,9.70245796,27.0,16.3,41.8,24.8,19.0221206,14.299999999999999,56.9822741,27.001421127,0.0012478163,0.0010757137,6.670449341,6.1,5.9746688984,29.99750437,9.51667914,1.0731220399999999,0.53240163,56.983612009999995
12007,59.0,14.8,36.8,0.0,18.9,14.9,4.9,64655.0,7.6,42.4,11.2,4.3,1026.0,20.1,13.8,31.3,11.570247929999999,22.7,15.6,38.800000000000004,22.8,20.68461194,12.0,59.12610619,25.721455458,0.0002421112,0.0008313243,4.6243104743,6.0,5.4694528205,23.500928090000002,3.77693487,0.71019288,0.28246308000000003,69.76838028
15638,41.3,19.6,18.3,42.1,11.7,18.0,6.4,62366.0,13.5,18.7,28.7,7.2,895.0,22.1,18.3,39.1,10.33851784,23.3,21.4,44.4,29.9,18.1984444,13.200000000000001,44.86762657,22.40398293,0.001220609,0.0003847634,4.8048811171,6.8,6.0160531031,37.45342413,4.86958756,0.8865476000000001,0.73236541,54.541950400000005
36593,42.8,21.1,19.9,28.2,16.7,15.5,4.4,87309.0,6.2,8.9,21.7,3.9,1085.0,23.4,16.6,37.8,7.44368266,12.1,16.7,36.8,22.2,19.9699639,12.1,53.19243112000001,18.019316708,0.0007777259,0.0004571367,3.8386717127,6.9,5.8871727526,12.25696065,7.37024939,1.39731425,0.66106704,75.51459532
23753,45.3,20.0,21.3,35.4,8.2,20.0,4.6,56760.0,10.8,20.6,28.3,7.0,845.0,25.1,17.9,35.7,8.32819247,17.2,19.0,40.2,23.9,21.463844039999998,13.900000000000002,43.93656716,22.298065984,0.0005475759,0.0002520267,4.2038857497,6.5,6.1626416388,2.32087949,2.72103113,0.5433638000000001,0.29484857000000003,92.43924013
17660,50.9,17.4,26.9,21.5,11.3,20.4,2.3,49180.0,6.2,22.3,21.1,4.2,668.0,23.7,17.2,36.2,9.836065569999999,19.3,18.4,40.8,25.0,21.07525002,14.000000000000002,54.94931425,19.243986254,0.0006853618,0.0002272469,4.9805523488,6.8,6.1844266543,5.04883203,3.66097436,0.376949,0.66822777,89.23981952
60541,48.0,18.2,23.5,34.9,10.4,20.1,5.4,52619.0,6.7,17.1,22.6,5.2,831.0,22.9,17.5,35.3,9.06892382,16.7,22.0,43.9,29.2,17.351455830000003,14.000000000000002,52.18656599,18.446685631,0.0003021604,8.33722e-05,4.7125149409,7.6,5.7909622059,21.043796479999997,3.24151013,0.58081953,0.35587786,73.52235148
30503,45.6,18.0,19.3,50.9,23.5,11.7,2.6,108089.0,3.8,4.7,8.8,1.6,1170.0,22.4,15.8,30.8,6.3794983599999995,6.7,12.2,35.8,18.0,23.334233939999997,7.7,66.67935057999999,3.954132068,0.0005606603,0.0005459918,3.6667853529,7.1,5.4325034765,8.226132999999999,3.08363183,0.67902196,0.40180657000000003,85.92742563
21922,32.0,15.0,16.4,60.9,16.4,15.3,2.4,57304.0,6.9,19.0,39.1,8.4,909.0,25.6,20.5,39.2,11.10410095,28.499999999999996,19.5,43.0,27.900000000000002,18.99536025,13.900000000000002,58.19080981,8.1089510344,0.002993333,0.0006383367,6.1421227375,6.7,5.8499245659,31.14880493,4.89818132,1.2064039199999999,0.46714137,60.56056964
42634,34.2,19.6,12.9,66.9,16.7,12.7,7.5,80318.0,4.0,4.0,29.1,3.0,1519.0,22.2,18.4,41.4,9.50020653,11.4,18.5,41.199999999999996,25.4,18.160583499999998,9.3,61.89862868,9.9467962063,0.0015161764,0.0001632463,3.2397900033,6.9,5.6576213524,31.38485223,10.35898393,2.09932122,0.91437102,52.17513003999999
481114,35.8,26.6,10.5,29.3,25.7,8.2,4.7,123193.0,10.4,3.8,25.9,2.3,1907.0,20.0,14.9,38.4,7.557982739999999,8.3,11.600000000000001,33.1,20.4,18.51990462,7.7,71.76983704999999,11.936479002,0.0017563925,0.000441718,3.5796074843,7.6,4.9050271685,20.24262724,26.31566049,11.078547499999999,1.09713259,38.22931133
33841,47.2,17.8,22.5,37.5,12.7,19.8,3.3,59740.0,5.3,15.1,29.7,4.7,806.0,24.1,17.4,35.9,9.5890411,23.400000000000002,17.5,35.6,22.1,21.27807955,14.499999999999998,56.643713340000005,26.915485376,0.0005051255,0.000325839,4.3612495209,6.8,5.9316206579,4.88486109,2.3295201299999997,0.76065963,0.30604665000000003,89.9717724
8968,46.1,17.3,20.0,16.0,11.3,16.4,4.0,62708.0,6.2,28.1,31.4,6.3,915.0,21.9,17.4,38.6,9.85663082,21.9,22.400000000000002,38.6,28.7,22.79511244,10.299999999999999,37.611806800000004,12.28668942,0.0018510453,0.0001109016,4.4370860927,6.0,5.7879348646,28.52787456,7.709059229999999,0.67508711,0.52264808,60.36585366
96653,43.6,19.9,21.7,25.4,24.1,12.4,2.6,80872.0,4.6,7.1,24.3,4.5,1116.0,24.6,15.8,31.3,7.56268806,8.200000000000001,13.700000000000001,34.2,20.7,20.86899723,10.299999999999999,69.64612699,7.8708375378,0.003298085,0.0012423775,4.1043865886,7.2,5.4928547246,6.972357919999999,4.25659102,3.7062230699999996,0.28342918,82.97260528
22673,49.4,17.9,26.5,31.1,15.6,17.8,3.9,61903.0,6.2,17.0,21.8,4.4,925.0,23.3,15.9,33.4,6.87898089,14.899999999999999,19.3,31.8,23.3,20.6936031,11.899999999999999,64.33958199,7.457775828,4.47267e-05,0.0009275209,4.1849478786,6.5,5.7411528835,3.3634493199999995,2.3615708,0.95267913,0.71115484,90.91153055
83905,40.5,21.9,19.6,25.9,17.0,12.6,2.8,73232.0,8.8,11.4,24.8,4.5,1078.0,23.9,17.0,31.6,6.333009389999999,11.799999999999999,15.7,34.9,22.5,20.6173778,10.8,58.22010529,13.334685393,0.0003234452,0.0002488329,3.7229984842,6.1,5.8097727915,2.73773219,9.58899362,1.28453932,0.63533869,84.62942427
25763,46.6,18.3,22.6,73.2,8.6,31.7,5.9,44088.0,6.0,18.5,25.2,6.6,668.0,26.3,18.6,37.6,8.920454549999999,21.6,22.0,39.4,28.7,19.387501569999998,19.3,55.88183266,31.111111111,0.0010990305,0.0003522505,4.7781490144,6.6,6.4666472424,0.98912745,0.72222004,0.2629823,0.3061585,96.84421243
21536,47.7,18.0,24.8,42.1,9.1,29.3,3.4,44535.0,7.0,25.1,21.5,8.5,621.0,26.7,18.4,36.6,7.346585999999999,22.5,19.900000000000002,38.6,25.0,19.55116907,17.7,58.06383428,23.329798515,0.0015396818,0.0003268126,5.6953672836,6.8,6.804899359,1.07311156,1.6096673400000001,0.24261653000000002,0.35925909,95.68422526
44337,43.6,21.3,21.9,30.5,12.2,16.8,4.2,62149.0,6.4,17.2,27.2,5.0,950.0,23.6,17.4,36.7,8.064028989999999,12.3,17.299999999999997,37.9,23.9,20.92271674,13.600000000000001,53.51756349,18.688293371,0.0008180773,0.0003351806,4.3677062912,6.4,6.1101641521,3.02909702,9.55823826,1.20721677,0.58370921,84.17794287
29799,46.2,19.2,22.4,49.1,11.2,22.5,3.3,45061.0,7.0,16.4,31.6,8.0,691.0,26.0,18.7,38.0,8.73684211,19.5,23.1,40.699999999999996,29.9,19.43929165,17.5,51.43769968,26.659786722,0.0022590361,0.0005088713,4.6793716685,6.3,6.3585409512,2.14950712,2.15635268,0.47918949000000005,0.21221248999999998,93.70892662
141097,38.1,24.5,14.6,21.8,20.1,10.7,5.6,105068.0,7.5,5.8,21.1,3.1,1677.0,22.7,16.4,40.7,8.00583569,9.4,14.299999999999999,38.3,20.5,20.34871302,8.799999999999999,67.70110031,11.496361524,0.0012367302,0.0004802472,3.6867101791,7.1,5.5085711911,18.17659171,13.985079019999999,3.2054710299999996,0.57290692,60.82306067
157606,36.4,26.1,11.0,15.6,25.9,8.6,3.9,128036.0,7.0,5.0,20.4,1.9,1828.0,22.1,15.8,37.8,7.97825566,6.9,12.1,37.0,19.7,21.75533156,7.3,73.06165052,8.3841079611,0.0012815243,0.000261069,3.4136136647,7.2,5.1372820896,20.78547767,17.1047223,4.37954881,0.8994849699999999,52.971081070000004
6546,50.5,16.9,24.0,31.3,17.5,17.2,6.0,68655.0,6.9,19.7,22.1,5.2,888.0,21.1,16.0,37.9,10.73059361,19.7,17.0,39.4,24.9,19.15128703,10.5,63.78334681,13.371537727,0.0004550281,0.0001531394,5.3261561432,6.3,5.838512292,37.327468530000004,3.33687244,0.65220689,0.53086607,55.96845139
10866,40.4,16.3,18.4,93.3,9.8,17.4,5.0,59195.0,8.2,20.7,30.6,10.3,927.0,20.2,17.8,43.7,13.05084746,27.500000000000004,18.0,44.0,27.200000000000003,18.97361782,10.5,46.17862372,18.987341772,0.0001859254,0.0002787327,4.2886046826,6.5,5.6656829014,52.217160920000005,3.6813237899999995,0.5670726,0.72510923,41.67518825
40392,44.6,19.7,22.9,54.8,10.7,19.1,5.7,46508.0,6.3,20.5,27.4,7.6,733.0,26.9,18.7,39.4,10.03613007,27.3,19.3,40.699999999999996,26.700000000000003,19.64151362,16.5,50.005578490000005,25.396825397,0.0028374233,0.0004758923,5.2950030102,6.5,6.4810633237,3.4202454,1.46728016,0.8435582800000001,0.28374233,92.70194273999999
40800,40.9,21.7,16.6,28.0,14.8,14.4,5.6,79313.0,10.7,9.3,25.8,5.5,1175.0,24.4,17.6,38.3,6.742243439999999,10.4,18.8,38.1,23.7,21.99900872,12.5,56.35054246,15.276145711,0.0012188419,0.0005864386,4.0783793347,6.5,6.090790502,5.10001673,7.934421530000001,1.47694955,0.77193318,82.44389743
53985,46.8,17.2,24.0,28.6,15.7,22.3,4.2,59116.0,8.0,13.7,24.8,4.4,796.0,24.3,16.5,34.6,8.36923077,15.7,18.099999999999998,37.2,24.4,21.390930559999997,14.499999999999998,63.052745970000004,20.620454755,0.0024421832,0.0009135825,4.6214146955,6.6,5.9068596273,1.53006475,1.9296947299999998,0.60684551,0.28862165,94.61979647999999
18480,47.9,18.2,25.7,58.7,10.0,17.2,9.1,56647.0,8.6,29.9,23.4,6.1,985.0,23.0,16.9,38.1,10.104250200000001,21.0,18.7,41.699999999999996,27.200000000000003,19.31574992,12.9,47.26079273,21.978021978,0.0001577868,0.0002135497,4.8456391781,6.2,6.3310498398,24.4832483,6.64282333,0.9204228700000001,0.8520486,64.27181402
36105,42.0,19.0,19.1,57.1,9.7,27.4,9.1,47541.0,7.8,16.0,29.7,9.7,715.0,26.3,19.7,35.6,9.93294216,20.0,20.9,41.699999999999996,27.800000000000004,19.48551784,18.5,54.80654601,31.620021529,0.0015067948,0.0002244228,4.3240485907,6.7,6.2536917533,5.96747598,1.51816683,0.52879968,0.22744072,90.51856485
28275,45.6,19.4,21.6,37.1,12.0,20.7,5.2,53921.0,6.0,11.5,24.7,8.4,668.0,25.1,17.9,33.0,9.17384693,19.400000000000002,15.299999999999999,38.4,21.9,21.07155426,15.9,57.391999999999996,26.508742245,0.0026686593,0.0004258641,4.6446200284,6.4,5.9672164301,2.64375178,1.7577569000000002,0.61557074,0.22060917000000002,93.10774267000001
70238,39.7,23.3,17.0,15.2,27.0,11.7,4.2,105154.0,4.0,7.3,27.8,3.9,1701.0,21.2,14.5,33.0,7.546285449999999,6.7,11.799999999999999,33.7,19.1,21.249645219999998,8.9,83.68177817,6.3415562179,0.0013953095,0.0011563139,3.605934124,6.6,4.9569324792,13.73181869,8.105479760000001,6.58473334,0.5355733500000001,67.49351674
157594,37.4,18.1,12.3,18.8,31.7,7.3,3.2,113179.0,8.8,6.8,57.3,11.0,1983.0,20.9,14.5,34.3,6.84587814,13.4,8.9,29.5,16.0,18.83690602,10.0,85.94429796,15.616341746,0.0049346132,0.0008015203,4.229006196,7.4,4.7603940118,21.81665915,18.09766153,6.49745539,0.67577144,50.350447720000005
17036,43.7,19.9,23.5,64.1,11.8,21.6,4.1,45250.0,13.7,15.8,37.0,10.3,784.0,25.6,18.3,35.8,8.627450979999999,31.0,19.6,41.3,26.200000000000003,19.91586042,16.6,57.70741286,22.787318362,0.0013684774,0.00064501,5.8933227073,6.0,6.3141231662,6.47349319,2.88570239,1.13048135,0.56524067,86.68411970999999
46289,32.4,15.6,12.6,19.7,28.0,9.0,5.1,67177.0,6.3,8.9,57.7,11.8,1357.0,24.4,17.4,35.5,7.17131474,17.9,15.9,35.199999999999996,23.0,18.92368159,14.099999999999998,83.03763056,11.418685121,0.0119823044,0.0028463829,7.5067585834,7.0,5.4136590035,16.3706289,6.918169089999999,7.33610475,0.44461240999999996,65.84487473
249377,37.4,24.1,13.8,22.1,22.2,11.7,5.0,92703.0,6.7,3.9,26.7,4.4,1446.0,21.6,16.5,39.4,9.37174592,12.3,15.299999999999999,41.199999999999996,21.7,18.81508281,8.6,72.53964927,12.232025667,0.0021033062,0.0007800405,4.0133937866,6.8,5.6182061669,29.77084203,7.872824809999999,4.0927818,0.53252247,54.40945936
18158,38.4,23.4,18.8,31.9,16.9,16.1,6.1,72216.0,7.3,6.3,33.6,6.6,1123.0,22.9,16.6,37.9,7.93819925,15.4,15.4,39.1,22.5,20.41607881,12.0,66.15446019,20.486555698,0.00255532,0.0012586877,3.9279128984,7.0,5.6236113011,19.42043169,8.81313543,3.64269015,0.79921709,64.6224107
5722,41.9,22.5,19.1,70.4,7.4,13.1,2.6,45737.0,8.4,17.9,24.8,8.5,718.0,25.6,19.7,36.3,11.60714286,25.0,18.8,38.800000000000004,24.7,20.080670440000002,13.600000000000001,34.663710269999996,21.062271062,0.0034265104,0.0005247507,3.905970957,6.3,6.3409980889,12.28133454,3.6609558200000003,1.04598738,0.39675383000000003,79.72948602
42507,41.0,22.0,21.1,64.1,11.6,19.2,5.8,41484.0,9.1,15.9,50.5,13.9,770.0,22.1,19.3,44.9,15.02196193,29.099999999999998,21.9,45.7,33.1,15.88636259,16.7,46.74922601,33.564013841,0.0041350957,0.0011133483,5.4290915602,7.4,6.3950051659,52.35557043,5.772402420000001,1.3911131300000001,0.52824055,38.602194229999995
24242,37.5,23.1,14.4,11.4,31.0,7.2,3.7,128708.0,6.3,2.1,31.7,6.2,1972.0,19.5,13.8,34.4,5.95872942,7.1,11.5,32.2,19.6,19.95732598,9.8,82.27116526,10.596885813,0.0221921731,8.23859e-05,4.8614845467,7.5,4.5713077104,6.39118676,19.26105632,20.46611518,0.80337257,50.68803691
8194,38.8,25.7,19.0,16.7,13.0,18.6,5.3,57537.0,3.1,14.0,44.4,10.9,925.0,22.4,18.6,41.3,12.79491833,31.0,18.6,46.9,28.1,16.32907771,13.8,60.59654631,36.052009456,0.0025182876,0.0010952903,4.1350189886,6.3,6.1671444533,54.478954310000006,3.27377383,0.87540472,0.47967382000000003,38.07410961
28258,30.9,20.9,11.2,27.2,24.9,11.7,5.2,83445.0,8.5,6.9,61.5,9.2,1462.0,24.8,18.4,39.8,9.5256167,19.400000000000002,16.2,38.2,24.5,19.5492809,14.499999999999998,71.15672149,11.268939394,0.0086075774,0.0017626115,5.4241498365,7.0,5.5222977982,22.97773783,12.6832135,3.57439159,0.98174779,55.893943580000006
137217,36.5,21.3,15.9,48.6,16.8,16.1,6.5,64430.0,7.1,7.9,44.4,7.6,1255.0,21.0,18.0,43.1,10.29867943,18.7,15.1,42.199999999999996,22.7,18.47007321,11.3,68.98327898,15.321659688,0.0038731418,0.0003702467,4.2316161616,6.0,5.9404990082,50.412843370000004,7.232782390000001,2.7024464299999997,0.58279479,35.36302499
51784,25.4,16.4,9.6,28.8,19.8,11.6,6.7,56050.0,10.6,7.8,61.9,7.2,1060.0,26.9,21.1,37.7,7.542087540000001,17.0,18.4,40.400000000000006,27.400000000000002,17.53926116,15.6,63.04383652,7.9899884482,0.0072432559,0.0013416294,5.1827275049,6.8,6.0066512982,8.16530285,23.60322619,4.31854665,0.86919071,61.3542931
23046,35.7,25.6,14.7,72.5,7.3,16.4,8.8,50661.0,6.9,10.2,46.4,9.0,1033.0,24.1,20.7,45.4,14.6373057,32.5,22.400000000000002,45.9,31.6,17.06242524,14.899999999999999,60.30758597,35.941671801,0.0015383263,0.0003025065,5.3561411864,6.9,6.6913267337,44.409282700000006,9.23874824,1.59546414,0.7559775000000001,40.77004219
79166,28.4,19.0,14.3,41.2,22.7,12.8,5.4,56243.0,6.9,14.5,51.3,10.6,972.0,24.9,19.6,36.5,8.40223735,22.5,13.700000000000001,39.5,22.900000000000002,19.63287686,13.600000000000001,71.38793785,11.54246525,0.0075564217,0.0012656786,4.3939487022,5.4,5.9544745175,27.39800088,5.12478783,2.6856101100000003,0.47149054,61.87967560999999
42620,35.1,26.4,10.7,32.9,22.0,8.6,3.3,110559.0,19.7,3.5,26.0,3.7,1784.0,20.0,15.8,37.2,7.7287066200000005,18.9,12.0,35.099999999999994,23.7,19.73735468,8.0,55.543289699999995,35.041611914,0.0037942664,0.0009600075,3.5375103328,7.4,5.1491981963,12.58197489,44.35778527,7.0685778500000005,1.6441821200000002,33.32162263
185118,34.1,23.2,13.4,47.8,17.5,14.4,5.6,63355.0,8.6,7.6,52.4,9.7,1209.0,22.2,18.1,40.8,10.37989994,22.5,16.1,40.6,23.599999999999998,18.13231489,12.4,67.61313547,20.790955107,0.0022226106,0.0005688375,4.2542868948,6.7,5.8998063075,41.543704059999996,11.01202503,3.4147380400000005,0.66132221,39.73503424
236973,32.2,20.3,12.3,41.5,19.2,14.8,6.7,60998.0,10.0,7.8,55.2,11.8,1188.0,21.8,18.8,41.1,10.95316608,25.2,16.3,40.0,23.400000000000002,21.57190535,13.3,70.45442199,21.341764648,0.0032780496,0.000991114,4.6071650748,6.1,5.8501879666,39.85103711,10.31568008,4.0717966500000005,0.68981943,41.94128091
3668,43.6,17.0,21.5,100.0,10.9,29.7,7.3,36974.0,10.5,14.6,47.0,8.1,613.0,27.1,20.2,37.5,10.3202847,29.7,21.099999999999998,41.8,28.199999999999996,19.23713323,22.1,66.46216769,45.519203414,0.0048682703,0.0008183306,7.6333151793,6.4,6.5377827074,5.95647194,2.20504009,2.14776632,0.31500573,86.36884307
33261,36.6,22.1,16.9,79.5,13.5,21.4,11.3,46930.0,10.7,18.0,62.6,16.5,1082.0,20.9,19.6,47.7,11.72877214,31.5,18.4,46.5,29.2,15.55846062,15.2,54.94942974,60.396579953,0.0059743613,0.0006581112,5.1931545673,6.9,6.289865862,75.18088204,6.63484344,1.05977363,0.6574799600000001,14.458554739999999
12479,42.4,22.6,19.7,0.0,20.7,12.9,1.4,114503.0,2.3,5.5,17.9,1.7,1584.0,23.1,15.1,32.6,4.71821756,6.6000000000000005,11.0,33.2,16.900000000000002,23.10139842,9.4,75.24651478999999,3.5958288385,0.0007914523,0.0007952919,3.5692120936,6.4,5.3408548963,1.85199842,4.25009893,2.16066482,0.62524733,88.93549664
97384,35.6,23.1,15.1,37.2,13.5,14.8,6.6,57154.0,7.7,9.6,43.9,11.4,1225.0,22.7,19.4,42.9,11.96733326,25.0,17.2,45.2,26.5,17.30629204,12.2,62.68138582,26.919020925,0.0034816567,0.0006030253,4.7657316464,6.8,6.0219734928,53.545194380000005,5.82583451,1.56932836,0.56409038,35.51496493
16379,23.3,11.9,9.3,28.1,21.4,11.5,7.2,51039.0,5.5,15.2,54.3,4.6,967.0,30.0,23.4,35.8,9.62888666,17.9,15.6,38.1,23.3,18.24357641,16.8,83.20151851,5.3979950304,0.0025926581,0.0005454876,8.3549436417,6.7,6.4500828857,9.033056389999999,4.42519592,2.44534795,0.32408226,81.33286194
227171,34.5,17.1,13.8,47.5,25.7,14.3,6.1,59606.0,9.6,9.3,56.8,14.2,1227.0,22.8,18.2,37.2,11.03704409,27.500000000000004,17.2,35.8,23.9,21.38723105,13.5,74.10298171000001,24.313990999,0.0052345287,0.0010591163,5.7828284992,7.2,6.0041062338,41.49410897,10.64223305,2.50515819,0.6521350300000001,42.90045235
99213,38.1,22.2,17.6,49.5,17.7,12.4,6.6,51523.0,9.7,12.1,47.9,11.2,917.0,23.5,18.1,40.2,10.28398413,26.3,18.8,36.4,26.8,18.3602777,13.900000000000002,59.75729389999999,38.091989312,0.0044663531,0.0011025135,5.2999852732,7.1,6.6636262218,28.262547469999998,8.94505562,3.27463955,0.48265429000000004,56.10315835
25372,40.8,18.6,19.3,50.8,19.2,11.4,3.5,68402.0,6.1,9.5,36.0,5.8,1053.0,24.9,17.2,36.1,8.0195599,12.9,14.899999999999999,35.199999999999996,20.599999999999998,21.20135973,11.700000000000001,69.67994552,9.69635111,0.0087890625,0.0013794191,4.2357501287,5.9,5.7129628311,8.15234375,5.015625,2.2734375,0.42578125000000006,81.8984375
25581,41.0,18.9,21.1,25.7,18.6,15.1,5.1,59731.0,8.2,10.0,40.5,8.8,984.0,24.5,17.1,35.8,8.42651757,16.5,16.7,39.900000000000006,23.9,20.19039228,13.0,67.0145524,20.593692022,0.0077947135,0.0004676357,4.4902284407,6.5,5.7878492073,11.12868995,4.86204901,1.5550839300000001,0.55566274,79.03530774000001
94856,38.5,23.6,14.8,43.0,19.6,12.6,6.3,87758.0,6.1,6.5,29.6,6.0,1376.0,21.2,16.9,40.1,9.56243854,14.899999999999999,13.8,41.5,22.6,19.09540966,8.6,72.88561954000001,13.940097985,0.0017584121,0.0007692787,4.1997804036,6.7,5.6719973965,42.71053756,5.52061912,2.2978571199999998,0.46096226,46.36346477
457900,37.1,22.0,15.0,23.3,24.7,11.8,4.3,87544.0,6.9,5.8,35.4,4.3,1568.0,23.3,16.3,37.0,8.48504291,11.200000000000001,11.4,32.9,17.9,20.80412001,9.9,76.198644,10.017572725,0.0027267778,0.0007123005,3.7434395765,6.2,5.3465730002,19.12800425,9.23092523,7.89090244,0.47944556,59.54603669
22341,38.7,22.3,17.4,71.0,16.4,16.8,4.7,52519.0,9.7,8.3,43.1,7.8,909.0,24.2,17.7,36.6,8.85137917,19.0,17.599999999999998,38.1,23.3,19.375815669999998,14.7,57.97773655,29.43221321,0.0019842982,0.0008425721,4.3032296876,6.6,5.8883194817,12.237943229999999,9.7748253,1.7944957300000002,0.65568113,72.34923648
15486,24.6,10.2,16.8,73.1,26.9,9.9,6.0,66815.0,6.0,14.8,49.1,7.1,1274.0,24.8,19.0,35.3,7.38396624,20.599999999999998,15.0,37.7,21.6,20.66911235,11.600000000000001,74.06702209,2.4033437827,0.0003786206,0.0001282874,5.4018577272,6.4,5.6985695453,14.759891459999999,8.65147978,5.7361014699999995,0.49851707000000006,67.24932164
28103,36.6,22.3,16.4,17.7,18.9,14.6,5.2,62495.0,12.0,9.2,56.1,10.0,1230.0,24.2,18.3,35.4,8.88,21.9,15.7,37.9,24.099999999999998,19.301790160000003,15.6,57.392621150000004,20.51073078,0.0082195749,0.0025589991,4.6697570574,6.9,5.7066286507,10.232827610000001,21.1319115,2.80624253,1.9444545,62.80189738000001
20557,29.0,34.8,11.3,34.1,9.0,10.9,6.3,63105.0,16.4,6.9,35.1,7.4,902.0,22.3,18.3,29.5,6.51834504,20.3,14.299999999999999,38.3,26.8,16.82314377,15.7,37.52029221,32.350463353,0.0019692603,0.0003394598,4.3753831729,14.5,5.4756686076,0.87415946,64.77425552,1.6906820400000002,6.3256484099999994,31.926032659999997
22370,45.4,20.2,23.8,38.5,14.4,18.5,5.9,63724.0,6.8,6.0,27.8,3.3,941.0,25.4,17.1,30.2,6.483300590000001,18.5,15.6,34.8,19.2,22.78425692,14.6,59.66067864,19.512195122,0.005233048,0.0006697326,4.7437238494,10.7,5.8155674664,0.87365293,4.80730853,1.04660961,2.00895827,88.61146836
207560,36.1,26.3,15.4,28.6,19.7,14.2,4.8,83778.0,8.0,6.1,31.9,5.1,1166.0,24.0,16.2,31.3,6.55588953,12.9,12.0,40.0,20.8,21.0751616,12.4,65.28748271,15.520319227,0.0038751225,0.000704678,4.1866868926,16.0,5.1935393239,1.43342363,26.3796412,3.4876102899999997,1.55608938,65.38130927
79076,40.1,22.9,19.9,15.8,19.2,17.9,3.4,71876.0,10.9,19.1,36.5,5.3,1142.0,24.5,16.1,27.7,6.58100365,13.0,12.2,28.799999999999997,17.7,21.76796785,13.0,63.264377120000006,16.593399789,0.0059252222,0.0011048891,4.3188007748,10.1,5.1783470055,0.53251997,29.21359551,1.38255185,2.09382852,66.53999524999999
77333,51.2,16.6,30.7,38.1,18.2,20.0,5.4,66108.0,7.5,10.2,27.1,6.2,1093.0,24.5,15.1,28.2,6.03088992,16.3,12.7,34.5,17.9,21.18514872,14.000000000000002,61.83957733,15.101829479,0.0048958978,0.0009589689,4.3575054387,6.9,5.7922798715,0.89156875,7.011440939999999,2.09364049,5.7011440900000006,81.56050298999999
504091,38.8,23.2,16.1,18.3,20.5,12.6,5.2,90115.0,6.4,3.9,33.3,4.8,1572.0,26.9,18.2,30.0,6.73720243,8.4,10.6,32.6,14.899999999999999,20.28605064,11.3,67.90197893999999,10.543973161,0.0047164924,0.0007586957,3.7676871739,13.4,5.2347817219,2.42233522,12.58850619,5.85282548,1.33781061,73.44334645
3980,50.8,17.4,28.9,38.9,16.0,22.9,3.5,68825.0,7.9,17.9,24.9,4.0,847.0,25.5,15.8,28.4,7.327586210000001,18.6,14.2,38.3,20.1,21.28855436,13.8,65.36585366,16.806722689,0.0034542314,0.0007422068,4.6642851882,10.1,5.8290496307,0.88823094,8.191463109999999,1.6777695499999998,1.82580804,83.02491981
110621,40.8,22.6,19.2,31.4,11.3,18.9,5.5,70912.0,6.0,5.2,33.6,6.2,1090.0,27.5,18.7,35.6,6.448630530000001,16.7,15.0,39.0,21.2,19.03353884,14.399999999999999,57.10329449,17.795005065,0.0057148426,0.0005559341,4.3802523063,10.3,6.012195432,0.97285228,10.803267649999999,1.78622058,2.29656932,81.09140204
43189,37.8,25.1,17.8,60.9,15.6,18.5,4.3,79422.0,12.0,11.3,30.1,4.5,1181.0,22.6,16.6,29.0,6.0545193699999995,15.4,13.200000000000001,37.8,20.9,22.33005834,12.5,51.802982379999996,16.83029453,0.0006696728,0.0002746247,3.8525742358,11.1,5.0890052276,0.5848475399999999,35.84758248,1.52908612,2.457699,59.37988303
7260,51.8,17.1,29.0,52.6,11.6,26.1,7.6,50424.0,5.1,26.2,23.8,6.2,690.0,25.0,17.4,35.2,6.27705628,29.099999999999998,17.9,36.1,22.8,19.83542706,18.6,55.377574370000005,29.438822447,0.0032012805,0.0010999588,4.9415520418,11.8,6.0511546139,0.82699747,4.188342,1.1871415200000002,16.78004535,72.57569695000001
96692,30.6,31.5,9.8,31.0,12.3,11.8,5.7,77877.0,13.6,4.9,30.1,4.3,1124.0,21.2,17.8,35.9,6.47827759,15.1,14.7,39.7,25.5,18.709183879999998,13.4,50.74450569,22.399645154,0.001544924,0.0002035251,4.0035859181,15.1,5.1172813157,1.83573318,55.598077430000004,2.63444878,1.9871963199999998,37.97685643
99145,33.2,28.9,14.2,30.3,12.9,13.6,5.4,66387.0,12.3,13.3,35.2,4.7,979.0,23.7,17.8,32.4,6.865520730000001,18.0,13.8,42.0,26.6,16.66614894,14.499999999999998,51.23055491,25.399410579,0.0026490582,0.0003988155,4.0463203047,15.3,5.4617158559,1.07715382,44.17888934,1.42484271,2.89448567,50.669081979999994
75672,44.4,20.1,22.3,56.1,11.1,21.1,6.4,59105.0,7.0,18.4,28.8,5.5,943.0,26.9,18.4,39.1,7.42798354,19.1,14.799999999999999,36.5,22.2,20.34306873,15.9,48.4312859,17.582098227,0.0050329926,0.0003643888,4.2567060655,6.8,6.2432849706,1.3028852400000002,11.39992237,1.6884461100000001,5.4625436700000005,77.71639281
86510,44.2,17.8,25.3,16.1,20.9,15.7,5.5,82850.0,4.5,15.7,26.2,3.2,1517.0,23.2,14.8,29.0,5.722734389999999,10.4,10.9,33.7,14.799999999999999,22.68157297,10.9,70.45915719,6.9958185912,0.0032805128,0.0004460609,3.6235130757,9.2,5.3919015871,2.91073064,8.89563796,5.463271010000001,1.06877485,77.28563645
33006,59.4,11.7,38.6,35.5,23.8,19.9,8.4,64796.0,4.8,17.2,19.6,4.6,1169.0,23.7,13.4,26.5,5.19823789,16.6,10.9,26.1,14.7,21.86209925,14.299999999999999,67.29372937,5.4068667207,0.005309367,0.0008332093,5.1670348464,8.0,5.8242549239,1.0678056599999999,4.57969983,2.2156967400000003,1.8983211699999998,87.37913033
2254371,37.2,19.8,13.6,17.7,32.0,10.0,4.5,116340.0,5.3,5.8,43.8,10.9,1950.0,23.5,14.7,29.0,6.9621053,10.4,7.199999999999999,22.8,13.3,20.351442510000002,9.700000000000001,82.94318201,6.084747582,0.006381583,0.0011912241,4.9108462455,10.2,4.990478941,6.98047002,11.13688595,22.20024831,1.06758887,53.74640087
275411,39.7,20.0,18.7,24.3,23.1,14.7,4.7,93675.0,5.1,6.9,30.2,4.3,1635.0,25.1,16.0,31.8,6.56310874,9.700000000000001,9.2,31.4,15.4,21.61721952,11.200000000000001,72.56391719,11.583249471,0.0048765027,0.0006744096,3.6856044606,7.5,5.5361053448,2.8974493800000003,9.60534182,5.85864625,1.79141246,73.90962983
44424,36.4,17.4,16.8,17.0,23.0,13.0,5.9,66800.0,5.3,19.5,38.5,3.4,1152.0,26.4,18.0,29.7,6.22986037,12.6,12.3,31.0,19.3,20.259419689999998,12.8,67.7535545,5.5056270747,0.0022413642,0.0005055056,4.9665055007,9.9,5.7049914241,0.9624681399999999,10.512437369999999,2.07436055,1.39316164,82.33717149
22798,47.0,18.9,24.4,10.7,17.2,16.1,6.9,66581.0,7.4,9.3,25.0,5.2,986.0,24.0,16.1,32.1,7.8486335,17.0,14.299999999999999,32.5,20.8,20.683477189999998,14.099999999999998,57.47062115,13.782542113,0.0019076688,0.0005623324,4.1834887632,11.4,5.3760932122,0.5426257999999999,13.226503880000001,1.07677307,2.5266013800000002,80.70710925
82663,42.4,21.5,21.0,31.1,12.8,19.5,6.3,67247.0,6.4,11.5,27.1,4.6,1016.0,26.5,17.8,36.0,5.92592593,16.900000000000002,16.2,40.6,20.200000000000003,19.93361539,14.2,57.99528534,21.97588487,0.0064883813,0.0004620963,4.3788598175,9.3,5.9423204208,0.89490912,11.72899691,1.25008705,2.13687118,81.18137289
11036,46.7,21.9,25.2,43.7,15.3,21.4,5.3,68172.0,3.7,21.7,22.2,2.8,839.0,23.0,15.8,31.5,6.9892473100000005,14.2,15.5,34.9,21.0,21.33211961,14.000000000000002,64.25629291,12.925463162,0.001533481,0.000267094,4.3108853411,12.7,5.232497133,0.69858579,4.22559209,0.84341455,2.1894701,89.57232919
66053,45.1,19.4,23.4,32.3,13.4,19.1,6.2,74388.0,6.5,23.8,20.8,3.9,1137.0,25.4,16.9,32.5,6.05045769,17.599999999999998,14.399999999999999,37.7,19.7,21.7379225,14.099999999999998,52.23590001,23.687291723,0.0027928468,0.0002662131,4.231609908,6.8,5.7411435063,1.37887672,13.16586001,1.6991036599999998,4.8706663400000005,76.65560251
42336,42.9,22.8,22.4,25.9,13.9,16.5,5.8,58218.0,12.8,22.4,30.2,4.1,862.0,24.6,17.2,34.2,6.58644712,22.3,16.6,38.6,23.9,21.3368718,16.5,49.11028451,26.223139493,0.0035688141,0.000820941,4.5185754351,15.1,6.1225319634,1.13469985,21.21842972,1.17130307,12.378751829999999,64.26381772
23396,54.7,15.3,32.5,59.6,16.9,24.2,4.3,58889.0,5.3,33.5,17.9,7.5,955.0,25.2,16.0,34.5,7.82761653,18.0,14.899999999999999,36.5,20.5,21.090614969999997,15.6,57.41160471,14.348097318,0.0051239669,0.0002087857,4.944804269,6.8,6.2906391076,0.9462809900000001,10.194214879999999,2.0578512399999997,2.88016529,81.50826446
13570,50.4,19.2,26.8,26.3,14.1,21.5,6.1,59353.0,6.5,28.2,23.9,3.1,793.0,24.6,16.8,30.7,6.87116564,21.7,13.900000000000002,32.800000000000004,18.4,21.75608468,15.4,56.90129768,21.527213647,0.0033423856,0.0005761198,4.1619956554,12.6,6.0965905025,0.72418355,4.27546828,1.14198176,3.93426642,87.57050345
918993,36.5,23.1,14.2,24.9,18.8,13.3,5.0,91486.0,6.0,5.3,35.4,5.0,1604.0,26.5,18.1,37.0,6.9582324799999995,11.4,12.9,35.8,18.2,19.58612795,11.200000000000001,66.55313004,13.086109092,0.0060385745,0.0007172888,3.8212202881,9.5,5.7755785724,7.49427154,13.08501383,7.8106291,1.8612118500000001,62.103314759999996
129480,41.5,21.3,21.5,31.0,18.0,14.5,5.1,82029.0,6.8,9.0,29.7,3.9,1350.0,25.5,15.8,30.5,5.96953479,12.5,11.799999999999999,36.8,17.9,21.05885511,12.9,61.84033305,16.361886429,0.0056765867,0.0008186938,4.140288735,8.0,5.6046026529,0.88420828,19.65118668,2.63664518,2.74850286,72.59867445
828337,38.3,22.3,14.1,20.1,23.4,11.7,4.4,104083.0,6.2,4.9,31.4,4.6,1794.0,25.0,15.8,34.5,6.67195371,10.299999999999999,10.7,32.9,17.4,17.31190712,9.700000000000001,72.72575343999999,8.6707752026,0.0046273443,0.0005338676,4.0267485555,10.7,5.2417493061,3.96609218,12.32644499,15.08320105,1.63241438,62.666718749999994
538711,38.0,21.7,16.8,27.7,20.5,15.5,5.8,70394.0,5.2,5.1,36.2,7.3,1123.0,26.5,17.5,32.6,6.96076258,12.6,14.099999999999998,34.0,20.4,20.229506320000002,13.100000000000001,69.49537996000001,12.674059134,0.0063268988,0.0008698996,4.3562051028,10.4,5.9584044009,2.03479885,7.30467581,2.53366095,1.8763090400000002,81.9421349
46774,46.9,21.1,24.3,42.9,12.8,18.9,5.3,62381.0,7.4,17.2,20.3,3.8,827.0,24.3,16.0,30.7,7.2420634900000005,17.5,14.7,32.2,17.9,22.87281739,14.799999999999999,56.91308382,15.358361775,0.0048119254,0.0006958209,4.3529898328,13.5,5.5423607738,0.6020025800000001,4.39420931,0.86000369,5.4303089899999994,86.03927350000001
294272,39.5,21.1,17.9,31.8,22.6,14.4,5.5,88895.0,5.0,4.9,32.7,4.6,1499.0,27.2,16.9,34.3,6.545247580000001,10.299999999999999,10.8,33.6,15.6,18.37845369,11.600000000000001,72.62717852,11.374559436,0.0056788728,0.0008725506,3.7183111733,9.0,5.8399757195,3.69360843,10.962766259999999,6.72568503,1.8384430899999997,71.06015659
62150,38.0,20.5,19.3,30.8,16.9,15.6,5.8,66635.0,8.2,8.2,33.8,6.2,1044.0,24.8,16.8,29.0,7.39827374,16.8,13.0,32.7,18.0,21.34811694,12.6,64.66170455,12.782455928,0.0038981289,0.0010050732,4.6999425501,12.9,5.6201186405,1.7265462599999999,24.44614085,1.8922167399999998,1.55275468,68.62331081
226523,37.8,19.0,18.1,23.1,22.3,12.9,4.9,77581.0,5.9,9.2,37.0,6.1,1370.0,29.5,17.9,29.1,5.836493890000001,12.3,11.200000000000001,28.199999999999996,15.6,22.516358450000002,12.5,73.53135205,7.3707287572,0.0063211725,0.000939558,4.2016253761,5.6,6.0116268522,1.10254011,10.82101941,5.12377166,3.29339123,76.66771588
47141,26.0,15.3,11.5,10.8,27.0,12.2,6.7,49345.0,4.5,14.4,54.8,9.0,959.0,28.5,20.9,29.0,5.7792692,15.1,14.7,31.2,20.7,20.050438109999998,13.8,85.90277162999999,2.6475207539,0.001978672,0.0006893238,6.989442947,11.7,5.9702675775,2.34941265,8.033408309999999,7.86886612,1.12471882,76.71415479
256143,33.0,29.3,14.0,40.7,11.7,13.4,7.2,64910.0,13.3,5.6,37.7,5.3,1010.0,22.6,17.8,30.7,6.760517269999999,21.099999999999998,15.6,42.0,29.099999999999998,18.737173770000002,15.1,48.584826660000004,26.042134916,0.0040834934,0.0006171031,4.0071775039,14.5,5.7200531604,0.91411026,52.99306819,1.67859634,6.94934208,39.61962726
15527,42.6,20.1,20.8,38.3,6.9,15.2,10.1,44341.0,5.5,19.2,24.9,6.9,665.0,31.9,22.6,42.5,8.01424755,25.1,25.1,40.8,33.300000000000004,16.16748854,15.9,33.08134261,21.872060207,0.0012355313,0.000323248,4.0850792814,6.2,7.0413251821,1.39810118,1.1965145,0.31863701,0.7738327500000001,94.3490701
123283,38.8,23.0,15.0,43.3,16.0,13.7,4.6,73619.0,6.2,5.4,24.6,5.5,1154.0,29.5,21.6,36.2,8.70315346,13.5,16.5,40.300000000000004,25.6,16.85104615,10.2,59.365537540000005,18.11536628,0.002076412,0.0004204047,3.7300136799,7.5,6.4136208803,8.02476593,6.67774086,1.41045002,0.36695862,80.32241015
21705,44.8,20.8,21.1,52.0,6.4,24.0,9.8,56182.0,5.8,21.7,20.9,8.1,735.0,31.0,21.6,42.5,11.54381085,25.3,25.4,41.5,35.3,16.752028290000002,15.299999999999999,51.2295082,39.516503952,0.0004374028,0.0003284535,5.5348195009,7.0,7.1131628862,0.83592535,0.75330482,0.155521,0.17010109,97.16660187000001
12505,46.8,19.0,24.1,7.7,8.6,18.5,14.4,42245.0,9.7,27.7,18.5,8.2,595.0,30.2,22.0,42.0,8.48329049,24.3,25.0,39.5,33.7,16.69446309,15.8,32.21939702,20.797227036,0.0009866798,0.0004899159,3.8327198943,6.4,6.8634949908,0.7811215300000001,0.7482321999999999,0.31244861,0.57556323,96.35750698999999
22349,46.4,17.6,24.1,22.6,13.8,18.5,5.7,51963.0,5.4,10.5,25.3,7.0,591.0,28.8,19.5,43.5,8.91824938,17.5,20.8,39.800000000000004,28.499999999999996,19.12673848,12.7,61.320146210000004,17.186067828,0.00046788,0.0002258356,4.2049943793,8.2,6.7349218619,1.61418612,1.51593132,0.65971085,0.24329762,94.40883357999999
93965,39.1,19.6,19.4,25.9,16.8,18.9,6.1,48944.0,7.5,15.7,35.4,10.3,857.0,32.4,21.9,40.9,11.371039380000001,23.9,22.1,41.8,31.7,17.03623344,15.299999999999999,67.99347176,17.095579833,0.0038552594,0.0016806183,5.9191199915,6.8,7.3505157329,4.782693689999999,1.8059990000000001,1.2543168,0.24217545000000001,89.30084056000001
6279,48.3,19.0,25.0,75.0,5.2,24.1,12.2,39031.0,9.1,25.1,21.9,7.7,494.0,30.9,22.2,41.2,8.00970874,24.6,27.0,44.7,38.1,15.941643990000001,23.5,33.66951125,23.470243085,0.0005034402,0.0006476684,4.6293710987,6.8,7.316581783,0.46987749999999995,0.93975499,0.23493874999999997,0.45309616,96.86188958000001
7847,46.1,14.5,20.8,35.2,9.1,18.5,4.3,56587.0,8.2,28.5,10.1,2.6,556.0,29.2,21.2,43.5,8.04597701,20.200000000000003,22.6,43.3,31.0,17.93944938,12.2,37.36377789,38.327526132,0.0001302083,0.0001292825,5.274680446,6.8,6.6829583602,2.86458333,1.00260417,0.53385417,0.45572916999999996,93.4765625
40545,44.7,20.6,21.9,29.1,10.8,24.3,7.5,50090.0,8.0,17.1,24.3,10.2,734.0,31.2,21.8,46.6,10.682064239999999,22.400000000000002,25.3,39.4,34.699999999999996,16.48463348,17.2,53.97751837,33.049315776,0.0008957821,0.0004007313,4.8311675718,6.8,6.982176927,3.90305078,1.42813268,0.34039722,0.29176904,92.18366093
7444,40.5,16.0,17.5,75.3,11.8,15.5,7.1,51552.0,7.8,31.5,25.7,6.6,670.0,28.4,21.4,41.9,7.34908136,24.4,19.6,40.300000000000004,31.2,17.61587631,11.600000000000001,41.464597479999995,15.151515152,0.0004135649,0.0004066694,3.6133001915,6.5,6.3300953749,13.23407775,3.9288668300000005,0.85470085,0.96498484,79.51475047999999
11034,46.2,18.9,24.3,36.8,8.3,14.7,5.3,52877.0,8.5,26.6,19.7,7.2,648.0,28.8,20.0,45.4,8.18070818,20.5,23.7,41.099999999999994,32.7,17.99813603,11.600000000000001,57.726692209999996,30.161206448,0.0013735006,0.0006373486,4.3846024894,5.6,6.8563149899,1.22699387,1.11711382,0.29301346,0.19229008,96.09925831
32995,46.6,19.4,23.6,30.6,12.2,19.5,4.3,45519.0,7.1,17.8,25.1,6.7,790.0,29.4,20.8,37.8,8.94128114,21.7,21.6,42.8,30.099999999999998,16.56839984,15.4,56.101879600000004,25.190586676,0.0015552583,0.0015026987,4.6790188391,6.5,6.4212475252,2.46975023,1.9720675600000002,0.77451865,0.46035647,92.48810227
23275,47.7,19.0,23.3,47.6,9.7,25.9,8.5,55222.0,12.1,35.8,18.7,5.2,749.0,29.6,20.1,39.4,9.21052632,19.400000000000002,22.8,42.0,30.099999999999998,17.448868270000002,14.899999999999999,44.966040750000005,21.543560606,0.000972557,0.0002574886,5.5890052356,5.7,6.7992201415,1.26432407,1.82671572,0.35096621,0.25793902,94.99344581
28907,47.1,18.7,24.3,57.6,13.3,18.6,8.5,57515.0,9.2,8.8,26.5,6.7,731.0,29.5,20.2,38.4,8.48774656,17.2,21.4,45.1,30.2,17.64789772,13.8,58.60590664000001,18.801410106,0.0018475751,0.000593244,4.6044482325,7.1,6.5015950204,2.6505596,1.8404690000000001,0.57559069,0.38728016000000004,92.73050275
14249,45.2,20.4,23.0,32.8,7.5,17.4,4.6,49205.0,5.2,29.8,22.6,8.3,832.0,29.8,21.0,42.0,9.26640927,16.400000000000002,24.8,42.9,33.4,16.574279519999997,13.900000000000002,41.086001259999996,31.289111389,0.0007718757,0.0001412429,4.1194159857,5.5,7.1730689274,3.10855379,4.46986176,0.8560802799999999,0.24559680000000003,89.91649709000001
65862,42.4,21.3,19.8,25.3,14.8,16.2,5.3,56184.0,7.0,15.3,26.3,8.8,836.0,29.6,20.3,39.0,9.11962932,15.6,20.0,40.400000000000006,28.9,15.773281950000001,12.8,57.619077350000005,23.766851087,0.0033725769,0.0012584794,4.7940145698,6.6,6.8182620291,1.91370535,2.34688037,0.7859032499999999,0.22741688,93.03671158
27868,43.3,21.8,20.6,26.9,12.1,21.1,3.6,55173.0,5.8,13.7,23.3,9.3,700.0,30.5,20.6,43.1,9.21248143,19.6,19.400000000000002,37.1,27.400000000000002,17.29502599,15.9,63.05253043,27.716593245,0.000942268,0.0003605163,4.6227608874,7.6,6.7182919194,0.7538143700000001,1.08723227,0.43851702,0.30080093,96.34689958
58043,41.0,21.7,16.7,33.9,20.1,13.1,4.9,93744.0,5.8,10.2,20.4,5.6,1073.0,27.8,18.6,36.7,7.564296519999999,10.0,15.1,34.8,23.1,19.85598952,9.1,69.53184427,13.716084545,0.0013715356,0.000582491,4.3752385201,7.4,6.0735527457,6.03475672,8.00508472,1.8900429900000002,0.49676351,80.80519176
179895,43.6,19.9,21.3,42.4,16.6,18.8,5.4,55226.0,5.3,14.7,30.3,10.8,868.0,30.2,20.9,39.2,10.54649266,18.7,20.8,40.300000000000004,29.4,18.60633622,14.000000000000002,60.86334257,24.081668266,0.0031806871,0.0012981029,5.0898235372,7.1,6.7115303521,7.3579131,1.6378250099999998,1.11381253,0.19621864,87.01467349
16920,43.5,21.3,20.9,59.7,11.0,17.8,8.7,50552.0,6.1,16.6,27.3,10.3,726.0,31.0,21.6,43.2,9.845890409999999,20.200000000000003,22.900000000000002,40.5,31.1,16.804202500000002,14.899999999999999,52.3663341,26.635198921,0.0021818182,0.0004143973,5.5739558727,6.6,7.0064873136,0.84242424,1.4666666700000002,0.47878788,0.20606061,95.71515151999999
20410,43.7,22.3,20.0,49.3,5.3,26.0,5.9,50985.0,4.5,18.9,22.1,9.0,734.0,32.5,22.5,43.5,11.55778894,23.200000000000003,26.900000000000002,44.7,35.0,15.901995399999999,17.299999999999997,43.67273545,26.813074566,0.0007613827,0.0004968697,5.6844789483,7.4,7.4369948596,0.46698137,0.83752094,0.3603878,0.15735242,96.99507639000001
32350,44.1,20.6,21.6,57.1,7.0,29.2,13.3,42194.0,7.3,16.7,24.3,9.8,737.0,34.3,23.1,44.5,10.95772217,23.3,25.6,41.0,37.1,15.06930759,18.8,42.17367998,35.982008996,0.0012975638,0.0004074086,5.6188031446,7.0,7.7680188937,1.70305252,0.85314821,0.28870795,0.14921984,96.07162552
18911,45.3,20.5,23.1,79.3,4.8,30.0,15.1,28235.0,7.2,30.7,22.9,9.9,601.0,31.1,23.8,46.0,11.69844021,36.9,28.1,44.3,38.6,14.037061780000002,22.0,23.52462352,36.89193601,0.0004587419,0.0002722867,5.7641460905,6.6,7.6898396766,9.32392912,2.22489822,0.18349676,0.29244796,86.782499
56194,40.3,19.8,19.7,46.0,15.8,19.2,6.4,59974.0,7.2,12.2,24.7,8.0,870.0,30.3,21.4,40.2,9.47855125,20.0,19.3,39.800000000000004,27.500000000000004,17.50950235,13.700000000000001,63.63969779000001,14.952349655,0.0014335119,0.0004821342,4.2293264538,7.0,6.5572974098,3.1806045800000002,1.6467468200000002,0.65045604,0.29386994,92.27874639
30509,46.4,18.6,22.8,53.7,12.3,19.5,3.9,58129.0,6.4,18.5,20.4,6.6,788.0,29.9,20.5,43.2,8.94056848,19.2,21.0,42.3,28.1,18.504714420000003,14.2,56.52613341,23.31838565,0.0002720626,0.0003652665,5.2949756888,7.6,6.7107511195,1.04744091,1.21407924,0.58833532,0.34007822,95.62659412
25488,44.2,20.9,21.7,26.1,10.4,19.3,2.9,53058.0,6.4,17.2,15.8,7.1,651.0,31.7,21.6,41.4,9.78200112,23.1,22.8,44.3,32.2,16.89163333,14.099999999999998,53.84875084,26.933278923,0.0003634161,0.0004770044,4.2460621016,7.9,7.1957236679,1.10640016,0.93680598,0.40783364,0.25842923,95.88128406999999
59530,43.3,20.7,22.3,56.8,13.5,23.6,4.2,46409.0,6.4,16.7,30.0,8.3,777.0,31.1,21.3,42.1,10.78923358,25.6,20.200000000000003,42.5,29.7,16.04882673,16.1,56.54149903,37.868284229,0.0016535474,0.00050764,4.5316821081,6.6,7.3714876494,6.04750504,1.44513151,0.58907625,0.26181167,89.5774842
26957,44.6,19.9,22.2,43.1,12.2,15.9,5.8,64728.0,5.4,15.9,19.0,6.0,713.0,30.4,19.7,37.0,9.49367089,17.1,20.200000000000003,43.1,28.499999999999996,17.742229260000002,12.3,54.29674928,22.870520439,0.0008560688,0.0002978739,4.9600033089,6.1,6.564769159,2.7208099199999998,1.3399337500000001,0.5657498000000001,0.29404102,93.26683292
23466,44.3,22.3,20.7,60.5,5.6,33.0,11.2,38305.0,7.1,21.6,27.4,11.8,560.0,34.0,24.1,47.6,11.77410762,31.4,26.3,41.099999999999994,37.2,14.906933350000001,22.0,36.667979519999996,45.732397555,0.0024065749,0.0001304064,7.0559809006,7.1,8.2368968372,1.83898651,0.92176361,0.31784952,0.11805838999999999,95.52286246
105988,32.2,16.0,12.9,26.7,21.9,11.9,5.7,60893.0,5.3,10.8,43.0,7.1,929.0,29.4,20.9,39.0,8.18812863,12.9,17.2,36.7,24.2,18.34499133,12.6,76.45510578,7.4561106216,0.0038990698,0.0013347495,6.3354242899,6.3,6.2285037404,3.62984831,3.2158042300000003,3.6326333600000003,0.18752669,86.97989194
12438,45.9,20.3,24.6,25.6,9.8,23.2,10.6,52392.0,11.1,27.0,18.3,6.5,658.0,30.3,20.4,40.3,6.64375716,20.5,22.5,40.8,31.1,17.600912909999998,13.5,37.49000799,30.981067126,0.0007268616,0.0004054492,4.0899357602,6.5,6.6704850575,1.30027459,1.0983686,0.19382975,0.38765951,95.24309482
17237,48.6,17.4,24.1,38.7,9.9,16.3,5.1,61021.0,7.3,23.0,15.7,4.3,742.0,29.1,19.8,40.1,8.22335025,15.9,18.5,38.5,27.700000000000003,18.60369415,10.8,46.17067834,20.421607378,0.0007932461,0.0005226177,3.3735530877,6.7,6.9184501149,1.21819933,1.9037905800000001,0.62326477,0.42495325999999994,93.99399399
24624,45.4,21.0,22.8,38.1,9.2,20.8,6.6,48826.0,5.4,23.1,19.8,6.6,664.0,30.8,20.7,41.2,11.17571059,22.8,20.5,39.4,31.3,16.46331643,15.0,53.87042881000001,25.635208711,0.0014067607,0.0008641975,4.7666493849,6.5,6.4889958131,0.67028011,0.97231991,0.42616575,0.38892797,96.44999793
42224,43.1,19.4,22.3,49.4,20.4,15.3,5.3,55521.0,4.6,17.5,31.6,12.0,773.0,29.5,20.1,39.2,9.01886792,17.299999999999997,16.8,38.1,24.6,18.604285540000003,13.200000000000001,65.43870697,16.614953458,0.0040054377,0.0013165454,5.6178791727,6.7,6.4090881655,3.6485895999999998,1.7211244399999999,0.79866,0.25003641000000004,91.15405156
6156,50.9,18.0,28.3,27.0,14.5,19.1,7.3,52458.0,7.1,37.2,17.2,4.4,666.0,28.7,19.3,39.1,9.38967136,20.9,22.3,38.5,29.7,16.80368591,13.200000000000001,44.45430346,30.0,0.0008293249,0.0003256268,3.8587275819,5.5,6.9411149347,2.28893681,1.1112954099999999,0.36490297,0.33172997,94.21131199
7622,43.6,19.2,18.4,64.2,6.3,18.4,7.2,59666.0,9.1,15.1,14.5,4.4,640.0,30.7,20.9,42.6,6.05427975,16.900000000000002,21.3,41.3,31.2,18.76465854,11.600000000000001,47.54981152,26.964560863,0.0008077544,0.0001315616,4.7454172876,7.3,6.4383220942,1.79052235,1.3327948299999999,0.3634895,0.3634895,94.81690899
7940,49.4,17.7,26.4,16.9,8.5,24.0,8.0,41680.0,5.4,57.4,15.6,7.2,678.0,29.4,20.6,40.6,6.67976424,24.8,26.5,44.1,36.3,18.46713394,16.2,30.035756850000002,26.622296173,0.000643915,0.000510139,4.2460969597,5.8,7.2029523135,1.64842241,1.7256922099999998,0.2446877,0.2962009,94.43657437
34206,42.5,18.3,19.9,36.2,11.2,17.9,7.2,60136.0,6.6,16.8,19.3,6.4,738.0,30.5,21.2,38.7,10.1259916,21.9,23.1,41.0,32.5,18.0319187,12.6,45.23171988,20.178978768,0.0003812429,0.0003783689,4.523771214,6.3,6.2571842947,1.65987272,1.9414059099999998,0.39883868,0.26980263000000004,94.72125282
57347,42.2,21.8,19.1,32.9,17.9,11.8,3.8,75725.0,5.3,9.7,17.9,4.9,1007.0,30.1,19.6,40.3,8.62165179,11.5,16.5,38.1,25.7,17.629531370000002,10.100000000000001,66.64980123000001,11.479910157,0.0010884449,0.0010478519,4.2481583255,7.8,6.3121169902,1.34826727,1.55015624,0.94624486,0.24402233,94.50159756
74303,42.6,21.0,21.4,56.1,12.3,24.4,7.1,47975.0,4.8,15.3,24.9,9.3,819.0,30.6,22.3,43.1,10.77654517,21.0,20.8,39.6,31.8,15.72372487,16.6,53.727121460000006,28.462314455,0.002943778,0.0007726613,5.7497494329,6.8,6.5057528071,7.60268672,1.81187462,0.70623031,0.2819393,87.45093702999999
28005,44.6,18.4,22.4,36.0,12.2,15.3,7.3,51186.0,7.7,21.0,25.6,10.9,766.0,30.7,20.8,43.3,9.30475693,24.6,21.0,41.3,30.4,18.02100683,13.700000000000001,42.03243565,30.518234165,0.0013162706,0.0007552327,5.3925125628,5.8,6.7575700624,2.06215722,1.19926874,0.5301645300000001,0.34003656,94.70201096999999
8507,46.6,20.3,22.7,28.8,9.5,28.6,3.6,48973.0,7.1,23.2,16.1,4.6,657.0,30.5,21.5,43.3,8.067226889999999,24.5,27.0,40.8,35.699999999999996,16.59397746,17.4,43.468593659999996,31.870114251,0.0004897759,0.000119289,4.5840376955,7.0,6.7530102661,0.55099792,1.13872903,0.31835434999999995,0.28162116000000004,96.47361332
14027,46.1,20.6,22.5,0.0,9.1,23.2,11.7,41299.0,6.8,23.9,26.0,10.0,605.0,31.5,21.8,42.8,9.11188005,25.8,27.3,39.800000000000004,36.1,16.47319843,18.099999999999998,41.01335159,28.378857751,0.0008004075,0.0005756224,4.4473130349,7.0,7.2983941791,0.41475660000000003,1.20061122,0.34199229,0.35654515,96.24536126999999
11985,49.9,15.9,26.3,51.6,10.4,30.4,7.6,42991.0,5.7,25.9,21.1,8.9,842.0,30.5,21.5,41.5,10.85043988,29.299999999999997,23.3,42.8,32.300000000000004,15.908536710000002,17.5,40.09198927,25.986078886,0.0016406183,0.0002519315,4.3018420318,6.6,7.1233332153,4.62827044,2.0723599,0.34539332,0.44037648,90.88161644
16602,44.3,20.2,20.5,21.1,12.4,20.3,9.3,52946.0,5.6,10.0,19.7,7.1,702.0,30.2,21.0,42.4,10.5986261,17.7,24.6,40.300000000000004,32.5,17.17058837,14.2,44.71403813,24.652777778,0.0006712228,0.0002425418,4.8158832449,6.7,7.0501049489,1.31193556,1.08616061,0.49426410000000004,0.3295094,95.47839883
6747,50.9,14.2,27.0,31.3,13.7,22.0,6.6,54053.0,5.2,39.6,19.7,9.8,783.0,29.3,19.1,37.2,10.4859335,23.400000000000002,18.6,37.9,26.6,18.01210639,12.4,56.48854961999999,26.047565119,0.0013628104,0.0005995204,4.634915929,5.7,6.5973808101,0.4391278,1.075106,0.33313144,0.25741975,96.83525136
8336,48.6,19.0,23.4,43.7,11.1,24.0,4.9,59167.0,4.8,29.4,11.3,7.3,642.0,29.8,20.4,40.7,8.41121495,27.1,22.5,41.699999999999996,29.299999999999997,18.612251399999998,14.099999999999998,52.433090019999995,34.526051475,0.0002525571,0.0002452483,5.1844782609,7.1,6.448880444,0.53037,0.98497285,0.7829271400000001,0.37883571,96.22427074
23875,42.0,20.4,21.0,27.8,9.5,15.3,5.8,49663.0,6.8,15.0,23.1,9.3,744.0,30.3,21.6,39.4,8.01223242,24.6,25.4,41.199999999999996,34.5,16.33532638,14.499999999999998,44.842186299999995,24.178756045,0.0011050193,0.0005884578,5.4634096484,6.2,6.7374832026,1.10926941,1.45352544,0.45900803,0.32300565,95.48217094
38933,44.5,20.4,21.5,64.1,10.3,23.3,5.0,52694.0,7.8,18.2,23.3,8.6,865.0,31.3,21.8,44.3,10.516028149999999,21.5,24.4,45.6,32.300000000000004,16.15937784,15.299999999999999,55.324074069999995,22.250803859,0.0024412249,0.0004675568,5.1698872409,7.9,7.1920261982,0.74298148,0.9871039599999999,0.35556971,0.34230218,96.39653983000001
8362,47.8,20.0,24.0,52.3,8.9,24.2,11.1,43409.0,4.2,32.1,21.6,13.1,678.0,31.4,21.7,39.4,9.41883768,36.8,23.599999999999998,37.9,32.6,16.50301213,16.3,50.610500609999995,31.869688385,0.0004972032,0.0002424536,5.6014344937,5.7,7.2177486557,0.39776259,0.75823493,0.21131137,0.11187072999999999,97.10379117
14431,46.0,20.8,22.8,36.0,9.1,20.4,6.1,50715.0,5.8,20.0,19.3,6.2,701.0,30.7,21.3,44.6,8.47457627,23.599999999999998,22.2,37.1,30.9,18.636888600000002,15.5,51.32239705,33.010405454,0.0013678906,0.0004234298,4.4124784892,7.1,6.6796007174,0.61915047,1.54067675,0.41036717000000006,0.20878329999999998,96.02591793
5202,46.6,21.3,21.2,100.0,10.3,24.4,2.6,52776.0,3.7,21.7,15.4,9.1,490.0,30.3,20.9,42.5,8.26666667,24.5,25.8,41.5,35.6,16.78466843,17.1,51.93519352,29.591836735,0.0008,0.0001975114,4.9666714553,7.1,7.053335584,0.62,0.27999999999999997,0.44,0.27999999999999997,96.66
84272,43.8,20.9,21.0,37.3,13.5,17.9,5.3,54350.0,6.7,11.8,25.3,8.4,780.0,32.0,20.8,41.3,9.83832129,18.7,21.0,38.1,29.5,19.06338819,13.600000000000001,56.45583928,27.497194164,0.0020348697,0.0008609968,4.789869154,7.0,6.9147826868,1.30400231,1.5171218,0.64899099,0.22275200999999997,94.40952656
21237,45.4,20.2,22.6,25.1,6.1,33.6,6.4,44510.0,6.5,22.8,19.6,10.4,677.0,31.6,22.4,44.4,11.739441659999999,25.900000000000002,28.000000000000004,46.0,37.9,15.21483005,20.1,40.57971014,34.976924945,0.0005918035,0.0002850221,4.5848012079,6.6,7.3920033745,0.79893475,0.9320905500000001,0.20219954,0.18247275,96.72042214999999
20730,55.1,14.2,30.5,57.0,11.4,21.1,5.0,55223.0,5.8,45.3,15.2,5.1,719.0,22.6,14.9,32.1,7.49711649,20.5,16.900000000000002,38.6,23.7,24.11703588,14.000000000000002,52.84076433,14.802065404,0.0007459555,9.58084e-05,4.0312263095,7.8,5.527580153,2.97915987,4.69951979,0.69467108,1.28677328,89.30952492
16041,42.2,21.4,20.4,35.8,13.1,16.9,4.4,57000.0,6.5,27.3,28.2,6.1,658.0,25.2,16.6,32.8,6.94810906,16.900000000000002,20.9,38.0,23.5,22.87825669,14.000000000000002,68.74466268,12.944983819,0.0041047329,0.0017383746,5.2039657375,5.2,5.6872949863,0.6779028500000001,3.0412339100000003,0.7774115300000001,11.21338392,82.1941663
46683,44.6,21.3,22.7,23.9,14.0,14.0,3.2,59379.0,7.4,19.5,24.7,5.2,814.0,23.7,15.6,32.3,5.82464746,11.3,18.2,39.4,23.3,24.50876881,11.5,64.29919539,12.750859297,0.0010249183,0.0010060147,3.9554993252,6.7,5.5386345609,1.72527918,3.36087801,0.71744283,1.29822988,91.79851814
16214,53.6,16.8,29.2,25.4,20.9,16.9,3.6,67266.0,5.8,42.9,17.2,3.7,828.0,23.0,13.9,31.5,5.45905707,15.9,15.7,37.5,20.200000000000003,25.182013780000002,12.0,73.73287671,9.0444357059,0.0023853539,0.0004289216,3.9630541085,5.6,5.5762103463,0.5903750999999999,2.1587453,0.50092432,9.58912279,85.22869581
268393,37.8,23.3,15.6,26.5,22.2,11.3,2.9,74066.0,5.5,3.6,35.3,4.9,935.0,23.2,15.5,30.7,7.021454439999999,10.5,16.5,36.6,21.9,23.14752377,10.4,69.80169494,13.455863485,0.0026195854,0.0006936433,3.8597205567,7.3,5.0614220406,2.9721793400000003,10.47502551,3.7845824,3.56646783,78.18338571
13329,46.4,20.0,22.9,28.8,15.1,14.2,2.3,64238.0,5.2,13.9,22.4,3.7,808.0,23.4,15.3,32.8,6.4327485399999995,12.2,15.5,40.1,20.7,26.21646271,10.7,62.0617841,6.0400151,0.0001490424,0.00022553,3.9168058804,7.5,5.6355826147,0.55890901,3.10753409,0.46203145,0.51419629,94.46307474
16561,54.4,16.7,30.2,48.8,15.1,17.7,5.2,60466.0,7.1,54.3,15.3,3.2,767.0,22.1,14.5,30.8,6.25,22.3,21.2,43.1,23.799999999999997,24.22642565,12.4,60.439560439999994,14.492753623,0.0011116312,0.0001791687,4.7144770006,5.7,5.5169650777,0.80154458,2.0945471600000003,0.47975661000000003,4.4348233100000005,90.53358296
52361,41.7,22.9,15.8,6.3,22.8,9.5,2.3,84151.0,2.9,4.9,18.6,3.8,948.0,23.4,15.1,32.7,6.43292683,5.2,15.6,39.7,20.0,25.61975006,7.9,74.70829148,6.4642340733,0.0003383522,0.0001522678,3.5859382378,8.2,5.0942280463,0.98686066,5.83093667,2.77636798,0.72933702,88.45842967
66254,41.4,21.7,18.6,15.1,17.0,11.2,3.0,69815.0,5.5,8.5,26.2,4.2,918.0,24.1,15.8,32.7,5.92062459,11.0,16.400000000000002,40.0,21.4,27.851732620000003,10.5,64.02839397,8.681084374,0.00101538,0.0007178644,3.9347883793,7.7,5.3242099321,1.6007167400000002,2.0218008100000002,1.4737942400000001,0.69882037,92.9042855
34703,37.1,29.5,16.8,13.8,9.5,11.8,3.4,63187.0,20.9,14.5,22.0,9.4,756.0,22.6,17.0,31.8,5.06266896,15.9,19.6,43.1,24.9,23.16982356,10.8,44.349530879999996,12.405548664,0.0006326566,0.000201462,3.6744585031,7.5,5.5864492643,0.46298959,6.303560129999999,0.55501237,0.9144763300000001,91.20319779
58272,42.8,20.9,18.7,22.0,16.7,11.5,3.2,79271.0,5.1,9.8,24.2,4.2,911.0,23.3,15.4,32.0,5.67901235,9.2,16.5,38.7,22.2,25.30863792,9.2,64.42153653,8.0957712514,0.0014287928,0.0003932431,3.7249839104,8.4,5.6757698064,1.6353652,4.18825636,0.91924739,0.86071853,91.17247078
16123,47.2,19.6,24.2,38.6,12.6,12.1,2.8,60823.0,8.0,24.8,25.4,6.6,781.0,23.2,15.8,35.3,6.32798574,17.7,19.900000000000002,39.1,23.7,24.80310271,11.5,61.61054173,7.5662042875,0.0011916708,0.0007465008,4.0990286408,8.1,5.6767727809,2.03838435,2.09483191,0.60837933,0.49548419,93.76567988
559891,35.5,19.9,14.4,15.0,32.5,8.6,2.3,84297.0,3.7,3.8,42.1,7.5,1268.0,24.3,14.8,28.6,7.17492163,7.7,12.0,31.6,17.7,25.22273813,9.2,83.88957063,6.4797003139,0.0050804123,0.0012802531,4.3076332361,8.4,5.133324593,5.58532503,7.83805251,6.756965800000001,0.51047455,76.91375813
89032,42.7,19.6,18.2,29.6,13.9,11.9,4.1,71747.0,4.1,6.6,29.4,4.4,929.0,22.8,16.0,36.0,6.7115348699999995,9.5,19.5,40.5,25.1,24.62281197,9.6,58.02364109,7.8726681499,0.0013487323,0.0005710255,3.5232809296,7.6,5.1891501167,2.79266924,6.8604005400000005,0.75483674,0.65736533,88.04501819000001
30038,53.6,16.3,30.6,29.3,23.0,12.3,3.7,68257.0,4.0,42.0,18.9,3.1,949.0,20.7,13.0,30.9,7.83633842,10.100000000000001,18.099999999999998,37.2,21.4,25.14886337,9.8,77.17030568,5.9790732436,0.0012760945,0.0006914946,3.9440990039,7.0,5.0659226435,0.81800929,4.13912702,0.58569465,0.8114652199999999,92.50703488
44092,42.6,19.3,19.4,22.1,19.1,15.0,3.7,64682.0,5.2,17.6,29.5,8.2,833.0,23.9,16.0,32.9,7.0029027600000004,12.1,14.2,40.400000000000006,18.5,25.839863079999997,12.2,70.60896278,11.999094408,0.0018299295,0.0002488519,4.4304452306,5.7,5.5496052838,1.2696548,1.9722573600000002,1.01210916,2.00388578,90.92038677
45221,35.4,19.3,16.0,18.2,18.5,12.5,3.7,69721.0,5.1,7.9,33.7,4.7,908.0,25.0,16.7,33.9,6.439649359999999,10.6,16.1,41.0,22.5,23.81946952,10.8,65.53661372,5.370496261,0.0022710399,0.0007464817,4.3134183442,7.4,5.6420882833,0.8603747199999999,2.5767567799999997,3.2733545900000003,0.6485565799999999,91.42900817
105697,35.5,20.0,16.3,24.5,23.1,12.9,3.2,70127.0,6.1,6.1,36.5,5.7,929.0,26.0,16.8,35.9,6.45961112,10.4,15.8,35.8,22.2,24.155838460000002,10.7,74.89248108999999,6.0309867942,0.0041148068,0.0014184797,3.7400327074,7.7,5.542319422,1.13064512,3.21863155,4.46882848,0.6190745400000001,88.69076856
104027,41.9,21.1,19.0,43.9,15.0,13.0,3.3,70368.0,4.2,7.3,29.4,5.7,892.0,24.4,15.6,30.8,7.31197772,10.7,18.0,41.699999999999996,23.0,24.3746438,10.2,60.622909869999994,11.510536568,0.0017604956,0.0004791016,3.6946265115,8.1,5.4147859898,2.24439143,6.959248860000001,1.9317351,0.59741409,86.92326933
51842,36.8,20.9,17.7,20.2,15.0,10.7,3.1,63497.0,7.8,10.3,30.3,5.2,795.0,24.4,17.3,34.3,6.58905128,15.5,18.8,40.5,24.2,23.10203899,10.6,68.9123734,6.5662150954,0.0017701181,0.0004221838,3.8947746571,8.2,5.3467827623,1.49195666,2.67657414,0.93174347,0.33262658,93.79097045
37066,43.0,21.8,19.4,24.0,17.5,12.4,3.4,76080.0,4.2,4.4,24.6,3.9,820.0,23.0,15.0,32.0,6.58899156,9.6,17.1,40.2,20.8,26.81498335,9.0,69.1376702,7.7667430609,0.0015155206,0.0007299665,3.8499115827,9.1,5.3972995072,0.72528484,4.28405185,0.65762767,0.43300587,92.94471056
19093,45.3,21.8,22.8,17.0,14.6,15.0,3.3,66395.0,8.9,25.0,23.3,6.2,781.0,23.6,15.8,33.6,7.474600870000001,14.7,20.200000000000003,41.3,24.9,23.6253028,12.1,60.21117693,10.989010989,0.0010339123,0.0008320766,4.1082447158,7.9,5.6763964205,0.7909429299999999,5.81058726,0.80645161,0.84780811,91.09284533
23766,43.5,22.0,19.3,16.7,19.0,11.8,2.4,79226.0,3.1,10.7,22.0,3.2,911.0,23.5,15.1,31.3,5.8722919,9.3,13.900000000000002,39.4,19.1,25.450118160000002,9.3,69.20270024,6.5386187168,0.0007931207,0.0005051355,3.7897621455,8.5,5.3260710633,0.8640841499999999,2.41693104,0.82651528,0.3631658,94.15177826
20958,42.2,21.6,19.4,30.9,10.6,13.8,5.5,64630.0,7.5,17.2,24.4,5.3,749.0,23.5,16.6,35.5,5.63647878,17.7,18.7,44.5,23.9,24.73998427,12.1,49.71040543,15.388433855,0.0017262047,0.0008995786,4.1485560538,7.7,5.6842425984,2.181731,3.8935507100000004,0.57060657,6.38216255,85.98417646
85932,41.5,20.2,17.6,29.2,19.5,11.7,3.4,77018.0,4.5,6.5,26.9,4.4,981.0,22.8,15.5,31.0,6.25,9.8,14.499999999999998,39.6,19.7,25.04211832,9.4,65.69941572,7.0096607504,0.0011896015,0.0003884958,3.7327098334,9.0,5.4086732337,1.12662258,8.50565061,0.9994985,0.55514736,87.67129677999999
26695,45.7,19.8,21.0,52.4,11.3,16.9,4.2,63455.0,6.8,27.1,20.7,3.4,820.0,24.2,16.4,32.7,7.59115362,16.2,19.900000000000002,39.6,23.5,23.52010001,12.8,56.26431142,15.596142007,0.0022185455,0.000746213,3.9595371693,7.9,5.7480938592,2.57200872,2.98563586,0.6768444,1.54170114,91.4115966
168693,38.9,22.1,14.8,36.8,18.7,13.0,5.4,76583.0,6.4,7.9,32.6,4.9,1110.0,24.1,16.0,35.8,7.855058369999999,15.6,19.3,43.2,23.799999999999997,25.09169517,10.9,68.4680723,13.994479686,0.0017672908,0.0004919043,4.2394000169,7.1,5.767755743,7.01542797,15.424388610000001,2.0288020600000003,0.79229557,72.82312763
20570,44.4,20.9,21.2,16.5,14.4,12.2,2.0,77610.0,4.2,11.1,13.7,3.9,831.0,22.6,15.0,34.7,5.54339898,9.5,17.0,39.6,21.3,26.12064763,8.6,63.29416884,8.0606922712,0.0008699855,0.0005354622,3.3858200953,7.2,5.4832050855,0.55582407,4.06959884,0.66698888,0.8554857399999999,92.78878685000001
120216,36.6,19.5,17.1,26.3,21.9,11.4,3.1,68731.0,4.7,4.9,37.8,7.0,984.0,25.1,16.3,31.6,6.8622513199999995,9.6,14.499999999999998,34.599999999999994,18.2,21.58457894,10.299999999999999,78.66940784,5.1061388411,0.0039257673,0.0013949665,4.1787163639,7.7,5.0927178062,1.6906528600000001,2.81609482,4.93584317,0.5876201400000001,88.09903225
16716,41.7,24.0,19.6,17.6,13.7,10.7,2.4,69293.0,9.9,7.3,20.8,4.6,796.0,24.0,16.4,33.4,5.98086124,13.700000000000001,17.1,39.5,23.1,24.66576152,10.0,63.72308531,10.883992567,0.0018884627,0.0002383222,3.911346725,8.9,5.4410423744,0.54293302,6.99911478,0.54883446,1.07996459,90.75833579
19512,48.6,19.4,24.5,19.2,11.1,16.6,4.9,55091.0,5.1,30.7,23.0,4.5,715.0,21.8,15.8,32.4,7.951070339999999,18.5,16.900000000000002,39.7,22.1,24.62512616,12.5,52.76907000999999,19.343986543,0.0011337868,0.0008204287,4.063256965,6.7,5.5767693107,1.18016904,2.6128633299999997,0.6029684599999999,1.88105545,92.53762111
28402,49.1,17.9,22.7,39.9,12.7,15.5,4.8,64314.0,4.8,24.3,21.5,5.3,706.0,23.9,15.7,33.0,8.06629834,12.4,17.5,40.300000000000004,23.5,26.95629945,11.1,54.692718770000006,13.68970013,0.0007041014,0.0004905224,4.3096972698,7.0,5.7010088967,0.67593733,2.32001408,0.67593733,0.8906882600000001,94.09258933
81242,45.0,20.5,21.2,26.6,16.3,12.4,2.0,66412.0,4.6,7.8,24.0,5.9,747.0,21.6,14.9,34.9,8.16638046,11.4,16.8,43.5,20.5,24.96328248,10.5,62.77158927999999,13.095162418,0.0014754522,0.0004662291,3.8004341711,7.7,4.9221099231,1.27503658,5.70754079,2.984102,0.84223728,87.98613075
137820,41.0,22.6,18.3,22.6,18.6,12.2,3.1,73248.0,6.1,5.8,27.1,4.7,898.0,24.0,14.8,30.1,6.920144659999999,12.3,14.499999999999998,35.9,20.3,25.425861910000002,9.8,71.13667633,9.9751508697,0.0024312469,0.000944438,3.7909895141,7.8,5.2383913411,1.0136207499999998,3.63388451,6.4734655000000005,0.64785156,86.82076588
41827,48.8,18.9,24.3,57.3,12.1,15.9,3.8,60347.0,4.3,36.6,20.5,4.2,731.0,23.2,15.3,31.9,6.63245164,15.9,20.1,41.3,24.6,24.62722034,11.4,64.28652903,12.267510882,0.0016149717,0.0005731343,3.649768541,7.0,5.7592318606,0.72436232,2.98532276,0.55336532,0.88348454,93.75148435
15619,50.4,19.0,25.3,32.0,10.5,18.2,3.6,59748.0,5.6,30.2,19.9,4.5,773.0,23.3,15.3,33.6,5.9134107700000005,16.2,21.099999999999998,40.9,27.6,23.679415470000002,12.0,49.33598938,14.919806043,0.0008208107,0.0001899696,3.9728572392,7.8,5.6999552496,0.6503346400000001,3.9777749699999996,0.8776360699999999,1.02917035,92.72635434
4279,32.1,32.2,14.2,90.6,12.3,15.9,10.7,62194.0,23.8,39.3,29.8,5.2,635.0,23.3,19.3,38.2,8.67158672,45.5,27.1,43.4,27.800000000000004,23.887809569999998,16.1,46.75324675,45.454545455,0.0033128254,0.0009326183,3.5972653822,6.8,6.2628708129,1.08849976,4.0937056300000005,1.6800757199999998,78.30099385,15.097018460000001
933063,35.3,23.8,14.1,42.2,21.0,12.4,4.7,59319.0,7.3,8.1,50.6,12.6,1012.0,23.6,17.0,35.8,11.02936097,23.3,17.1,39.4,23.3,21.947769349999998,12.8,67.12849948,22.993795996,0.0039041481,0.0007704252,4.8614321412,9.1,5.6831776028,25.860151390000002,17.21132279,5.40937891,1.08611064,48.42409723
46208,39.7,25.2,17.3,32.3,13.8,13.6,2.7,66451.0,9.2,9.1,28.5,7.1,919.0,25.2,16.7,31.1,6.884422110000001,17.2,17.0,38.7,22.6,25.1553869,11.4,60.082711499999995,13.297068601,0.0025134883,0.0006278007,3.8135964227,8.0,5.2010404024,1.5427618,5.74852116,1.0032285300000001,1.5145933999999999,88.95148534
39048,47.5,19.8,21.8,20.5,13.3,14.3,2.0,73611.0,4.1,31.5,15.6,3.3,775.0,23.2,15.8,32.0,6.870229009999999,10.6,19.1,39.900000000000006,23.9,25.456507709999997,9.9,64.2991755,12.130507529,0.0005279698,0.000304909,3.762832618,7.2,5.2462350929,0.42489001000000004,2.30295412,0.5480829700000001,1.7322438700000002,93.95851666
37799,51.8,17.2,26.9,11.4,16.9,14.8,2.2,66111.0,5.0,46.4,17.4,3.7,876.0,23.5,14.5,31.6,6.80576254,12.2,16.0,38.5,21.3,25.590748289999997,10.7,71.37420144,10.808926081,0.0029561032,0.0007057163,4.3307897368,6.2,5.4896442836,0.58598859,1.79982211,0.62784492,1.3891068899999999,94.48804479
190611,38.5,23.1,15.7,24.7,22.3,10.6,3.1,78705.0,4.6,3.4,28.5,4.2,941.0,23.7,15.5,32.1,6.62913064,6.4,16.6,39.5,21.2,24.06117074,9.0,72.11343952,7.977125832,0.0029497914,0.000903182,3.6399002494,7.5,5.6066057155,1.7843650700000002,5.40277591,3.94392291,1.9654926199999998,85.45235311
91745,43.8,21.0,20.6,9.2,30.8,10.0,2.6,92258.0,2.6,4.2,26.6,3.6,1103.0,21.8,13.5,28.6,6.10832324,3.6999999999999997,12.5,34.0,16.900000000000002,26.13148849,7.9,79.84856733,1.6740804515,0.0030708324,0.0015027514,4.2999342597,6.5,4.941888314,1.89706826,3.85084528,2.73806976,0.34132249000000003,89.79242457
42187,37.7,20.3,15.6,18.8,20.8,10.5,2.9,82996.0,3.6,6.0,25.6,3.5,999.0,23.5,15.8,33.6,5.45248012,7.1,17.1,34.699999999999996,20.599999999999998,25.716577899999997,9.2,72.6010101,2.6058173111,0.0008134616,0.0003757015,3.8798539167,7.4,5.1161456825,0.8715660300000001,3.0307256099999997,1.35267048,0.6159066599999999,92.52080138
45128,46.5,20.2,21.5,17.9,15.8,14.2,4.2,74142.0,6.5,23.6,19.4,3.2,922.0,22.6,15.0,28.9,6.902654869999999,12.2,20.599999999999998,40.0,22.7,26.0769786,10.5,65.67149074000001,9.6253007906,0.002163367,0.0007924105,3.6541565227,6.7,5.1937349326,0.4326734,2.28792448,0.72112233,1.16909226,94.29876317
70281,37.8,18.9,17.5,19.0,23.5,10.8,3.3,71301.0,5.1,6.2,30.3,4.7,876.0,24.6,16.2,33.5,6.89333954,10.4,15.5,36.0,21.2,27.049501199999998,10.100000000000001,71.61577376,6.2864152101,0.0016614102,0.0004541068,3.7610619469,7.8,5.386541821,1.0179657599999998,4.2802433,3.29325298,0.52376661,89.63448975
14066,52.1,18.0,27.2,11.6,11.3,17.1,2.7,55822.0,5.9,38.6,20.5,5.6,759.0,22.0,14.9,35.5,7.468879670000001,19.1,18.8,42.1,22.3,24.51837817,12.6,62.311147410000004,6.6197765825,0.000992767,0.0001423488,3.8010582788,6.2,5.4950382341,0.55311303,1.81534534,0.69493689,0.82966955,93.86611828
197068,40.2,23.0,17.3,46.0,18.8,12.9,4.4,72658.0,5.3,6.3,30.0,5.9,985.0,22.4,15.3,36.0,9.25769306,15.0,18.5,40.0,24.5,24.618084749999998,10.7,65.65227401,20.122110565,0.0017598023,0.0004317,4.0552870786,9.0,5.4218304982,10.9046706,15.427769269999999,1.4744701500000001,0.7456271999999999,69.31484693
17256,46.5,21.1,24.1,22.4,13.7,14.2,2.6,61985.0,9.7,15.4,23.5,7.4,755.0,22.5,15.6,32.7,6.512425019999999,16.1,18.7,41.8,22.1,23.59538036,12.2,54.59770115,11.354420114,0.0015118916,0.000755287,4.1674290942,8.0,5.4123016497,0.8199104500000001,3.33779148,1.15136361,0.62220155,93.01622376
163817,40.0,22.7,17.0,36.2,16.4,13.2,3.9,70630.0,5.5,5.4,30.1,5.5,981.0,23.3,16.0,37.2,8.09587009,14.899999999999999,17.8,38.1,24.0,22.39846411,10.8,66.66748369999999,18.144172615,0.0022827159,0.000511008,3.778732047,9.3,5.1609709219,4.8381402300000005,10.28804831,1.35075908,0.6044631699999999,80.72352963
14179,49.0,20.2,25.1,23.4,12.0,16.7,4.7,57473.0,6.9,28.6,21.1,3.9,793.0,22.7,15.9,31.6,5.24017467,20.8,18.0,36.8,22.400000000000002,23.56712805,12.0,57.08531673,12.991699747,0.0007070636,0.0004956454,4.1410386392,6.5,5.557100889,0.9333239099999999,2.1211906999999997,0.5161564000000001,0.69292229,94.32227957
93752,39.7,24.1,14.9,15.4,26.4,9.8,2.2,97950.0,3.6,4.3,20.9,2.9,1127.0,22.6,14.6,31.0,5.590152059999999,5.4,11.3,33.6,16.6,27.703844640000003,8.4,76.8604313,4.937793484,0.0018912188,0.0005260721,3.4499425082,7.3,5.21403497,0.76475512,3.0993251600000002,1.32695348,0.47745523,92.75652884
65664,41.1,22.5,19.0,27.5,17.7,12.9,2.8,72930.0,6.6,11.6,26.8,5.2,914.0,24.2,15.7,34.2,6.3645320199999995,11.600000000000001,18.7,39.6,21.9,26.18710227,10.299999999999999,66.48464163999999,10.749432248,0.0020175971,0.0010046121,3.6843303437,7.4,5.3814425165,1.1787014599999999,6.91595874,0.73877427,1.55643204,88.90625
18057,51.4,17.9,27.0,42.9,17.1,15.4,6.5,57519.0,7.3,48.8,24.1,4.3,670.0,22.7,15.0,33.8,5.61122244,18.8,19.7,41.099999999999994,22.8,25.176201889999998,12.9,66.05861243999999,15.020026702,0.0032341527,0.0007652364,4.6219532416,5.9,5.7116904447,0.38809832,2.53880983,0.49590341,16.48878827,78.29344545
40848,45.4,21.2,21.5,30.5,12.5,14.9,2.9,65493.0,6.4,18.4,20.7,5.0,740.0,22.0,16.0,34.4,6.97372689,14.7,17.299999999999997,45.0,21.8,24.91449611,10.9,57.90074159,14.806519846,0.0017757669,0.0005384371,3.7877511654,7.4,5.8523009115,0.55219052,3.3593617,0.63246491,8.66963439,85.47763264
117741,41.5,21.7,18.7,19.5,17.9,10.7,2.8,68969.0,4.2,6.4,28.3,4.9,863.0,22.0,15.4,31.8,7.1297317200000005,11.799999999999999,14.2,40.5,18.7,25.93248583,9.3,64.88387713,11.308694583,0.0018088865,0.0006114805,3.522067054,7.7,5.1291870827,2.36344181,7.863136079999999,6.26316326,0.60466064,81.32600719999999
19979,44.0,23.1,20.1,17.6,11.4,11.7,3.2,61360.0,6.3,18.3,20.0,5.3,750.0,21.6,16.1,33.2,5.38720539,15.6,20.0,40.699999999999996,24.4,25.718837020000002,10.100000000000001,53.00797294,6.0742407199,0.0012463855,0.0002509662,3.5908118665,6.2,5.2306589106,0.41379998,3.10100708,0.61322166,0.5434240699999999,94.58071592
30679,40.9,25.2,18.7,28.7,13.7,10.5,2.6,68474.0,7.8,6.9,25.8,4.8,864.0,23.2,15.9,34.3,6.90870638,14.099999999999998,17.7,39.1,21.4,24.44049076,9.5,59.778973390000004,17.802726544,0.0005825431,0.0002603828,3.4489881019,7.8,5.3076853211,0.5113434099999999,13.01660248,0.77996052,2.27515454,84.43962588000001
30811,41.3,26.0,20.3,21.7,16.0,10.5,2.5,65177.0,14.4,13.6,20.3,8.4,785.0,22.9,15.9,30.6,4.75220638,18.3,18.5,40.400000000000006,22.8,23.72615271,11.4,58.560403210000004,7.3024054983,0.001732435,0.0010350962,4.14724501,8.1,5.5166572504,0.45877446,1.8286814200000001,0.55181264,0.41065127,95.78119987
23146,55.3,16.7,30.9,33.7,18.9,15.8,4.6,63726.0,7.1,56.8,16.5,4.4,766.0,22.4,13.6,28.4,8.03886926,16.6,18.099999999999998,35.099999999999994,21.099999999999998,24.88581108,11.200000000000001,64.3566879,9.5613048369,0.001046682,0.0007227891,3.8780127258,5.0,5.3790478855,0.34749843,2.3152606199999997,0.56102156,9.74670295,86.31358593
105127,40.7,19.9,18.7,30.2,20.5,11.9,3.1,75172.0,6.0,20.8,30.3,3.6,1034.0,21.9,15.2,31.4,6.60066007,10.5,14.7,33.300000000000004,19.400000000000002,24.69033585,9.9,67.32769258,6.7268883337,0.0014930733,0.0004307156,4.0919082865,9.1,5.0694484883,1.03286651,12.11846308,1.14437452,0.5499801599999999,84.30950086
16685,52.2,18.4,27.3,24.3,16.2,16.2,4.1,58504.0,6.5,43.2,18.7,3.6,805.0,21.6,14.7,32.4,6.2076749399999995,15.6,19.5,35.699999999999996,22.5,25.42286326,12.3,61.12582781,15.042735043,0.0014766686,0.0009551098,4.1811015309,5.8,5.5059238176,0.32486709999999996,2.25634968,0.73833432,1.6007087999999998,93.59125811999999
136842,43.4,21.3,18.7,16.8,23.2,9.7,3.1,91915.0,3.5,3.6,22.7,3.5,1073.0,22.3,14.6,32.5,6.40405177,5.800000000000001,13.200000000000001,37.1,18.9,27.41622237,7.7,77.50605098999999,3.7579727633,0.001483701,0.0005831966,3.4972488942,8.7,4.9930502067,1.7471484,3.8518325499999997,1.8861096599999998,0.42412136,90.85823056
407290,43.3,21.1,19.5,11.6,31.2,9.6,2.6,101639.0,3.1,3.8,23.3,3.3,1235.0,20.2,12.9,30.8,6.495951799999999,4.3999999999999995,12.5,32.0,17.5,25.24425026,7.7,83.86767281,3.349796497,0.0031459726,0.0014018143,3.9437974789,8.8,4.3720322417,1.94866102,5.89760804,4.211676939999999,0.33713774999999996,86.08016171
51822,45.3,20.2,20.7,40.5,13.9,14.2,2.7,69198.0,5.9,12.5,23.8,4.5,817.0,22.9,15.7,33.0,5.77254451,15.299999999999999,18.0,36.7,22.7,26.858610690000003,10.6,57.21157976,11.152036014,0.0010702888,0.0005817336,4.1518130703,7.7,5.2953496817,0.54292831,4.059313459999999,0.63828131,0.9068265000000001,93.04117693
24672,49.9,18.1,25.1,27.1,11.3,15.9,4.1,61033.0,8.4,31.3,17.1,4.9,779.0,22.1,15.3,31.3,6.55375552,14.399999999999999,21.7,41.8,26.3,25.15448983,11.5,48.93742621,14.479430016,0.0015641293,0.0002819397,3.9857205847,7.7,5.5209157613,1.97721986,7.17494185,0.66174701,0.8662869999999999,88.34924199999999
171197,38.4,20.3,16.7,32.6,20.2,12.1,2.4,70041.0,4.7,5.8,34.0,5.2,880.0,23.4,16.1,31.1,7.45838141,11.4,17.299999999999997,39.6,21.0,24.59314866,10.5,68.64778169,8.9634161694,0.0029929834,0.0007866079,3.8928252722,8.3,5.5568657197,2.80839666,5.1858968800000005,3.43028503,0.80763968,86.03546161
74138,43.9,21.5,21.1,43.9,14.3,14.8,4.2,63273.0,5.0,7.7,27.0,4.8,830.0,22.7,15.7,31.5,7.4657662700000005,12.5,18.8,40.9,25.1,24.68783363,11.5,63.14174436,13.862201482,0.0019881253,0.0013770757,4.0418034434,7.8,5.3612597732,0.97783308,3.92756191,2.0530437299999997,1.05627612,91.0750754
37525,28.3,15.5,12.5,25.4,28.8,10.3,4.4,55887.0,7.8,12.6,49.4,4.9,927.0,23.7,17.1,30.6,10.51038062,12.0,15.5,35.0,21.4,22.157473550000002,15.5,85.31034482999999,4.9738444387,0.0061688057,0.0007977026,5.457951375,6.4,5.502409394,1.24683065,10.63073424,3.76663094,1.21284994,81.43084926
11690,40.9,24.9,21.5,26.1,14.4,16.8,6.0,61262.0,14.1,20.4,22.9,3.0,785.0,21.6,15.9,30.2,5.6128293199999995,15.7,16.3,34.699999999999996,21.7,19.80700305,14.7,58.78300804,10.309278351,0.0016641704,0.000343879,3.9582840978,5.2,5.4507748966,0.78216009,9.68547179,0.64070561,1.9304376799999998,86.51189882
46857,35.5,26.9,11.5,22.9,13.9,10.4,3.0,93315.0,13.8,12.0,21.7,3.0,924.0,22.8,16.6,34.3,10.15216358,9.5,18.5,35.0,24.4,21.98432367,12.6,60.51644229000001,22.514947683,0.0024632616,0.0005603328,4.0225380971,5.4,4.7785899659,0.58949851,9.89094278,0.7621373499999999,1.8863952199999998,85.79308602
14609,39.5,22.8,18.3,43.3,16.2,12.6,4.8,65196.0,14.2,28.9,27.2,3.6,825.0,19.8,15.8,32.1,10.8348135,13.0,17.4,36.199999999999996,25.8,19.892370070000002,14.899999999999999,60.45587066,27.639971651,0.0028603321,0.0005461124,4.3906276782,4.6,4.90202987,1.1162271499999998,17.73405888,1.13715641,2.06502023,76.99874424000001
13729,41.1,24.1,17.5,21.8,13.0,15.6,4.3,79235.0,10.1,14.6,19.5,4.5,928.0,21.0,16.0,33.1,11.00658514,13.200000000000001,18.6,37.0,25.1,21.94232122,13.900000000000002,63.859338060000006,18.090452261,0.0025345789,0.0005851375,4.0816101214,4.5,5.4254221385,0.55760736,8.50170179,0.68795713,1.49902238,87.87747121
7258,44.2,24.7,21.6,29.9,20.2,11.6,1.0,68876.0,6.9,25.0,21.6,1.5,778.0,20.1,14.8,30.0,9.27536232,9.1,17.4,31.2,22.0,22.76933503,11.700000000000001,71.2,18.467852257,0.0005268704,0.0004101162,3.4808044383,5.3,4.8832957307,0.8956796600000001,2.43677555,0.32929399,1.13277134,93.86195996
39402,38.9,24.8,19.2,39.4,15.2,14.7,8.2,60030.0,19.4,16.4,29.3,5.2,819.0,20.6,16.3,31.3,8.829755070000001,18.099999999999998,18.6,37.9,23.1,18.95136518,15.6,59.32093426,31.685393258,0.0028130102,0.0008135042,3.9405001341,7.3,5.4688220262,0.60278789,7.3188496800000005,0.60529951,21.28845912,70.14190632
12592,43.9,19.8,22.8,57.7,15.4,17.4,2.6,62356.0,8.7,13.6,24.7,4.7,736.0,20.9,15.0,30.5,8.196721310000001,15.6,15.299999999999999,34.699999999999996,22.6,20.76401283,13.700000000000001,71.20636017999999,15.09054326,0.0062490112,0.000797639,4.6034691093,5.6,5.0644152723,1.15488056,10.16453093,0.80683436,1.7639614000000001,85.72219586
4616,45.8,20.9,26.2,67.6,20.6,18.9,1.4,64031.0,15.0,17.5,28.6,4.2,824.0,20.7,14.7,30.2,7.457627120000001,15.5,16.2,38.800000000000004,23.3,21.30964431,16.7,70.58232932,18.626309662,0.0032181935,0.0010876659,4.3011529982,4.3,5.3353991664,0.9440034300000001,5.10620039,0.66509333,2.4887363199999997,89.27268826
8536,46.1,19.4,26.2,0.0,19.3,13.3,2.3,60667.0,11.5,13.9,28.6,3.1,932.0,19.6,14.6,29.9,6.340579709999999,9.2,13.8,31.2,20.7,21.57776721,16.1,68.20224719,11.166253102,0.003196712,0.001507596,4.9758852259,4.1,5.1116818848,0.6850097,4.3840621099999995,0.8448453,1.8266925400000003,91.23187578000001
100316,38.0,22.8,16.6,20.4,19.3,14.0,3.5,76282.0,8.6,6.7,27.8,4.9,1043.0,21.1,16.0,33.5,10.024213079999999,12.2,17.7,34.300000000000004,23.599999999999998,18.501989029999997,13.3,72.92797552,19.557159579,0.0048621564,0.0006345241,4.1994842189,4.4,5.0404733246,1.9904143199999997,15.91737305,1.40418284,1.30218648,77.50336687000001
19794,40.7,26.2,18.2,36.9,15.5,12.3,2.6,83033.0,12.3,20.5,20.6,3.1,818.0,19.9,15.0,31.1,8.306911860000001,8.200000000000001,14.6,31.6,19.7,19.88313766,12.0,62.11072664,12.644429911,0.0013888889,0.0006450653,3.8521212121,5.2,4.8674132736,0.6034482800000001,5.68965517,0.5363984700000001,1.13984674,90.94348659
79506,37.7,23.9,16.0,30.6,16.3,15.2,3.5,69104.0,11.1,10.9,27.2,4.2,945.0,23.2,16.3,34.5,9.82905983,11.899999999999999,18.0,37.8,27.1,21.97272601,13.900000000000002,67.56817670000001,22.546184265,0.0050036902,0.0007164855,4.1000367782,4.9,5.3396445531,0.9569557500000001,9.608336150000001,0.97321775,1.4385609400000001,85.50556035
29878,45.0,20.6,24.1,19.8,21.7,12.4,2.7,66754.0,11.7,10.8,26.4,2.5,877.0,20.9,14.2,29.8,7.598784190000001,11.799999999999999,15.0,33.2,21.099999999999998,21.057122789999998,13.4,77.91026979,10.503134,0.0040344884,0.0012953368,4.5079798754,4.5,5.0757741218,0.62469497,6.15584838,0.83618025,1.0509191500000001,90.34325687
8618,49.1,19.5,26.6,9.2,12.0,18.6,4.0,64753.0,18.2,16.5,25.9,3.4,788.0,19.8,15.2,32.3,7.517482520000001,15.1,18.099999999999998,32.4,25.900000000000002,20.82199319,15.4,57.00389105,13.618677043,0.0026913176,0.000459823,4.3387259131,4.5,5.422302049,0.56166628,8.90475076,0.78399251,1.42756845,87.3508074
31176,42.8,21.7,21.7,27.8,18.9,11.8,3.0,68898.0,10.5,12.9,31.0,4.0,919.0,23.1,14.8,29.3,7.35159817,10.8,15.1,31.6,19.8,20.40236176,13.100000000000001,64.9526387,15.923566879,0.0052892155,0.000663591,4.2434827609,6.5,5.0018005209,0.6919032,5.03705526,0.8610350900000001,1.39610689,90.85765245
8801,41.7,22.4,22.3,0.0,19.3,15.0,3.9,85960.0,10.4,33.6,17.1,0.8,985.0,20.2,14.1,31.6,10.1836394,8.200000000000001,14.2,29.9,19.5,22.26241755,13.100000000000001,79.68596663000001,9.9882491187,0.0011149515,0.0003449465,4.4602741425,3.1,5.0251646197,0.85851265,7.50362359,0.83621362,1.25989519,88.11461700999999
42079,37.1,25.5,13.6,12.8,12.4,16.0,5.7,79375.0,12.2,14.9,26.6,2.0,899.0,23.6,17.1,38.6,10.17910448,11.5,17.9,36.3,22.400000000000002,21.02516222,14.899999999999999,62.360227079999994,20.644658681,0.0024970302,0.0004325467,4.5250230371,3.6,5.1310344662,1.05457102,16.8270746,0.91881015,1.48124803,78.63220927
23346,39.9,17.6,16.6,7.7,38.9,5.7,2.1,108279.0,11.9,27.8,37.8,1.9,1511.0,18.0,12.7,27.1,7.74834437,5.7,11.3,22.2,15.4,24.57112669,11.1,77.14390423,8.1561316633,0.0064566116,0.0009331919,4.0137409588,4.8,4.5531031741,0.82214187,15.581955920000002,1.9197658400000002,1.20523416,79.81232782
7725,44.3,21.9,23.3,71.0,13.3,13.5,1.8,61875.0,11.5,11.5,28.4,4.7,689.0,20.3,15.2,31.4,6.3432835800000005,17.299999999999997,18.5,39.1,24.8,20.48843109,13.200000000000001,70.19064125,12.971698113,0.004539559,0.0010382868,4.7652819993,4.7,4.7444815725,0.42801556,14.059662780000002,0.93385214,1.68612192,82.12710765
6870,43.1,20.4,20.8,31.7,12.8,13.8,3.6,71800.0,17.8,22.7,10.0,3.4,767.0,19.5,15.5,30.5,8.47880299,14.000000000000002,18.4,35.0,24.099999999999998,20.34398319,13.600000000000001,57.953906690000004,15.702479339,0.0017626322,0.0002965159,4.1737851177,4.8,5.088657949,0.76380729,5.58166863,1.43948296,2.23266745,88.33725029
